dfe0e4
f7f6f8
f6f3f3
dfe3e7
b7c2cc
b3c0c8
dadddf
01fefe
faf8f7
e2e8ec
f9f7f6
dfe4ea
d2d7db
cfd5da
a8b8c3
a9b8c1
a7b6c0
9db0be
99afbc
a3b2bd
aeb7c1
bbc2ca
cad6e1
e3f200
f20011
eeff11
e9fc0d
edfe0e
e8fa0a
d8e8fa
d3dae5
f1f9fb
000c14
071017
0c1319
0f1518
13191d
1d2022
252627
2a2b2b
32312f
3a3835
44413e
504d49
5d5753
665e59
69645d
6b6862
706d68
73716e
73726f
6f6b69
63605c
504e4c
434242
3a3b3b
393735
353633
343231
2f3030
2d2f2f
2c3030
2e2e2e
30302e
dde1e5
00f9f7
fbf9fa
edeff2
b3c4ce
b6c1c8
eeebea
f7f5f9
faf9f9
ededf0
efeeef
dfe5e8
e1e1e2
b2c3ce
a7b7c2
a8b8c1
a8b6c0
9db1bc
97adbb
9bb1bd
a8b7c1
d6dfe7
212634
4c5262
5b6274
5f6476
5a6273
626a76
697077
54606c
152c42
f30010
ecff0d
e9fd0b
e9fb09
e8fc09
e9fc08
e9fc08
ebfc09
ecfb08
effe09
f10009
f9060d
010b12
060f16
0c1319
13191d
1e2022
242626
27292b
2e2a2c
2c2b2a
2a2828
252626
252423
25201f
222020
202121
222322
242424
262524
252525
292624
252523
f7f2f2
eceaeb
fef8f7
fefafc
bac7d1
bac4cc
f9f2ef
e5e6e9
f5f1f0
f3f0f1
dadfe2
e6e8e8
dedfe2
c5d0d6
afc3cf
a8b9c5
a5b5c0
9db1bd
97adbb
99afbc
aabac4
fe0309
393f4f
575c6c
676c7d
6d737f
676f7e
67707e
757a7f
7a7e7f
6e787d
273c51
fe0f1f
fe0d1a
fb0b17
fb0a17
fa0b17
fa0a16
f60713
f40412
f40311
f1030e
f3000e
f2010d
ef000b
f4000b
f3000b
f2000a
f1ff0a
eefd09
f1fb06
edf904
e9f702
e6f500
e8f4fe
e9f4fd
ecf5fd
edf6fe
edf8fe
f1f9ff
f3fd00
f9ff01
fb0103
fd0204
f6f1f0
e7e8eb
f6f0f0
fcf9f8
becdd8
c2c9d1
f8f2f2
dfe6ea
efedef
e9e8eb
dce1e4
e2e4e6
bec8d1
e3e1e2
d9dee2
b2bfca
a4b4c0
9db0bd
97adba
98afbc
acbdc8
091016
363d4c
525967
636a7c
6c717f
646e7e
636c7e
69737e
767b7f
787d7f
5c6974
122537
0e1d28
091925
081a24
091925
071824
051520
02121d
01111d
000e1b
fe0c19
fc0b17
fb0814
f90712
f7050f
f5040d
f4000b
f0ff0a
edfb06
e7f803
e7f500
e7f1fd
e3effb
e3edf8
e1eaf6
d9e7f4
d0e2f0
d3e1f0
cde0ef
cedfee
cbdeeb
cbdeea
e7e4e5
e6e4e7
dedee0
f1eeec
edeced
dae1e5
030000
fffdfe
f7f3f3
dde0e3
ebe7e6
d6dbe1
b8c3cd
e4e0e1
c0cbd2
a4b7c2
a4b3bf
9db0bd
91acb9
97adbb
a9b9c5
03070c
353b49
4f5463
686d79
70787f
6c767f
68727e
64727e
70797e
797e7f
757b7e
2d4153
182934
162630
152533
182732
162531
13212d
0d1f29
0e1d29
0a1b28
091823
071520
01111d
000f1b
fc0b16
fc0914
f60712
f4040f
f2000b
edfd07
eafb05
e5f600
e3f3ff
dff1fe
dcecfa
dae9f7
d5e7f5
d2e7f2
cfe3f1
cde1ee
ccdfeb
cbddea
e8e9eb
e1e4e8
c1cad2
ede7e6
f3eded
fcf3f1
0c0402
f1f1f3
e4e3e3
cfd5d8
dfdfdf
d5dcdf
d2d3d9
d2d3d8
abbbc4
a3b5bf
a1b3be
9bb0be
91abba
93adb9
a1b4c1
f8fa00
313946
4b505e
5d636e
6f737c
6d777e
4f5761
3d4043
52524b
747471
7d7f7f
4e606f
293c4a
2c3943
28323a
22313a
203038
1f2c37
192934
182834
132731
11232d
0f1e2a
071a25
081822
01131d
00111d
fd0d18
f80815
f70612
f0010d
effe08
e8fa04
e5f803
e3f501
dcf0fe
dceefa
d9ebf8
d5eaf5
d2e6f5
d2e3f0
cee3ee
cce0ec
040000
f3f3f7
c7d0d8
dddcdf
dedfe2
e2e3e4
05fefc
e6e9ef
cbd0d5
bec7cd
c8d0d5
d2d6d9
bdc6cc
b0bdc7
a6b7c2
a1b4c0
a0b3be
9db1bf
8eabba
93acbb
9db2bf
e7edf2
2a313b
424858
505867
5e6673
616f7c
3b454b
2b3029
3b3d2d
555141
787b76
68747a
5c656a
2c3036
000101
070602
0d0b09
14100e
171613
1b1a19
1e1f1d
1d2121
1e2423
1d2526
1d2426
182227
161f26
111b24
091822
03151e
fb0f1a
f40a16
f00312
ec000d
e9fc09
e3f705
e0f400
d9f0fc
d9edfa
d8e9f6
d4e7f4
d2e6f0
d1e3f0
0c03ff
f8f6f7
e5e4e8
ece7ea
e4e4e8
efedee
070100
e8ecef
bac6cf
c7cfd5
d0d5db
c1ccd4
a4b5c1
b9c0c8
c2c8cf
a8b9c4
a1b4be
9bb0be
8facbb
94adba
99b0bd
d4dee3
1f2732
3b4151
4b5365
586170
65666e
766555
746457
6c5b4b
716250
7b7769
707a7e
73767a
101d26
d7dce1
d6d9dd
d5d9dd
d6d9de
d4dadf
dadce1
dbe0e2
dde2e4
e0e5e6
e6e8e9
eaeded
eff1f0
f5f6f6
fafbfb
0000ff
050303
0a0706
0e0a07
0f0c0a
0f0f0e
0e0f0f
0c1012
060e11
040c11
ff0911
fd0710
f7030b
f0fd05
e7f903
d8d9dd
efeaeb
e6e7ec
e8e4e6
eae7e8
f8f5f2
060301
dfe5eb
becad0
d3d7dc
eaeaeb
c7d0d6
a5b5c1
bdc2c9
cbccd2
abbcc7
9cb3bf
9cb2bd
93adba
8facba
97aebc
bfced5
1a1f29
343d4c
485060
555d6c
5f5a60
56493f
5d4c44
554540
654f45
765e53
70767a
797b7d
0c1922
d4dae0
d5d7db
d1d6db
d0d6db
d0d5da
d3d6da
d3d7db
d1d7db
d4d8dc
d2d8dc
d5d9dc
d7dbde
d6dbdf
d7dcdf
dbdde0
dcdee1
dddfe3
dee1e3
e3e2e5
e3e5e7
e4e7e8
e6eaeb
ececee
eceeef
f3f0f2
f3f4f5
f8f6f7
f9f9f8
02fdfc
cbd1d8
d5d7dd
efeced
e1e3e7
dadee0
faf1ef
0c0705
e7edf2
c0ced7
e4e5e6
f8f1f2
b6c6d0
a4b5c1
c0c2c9
c8cbd2
abbcc6
9fb3be
9cb0bc
96adbb
93acba
94b0bb
b6c8d1
141920
2e3946
434d5c
525c6b
585f67
6c5b3e
765f38
6b5932
65563b
69675f
6b767e
75767b
081420
d2d8de
d2d6db
d1d5db
d0d5d8
d1d5d9
d4d5da
d0d5db
d1d6db
d2d5db
d2d6db
d1d8dc
d7d8dc
d8d7dc
d4dade
d8dadf
d7dadf
d5dbdf
d9dce0
dedde2
dcdee2
dee1e2
dce2e3
dfe2e4
dfe2e3
dee2e4
e0e1e5
e0e2e4
e2e3e5
e0e2e3
dde0e4
d8dde4
f0edec
e8edf1
e6e7ea
f9f6f7
00fbf9
faf6f8
f2f2f5
fdf8f8
eaebed
aabcc8
a5b5c0
bac0c7
c4c8ce
a7bac5
a1b1bd
99b2bd
93adbb
92aeba
98afbd
bbcad4
121c24
2a333f
3e4753
4d5865
575c64
5a4c33
4a3b1d
594723
655b41
727978
6d797f
6c7179
05111c
d2d7de
d1d5da
ced5db
d1d4d8
d1d3da
d0d4da
d2d4d8
d0d6d9
d0d5d9
d1d6da
d2d7d9
d2d6dc
d3d8db
d5d8dc
d5d8de
d5dbdd
d5dcde
d9dbe0
d9dcdf
dedde0
dcdde0
dcdee0
dbdfe1
dcdfe1
dcdee2
dddfe2
dcdfe1
dddfe1
dddfe1
eeeced
dde0e4
eee9ea
f8f1f2
f9f4f0
00f6f6
faf7f6
0400ff
110b07
020101
e3e6ea
a8bcc9
a4b6c0
bdc3c8
b3c0ca
a2b5c0
9fb2bd
9ab1be
94afbb
94aebb
9db0bd
c1d0d7
1c262d
252c37
353d47
464c53
454346
2a1f0b
1c0efa
351f03
614d31
777977
727c7f
6a6f77
010b16
d2d7dd
d0d4d9
cfd3d7
cfd3d7
d0d3d8
d0d4d8
d0d3d7
d0d3d8
d2d4d9
d0d5d9
d1d5d9
d3d5d9
d2d6da
d2d7dc
d3d6db
d3d8db
d5d9dc
d5d9dc
d7dadc
d9dbdf
d8dcdf
d5dcde
d9dbdd
d7dadf
d6dadf
d9dcdf
dadce0
d7dcdf
d8dcdf
e3e4e7
d0d7dd
d9dde2
f4edee
ebe7e6
ede8e7
fbf4f1
f6f2f1
eeeeee
f7f4f4
e3e9ee
c3d2dd
a6bac6
c1c3c9
aebcc6
a2b3bf
a0b2be
9db3bf
99b1be
9db4c1
abbfcb
ccdae0
05090b
ff0307
040406
090606
0d02fe
3b0bf8
390bf7
330efc
27160a
574e45
6c6d6c
66666c
fc0612
d6d6de
d2d4d9
d2d4d9
d1d4d8
cfd3d6
ced3d7
cfd3d7
ced2d8
cfd4d8
d0d3d9
ced4d9
d1d4d8
d1d5d9
d3d6da
d2d7dc
d2d7dc
d5d7db
d4d7da
d2d8dc
d5d8dd
d5d9dc
d3d8dd
d6d8dc
d5d7dc
d2d6da
d3d8dc
d6dbdd
d4d9de
d4dbdd
dbdcdf
d5d7da
e3e0e3
d6dbe0
c3ccd2
ced3d6
e1e1e3
d0d6db
cfd4d9
dddddf
edecee
eef3f4
d9e5ec
b2c2cf
a5b5c1
a3b4c1
a1b7c5
a7bcc7
b9cfd9
e5ecf3
fdfcfe
faf7f7
ebe9ea
dee0e2
d6dbdf
d2d6dd
ebe1df
26fae9
29fded
2e00ef
f8f0eb
f8f3f2
170e0a
342923
0c1012
e4ecf4
d8dae0
d3d4da
d5d4d9
d2d3d6
d2d3d8
d1d2d6
d3d4d8
d0d4d7
d2d3d7
d2d5d8
d2d5d8
d1d4d9
cfd5d9
d0d4db
d1d5da
d1d5d9
cfd2d9
d1d5da
d3d6da
d1d7db
d3d6db
d2d5da
d1d4d9
cfd4d9
d0d5da
d3d6da
d2d6dc
d2d8db
cad0d6
ced4d9
d5d7de
c3ced6
c0c7cf
c4cacf
ced4d7
c8cfd5
c6ccd3
c8d0d6
dfe0e3
eaebed
e6e9ea
d0dde5
a8bfce
bde1f3
ed1624
f70611
170f0d
0700fd
e3e6e9
ced5da
c6cdd3
c1c9cf
bbc7ce
bcc5cd
d6cecd
f7ddd4
fde0d7
fde2d8
d1d2d5
d0d1d7
d9d9dd
eae7e8
160700
35281b
111515
e1e8f4
d1d5dc
d3d4d6
d2d2d7
d2d2d7
d3d3d6
d4d3d7
d2d2d6
cfd3d7
cdd2d6
ced3d8
ced3d9
d0d3d8
cdd4d9
cfd4d8
cdd3d5
cfd4d8
d0d4da
d0d5d9
d1d5d9
d0d5d9
ced4d9
d0d3d8
ced3d9
cfd3d8
cfd4d9
cfd5d9
cbd1d5
e0e0e3
e6e6eb
dedfe4
c3ccd4
bdc7cd
c2c9cf
c1c9d0
c8cdd3
d5dadf
d8dde2
dce1e5
e1e5eb
ebf4fc
eb1525
31626b
4d7a7e
203e50
d6e4f0
c3cdd6
b8c5ce
b3c0ca
afbec9
adbcc9
aabcc6
acbac5
c6c2c7
e3cecd
e4cfcc
d7cbcc
aabcc6
b2bcc6
bdc4cb
caccd1
d6d8dc
efedea
2b1a0d
372924
f3fb01
d8d8e0
d0d3d8
cfd2d7
d3d1d6
ced2d5
ccd0d5
ccd1d4
ccd1d4
cdd2d6
ccd1d7
ced3d7
cfd3d8
cdd3d5
cdd2d6
ced3d8
cfd4d8
ced3d8
ced3d8
cdd2d7
cdd2d6
ccd2d7
c9d1d5
cbd1d8
ced3d7
cdd4d9
cfd4d8
e3e4e5
f0f1f3
e5e8ed
c5cfd4
c9d0d4
c0cad2
bfcbd1
d0d4d7
e9e6e7
edeef0
eeeff1
faf9f7
fd0303
2f5555
40727b
225a6f
073952
ceeb00
adbecb
aabcc7
abbbc7
abc0cd
b3cddc
b5d0e1
b2cad9
c9d2df
dcd7e1
dbd5de
cdcdd8
abbecd
a6b8c7
a4b9c5
abb9c5
b6c0ca
c7cdd2
d7dbde
fff9f6
1e1510
010612
dce6fb
cdd2db
ccd0d5
cccfd5
cad0d5
c8d1d5
cad0d5
cbd0d6
ccd1d6
c9d0d5
cdd2d5
cbd3d7
cdd1d7
cdd3d8
cfd2d6
cad1d6
cbd2d7
ccd0d6
c9d0d6
c8cfd6
c9cfd5
c8d0d6
c9d0d5
cbd2d7
cbd0d6
cad0d5
dedfe0
e6e8ea
ced6de
d6d9dd
c5cdd3
c2cacf
cdd2d6
dfdfe0
dde0e2
e6e5e5
e1e5e9
d9dfe4
ef0004
0d3a49
01334b
f4253d
dd071e
adc4d7
a8b9c5
c3d4da
242b2c
5c5d5f
5e6061
0d1e30
192231
28313d
2b3547
1f2d3f
041930
dcf80e
b8d2e9
abbdcd
a8b9c5
aab9c3
b8c2ca
cdd3db
e8ee09
1c1b4b
23275c
e2f110
c9d0dc
c8cfd5
c9cfd4
c9ced4
c7ced4
cad0d5
cacfd4
cad0d5
c7d0d6
c9d0d6
c9d1d5
c8d0d5
cdd0d7
c8d0d5
c9d0d5
c8cfd4
cacfd4
c9cfd4
c6cfd5
c9cfd5
cad0d4
cad1d5
bec5cb
bdc5ca
c4c9cd
d1d3d5
d5dbdc
d5d9dc
b2c0c9
b4bec5
bdc5ca
cbcfd4
e1dee2
d6dbe1
d2d9de
c7d1d6
c2cfd6
dafa00
f01d31
ea152e
dc0418
b6cfe0
afbfc7
f2f5f3
7e766e
7f7f7f
7f7f7f
3f505c
282f3f
3a424f
4c5666
565e70
576276
5a6576
3f4f65
001831
bcd6ed
a8bbc8
aab8c8
bdccef
d9e71d
ecf938
161958
242557
dbeb01
c7cfd8
c9cfd4
c7ced3
c9cfd4
c8cfd3
cbcdd3
c8cfd4
c6d0d4
c7ced4
cacfd5
c8d0d5
c9d0d5
c7cfd5
c9cfd3
c6ced3
c7ced3
c7cdd4
c6ced3
c7cfd4
c9d0d4
cbced5
a4b7c3
a7b9c3
a7b9c4
a6b8c3
a7bac3
a9b9c2
9eb2be
a1b3bd
a4b5bf
afbbc4
c4ccd1
ced5db
c7cfd6
bac5cd
aec0ca
b5cbd2
dcff08
dafe0e
c1dce9
afc1cc
b0bec7
e8f0f0
79746d
7f7f7f
7f7f7f
6f7376
223244
303947
454c5c
545d6e
586476
626c7c
66717f
626e7c
24344c
bccee2
aec4e1
bacf00
c3d60e
d5e31c
e7f128
f9fc1d
07060a
d0dbe4
c7cdd4
c4cdd2
c8cdd2
c6cdd2
c6ced3
c7ced2
c7cdd3
c7ced3
c6cfd4
c6cfd5
cacfd5
c7cfd4
c8cfd3
c7ced2
c5ced2
c4cdd3
c3ccd3
c5ccd3
c6cfd3
c7cfd3
a9bcc4
afbec8
b6c2cb
b1c1ca
b7c3ca
b2c1ca
a1b5c2
9cb1bc
a0b2be
a9bac5
c5ccd3
c7ced4
bac6cf
b2bfc9
a6b9c3
a6b9c3
b4ccd5
b0c9d5
a8b9c5
a9bcc5
aebec7
e7f1f2
7e766e
7f7f7f
7f7f7f
7f7f7f
3b4a5a
283140
394152
4d5264
596376
5d697a
636e7e
64717f
4b5869
d1e4f6
bfcde2
b3cbf6
b9ce01
bcd204
c0cfec
ccd2dc
ebeae9
eaedf0
c5cfd9
c5ced3
c6ced2
c8ccd3
c5cdd4
c7cdd3
c5cdd3
c7ced3
c6cdd2
c8ced3
c9ced4
c5ced4
c5cfd4
c3cfd4
c5ced2
c7ced3
c5ced3
c7cdd2
c5cdd3
c8cdd3
a3b4bf
a6b9c2
aabac4
b6c2ca
afbec7
a4b5c0
9ab2be
98afbc
a0b2bf
bfc7cd
c7cdd4
bcc7d0
b6c1cb
a5b9c4
a1b5bf
a1b4c0
9ab3bf
9eb4bf
a5b7c2
abbac4
adbdc6
e9f1f4
7f766f
7f7f7f
7f7f7f
7f7f7f
656e73
222e42
2f394b
3e465a
586273
5b667d
626d7e
68737f
556372
deef02
c5cdd6
bfcce2
b1c8ef
aabedc
adbdc9
c0c7ce
d3d7da
f6f2ef
d7e1e8
c6cdd4
c3cad3
c6ccd2
c6ced2
c8cdd3
c6ced3
c5cdd2
c4cdd2
c4cdd2
c8cdd2
c7ced3
c7ced2
c6ccd3
c6cdd4
c4cdd2
c4cdd3
c7cdd2
c4cdd1
c4cdd3
8fabb8
8eacb9
8fadb9
98b0bd
99b0bc
96adbb
8dacba
90aebb
adbcc5
c2ccd2
bdc8d0
b5c2cb
a9b9c3
a0b4c0
a2b3bf
9eb1bd
99b1be
a2b4bf
a9b7c2
aab7c2
afbec8
f2fdfd
7f7773
7f7f7f
7f7f7f
7f7f7f
7f7e7e
2f4353
252f42
343e53
51576b
606a7e
5b687c
656e7d
65707b
ed031a
c5cdd6
c4ccd4
bac7d6
a1b7c6
a7b6c1
b4bfc6
c7cbd1
dddee0
f0eff0
c8d1d9
c5ccd3
c3cdd2
c4cdd1
c5ccd3
c3ccd2
c5ced2
c4ccd2
c4cdd2
c4ccd1
c4cdd2
c5ced2
c5ccd3
c5ced3
c4ccd2
c3ccd1
c5ccd2
c3cdd3
c7ccd3
8bacb9
8faab8
8daab8
8babb9
92acb9
8facb9
93acb9
9ab1bd
bfc8ce
bfcad1
b7c3cc
a8b8c3
99b1bd
96afbb
9bafbb
95aebb
9eb2be
a3b5be
a7b7c0
a5b8c2
b3c1c9
080b08
7f7a77
7f7f7f
7f7f7f
7f7f7f
7f7f7f
5a666e
1f2c40
343a4c
454c5f
68707c
5e6a7c
5d6c7d
66717e
0c1f34
c4cfda
c1c9d0
bec8d0
aec0cb
a3b4c2
a9b9c4
bac2cb
cbd1d6
eae8e6
d3dce2
c4cbd3
c4ccd2
c4ccd1
c6ccd1
c6cdd1
c5cbd1
c6ccd2
c7ccd2
c6ccd3
c5cdd3
c5ccd3
c6ccd2
c3ccd3
c5cbd3
c2ccd0
c3ccd1
c6cbd1
c3cbd1
94adbb
8eadb9
8daab8
86a9b7
89a9b8
8baab8
8aabb8
acbbc5
c1cbd2
bcc7ce
afbec7
a1b4c0
96afbd
8aacb9
8eacb8
94aebb
a0b2bf
a1b3bf
a3b5c0
acb8c3
b4bfc8
0a0d08
7f7a76
7f7f7f
7f7f7f
7f7f7f
7f7f7f
7e7b7b
253b4f
2c3345
394457
636675
67717e
72797f
6a757f
203349
c6d2df
c1c9d1
bfc8cf
bdc6ce
a7b9c7
a8b5c2
b1bdc6
c2c9d0
d6d9db
e2e5e7
c4ced5
c3cad2
c3cbd1
c3cbd2
c4cbd2
c4ccd1
c3cad1
c2cbd2
c6ccd2
c3cdd2
c5cbd1
c2ccd1
c3ccd3
c4cbd2
c3ccd1
c2cbd2
c4c9d1
c4cbd1
99aebb
94aebb
93adba
8babb8
85a9b8
87a8b7
8eadb9
bbc5cb
c0c8d1
b7c3ca
a2b7c2
a1b6c1
96afbc
8aaab8
89aab9
91acba
9db1be
a2b5bf
a6b6c1
a9bac4
b0bfc8
090d0a
7f7a78
7f7f7f
7f7f7d
7f7d78
7d766f
796d66
6b6463
474f56
434e5e
686c77
7d7d7f
7f7f7f
777d7f
36475b
c8d9e9
c0cad1
bfc7d0
c0c7cf
b3c1cb
9ab1bf
a3b5c0
b6c3ca
c9cfd4
e3e2e3
ccd3d9
c2c9d1
c3cad2
c1cad1
bfcad1
c2cad0
c0c9d1
c2cad1
c1cad1
c3cbd1
c2cbd1
c1ccd2
c2cad1
c1cad1
c2cad1
c2cad0
c1cad0
c2cbcf
98afbb
9bafbd
9bb1bc
96afbb
91abba
84a9b8
99b0be
c0c9d0
bbc6ce
aabcc8
a1b6c2
aabbc3
97aebd
90abba
92adbb
93b0bc
9cb2c0
a2b6c1
a9b9c2
aebcc5
b5c1c9
080d06
7f7871
7f7a73
685c53
3e3328
2d231b
372f23
534131
796858
726d6b
6a6d78
777b7f
7b7d7f
7b7c7f
4c5766
cedff1
bec9d1
c0c6cf
bac7ce
bec7cc
a9bcc8
98b0bd
afbbc3
c0c9d0
d4d7db
d3d8de
c2cad0
c1c9d0
c1c8d0
c3c9d1
c1c9d0
c0c9cf
c2cacf
c2c9cf
c2cacf
bfcacf
bfc9d0
c1c9d0
c1c9cf
c0c9cf
c0c9d0
bec8cf
c1c8cf
9ab2bd
99b0bc
9db1bc
98afbd
9aaebc
91adbb
aab8c2
bec7d1
b5c3cc
a9b9c5
a6b8c4
b5bfc7
9db4c2
92acba
9bb1bd
a6b7c2
b6c3cb
b6c0c8
aebec6
adbec8
becdd4
1f1d16
68584f
3e3530
f1f7fb
d4dfe6
edf4f8
eef8ff
dae1e6
170d07
726050
756f6f
676c74
626976
5b6374
475163
d1e7f9
bfc8d0
bbc7cd
bec6ce
bdc5ce
b9c4cd
a4b7c3
a4b6c1
bdc5cc
cad1d4
d5dade
bfcad2
c0c8ce
bec7cf
c0c8cf
c1c7cf
c0c8cf
c1c8cf
bfcacf
bfcacf
c1c9cf
bec8cf
bfc8cf
bfc8cf
bfc7ce
bec8ce
bec8ce
bec7ce
a0b4c0
9db3bf
9cb1be
9bb1be
9ab0be
9db0bc
b2bfc7
b9c5ce
b6c1cb
a8bbc6
aebec8
b6c2ca
b5beca
94b2c0
a7b5c1
acb9c4
bfc6cd
9bb6c2
afc0c9
cfd6db
eaeef0
5b4a3f
3f3633
e0ebf0
dfe4eb
f6f0f3
05fffb
0b0909
e1ecf3
dadee4
190f0a
6c5b50
44464b
3e424c
3d4959
4b5364
fa091c
cedae2
c8cfd7
c2cbd2
bec6d0
bcc5ce
adbdc7
a1b4c0
b5c0c8
c4ccd1
d3d7db
c0cbd4
bac8cf
bfc8ce
bbc7ce
bec7cd
bec7ce
bec8cf
c0c7cf
bdc7cf
bfc8cf
bdc8cf
bec7ce
bfc7ce
c0c8cd
bdc6cf
bbc6cf
bdc6ce
a6b6c1
a2b4bf
a1b3bf
a0b4bd
9eb2be
a1b2be
b8c3ca
b5c3cd
b4c2ca
b1c2ca
b9c3cc
b7c2cc
b4c3cc
b9c6cf
b2c2cc
aebfca
b3c1cc
bec6ce
c8cfd5
cad1d7
080502
605048
00070f
d3dde5
fef5fa
d3d3db
d5d3d6
f5edea
f5f1f1
e1eaf0
e4e7ea
584336
5e5753
f1fd09
050916
0f131d
f8f8fd
cad2d6
c0c7ce
bdc4cb
b9c3cc
bac2cb
b0bfc8
a6b6c1
afbcc5
c2c8d1
cfd3d6
c1cad2
b8c4cb
b9c3cb
b8c2cc
b9c3ca
b7c3ca
b9c3ca
bbc3cb
bac3cb
bac4cb
bac4cc
b9c4cc
bcc5cc
b9c5cb
b9c4cc
bdc4cc
bbc4cd
a4b6c2
a9b7c0
a7b6c1
a3b6c1
a2b6c0
a2b5c2
b5c3cb
b3c1cb
b8c3cb
bbc6cf
b7c3cd
b9c6cf
cbd3d7
c2ccd2
bdc8d0
bdc8cf
bdc7cf
b7c4cd
bac6ce
c5d0d5
1d130b
574c45
0f151a
1e1c1b
eff2fb
e3dee2
e7e7ed
e6e4ea
e3e1e6
fafcfb
c8dbe8
3c2e22
6f645b
d7ecfa
becad4
b2c4d0
a1b8c6
a3c3cf
bdd8ec
a9bbc8
b4c3ce
b1c1ca
adbec8
a8b9c4
a9bac5
bdc8ce
c9cfd2
bec7cf
adbdc6
aebbc4
aabbc4
a9bac4
aabbc3
a8bbc3
adbbc5
aebbc3
aebac4
adbbc5
afbcc4
aebbc5
afbcc7
aebcc6
b0bbc4
b3bdc5
9fb2be
a7b6c2
b3bfc8
b1bcc6
a9b9c4
aebbc3
b8c2cc
b1bfcb
b5c2cc
bfc8d0
bdc9d2
cbd1d6
c8d0d5
bfc8d0
c2c8d0
bdc5ce
b9c5cb
b3c0ca
c6ccd2
c4ced4
1a0f07
52473e
fa0209
1e150e
eaf2fa
e5dddc
02f8f5
08fdf9
eeebec
1f130c
090b0b
493c30
716258
d9ebf6
b0c0cb
aabec9
b2bdc6
f3f0ec
363129
c3d0db
cacfd7
bec8cf
b2c1ca
aebcc7
adbbc7
bdc6cc
c1cdd2
bbc5d0
a8b9c5
aab9c4
a9b8c3
a4b7c2
aab7c1
a8b7c2
a5b9c3
a7b8c2
a6b8c2
a8b8c2
a9b8c2
a9b8c3
a9b9c3
a4b7c3
a9b6c2
a7b7c1
9bb1bd
bec5cc
a8bcc4
9fb0bc
95aebb
98afbd
aebdc9
b1bfca
b4c2ca
bdc6cd
bbc6cf
bac7ce
c4cbd1
c3c9d0
bec8cf
b6c2ca
bac5ce
b2c2cb
b6c3ce
c3ccd3
01fcf9
443c35
fd070d
f0f1f1
010306
cccbd7
d1cdd2
d4cdd2
e2e3e6
02fffe
d9e3ea
554438
5b4c48
ccdce7
b1c1cb
c8cfd4
acbcc8
b1c0c9
becad0
b1bfc9
b5c0c9
bdc5cd
bdc7cf
b9c4cd
b1c0c9
b8c3cc
becbd2
bccad4
acc0cd
b0becb
aabecb
abbecb
acbdc9
abbdca
a9bbc8
a9bbc7
a6bbc7
aabcc7
aabcc7
abbcc8
aabbc8
a7b9c4
a5b8c4
a7b8c2
abbbc5
bcc6ce
97adbc
87aab9
86a8b8
8baab9
acbbc6
b1bec9
b6c2ca
bdc7ce
bdc5cf
bac5cd
c7cdd4
bcc6cf
bec9d0
b5c2cb
b1c0ca
bdc8d1
c6cdd5
c8d0d7
e2e6e8
45362b
2c2d2c
eaf0f8
0803ff
0c0a09
f9ff05
fffe00
110907
eaeff5
fc0204
5a4a42
252020
bdcbd5
afbec9
b2c0c8
aebdc6
adbcc9
a3b8c3
a6b7c2
adbcc4
bac2ca
cad1d7
c5cfd7
b9c6cf
b7c4cc
c4ced5
0d1212
1e2a32
1a2930
182830
162730
12242e
101d28
000b13
f90409
f40007
f7070f
fd121c
01121f
f80c1b
ec000e
d3e0eb
cddae2
bfc6cc
a8bcc8
8dabb9
89aab9
83a9b8
90a9b7
a9b8c2
adbcc6
b2c0c9
bbc8cf
bec8cf
b8c5cf
ccd2d7
c4cdd5
bcc5d0
c1c9d0
c0cbd2
c8cfd5
cbd3d9
cad4dc
d1d6dc
100500
3c332c
191f21
e2eef6
fcf8f8
453328
f9fdff
e9f0f4
020d0d
54463f
493e39
e1eaf0
b5c3cc
acbcc7
a6b9c4
c1c8cf
bfcad0
a8b8c4
a5b6c2
a7b7c2
afbec6
d8d7d9
d6d9dc
b9c7cf
b7c3cc
c9d4da
494237
6d6967
797471
797879
7e7b7b
7f7d7c
7b797a
57636a
4e525a
54585b
726f6f
7f7f7d
7f7f7e
7f7f7d
706d6a
20282b
0f171a
c8cbcf
a1bbca
91abbb
85aab9
89abb8
86aab8
a5b6c0
acbbc5
aebfc7
bcc6cf
c0c6cf
bbc6cc
c5ccd2
cad0d4
bdc7d0
bec6cd
c0c8cf
c7ccd3
d0d3d7
cfd6dc
cdd6dd
dadee2
120905
3c2f29
2d2c2b
0f171b
2e2d28
08151a
3c3533
5f4d44
433631
fafcfd
bdcad3
b3c1cb
adbfc9
aabbc6
aabac4
aabbc4
bdc6ce
a9bac6
a1b6c0
abbac2
b6c4cc
bac6ce
b7c3cc
b5c3ca
d2dee2
545248
74706f
7f7d78
7f7e7c
7f7f7e
7f7f7e
7f7f7e
7f7f7d
7f7f7e
7f7f7f
7f7f7f
7f7f7e
7f7f7e
7f7875
584a3f
534137
4d3931
ccd4dd
c1d2de
a9beca
88abb9
8baab8
8dadbc
9eb3c0
aab9c6
acbcc7
b9c4cb
bac7ce
b3c1ca
a9b8c3
a7bdc8
b4c6d0
a6bac6
9eb5c0
a3b8c3
aebdc6
c0c7ce
d3d5d8
cfd7dd
dbdfe1
01fefc
281d17
41342f
4a423f
493e38
42372f
221c18
e9eef1
c2ccd5
b9c5cd
b4c1c9
b1bfc7
afbcc6
a6bac3
a8b8c2
afbac4
a7b7c3
a7b7c2
aebbc5
b2c1c9
b4c1c9
b4c2cb
b3c0ca
eef2ef
796a58
7e776c
7f7a6e
7f796f
7f7970
7f7c73
7f7c73
7f7b72
7f7d77
7f7e79
7f7d78
7f7c76
7f7b73
675e5a
0f0b0c
150b09
120807
c3d6e3
c7d0d8
97b3c3
85a9b8
93b1bd
b8ccd7
aac2d0
a7bbc8
aab9c4
b8c1cb
bdc8ce
afbec9
9fb7c3
dadbdf
dddce2
a1b6c3
86a8b8
8aacb9
92b0bc
9ab3c0
afbec7
c4cdd3
c6d0d8
cbd2d8
dbe0e2
f8f6f4
0804ff
f8f9f7
e5e9ea
cdd5dc
bdcad0
bbc5ce
b5c1cb
a9bbc5
a6b8c2
a5b7c2
a3b4c0
a4b5c0
a1b4bf
a6b7c1
aabbc4
b4c0c9
b3c1ca
b4c2ca
b5c1ca
b3c0ca
f4faf2
59523b
51503d
736558
686057
655c54
645b54
6b5f54
70625a
71665d
665b53
64574c
5f5650
5d534e
393533
211a19
292425
221f21
dbecf8
b5c6d1
acc0cb
85abba
93b0bc
c3d2db
c6d8e3
b2c5d5
a5b8c3
b0bdc6
bcc5ce
b0bfca
b8c3ca
dfdee0
a7bbc6
83a5b5
81a2b3
81a4b3
82a7b7
84a9b9
94b0bd
afbdc6
c7cfd3
b5c6d1
c3cdd4
c2cdd4
c2ccd2
c4ced6
b6c5cd
bac6ce
b7c5cc
b0bdc8
a0b5c1
98b0bc
94aebc
9ab2be
9bb0bf
93afbc
94b0bf
a0b2be
adbbc3
b4c0c9
b3c1c9
b5c0cb
b0bfc7
b8c6ce
0f1307
444535
414639
61564e
44403b
423934
302d29
483d37
4e443e
514a44
423a37
3e3330
3d3838
3c3d3f
262a31
261e1e
3a3734
313336
f6030e
b0cada
b4bfc7
9bb9c7
8aaebc
c3d2d9
dae7f2
ccdfed
a3bac6
aabac4
b7c3c9
b5c4cc
b0bdc7
b0bbc6
85aab9
83a7b6
8cadbb
8aadbd
8bacbc
8cacba
88abba
97b0bd
bdc8ce
d9dde3
d8dee3
c1ced7
bac8d0
c9d1d7
b8c6d0
b5c3cc
a7bac5
9ab1be
8aacba
81a8b7
85a8b7
8ea9b8
90abba
8aa9b7
a3b2bc
97afbd
a6b8c2
b3c2c9
b5c1c9
b1bfc8
afbcc7
cfdde1
54463c
7a6d65
7c746c
665a55
353130
252222
171414
302c29
3d3131
3d3535
322b2b
2c2523
332d2f
433e3e
303336
11161a
2a2a2a
233944
000e18
cae2f3
adc4d3
c0cdd9
9bbac9
bfced7
e7f600
f1fe09
aec8da
a2b7c2
adbdc7
b8c4cd
b0bfca
99b2c1
9cb1bd
97b0bd
a7b7c0
a6b7c2
b1c2cb
99b8c6
86a8b9
84a9b9
acbbc5
d9dada
d5d9dc
ccd3d8
d0d2d7
c9d1d6
c2cdd4
b0c0ca
8fadbc
88aaba
83aab9
83a8b8
81a4b4
81a2b3
81a2b3
81a2b1
81a7b4
9cafbc
acbac3
b4c2cb
b4c0cb
adbcc5
b1bfca
0f110a
7c726a
7f7d79
7f7d7a
6d645f
423f3d
262425
131316
272325
2b2625
262427
0e0d13
0c0808
100d0d
1f1e1c
1d1b1d
131617
1d2325
0e2f3c
def301
d4ecff
d2e8f8
d3e6f6
c1d1e1
bccfdb
f3fe04
060e19
d6eafb
a5b9c8
a7b9c5
b5c1ca
b8c6cd
abbfca
a3b9c9
a3b7c7
a5b6c2
a6becb
dcdee0
bacbd3
82aaba
85a8b7
9fb3bf
bbc4cb
b8c3cb
a2b9c4
afbac5
bbc4cb
c0c8cf
98b4c2
81a7b9
86a8b8
85aab9
8eb0c0
99b9c7
b1ccd7
a9c3ce
8eb1c3
87aaba
a3b6c1
b8c4cb
b5c2cb
afbdc8
a8b9c5
cddde3
695d53
7f7e7e
7f7f7f
7f7f7e
7c7976
525152
27282c
1d1b20
2c2729
2c2523
17171e
f3f7ff
e8eaef
eaedf1
000003
fdff00
060707
0e1618
01202a
d6ef00
d5efff
d6eefd
d3ecfd
bcd5e9
b4c9d7
effa00
071019
e2f200
aac0ce
a3b7c5
abbbc5
b9c5cd
c3d9e5
e50d1f
caf30c
a8becf
0200fe
00040b
adc2d0
83a9bb
81a6b7
96b2be
afbdc7
a9bac5
a6b7c2
a4b7c2
a9bbc5
b7c3cb
8dafbd
81a7b7
81a7b6
8dadbb
d9dfe3
edf0f5
fcf8f9
f5f6f6
e2eaef
afc0ca
bcc6cd
bac5cd
b0bec8
a7bac4
afbec8
121009
7f766c
7f7e79
7f7e7a
7f7e7a
7f7d79
7a756e
655e5a
524c4a
443f40
342d2c
161517
f5fd02
e8f1f8
e7eef7
f1f7fc
e9f0f8
f7fdff
070c0e
fc0b10
d8f102
d9f403
ddf301
d7f200
c8e1f3
a5c1d5
e2edf4
020c14
cddeeb
b7c5d0
a9becb
a4bac5
bbd2df
fb1f30
195068
0b4260
d3ff1b
f8f5fa
03fdfd
acc0ca
82a9ba
83a7b8
94b1be
adbdc7
acb9c3
99b3c1
a6b5c1
b1bec7
b2bfc9
8cabbb
81a5b5
81a6b6
91afbc
efecea
f9fafa
eff0f2
e8ecf1
dce0e4
c6ced4
bdc8cf
b3c0ca
a7bac4
a8b9c3
c4d0d7
372b22
6e5d55
786a61
7a6e65
7b6b62
76685d
6c5e56
67554c
645751
554d48
313032
191a1d
080d11
02060a
01060a
010509
fd0005
fa0002
f90206
f1fc03
e0f300
e1f502
e2f603
e4fa06
e6f806
c6deef
d9e7f1
e8f4fd
bfd0d9
c2cdd5
b3c6d4
b0c9d9
de071a
063a51
1c4f67
1f5770
0c3e57
cdeafd
d3d9e0
acc2ce
84abb9
83a8b7
9db2be
adbdc6
afbcc5
aab9c4
aebac5
b1bfc8
acbac7
83a8b9
81a5b5
81a6b6
90aeba
d4d3d3
e6e2e4
dde1f3
dbe600
cfd8e5
bfc9d3
b4c0ca
a8bac3
a2b6c2
b1c2cc
eff2f5
362820
655246
645349
5d4f46
5a4e45
615047
64534a
5f4f47
5e5148
554a45
403834
2f2824
1e1a19
121113
111011
0d0f10
0b0f11
0e1114
0f1317
10161a
cee1ed
d1e6f3
cee4f1
d4e8f4
dff200
cee6f6
c7ddea
bed4e3
b8c7d1
e7e8e9
ddeef6
d4f603
f4243a
fd314c
093d58
0b3e4f
e80715
d1dbe5
c9d3dc
aec2ce
86abb9
83abb8
9fb6bf
acbcc4
a8bbc4
a8bac5
a9b9c5
aebec7
a8b9c6
81a7b7
83a6b7
84a7b8
92aebc
aabdce
c0d5ff
e5f42e
f4ff37
d2de03
b3c1cf
a8b9c4
a2b5c1
adbcc7
cdd7de
02fefb
fbfcfb
120e0a
1b1712
1e1814
2c251f
332921
3c2f26
3a2c22
372c24
302822
1e1a18
11100d
060707
040506
020509
040406
070a0b
050d11
050c10
010d0e
f90c1b
f40816
ed0414
e0f90a
def302
c4ddeb
c3d6e3
c5d9e6
b6c4ce
d5d7da
f1ebea
d8ecf2
f01826
f72941
f4233b
cff100
c4d1d9
c4ced4
cdd4d8
bfcdd6
99b8c6
96b1c0
adbdc8
afbeca
b0bec9
b5c1cb
b4c1ca
b3c0c9
aabdc9
81aabc
87a9b8
8eaebd
a6beca
d4e1f2
f6002f
f3ff3c
dbee2c
c9db10
aabeda
a3b4c2
abbdc7
c3ced7
eaebec
fdfaf9
e7ecef
f7f7f8
060503
040203
100e0a
0d0a08
0b0704
000001
141513
0e1113
030506
fafdff
f4f6f7
000001
040203
ff0000
fb0000
f6fd00
f4fb00
f1fbfd
39393f
343235
484443
29333c
dff708
b0c8da
bbcfdc
dee9f2
adc4d4
abbcc8
abbec8
abbfcb
c3dde7
e60d18
c8ecfd
aac2cf
a8bac5
bac2ca
c0cacf
c0cbd2
bfc8d0
c6cdd5
cad1d9
b9c6d0
bec8cf
c0c8d0
bdc7d0
bac6cf
bfc7d0
a4beca
b4c4cf
d0dae0
f3f0f0
f7f2f4
dde500
d3e31a
c7da14
bcd108
b0c6f4
b5c5d5
f2f7fa
f0f8fe
fbfbff
f7f5f7
e2e8ed
f9fafc
060607
fdfe00
080403
030000
050303
1b1613
2c2520
25201c
030204
f5f9fc
e7ecf3
f5f5f8
e5e9ef
edf1f3
fafdff
f2f8fc
e8eef1
e8eef3
464443
3e4041
4c4848
353940
dff707
a6c2d6
b5cbd7
e5f0f7
c6d9e7
a7bfcd
a5b9c6
a3b6c4
a4bbc6
b0cad4
b2c8d4
a7bdc9
a3b8c6
a3b8c3
abbbc5
b7c2c9
bdc8cd
c6ced3
cacfd6
c5cdd4
c4cdd3
c3ccd4
c1ccd2
c4cdd3
becad2
c4ccd2
d5d5d9
d4d7dc
ccd2d6
bec9d0
b4c2d1
baccf1
b8d005
bfd408
c7d806
d0d8e8
03fdf8
2b1e16
191410
f8f9fb
dfe7ed
fe0103
0b0b0d
fd0105
020305
fafcfe
050300
1f160e
221913
19110c
0000ff
e8eaed
d3dde2
e3e4e9
d6dee5
e9f2fb
ff131c
edfe0b
dee9ef
f80b14
0d161f
121d26
1a2028
07151f
e1f807
accadd
aec7d5
cadeeb
cae0ee
bdd3e2
a8c1cf
9db4c0
9db3bf
9eb4c0
a4b9c6
aabecb
a8bdca
a6bac8
a4b9c6
a2b9c5
a8bbc5
afbec8
b6c1c9
b9c3cc
bcc4cc
bac6ce
c0c6ce
bfc8ce
bcc7ce
b9c6cc
b5c2ca
b0bfc8
abb9c6
a2b7c2
a4b5c2
a7bcd1
c3d5fd
cbdb00
bacae4
abbdca
c4ccd1
e3e2e2
d8dcdf
d5dadd
e4e9ee
fb0000
f9ff00
edf5f8
fcfdfe
f3f6f9
e4e7e9
e9e8e5
e7e7e6
e3e3e3
dbdedf
d3d7db
ccd4da
d0d8de
dde4eb
1b2220
083c45
ccf808
c1d4e0
144244
ed0518
f1091c
f1081a
ec0316
e1f708
b0cfe2
afc7d7
c0d8e7
cce0ef
cce2f1
a9c9dc
84abbe
83a6b7
83a7b7
87adbc
aac1ce
b2c9d6
abc3d2
a5bcca
a6bbc8
a4b9c6
a4b9c5
a2b8c4
a6b8c3
a5b7c2
a5b6c2
a4b7c3
a9b9c3
a8b7c2
a5b6c0
9fb5c1
a3b5c0
a0b5c1
a1b6c2
a7bcc7
b1c3cf
bdcbdb
afc2d4
a6b8c7
a3b7c4
abbdc6
b2c0cb
acbec9
aabbc5
c9d0d5
cfdadf
d0d8df
ccd5db
ccd6dc
ccd4dc
c7cfd7
c0ccd3
bfcad2
bbc8d0
bac5ce
bbc7d0
bbc6d1
bcc9d3
edecec
131f1a
f21923
e9faff
b7cdd9
ea171e
3b4a55
384855
324452
203746
0c2433
f10919
ee0311
f30515
f60916
f20312
dff403
bdd6e7
9ec2d3
a2c3d1
b6ccd6
d0dde5
dfebf3
e0eff7
cee4f0
b8d1e0
a6bfce
a5bac7
a3b9c5
a4b8c5
a1b6c3
a0b6c2
9eb5c2
a0b7c2
a2b6c1
9eb5c2
a6b8c5
adbcc7
b2c0c9
b6c2ca
b3c2cb
a4b9c6
99b1c0
99b1c0
98b3c0
9fb5bf
a6b8c3
acbac6
a6b8c3
a4b9c4
b8c3cb
c2cbd2
c7ced4
cad1d5
ced4da
cdd8de
ccd3db
c7d2d9
c9d1d8
c7cfd6
c0cfd5
c6ccd5
c1cad5
c0cad2
c7d0d5
dbe6e9
d1f5fe
b6d2de
9bbac9
d30008
5a6168
596268
5b6369
515b66
414e59
333f49
2d3943
2a3842
28343d
1b2934
091a26
f70817
e9fd09
e6f803
e3f2fd
dff0f9
eff900
f5ff03
f5fe04
effa00
d8e7f1
bad0dd
aec5d3
a9bfcc
9ab4c3
98b4c0
a0b6c2
a4b9c5
a4bbc9
aac0ce
b4c5d3
b2c5d4
aec3d1
a9bfcd
9bb9c9
93b3c6
84aec2
84abbc
86abbc
94b0c0
a0b7c7
a0b9c8
aabecb
bec7d3
c1cbd5
bdc9d4
bfc8d2
bfcbd4
c6d1d8
dbdcdf
d4d9dd
d0d5dc
ced3da
ced4da
ced4db
cbd5db
cbd2d9
c9d0d8
c4ced6
c1ccd6
c0d6dd
aec7d4
a6becb
b7d8e1
4e5c66
505d67
515c66
4d5964
48565f
425058
3e4e56
3e4b55
3a4751
36424c
2f3c44
26333e
1a2833
091b27
000e19
f3030d
ebfd08
e9f701
e6f4fe
e8f4fd
e6f1fa
ddebf5
d4e3ee
cadae5
b2c9d7
abc4d2
b4c9d6
baceda
dde9ef
f8030c
010f17
07131c
05161e
071620
05131d
05121d
f50815
e4fb0b
d6f000
d9f200
e6fa06
ecff0d
02121f
0d1d29
ff1524
f00615
dff605
d3eaf8
d0e4f4
cde3f3
c9dfef
cddae5
cedbe3
d1ddea
cedce9
cbdbe7
cad8e4
c7d6e2
c3d3df
c0cddb
b9cad7
b6c8d5
bac9d5
c1ceda
637078
636f78
656f78
5f6c74
5a6771
55636b
566169
58626b
526068
505c64
485760
43515a
3f4c57
37454f
2a3c46
1f333f
152a38
0d2230
051b27
001622
fe111f
fa0d1a
f40714
eb010f
e6fa09
e4f706
ebfb06
e9fa04
d9ebf7
03080a
182226
23282e
253135
30393d
383e41
3c4346
3c4548
3a4449
394349
3c454a
414a4f
464f53
53585b
626566
6f6f6f
6c6c6d
676766
646362
656464
606364
5b5a5a
1b262f
04080b
3d4041
3d4349
364047
333c43
2d3942
29333c
232f37
1b2b34
172630
14232d
13222d
53575b
555a5e
575c61
585e61
595e63
585e62
596064
5e6367
606568
606467
5c6668
5c6369
5d6368
5d6267
5b6267
5c6468
5b6468
586166
555e62
515c62
50585d
495258
3f4b52
38444b
303c43
29353d
263037
19272f
03131c
ebfc04
121d1f
1e2c31
232f36
243338
28353c
2c383d
303b41
353d41
374045
3a4247
3c464a
3f464c
40474c
444a50
485053
495154
434d53
444c50
464d51
474c51
3d474a
212e35
f80913
1c1f1c
384040
3a4345
384247
394347
364148
334047
344046
364047
323e46
344047
202b31
222c34
232f35
253038
233037
253038
273239
28323b
28343b
27343a
2a363c
2a373c
2c383f
2f393f
313c42
374146
3b444c
404950
455055
475358
445357
414e54
404c52
37474e
364249
2d3c44
283740
212f38
192730
041520
010b12
232d31
263339
27353b
27363d
25353e
28343e
29353d
293740
2a3840
2b3941
2c3841
2d3a42
2d3a41
2e3c42
323e44
2f3d44
2e3c43
303b43
2d3a42
26353e
1e2d35
16222b
f90713
181e1e
29383d
2b3941
2d3b42
2e3b43
303c43
2f3d45
313e46
2e3e46
303e46
1a262d
1a262e
1a272e
1c262f
1b262e
1a272f
1a2730
19272f
1d2732
1d2731
1c2930
1e2932
1d2a32
202c32
1f2e34
223138
2c373e
333e45
3a474d
404d53
404e54
424e53
3d4b51
38474d
32424a
2e3d45
293b41
23343c
202e37
192932
03141e
11191a
253338
27353c
2b373f
29363f
293740
2c3740
2c3941
2e3b42
2f3b43
2e3c44
2e3c43
2d3d45
2e3d45
313d42
303d45
2f3d45
303d44
2d3a40
29363e
28323b
253138
182730
000d16
212a2c
2d3a41
313c43
2e3d46
313e45
323e47
333f48
314048
324049
18232d
17252e
18252e
18252c
19252d
1c252e
1a2630
18262f
1b272e
1c272e
192730
192630
1a272f
1b2930
1d2b34
212e36
26343d
303c42
3a454c
3d4b52
404d55
404e54
3f4b53
3a494e
344349
323f47
313e45
2c3b43
26373f
25363f
1b2d38
03111e
222d30
2c3d44
2d3f48
2d3f4a
30404a
31404c
32424a
31434c
34454c
33444e
34444c
34444d
35444f
37454c
39464e
38464f
39474e
37444c
35444b
34424a
36444b
35414a
29363e
151d24
3c4141
444f56
48515a
4a535b
4c565b
4c585e
51595f
505b60
fa0204
fd0508
03080a
020a0c
060c0d
060e10
071113
0c1316
0f1619
0f171b
11191b
111a1c
111a1d
141c1e
161c20
192223
232b2f
2d373a
323d41
3a4244
394243
374044
353f43
384144
3d4548
484f52
52555a
5e5f60
5e5f60
676263
5f6060
464a4e
383436
6d6866
6f6d6d
706e6f
716f6f
726f6f
727072
727271
747171
747372
757272
757271
767273
787371
767372
777372
787372
767170
777270
726f6d
77716f
766f6d
746e6b
4c4f52
4a433f
7c746f
7e7a79
7e7a79
7f7b7a
7e7c7b
7f7c7b
7f7c7d
abbec9
acc0ca
b1c2cd
afc3cd
b3c4cc
b1c5ce
b2c6cf
b7c8d2
b9cad2
b8c8d2
b3c8cf
b7c7d0
bac9d5
bdcdd7
bed2d8
cbd6df
fc0102
171e21
1f2428
252b2e
2d3235
393b3e
464649
545353
66605e
6e6a65
766f6d
7e7471
7c756f
7e7772
7e7874
756d6b
393d3f
7d7068
7f7d7b
7f7e7c
7f7e7d
7f7e7d
7f7e7d
7f7e7e
7f7e7d
7f7f7e
7f7e7e
7f7e7e
7f7e7e
7f7e7d
7f7e7c
7f7e7c
7f7d7d
7f7c7b
7f7d7d
7f7b78
776e6a
504943
5e4f45
7a6b62
424346
73665c
7f7e7d
7f7f7f
7f7f7e
7f7f7e
7f7f7f
7f7f7f
97b3bf
99b2c0
9ab3c1
94b3c0
97b1bf
97b0c0
92b0be
92b0be
97b1bf
91afbe
82aabb
8ba9b9
91adbc
96afbd
9db5c0
a9bcc6
fcfefc
212527
2d2f31
39393a
494544
54504f
605c59
6b6562
786d68
7b706c
7b736f
7f7874
7f7874
7f7a77
7f7c79
7e7874
464b4f
71645a
7f7d7e
7f7f7e
7f7f7f
7f7f7e
7f7f7e
7f7f7f
7f7f7f
7f7f7f
7f7f7f
7f7f7f
7f7f7f
7f7f7f
7f7e7e
7f7e7e
7f7e7e
7f7f7e
7f7e7e
7f7c78
424345
494a46
3a4147
3c3433
5b554d
4f4944
7f7b76
7f7f7f
7f7f7f
7f7f7f
7f7f7f
7f7f7f
98b1bf
98b2c0
98b2bf
94b0c0
95afbe
91aebd
92aebd
91adbd
95afbc
91adbc
8aabbc
91aebc
90afbc
95adbc
92afbe
a5bac6
090707
393636
444042
514b49
5b5553
665f5b
6f6663
736b67
7a706a
7b726e
7e7771
7f7a75
7f7a75
7f7c76
7f7d7a
7f7c79
5d5c5b
5b524b
7f7e7b
7f7f7f
7f7f7f
7f7f7e
7f7f7e
7f7f7f
7f7f7f
7f7f7f
7f7f7f
7f7f7f
7f7f7f
7f7f7f
7f7f7e
7f7f7e
7f7e7d
7f7f7c
7f7e7d
7f7a76
31363a
726559
7c7772
43464a
3d322d
3f3f3e
75665c
7f7e7e
7f7f7f
7f7f7f
7f7f7f
7f7f7f
94b0bf
9ab1c1
97b1c0
95b0bf
91afbf
8caebe
90adbd
91adbd
90aebc
90aebc
88aaba
91adbc
92afbd
90afbc
93afbc
a8bbc6
16110e
454242
514a4c
5b5654
675f5e
6e6663
716c67
7a706e
7c726e
7c7370
7f7871
7e7875
7d7671
7d766f
7f7873
7e7772
6c6360
42403d
7f7970
7f7d79
7f7d7c
7f7e7d
7f7e7d
7f7e7c
7f7e7d
7f7e7e
7f7e7d
7f7d7b
7f7d7c
7f7d7e
7f7d7c
7f7c7a
7f7c79
7f7c79
7f7c7a
7d7676
3e4149
574b42
7f7a75
776f6f
263037
413733
544741
7f7b75
7f7e7e
7f7e7f
7f7f7f
7f7f7f
787576
7a7777
7a7778
787576
767374
736f72
716c6b
6d6868
696764
686361
666161
66605d
605d5c
615d5e
676060
676260
656061
625c5d
5f5b5a
5d5857
595553
565050
504c4d
4b484a
464545
403f41
3d3e3f
3e3d3e
403e3f
403d3d
3d3c3e
3e3c3b
353437
383738
3a383a
383738
383637
343234
2e2f31
2d2d2d
2c2d30
2c2d2e
2c2c2e
2c2b2d
2b2b2c
2c2b2b
2c2b2b
2e2c2d
302f2e
312f30
323130
2f2f31
333031
353232
393537
393637
3a3636
383636
373434
353130
312e2e
2a2b2a
2a2727
252324
7f7f7f
7f7f7f
7f7f7f
7f7f7e
7f7e7e
7f7c7d
7c7879
756f72
6c6768
666162
5d5c5d
605c5c
655f5e
625e5f
645d5e
5e5a5c
5c585a
575555
535252
4f4e4f
4d4b4c
4a4748
444245
3c3e41
3b3c3d
3c3c3d
3b3c3c
3d3a3c
3a3b3d
3b3a3e
3b3b3e
3b3d3e
3d3b3d
3b3a3e
39383b
333233
2e2c2d
2e2c2c
302e2b
2f2c2a
2d2b2a
2a2927
2a2928
292929
2a2a2a
2a2829
2c2a29
2c2828
282828
29272a
2a292a
302d2e
312e2f
2f2e2e
2e2f2e
312e2d
302c2e
2e2b2c
2c2a2b
292728
232225
1b1e1d
16191a
121517
7f7f7f
7f7f7f
7f7f7f
7f7f7f
7f7f7f
7f7f7f
7f7f7f
7f7d7d
626167
5c5a5e
5d5c5d
5f5c5c
5e5b5c
5b585a
595759
585556
545253
514f50
4e4c4d
49484b
454446
404244
424243
424142
404040
3f3e3e
3f3d3e
3f3d3f
424040
454344
4b484a
4e5055
4f5056
46474d
32343c
272a32
2b2e35
2a2c34
23272d
1e2024
161a1d
111518
121418
161819
181c1d
191a1f
1f2023
212324
242527
272628
272627
262628
272828
282727
282727
292627
262526
222223
1a1e20
16181b
101216
0b0f12
090e11
0c1011
7f7f7f
7f7f7f
7f7f7f
7f7f7f
7f7f7f
7f7f7f
7f7e7e
777475
686367
635f60
5f5c5d
5c5a5c
5b575a
5a5559
565456
545053
4f4e4f
4b494c
434447
414247
414346
424344
404142
3c3f41
3a3d3f
3e3c3f
3d3d3f
3e4042
47494b
5f5a60
727174
7f7c7c
7f7d7c
7f7b77
7f7a75
7a7575
706e73
6b6b71
64676e
5c636c
525360
20242b
161b1f
191e20
1f2124
232527
272627
272626
272627
252727
272527
262526
262426
242323
202122
181b1c
0e1418
0a1013
050c11
040a0f
02070b
00060a
fd0207
f4ff03
7f7f7f
7f7f7f
7f7f7e
7f7e7d
7f7e7d
7e7b7b
746f72
676266
5e5a5e
565659
555357
545154
524f53
4f4c4f
4c4a4d
474648
424345
404346
434346
444447
424345
414144
3f4041
3d3e40
3c3e3f
3f3d3f
3c3e40
555052
797676
7f7f7f
7f7f7f
7f7f7f
7f7f7f
7f7f7f
7f7f7f
7f7f7f
7f7f7f
7f7f7f
7f7f7f
7f7f7f
7f7675
2b333d
24262a
252527
212225
202324
222324
202124
202222
1f2020
1d1d20
1b1b1d
1b1a19
161311
0d0807
f6f4f5
0300ff
050606
0e1011
090e12
040a0d
fb040a
f80007
f80007
716c6a
716969
6e6767
6d6667
6e6667
676163
5e5b5d
565558
515054
4e4e4f
4e4c4f
4b4a4c
4a474b
434246
3f4144
404144
434346
424144
3e4042
3d3e41
3d3c40
3b3b3e
393b3d
37393b
38363a
323539
343539
5b5451
7f7772
7f7a75
7f7b77
7f7d7a
7f7f7e
7f7f7f
7f7f7f
7f7f7f
7f7f7f
7f7c7c
787572
62595a
3a3b3d
2a2b2e
252528
232225
1e1f22
1e2023
1f1f22
1c1d20
191b1d
1b1b1d
1d1b1c
140f0d
fffcfa
f1edec
dddee0
d5d6d9
d8d9dd
e6e5e4
00fdf9
0e0d0b
101213
100e10
0a0a09
000001
25282e
23262d
28292e
2b2b30
2b2a30
292a30
29292e
27292d
27272a
282729
25272b
232428
252426
26262a
2b2a2b
2d2c2d
2b2c2d
2b2c2d
2b2b2c
2b2c2e
2c2b2e
2a2b2d
29282a
292829
282a2b
2e2d2d
2d2f30
333233
3c3839
454042
4d4647
534c4c
585152
5a5152
5f5352
635954
615754
4a484b
39383b
2e2e31
242729
212225
1c1e21
1c1c1e
17191c
15171b
15181a
17171b
19181b
171515
fcfbfc
ede9ea
e6e3e3
dbd8da
d6d4d7
d6d6d6
d4d5d8
d5d6d8
d9dadb
edeae9
f1f4f3
dfe6eb
d6dfe6
d7dee5
09111d
05101d
040d1b
040e1a
000917
fd0714
fb0410
f7020f
f3ff0c
f1fe0a
eefb08
ecf905
ebfa06
ebf806
eaf804
e9f703
eaf704
ebf703
edf801
ecf902
eff803
eef902
f1f902
f6fc03
f9fe07
f90007
fd0208
03050a
07090f
0d0d11
101113
111215
141419
1a181c
1e1b1e
1c1c1e
1e1b1d
1a191a
151516
111215
0e0e11
0a0b0d
09090b
0a0a0b
0b0c0c
0d0c0e
0f0d0d
100d0d
0d0c0d
fbfafd
ebe5e6
dcdadc
d1d1d2
cfced0
cdcbce
cccbce
c7c8ce
c7c9cd
cacccf
d1d1d4
d7d9da
d5dce0
d8dfe4
dbe3e8
101826
0b1623
0a1522
081423
040f1d
030d1b
ff0b18
000a18
fb0615
f90412
f6030f
f3000d
f5000c
f3ff0b
f2fe09
f1fd08
f0fd08
edfa06
edf906
eaf804
ebf804
eaf703
e8f702
e9f702
e8f401
e7f300
e4f3ff
e6f300
e7f2ff
e6f3ff
e9f3ff
e7f2fe
e7f2fe
e7f2fe
e4f0fc
e6f0fc
e4edf9
e0ebf7
dbe7f3
dae5f2
d8e2ef
d6e2ee
d9e2ed
dae1ec
dae2ec
dde3eb
dee3eb
dfe4ec
e2e5ec
ebe6e7
dedbdf
cccbcf
c9c9cc
c8c7ca
c5c5c9
c5c4c9
bfc3c9
c0c7ce
c6ccd4
c2c5cd
c8cbce
d6d9dc
dde4e8
dfe8ed
12202c
111d2b
0e1b29
0d1a28
071524
091522
031120
05111f
000e1a
fd0b18
fd0917
fb0614
fd0814
f90614
fa0612
fb0610
fc0612
f90512
f80512
f80512
f70510
fa040f
f7030f
f5040e
f7010e
f2000c
f20009
f3ff0b
f0fe08
eefb07
effa06
edf905
ebf702
ecf701
e8f3ff
e7f2fc
e3eefb
e0ecf7
dce9f4
d9e5f2
d7e4ef
d6e1ee
d2e0eb
d1dde9
cedbe7
d1dbe7
cddae5
ced8e3
d8dbe3
dfdcdd
cbcacf
c2c3c8
c1c2c7
bfc0c6
c2c2c6
c0c2c7
f1ebe8
070201
d7d9dc
b8c0c7
bcc2c8
cecfd2
e1e8ea
e7eff2
182531
19232f
12212e
12202c
0b1a28
0e1b27
091826
0b1725
041321
02111d
04101e
010e1a
03101d
020f1c
04101c
020f1b
06101d
06111c
0c1c28
081623
04111d
051320
04111e
05121d
000f1a
000d19
fd0b16
fb0a17
fa0715
f70411
f60210
f3000c
f1fe08
eefc07
edf904
eaf701
e6f3ff
e3f1fc
e0edf8
dce9f6
dae8f3
d7e6f0
d6e3ed
d3e0eb
d2dfeb
d1deea
cddbe7
ced9e5
d9dbe1
cbcbd2
bcc0c7
bdbfc4
b9bec5
b9bdc3
b8bdc4
b5bcc2
c7c9cc
bbc3cb
b3bbc2
b4bbc3
b5bdc4
c0c5ca
e8e9ea
eef3f7
192735
152434
152231
122130
101d2d
101d2b
0d1a29
0d1a28
081625
071624
061521
061421
071422
081421
091622
081420
081216
353730
56544f
28343b
3a3b40
202229
070506
090807
090908
0c0a0b
0e0c0d
0f0e10
0e0f0f
0d0e0f
0e0f11
0d1011
0c0e11
0a0e11
070b10
040b10
00080d
00050d
fc0409
f50007
f0fd05
ebfa02
e6f700
e4f2fe
deeefc
dfeefa
dae9f5
d8e7f4
d6dbe2
bfc6cd
b6bdc3
b3b9c1
b4bac0
b5bac0
afb7be
afb7be
adb8bf
abb4bf
abb6bf
afbac3
b0bdc4
bbc2c8
e6e7e8
f4f9fd
1e2d3c
1a293b
142637
142536
112231
0f1f2f
0a1c2b
081c2b
061828
061828
041626
041525
041525
061524
051525
000d18
292823
766b5c
7f776f
5d5a58
504d4d
0b121c
e3e6e8
dfe0e4
dbdde1
dbdcdf
dbdde1
dadce0
dadde1
dcdce2
dddee4
dde0e7
e1e4e9
e3e3e6
e3e3e8
e6e5e8
e8e6e9
e7e9eb
e9ebeb
eeeded
f0efee
f1f1f0
f7f4f4
f7f6f5
f8f5f5
f9f7f6
fbf8f7
00fdfb
d7dae0
bbc1c8
b5bbc2
adb6be
acb5bd
acb5bc
adb5bc
a6b0ba
abb4be
a9b5be
afb8c1
afbac2
b6bdc6
bdc3c8
e6eaeb
f9fe01
2a3947
283543
243342
243341
1f2e3d
1c2a39
182637
1a2937
152434
132331
13222f
10202e
13222f
14202e
14212d
20242a
5d4a40
62524c
766754
746952
706154
0b111b
e3e3e7
e7e7ec
dcdfe5
d6d9df
d7d9de
d8d8de
d9dcde
d9dce0
dcdde2
dddfe3
e1e1e7
dcdde3
dadde1
dadce1
d8dce2
d8dbdf
d8dbdd
dadcde
dbdce0
dbdce1
dddfe2
dedfe1
e0dfe2
dde0e4
e3e0e3
dfe0e2
d0d8e1
b8c3d1
afb7bf
acb5be
aab4bd
a8b3bc
a6b1ba
9eadb8
9daeb9
a5b1bb
a4b1bc
a8b3bd
acb8c2
b7c2ca
f9fd02
ff0206
2d3c4b
2c3b48
273747
2a3848
223342
1f2f40
1e2d3d
1f2e3d
1b2a3a
192737
192735
172634
1c2836
192635
1c2735
22282e
332a21
614b2e
6e5d37
745f39
695d49
0c181e
eaecf2
fafcff
fdfe00
fffe00
fffeff
fcfcff
f2f3f8
e4eaf2
e4eafa
dfe3f4
dedfe8
dadbe0
d9dae1
dadce1
dddbe1
d9d9df
d9dadd
dad9dd
d8dbdd
d9dbde
dcdee0
dbdee0
e0dde1
e1e0e3
dfdee2
e0dee0
e9ecf3
c8dbf0
a8b4c0
a9b4bc
abb3bd
a5b1ba
a6b0ba
9fadb9
a1afba
a1afb9
9badb7
a0aeba
a9b5bf
b2bcc7
f2f904
03070d
30404e
2f3d4e
2b3b4b
2c3b49
253544
253444
243242
243342
202e3e
1d2c3a
1d2b3a
1c293a
202c39
1c2b39
1e2b39
24272f
27211a
362b17
34220b
2b1301
452b1a
1a120d
02fcf9
fdf9f6
f7f2f0
edeced
ece9eb
eceaec
f1eced
fefe15
15184d
13164b
fd0228
dfe4f2
d7d9df
d4d8dc
d5d8dc
d7d7dc
d6d9dc
d6d9de
d6d9dd
d7dade
d9dbdd
d9dade
d9d8dd
d7d9dd
d8dadd
dadbde
dde6ef
cfe1f9
a2b4c4
a1b0bb
a1b2bc
9fafb9
9faeba
9dadb9
9bacb8
a0afba
a0b0ba
a1b0bb
a6b2bc
acb9c3
e1eaf6
08090e
354452
324151
2d3e4f
2f3e4e
293848
2a3749
263545
283745
213142
222f3f
22303f
202e3d
222f3e
1d2d39
1a2532
1a242e
1a221f
110c03
19fdf2
3008f9
2802f5
f8e9e6
d4d7db
d0d4d8
cdd0d6
c9ced3
c8ccd1
c6cbd1
cbced9
e0e811
ebf631
f3fd35
f0f315
f2f0f2
f2f2f3
e3e8ed
d9dde3
d9dbde
d7dbdc
d9d9de
d9dade
d7d8dc
d8d8dd
d6d7dc
d6d7da
d4d6da
d4d5d9
d5d7db
e9eef4
d4e7fd
a5b7ca
a7b3bd
a2b1bc
a5b2bc
a6b2bc
a2b0bb
a1aeb9
a5b1bb
a4b2bd
a1b1bc
a1aeba
a7b8c4
f2f7fa
0b0e0f
344251
344252
324151
2f4050
2a3a4b
2a3b4c
273848
2a3a4a
243445
253443
30404f
314252
314254
2a3c4e
29373a
111b16
f1f7f5
e0e2e6
f9e6e3
0beee5
00e7e0
e8dad8
c7cbd0
bec5cb
bac1c9
b7c0c8
b6bec6
b6bec7
bcc5d8
c5d400
cad90c
cfdb0a
cbcfe3
d5d4d8
e6e4e4
fbf6f5
f9f8fb
e2e8ee
d7dadf
d5d8db
d5d8db
d3d6db
d4d6da
d6d6db
d2d5d9
d2d4d8
d2d4d8
d3d4d9
e2e7ec
d4e4f9
aabed0
a5b3bf
a1afba
9eafb9
a0afba
9fafb8
a0adb8
9eaeb9
a0aeb9
96acb8
9cadb9
c4ccd2
09090a
0e1013
344252
314151
304151
324150
293c4c
2e3c4c
283848
2b3b4a
253546
353e4d
7f7877
7f7f7f
7f7f7f
7f7774
242726
e9ecf0
dbdee2
ced5da
d6d2d6
ecd8d6
e8d7d4
dccfcf
bec3c8
b2bdc4
b0bcc5
b1bcc5
afbbc6
b1bcc6
b2c1d6
b9caee
bccbf5
b8c8ec
b4c0cc
bac1c8
c4c9cd
d2d4d8
efeceb
0400fe
f0f5f8
d5dbe2
d0d4d8
d2d5d8
d2d4d9
d2d4d9
d0d3d8
cfd3d7
d0d3d8
ced3d7
dcdde3
d6e5f5
c5d8ea
afc2d4
a1afbd
99abb6
9baab5
98acb7
99abb6
97aab5
98aab5
96aab6
9aaeba
e6eaeb
0e0f11
141416
364556
324352
324252
324251
2e3c4d
2d3d4d
2c3b4b
2d3c4b
273746
37414e
7f7a78
7f7f7f
706b65
18181b
ebeaf0
d5dadf
cdd3d9
c5cbd2
c0c6cd
d4ccce
dbd6da
dad7dd
c9cdd1
c8ccd2
c9ced2
c9cfd4
cbcfd5
c9cfd4
caced7
c8d1e2
c4cfe8
b9c5de
abbac8
aeb9c2
b3bdc4
b8c0c7
c3c6cc
dedcdc
0400fc
ff0000
dde1e9
d1d3da
d0d3d7
d1d3d7
cfd2d7
cfd1d7
cfd1d6
ced1d6
d1d5da
d8e1ea
d5e4f4
d2e4f4
a5bacd
98acb8
9aaab8
9aadb9
9baebb
9aafbc
a1afbc
9dafbd
aab9c3
0000fe
111114
161617
354756
344252
304251
324452
2d3e4e
2e3d4d
2b3a4c
2c3d4c
253849
35404f
7f7977
696664
0e1116
efeef2
d4dadf
ced3d9
c3c9d1
bec6cf
cddce7
1f1b21
575558
1b222b
d1d4da
cfd3d6
d0d2d5
d0d2d6
ced3d7
ced2d8
d0d2d7
ced2d8
d3d5db
ced3da
c4cdd9
b6c1cc
acbac4
aab5c0
aeb7c0
b6bec5
d4d3d7
00faf7
050405
dfe4ec
ced2d7
ced2d6
ccd0d6
cdcfd4
cdd0d5
c9d0d6
d1d4d8
d3d8dc
d5e1ec
e1effd
c9def2
a8bcce
a7b6c5
a5b9c8
b2c6d7
baccdc
c0d1e1
b7c8d7
c1ced7
030100
111312
171717
374656
314353
324252
344554
2f3f51
2e3d4d
2a3a4b
2d3d4d
263848
353f4e
6f7174
264459
031729
d9e5f2
cdd4da
c2c9d2
c4d2db
17181f
706866
7f7d7b
7f7d7a
2c323a
ccd3d8
cdd1d5
ced0d6
ced1d7
cfd2d7
ced2d7
ced2d7
cdd1d6
d0d5d9
d1d5dd
d5d9e5
d0d5dd
c7ced6
b7c1cb
aebac4
b0bac3
b3bcc5
cbcfd1
00fbf8
020203
d7dee6
cdd1d5
cad0d4
cbcfd4
cdcfd5
cbcfd6
d1d4d9
d0d3d8
d7dce1
dee8f2
e1f000
cfddef
c6d3e2
ccd8e4
cdd8e3
c0cbd5
bbc6cf
bdc5ce
cacfd4
e3e2e3
f5f2f0
faf6f3
354556
324355
314355
364656
2e4051
2e3f50
2a3c4d
2e3e4d
263747
2f4557
3c697b
37687c
15425e
ed081d
c5d3e0
d5e2ed
524a4b
7f7d7b
7f7f7f
64666b
685956
2a3037
cbd1d8
cacfd5
ccd1d6
ced1d6
cfd2d6
cdd2d6
cdd1d6
ccd1d5
d2d5d9
d2d5db
d9dae1
dbdde2
d5d8de
cbcfd6
c7cdd2
bbc4cc
b8c0c8
b6c0c8
d4d4d6
05fffc
f7f8fa
cfd5db
cbcfd4
cbcfd4
cccfd4
cbcfd4
d2d4d8
cdd2d7
d7d9dd
d6dce1
d2dae1
c1cbd3
b8c2cb
b6bfc7
b2bdc5
b3bbc1
b4bbc3
b3bbc4
b4bdc3
b5bdc4
b4bcc3
b6bdc5
364556
324355
304355
354657
2f4254
2e3f4f
2b3c4d
2c3c4d
243646
223c4a
305462
23526a
133e5c
f3182f
e8fb0c
665e5b
7f7f7f
7f7f7f
7f7f7f
706f71
68605f
2e343a
c8d0d8
caced4
cad1d5
cdd1d6
cdd1d7
cfd1d7
ccd1d6
cbd0d5
d2d4d8
d0d3d9
d6d8e0
dee0e6
dddce0
ced2d8
caced3
c9cfd3
c0c9d0
bcc5cd
bec4cc
e5e2e2
faf9f8
dce3e9
cbcfd6
cacfd4
cad0d4
ccd0d6
d3dbe4
d8e3f1
d3d9e3
cdd1d7
c3cad0
bcc2c9
b2bcc4
adb8c1
a9b5bf
a6b3be
a5b2bd
a5b2bc
a5b3bd
aab6c0
acb8c0
b0b9c2
334454
324254
304355
344657
324456
2f4052
2b3c4c
2c3e4d
162431
eff9ff
f60109
001c28
02273a
fc1e33
666064
7f7f7f
7f7f7f
7f7f7f
7f7f7f
7f7e7d
7f7e7c
3d4348
cbd2dc
ccd3dd
d9e5ee
e9f3fe
e7f2ff
dae5f2
cfd6df
ccd1d6
d3d5d8
cfd3d8
d6d5d7
e4e3e5
d7dce0
ced3d8
cad0d6
d0d5d8
d6dbde
d1d9de
c6cdd4
d0d4d7
f0eeed
f0f0f2
d1d6dc
d0d2d8
d3d5d9
e0ecf6
313b48
55606a
2c4050
e7fc11
c0cdde
b7c0c8
b2bcc5
aebbc3
b0b8c2
acb8c1
adb6c1
abb8c0
abb7bf
adb7c0
adb8c1
afb9c2
455563
405562
425564
435464
415363
3d4f5f
354757
414d57
050d16
ebecf0
dbe0e5
dae2ea
e9ff0a
4a4f52
7f7f7e
7f7f7f
7f7f7f
7f7f7f
7f7f7f
7f7f7f
7f7f7f
454d54
071018
403d40
716660
7f7266
7d7167
6b6968
3e4448
eaf904
d6dbe3
d3d8dd
cdd2da
dde1e8
dfe2e9
dedee3
d8dae0
d3d7da
dddee0
e1e3e5
d0d3db
d0d6da
dfe0e2
f3f1f2
dbe1ea
cfdbe7
f80514
374050
5e6570
76777a
7a7d7f
757779
3d4e5b
f0081d
c2d4e9
b5c1cc
b4bcc5
aebcc3
b0bbc3
b0b9c2
aeb9c2
b0bac2
b2b9c3
aeb9c1
657079
6c757a
6a757a
69747a
68737a
5c6a74
52626c
414d58
eaf0fa
e9ebf0
d8dde2
d2d5dc
ff0307
7f7775
7f7f7f
7f7f7f
7f7f7f
7f7f7f
7f7f7f
7f7f7f
7f7f7f
7a7879
7f7a76
62564e
382f2b
070305
170d0a
423027
5d5048
716a67
1f2734
dcdfe6
e1e1e0
e4e2e5
e2e0e3
d8dade
d1d5da
d4dadc
d7dcdf
d6d9de
d8dbdf
dfdfe4
dcdee5
f2f7fd
121c2c
354050
424f63
354158
223248
434f62
6d747e
757a7f
7c7e7f
7a7c7d
59626a
14293c
d4eb00
b9c7d8
b2bec8
b2bcc4
b1bbc5
b0bbc3
b0bac3
b1bac2
6e787f
777a7b
737878
787d7f
767e7f
65737a
626c76
243139
e8eaed
e3e7eb
d9dde2
d2d6de
504641
7f7f7f
7f7f7f
7f7f7f
7f7f7f
7f7f7f
7f7f7e
7f7f7e
7f7f7f
7f7d7b
363434
e9ecf4
2b231c
fdff02
f2f4f7
f0f2f6
06fefd
706053
777677
e7fa09
c9ced6
e7eff2
cad1d8
ced6dc
d5d6db
d9dadd
dcdbdf
d7dbe0
dcdee2
e7eaef
010d1b
303b4b
444f61
3e4859
2a3548
192538
192839
4e5664
717378
76767b
73767c
75797e
747b7f
747c7f
687176
3e4d5c
041c2f
d4ec03
b8cee1
b2c1cf
b1bdc6
afbbc4
6a767d
626469
555354
737b7d
737c7f
637279
5c666d
fe0915
eaeaec
dee3e8
d1d5dc
e5e8ed
7e7169
7f7f7f
7f7f7f
7f7f7f
7f7f7f
7f7f7f
7f7d7e
7f7d7e
7f7e7e
5a5757
eceff7
090406
03fafa
e0d8dd
e6dee1
0b0502
0e161b
4a3631
7f7b76
30363e
ced2da
dddddf
c3cad2
f2ebe7
d0d7dc
d9dadd
dadce1
e6eaed
e2e6eb
060e19
323b4f
323e50
242e41
131e30
061122
030f20
1c2837
303c4e
485366
535d70
5a6173
646b7b
6c737e
73787f
70787f
76797f
777c7f
6b7378
4a5a66
283a4d
02192d
e1fb11
68747c
666a70
5f5e65
71797e
717a7f
626e78
535d65
e9f804
eae8eb
dbdfe4
cbd1d8
261f1f
7f7d7c
7f7f7f
7f7f7f
7f7f7f
7f7f7f
7f7f7f
7f7f7f
7b7775
7d7a7a
282c34
f2f1f3
0d070a
d8d3dc
f5eff6
130603
fdf5f7
4a3e34
f7f800
7e6e5f
4a4a49
c9d4db
c3cad1
c9d1d6
c4cfd7
dde1e5
c7d3dc
e7e5e7
f0f2f5
010915
20293a
20283e
131c30
050e1f
f60012
ebf709
fc0719
111f31
2f3847
5b5e6c
6d7078
73767c
6f747b
6f727b
6d737b
686e7b
686e7c
676d7a
69727d
6b747e
72797f
737b7f
70797c
647178
6c7379
6a757c
6e787e
6c777d
5e6c76
46525c
dfeefc
e9e8ea
dce2e6
e1e3ea
73685e
7f7f7f
7f7f7f
7f7f7f
7f7f7f
7f7f7f
7f7f7e
78726c
3d3432
7f7c78
363d47
120f10
1a191d
fcecee
01f4f2
e0d8db
e5dfe3
3a322e
010307
635953
2f2e30
ced4dc
d0d3d8
d8dadf
e7e6e7
ece8e8
d6d8da
bec8ce
e6eef8
162130
061225
fc051a
f1fc0e
e8f100
d7e2f1
d7e6f9
091323
0a1426
162133
1b2437
363a48
3d4150
373d4d
383e4d
394250
434957
484f5f
4f5666
535e6f
586376
5f6576
626a78
666d7a
535e66
5c656d
5d6772
5c6771
5c6770
58626b
374750
dde8f6
e3e5e9
dbe0e5
fdf8f8
7f746b
7f7f7f
7f7f7f
73645e
68452e
6b432f
5a3626
020000
f1ebed
7a6b5f
787776
27272d
2d2019
fcfa01
e0d9e4
edeef5
3b2b25
0e0c0d
322e2a
7d746d
0d1319
cdd2d8
d0d4d7
d3d5d9
c5cad0
adb9c3
a3b2bc
a3b5c1
f1fb03
0c1525
f50012
dde9fa
c9d3e1
bbc7d2
b0bfcc
eaf300
060f20
f90719
000e1f
fd0819
00091a
050d1e
060e1f
061022
0d1628
141f2d
1d2837
2e3845
414958
414c5e
39455b
414c5f
4c5568
57636e
687076
677179
657179
656f77
5c6871
3c4a54
dbeaf8
dfe1e3
dfe4e8
f0eef2
6e5e50
7f7f7d
7f7e7b
44241f
390af8
2200f3
e4e2e2
ccd3da
dce1e6
392319
7e766d
4e4e4f
fe040e
120a08
150906
4d3629
24252b
101216
7a6b63
5c4f4d
d5dfe7
cdcfd5
c5c9cf
aebac5
a2b1bd
a4b3bd
a7b5bf
c2cad5
fd0512
f4fe11
d7e5f6
aec0ce
b0b9c4
adb9c4
c0cdd7
f7000d
f70213
010b1c
f70514
f2ff10
f0fc0c
f7000e
f80210
000817
000a1a
020c1b
021120
0f1a27
182232
1c2639
1f2a3a
2a3345
373e4f
52595f
61646a
5b5758
656e74
636d75
58676e
425059
dff000
d9dcde
e5e6e9
eaebed
261915
665449
5d4e45
05f8f7
e9e0de
ced2d7
cdd1d5
d2d6d9
f0efed
d9d9de
322016
4a413b
695e58
35393d
141d24
2b2b30
4c4140
716458
65534c
e7f1f7
ccd3d7
c7cdd3
b0bcc6
a5b6c1
a4b2be
a5b2bb
a3b0bb
bbc6cf
edf505
d4e1f6
acbdcd
a3b2bf
a8b5c0
a9b7c1
d1d9e2
f2fc0b
eefb0b
f30012
eefd0d
e2ee01
d4e2f5
e0eafa
e8f200
f2fc09
f4fe0b
f6000d
f50010
f90212
fd0616
fc091a
010c1e
061023
0f1a2c
110f11
4d4f4f
424143
616a70
5f6c73
58646e
44535c
f0000f
d2d5db
e2e3e6
f2f1f2
0a0603
f6f5f9
e7eaed
d6dadf
cad0d5
cdd1d7
d6d8dc
d7dde3
bfc8d0
c5cad1
d0d2d7
03faf6
3e2c20
5f4c3f
6b594e
6e594f
433932
251913
dae0e7
cfd0d7
cfd2d7
bac5cd
afbfc9
aab8c3
99acb8
9eb0bb
aab5bf
c1cbd5
d8e5f8
b4c8da
acbcc9
a8b6c1
a5b3bf
abb8c1
b7c3cc
d6dde7
e1eaf5
e8f203
e6f304
d0e1f7
c7d4e6
b4c2d0
c7d1da
dfe8f5
e6f000
e6f101
e6f202
e7f302
e6f303
ecf908
f5000f
fe0717
010d1d
dddee1
2f2823
555a5f
606973
5d6a73
57636d
44535d
081a2a
cbd2da
d7dade
e9e8ea
f3f3f3
e4e7ec
d8dce2
d1d6db
cdd4d8
d0d6da
cdd2d7
d2d6da
c5cbd0
c5cbd1
c3cbd1
c4c9d1
c9ced5
dbdadf
e8e5e8
dfe3e7
d2d8dd
cdd1d5
ced2d7
c4ccd4
cbd1d7
c0c9d3
bcc8d3
98aebb
9fafba
acb8c0
adb8c2
c6ccd9
cadafa
dde80f
d8e100
adbcce
a3b3c0
afbac2
a5b3bf
a4b1bd
afb9c4
c3cdd6
cbd3de
c0ccd7
adbcc8
a9b4be
a8b4be
b1bcc6
c4cbd6
cfd6e2
cedbe7
c9d6e2
c5d0da
d4dbe7
e0e9f6
ecf905
f7010f
cccfd5
f6f4f4
525552
5c626a
585e64
50595e
434f56
283845
c9d6e3
ccd0d6
d9dcdf
e7e7e9
f3f2f3
e5eaef
d7dce1
d2d7dc
e3e1df
ced5da
c6ccd2
c4ccd1
c4c9d0
c0c8ce
bdc7ce
c1c8ce
c5ccd2
c9ced2
c4ccd1
cbd0d5
c0c9d1
d1d5d8
d6dadd
d8dbdf
d6dbe2
a7bac6
96abb7
a5b5be
abb8c2
abb8c1
b5c1d3
d4e214
f1fa30
cee01c
bbccfb
a7b8d0
abb8c1
a4b0bb
a0afba
a6b3bd
a6b4be
a7b4bf
a8b4bf
a7b5be
a6b4bd
a5b4be
a7b3be
a4b4be
a8b4be
acb7c1
adb7c2
aeb9c2
adb9c3
b2bfc9
c6d2d8
dde9f2
c2c9d1
c7cdd4
17120f
1a1f22
eff7fc
f4f7fa
222323
21292c
cbd7e1
c4cbd2
d0d4d7
dfdfe3
faf3f5
fdfdfd
eaeef2
dadee2
cad0d6
c6ccd3
bfc6cc
b9c1c8
aebac4
abb8c2
afb9c2
afbac4
b4bec5
bdc3cb
c6cfd3
cfd4d9
d0d4d7
c4cacf
c7cdd1
d3d6d9
e6ebef
9fb0bf
9badb9
bacad4
c4d8e7
c7d8e5
c3cfec
eaf119
dbea20
c9db13
b9ce00
b3c6eb
a2b4c2
a0b0bb
a1b2bd
a6b5bf
a6b5bf
a7b4bf
a7b5bf
a5b4be
a6b3bd
a6b3bd
a9b5bf
a8b5bf
a7b3bd
a6b4bc
aab5c0
adb8c1
afb8c1
adb9c1
afb8c2
b7bfc9
d4d9dd
d0d6dd
dcdee3
d2d8df
d4d9de
e2e6e9
e6e8ea
dae1e7
ced4da
bcc8d0
c5cbd1
d3d5da
e4e3e6
f8f6f6
fbf9fc
e7ebf1
c4ced3
b0bcc5
a5b5bf
a4b3bf
9fb1bd
9fb0bb
a1b0ba
a2b2bc
a8b5be
acb8c3
ccced1
dce0e3
c2cad3
bac2ca
b9c2c9
c2c8ce
e9e5e5
a9c0ce
a3b5c1
30312f
4e535c
191c20
d2dbe3
d0d6e2
c0cce4
c2d2fb
b6cbfb
d4eb09
defa10
dcf509
d4ed01
cae1f6
bcd2e6
b5c9db
afc4d5
aabfd0
abbece
aabece
adbfce
adbfcf
adc1ce
adc1cf
aac1d0
b3c5d5
b8c9d9
b8cddd
b9cddc
bacddd
cbd9e7
cbdaea
cbd8e6
bfc9d1
bfc5cd
bdc6ce
bec6cd
bcc5cd
bcc5cd
bfc8d0
bdc5ce
c4cad0
d2d4d8
e4e2e4
f8f5f7
f4f6fa
b4c4d0
a4b3be
a3b1bc
a1b0ba
9daeb9
9daeb9
9daeba
9eafba
9baeb9
a0afbb
acb9c2
e1dede
d4dde1
bec8cf
bcc4cb
bfc5ca
ced2d6
e3e7ea
bbc8d5
484345
2c2f39
d9e1ea
cfd3d9
bbc6cd
c1c7ce
b3bfd0
c4d8f8
444856
5a6272
596170
59606f
535c6a
485362
3f4b5b
3a4557
324253
304052
314151
314153
324152
344253
374656
3b4958
3f4d5d
425061
465264
465262
455264
293035
1f2226
eef7fc
bac8d1
b9c2cc
b7c2cc
b8c1c9
b6c0ca
bac4ca
c0cad1
bcc6cf
bac3cc
c4c9cf
d1d3d7
e2e1e4
f3f1f1
d3dde4
afbec9
a6b8c3
a5b6c2
9eaebc
9badba
99adb9
9badba
99adb8
9bacb8
a1b1ba
b6c0c9
e0e0df
cdd5da
bec7ce
c1cad0
c8cdd3
dbdcde
d5dce5
f3f7fd
d3dae4
cbd0d6
bfc7cf
c3c9cf
b6bfc8
a8b8c4
f0f802
2b3242
293143
27303f
293140
303644
333947
363d4d
3e4656
464f5f
4e5566
525969
555c6c
585e6e
576072
5b6273
596274
596172
576173
566072
556072
596075
edfb08
c8d7e6
bcc5ce
c1c9d0
c2c8d0
bec6cd
b5c1c9
b9c2c9
c2c7cf
c3ccd2
c3ced5
b8c5ce
bac3cb
c0c7cd
cbcdd3
dad9dc
e5e3e6
dcdee3
dcdde1
b8c7d0
a2b9c9
9fb4c3
9db0bb
9dafba
99adb9
95acb8
94acb7
adb7be
c0c8cd
d8dde0
d0d4d9
d1d6db
d0d5da
d0d6da
d0d5dc
ced3d7
c5ccd3
c1c8d0
c3c8ce
b4bfc6
a7b7c1
afc1cd
f0f802
f1fc0d
effa09
ecf807
eef807
f2fd0a
fb0211
000a19
071120
0f1928
182331
1c2839
252e3f
2c3544
303a4a
333d4e
354052
384253
394253
374153
3a4153
374257
e9f704
c8dae7
bdc5cd
bfc6cd
bdc5cd
bdc4cb
b7c1ca
b9c2ca
bfc7ce
c5cdd2
c7cfd4
bfcbd1
bac5ce
b9c2c9
bdc3cb
c4c9ce
cccfd3
d8d7da
dee0e2
dae9f1
fe2a3b
e51431
c4ef0a
a8c4db
9bb0bc
99adba
9bacb7
9bafba
adbac3
dbdcdd
dadce0
d8d9de
d1d5db
cdd1d6
c7ccd3
c1c8d0
bfc8ce
bcc5cb
b2bcc4
aab7c0
acbdc8
d2dde8
d2dfed
cbdbe9
cddae9
ccdcea
ceddec
d3e0f2
dae6f6
dcebfc
e3f001
eaf707
f1fd0d
f90213
ff0719
041121
0c1727
101a2b
151e31
192233
182333
182335
1a2536
1a2438
e3f301
cee1ef
bac4cd
bbc3ca
bac2c9
b7c0c8
b7c0c8
bec7cf
c7cdd3
c3cbd2
c4cfd8
c7d4dc
cad9e3
becedb
b5c4ce
b6c2ca
bac3ca
c0c6cc
c7cdd5
f2050d
316072
396a7c
2f5f73
dffb0f
bcc8d0
b6c4cd
b6c3cc
bac5cc
c3c9d1
d2d4d9
ced3d7
cacfd3
c4cdd1
c3cad0
bfc8cf
bdc4cc
b6bfc7
adbac3
a9b5c0
aebcc9
d1dee9
cbe3f2
c3d9eb
bdd2e4
bdcddc
bfcddb
c0d0de
c5d3e1
cad9e7
ccddec
d4e2f0
d8e6f6
dceafb
e0ee00
e5f405
ecfa0b
f30012
f50315
f80417
fc061b
fd081b
000b1e
ff0c1f
000c1f
deedfc
d5e6f3
b7c5cf
b5c1c9
b6bfc8
b7c0c8
bec7d0
eef6fb
010b13
eaf1f9
423f3a
494e4e
575959
3e3d3e
eaf6fd
b8c6d0
b4c1cc
b6c0c9
b7c3cd
ec0916
0b3952
17445e
093046
cbd9e6
c7cdd2
c5cdd3
c6ccd3
c6cdd2
c6cbd2
c5cbd2
c4cad0
c2c8cf
bcc4cc
b7bec6
b1bac4
aeb9c1
aab7c1
a8b6c0
b1c2cd
e6f3fd
3a4145
5a5c61
595d62
485055
13222e
d4e8fa
bad0e0
b9c9d8
bdcbd8
c0cedd
c4d3e2
c7d7e7
cddeed
d1e2f2
d5e7f8
daecfe
e2f302
e5f708
eafa0c
ecfd0f
edfc0f
effd0f
eefd0f
f0fd0f
d7e8f7
d8e8f8
c2d4e4
c5d6e5
bed0df
becedb
d5d9e1
4b3931
4a4242
060508
3b2d2b
3e312f
372d2c
221a1a
fcff01
d4e2eb
c4d5e1
b7c7d4
b4c5d0
e50614
f11d35
f41f37
d6f60a
b7c2cc
b9c2ca
bcc3ca
bfc4cb
bfc7cc
bdc6cc
bcc4ca
b9c0c8
b0bdc6
abb8c1
a8b6c0
a6b6c0
aab6c2
a7b5c1
abb6bf
f2e8e3
492e1e
756356
7f7974
7d7170
7f7776
7c7572
686161
424348
0d1c27
def605
c6dbee
b8cee0
bacbd9
becedd
c1d2e2
c8d9e8
cddfee
d1e6f6
d9ecff
e4f908
ecff10
f10112
f40112
f70314
f80616
d7e6f6
dbeafa
191d24
39424a
313d48
283643
061525
4d4141
322d30
00fe01
151011
120e0e
120f11
1b1617
1a1514
261c19
1b1510
d6e0e6
b9cad3
e50612
ed142b
e91128
bdd9ec
a9b8c4
acb8c2
abb9c2
abb9c1
adbac3
adb9c1
abb8c2
aab7c1
a7b6bf
a8b5c0
b1c0cc
bccedf
bac8d5
9fb2bf
95aab5
a5b1bc
c1c5cb
f7f1f1
3d2e28
68554d
766a64
786f6a
776e6c
756b66
6e645f
5a5553
36363b
040f18
e3f4ff
d7e8f6
cce0f0
c3d9ea
c0d7e8
c9dae9
dae9f5
fc0209
0d131a
12171d
16181f
18191f
1f1d22
ddedfc
e3f300
000712
13181e
191c21
202328
28262b
262629
090c10
f4f1f4
fafafd
120d13
291f1d
0f0b0a
150d0c
fcfbfe
d6d7db
b5c2c9
b7c1c9
c4d6de
d4ecf7
dbf805
b8cedd
afbdc7
adbbc4
adbbc3
acbac2
adb9c3
a9b9c2
a9b8c1
a8b8c0
a7b6bf
a3b2be
e0e4eb
e5ef00
acbccb
99aeb9
91a9b5
97a9b6
9eb0bb
c4cad0
fcf8fa
020306
251b17
3b3430
3c3433
433c38
403b3a
393536
2c2a2c
201f21
101215
1c1a19
1b1b1c
0a090b
e7f0f7
e8f4fd
edfb07
f8030f
041521
0d1620
0e1319
13131c
16161e
dcebf9
e1f1fe
e4f300
d0dfef
cddbe9
d0ddea
ccdae6
d0dfea
ecf1f8
dde2e8
181818
362c2f
060307
eeecee
dfe3e9
b2c4d1
a7bbc8
a7bcc9
a6bbc7
a7b5c1
adbac3
b9c3cd
b4bfc9
adbbc4
adbbc2
aebac2
adb9c2
a6b4bf
a3b1bd
a0b0bb
9daeb9
9aaeba
9eafb9
d0d4da
c2d0de
b7c4cc
c8d5de
cfd9e2
d0d9e1
d2dbe1
dee1e6
f6f6f9
fbfd02
070505
100c0f
100e0f
26201e
28211f
2d2724
2d2827
1e1a1a
0a0a0b
141212
0c0b10
dee1e5
e7e9ed
fc0002
00191e
061c21
1b4044
19232d
030b12
fd0a16
f90412
c5d1de
c8d4df
dbe8f4
f80109
091016
00060c
fb0308
e2f1fd
fd0004
000205
2c1b15
fffc00
fbf8fa
f7f4f4
f1eeee
f1efed
f4f0ed
f2f0ec
dbdedf
aebbc4
a1b2bc
a2b0bc
9eb0bb
9cafbb
9db0b9
9db0ba
9aaeb9
99adb8
9bacb7
97abb7
98abb7
99adb9
9daeb9
a8b5bf
aeb9c2
c1c5ca
ced0d2
cfd1d4
cdd0d5
cccfd2
cbced5
f6eeec
00fbfa
f9f2f0
f5f3f7
f8f6f7
f9f9fb
f2f3f7
212428
384045
1a2934
020409
0a080a
020409
d3dae2
e2e4e9
f9f7fb
ebeff7
e2e0e3
152020
e70010
08080a
090b0f
18181b
bdcdd8
bac8d2
d8e5f0
101016
171b21
0a0e14
17161b
f4ff0a
f4f9fb
e8eef0
c7ced6
dcdcdf
ececec
c6cdd4
b7c4cb
b3bdc6
aebac3
a8b7c0
a4b4be
a4b3bd
9fb4bd
a2b2be
a1b2bd
a0b1bc
9eb2bb
a1b1bb
9fb0bb
9eb0ba
9fafba
a2aebb
9caeba
9fafbb
a3b1bc
a5b3be
a7b4bd
aab6bf
b0b9c2
b7bfc6
bac2c8
b9c3c8
bdc4c9
bfc6cc
b8c2cb
b5bdc6
bcc5cd
d7dbdd
dadfe6
d8e8ef
0a303c
0d3f51
063349
0f1a27
02060e
ff0208
d2dae3
d7e0e7
eef1f7
d4e2ed
c5d2db
fa080d
fd0b16
fe040b
121922
2c2e36
cadbe9
caddeb
dfeefc
ff020b
0c0e14
0e0f14
141318
e6f500
dbe9ef
c7d6dd
b7c1cb
bac3c9
bbc3ca
b8c2c9
b5c1c8
b2bfc6
aebcc4
adb9c3
a9b9c3
aab7c1
a7b8c0
a7b6c0
a4b5c0
a5b4bf
a5b4bf
a4b1bc
a0b1ba
a2b2bb
a5b3be
a5b4bd
a6b4bd
a4b4be
a4b3bd
a4b3bc
a6b3bd
a6b4be
a8b5be
a9b4bd
a5b4bf
a7b3bd
a5b4bc
a5b4bc
a2b0ba
9bacb7
acb9c1
d4dce0
d2dae0
b2c7d2
de0814
e91b2e
fc273a
2c3337
01070e
f9ff05
eff700
f7ff05
01060d
f5010a
edf902
fa060f
091018
1e1b1c
29292b
2a2c2e
dcecfb
e2f200
e3f605
e1f303
e2f201
e2f302
dfef00
d4e8f8
d5e7ef
cee2e8
b9c9d3
afbbc5
afbcc5
b0bdc5
afbbc4
afbbc3
aab8c0
a8b5bf
a5b4be
a5b2bd
a0b2bd
a1b1bb
9fb1ba
9fb0bb
a0afba
9fb0b9
a9b5be
acb8c1
9fb0bb
9eaeba
98adb8
95acb7
94abb7
98abb6
96aab6
94aab6
95aab5
91aab5
95a9b5
91a8b4
93a8b3
92a9b4
8ca8b3
96acb7
b3bdc4
bfc8cf
bac5cd
9fb5c2
ceeff9
d4fd0d
d6fc0c
d0deeb
cad4db
cad2d9
c9cfd9
c5ced6
c5ced7
c3ccd6
b9c4cf
bac4d0
b8c4cf
b3c0cb
b6c0cb
b2becc
dbeaf6
e0f200
e7fb08
e3f504
dff200
dff402
e1f504
dff304
ecfd07
f00007
d4e4ee
a5b6c4
a5b3bd
a2b2bd
a0b1bc
a0b0bc
9eafbb
9fafba
9caebb
9badb9
9aacb9
9bacb8
99acb6
96acb6
91abb6
98abb8
9eafba
a3b1bc
9eb1bc
95acb8
93a9b6
92a9b5
8fa9b5
92a9b4
8fa8b4
8ca7b3
8ea7b3
8fa8b3
8fa8b4
93a8b4
92aab6
9bb0ba
a1b5c0
acb8c1
b5bfc5
b5c0c6
acbac5
9eb4c0
abc3ce
b1c7d5
b9c8d3
b9c5cd
bcc4cc
b6c1c8
afbac4
a8b4c1
a1b2bf
a3b1bd
a5b2bd
a3b2be
a5b3bf
a6b5c0
a5b4c1
a1b1be
fb0007
0c0d12
1a191d
0e1116
040b13
182027
2a343e
293541
15202b
fb0610
d9ebf8
bcd3e2
b8cedc
b5cddc
b6cddc
b2cbda
b0c7d7
b1c4d3
acc2ce
a8bdcb
a7bcc9
a7bac8
a2b8c7
9fb8c7
a4bac8
a3bdcb
a8bfcd
a7bdcb
adc0cb
adbdc8
a2b4c1
a2b3c0
a1b3bf
a1b2be
9fb2bd
9eb1bc
9eb1bc
9eb1bd
96afbd
9ab1bc
9fb3bd
b0bac3
bbc4cb
b7c3cb
b3bfc8
b1bdc6
b1bdc8
b3bec8
b6c2cb
b9c5cf
bec7cf
bec9cf
c1cad1
bdc7d0
c0c8d0
bec8cf
bcc6ce
bdc2cc
b9c2cc
bac4cc
bac3cb
bac3cd
b9c2cc
b7c2cc
3c4751
3f4753
3b4450
39424d
3f4550
434b55
4a515a
4a505b
454c56
39434d
313c45
2e3843
2b3941
2e3843
313c46
303b46
27343e
162732
081724
fd0c19
f50511
f1000d
ebfd09
edfe08
eeff0a
f7040e
fa0711
f7030d
edfd06
dbe8f4
dae7ee
d9ebf7
d3e7f4
d3e6f1
d0e4f2
d2e3f1
d6e8f4
daeef9
dff0fd
e3f2ff
def0fd
ddeefb
dbedf9
cbd8e5
dde7ee
e5f600
e8f803
e9fa05
edfc07
e6f703
ddeffc
d6e6f2
d0dfec
cedce8
cddce7
cddce7
ccdce8
cddae7
ccdae5
cadae5
ccdae5
cedbe6
cddbe7
cddbe7
6b717a
6b717b
69727b
6d737b
6f747a
727579
707579
717479
717579
6e7277
686b73
62676e
60646a
5d5f66
575c62
55575f
4a4f57
3e4750
373e47
2d3641
26313b
242e39
212d38
202d37
1e2a34
1c2833
1b2731
18242f
14212d
fe0b19
f5fd03
0f1b22
111f2b
111e28
121e29
121f29
141f28
131f2a
12202a
111e29
0f1e28
0f1b26
06131f
e8f805
ebf1fa
071017
081521
091620
081621
07141f
04111c
fe0a17
f6030f
ecfd08
e8f702
e6f600
e6f400
e5f3ff
e3f1fc
e0f0fb
e2f0fc
e4f1fd
e4f3fd
e6f2ff
5c5b5f
5f5c60
5f5d61
615e60
5f5e61
615e60
615e61
5d5b5d
56575b
515359
484b50
394249
343b45
2e3742
2d3642
293540
27313e
242e3e
202c38
1f2a37
1d2a36
202b36
202c37
1e2b36
1d2a34
1b2834
192832
172531
16232e
071722
f8040f
060b12
14202a
15212b
15212c
15222d
14212d
15212c
13202c
121f2a
121d29
101c26
061420
fb0b17
e7f602
f9ff02
0a141f
091722
0a1822
091721
0b1620
06131e
04101d
fe0d19
ff0914
ff0915
fc0813
fa0611
f6040e
f5020d
f5010d
f5010c
f6020b
f3000d
131e2a
131d2b
141d2a
171f2b
16202b
18212c
16212c
18232e
1b2530
1d2834
1d2a34
1e2a35
212b37
222c38
212f3b
1f2d3b
202d3b
202c39
1e2b37
1b2934
1c2936
1c2a36
1e2a36
1e2934
202833
1d2935
1b2731
1a2530
16222e
0f1e29
0c1923
f7030f
0e151b
14232c
15232d
16222e
15222e
15202d
14212c
13202b
131f2a
0d1c26
0a1722
04111c
fb0715
e9f0fc
071117
0b1a26
0b1a26
0d1a26
0d1a27
0d1926
091a25
0b1925
0e1823
0f1b26
0d1924
081420
030f19
000b15
ff0812
fb0711
fd050e
fa040c
0d1a24
0e1a25
0d1a26
101a26
101b26
111c26
101c27
14202a
17222c
172430
1d2832
212a35
202c39
202d38
242f3c
232f3b
212e3a
1f2f39
202c39
1f2c37
1f2c3a
202d37
202c38
1d2b37
212c38
1f2c38
1d2b37
1c2936
162633
152331
152330
0b1927
fa050f
171f26
1c2a35
1c2b36
1c2b36
1f2d37
222e39
242f3a
272f39
242e37
242e35
202b33
232a33
030e19
111113
373a3e
393d42
3e3f45
424046
424246
424346
444246
424145
424043
403d40
3a383c
2f3036
22242b
151b22
0c131b
090e15
050a12
0e1823
0c1923
0c1825
0c1824
0e1a25
101924
121c26
121d29
15212c
1a242f
1b2732
1e2b34
222b37
222e37
242f3b
24323d
293541
313b47
36404b
3b454e
404750
414952
434b53
464b56
484c55
494d54
4a4e54
4a4d53
4b4c51
494950
494c4f
47494f
2f343c
252327
545152
575556
545357
575559
585558
595357
555154
514e51
4d4c4d
49484a
49474b
37373b
080810
4f4643
544f51
534e51
534e52
524d50
504c50
4d494e
4b4649
484447
454044
413e41
3d3b40
35353a
2a2d32
222429
1b1c22
11151d
050b14
050c13
040b14
040b12
020b13
030a12
020b13
0d131c
131821
151c26
1a202a
21242d
242a33
2f333b
3d3e46
4e4d51
5d585b
646064
6d6468
6f686a
6e696b
706a6d
706a6e
706a6e
70686b
6e666a
696568
666064
676064
615c60
635c5d
605b5d
575356
1e212c
584d48
615b5d
605c5e
605b5e
615a5d
5d575a
5a5355
585255
514e52
504b4e
4f4d50
4c4749
0c141f
3a2e2a
555153
555054
544f52
534e50
524d4f
504b4e
4d494c
494648
484245
413e41
3f3c3e
3b373c
323136
2e2b30
26272b
1f2126
e7ebf0
e9ebf0
e6ebf1
e8eaef
e7eaef
e8e9ed
eaeaf0
07080d
16181f
1e1e27
25272f
313137
3f3d42
4d484e
5e5559
645e61
6a6264
6e6668
736a6c
766c6e
786e70
796f70
787072
756f71
766d70
746b6d
70686a
6b6365
6e6366
666063
655f60
666062
5d5a5b
383a3f
3f3432
645c5d
625e5f
655d5d
605b5d
5f595a
5a5456
5b5457
524f52
544e51
545051
4f4a4c
323539
130d11
564b4b
554f51
524f50
534c4e
504b4c
4f494a
4d4849
4a4447
464044
443e43
3e3c3f
38363c
333235
2e2d31
2a282d
24252a
cacfd6
c9cfd7
cbd0d7
ccd1d7
ccd1d8
ccd0d8
d1d4dc
0c0a0d
23232c
2d2e34
38373c
464145
514a50
5b5558
635c5e
686064
6d6365
73686a
766c6e
796f6f
7b7273
7b7374
7d7475
7c7274
786f70
736c6c
70686a
6a6466
6d6667
6b6264
675f60
676163
615a5b
514e50
222024
615855
655e5f
645d5e
605a5b
5d5658
575254
585555
534f50
534e4f
574f50
4c484b
494445
000512
453935
4f494d
4e4a4c
4a484b
4b4a4d
514e53
4c494e
494447
434044
464348
413c40
383638
343134
302d30
2b2a2d
26262b
7b7575
787171
746e6e
736c6b
716b6b
716a6a
6f6a6a
70696a
6a6768
6c6666
696466
696464
666364
666263
655f60
5f5d5f
666162
6b6463
6a6564
6b6565
6c6564
686663
696565
6a6564
6a6464
6b6464
696665
6d6666
6e6868
726a68
6f6a69
706768
6c6666
656162
615f60
665d60
666261
676262
696260
676060
66615f
65605e
635e5e
625d5e
625c5b
615b59
605a59
60595a
5f5b5b
635c5d
615d5b
625c5b
625b5a
5c5656
5b5555
5b5658
5f5a5a
5e595c
5e5859
5f5859
5d5859
5b5959
605858
5f5959
787070
746c6d
736b6c
746a6b
716a6b
726a6b
726b6a
71696b
6d6968
6c6868
6e6768
6d6765
6e6565
646263
636162
676364
686365
676364
676364
676365
666363
676362
6a6564
6b6565
6e6766
6f6966
716968
736c6b
756f6e
777072
787373
776f70
726d6f
756e6f
766f70
766d6e
746c6c
70686a
6d6766
676264
675f60
625f5f
625b5d
5d5a5a
5d595a
5c5959
5e5959
615859
615a5a
605a59
5d5856
5a5355
575457
5d5757
615a5b
61595a
605b5a
5f5a5b
5f595a
5c5857
5f5755
5c5856
595656
575455
78706f
726d6c
6e696a
6e6869
6d6868
6c6766
6c6666
6d6668
6c6666
6e6768
6f6766
6b6666
656263
686464
6c6767
6d6866
6e6767
6d6767
6c6666
696666
6d6664
6a6565
696663
6a6464
696463
6c6664
6f6968
746d6f
7d7574
7f7b7c
7f7c7d
7e7c7c
7f7e7e
7f7d7e
7f7c7d
7f7b7c
7e797a
7b7577
797372
746e6e
70696a
6c6665
696362
65615f
5f5d5c
5c5a5c
5d595a
5a5655
525152
505052
514f51
585453
5c5656
5c5657
5e5957
5f5856
5e5757
5c5759
5b5857
535151
494648
565353
585454
595454
746e6d
756d6b
746b6a
726a6a
716969
6e6968
6f6969
716869
6e6867
6b6766
676365
646162
676263
6a6364
6b6565
6d6566
6b6565
6c6666
6e6666
6e6766
6c6966
6e6767
6d6766
6d6865
6e6a67
746c6a
7a7270
7e7a7a
7f7e7e
7f7f7f
7f7f7f
7f7f7f
7f7f7f
7f7f7f
7f7f7f
7f7f7f
7f7f7f
7f7f7f
7f7e7e
7f7c7d
7d7779
777173
6e686b
676263
655f5f
615b5b
5a5756
575556
5a5858
5e5a58
5e5758
5b5758
5a5455
555353
545352
545152
545050
565051
555052
555151
585150
595251
585251
545150
716a6c
6e696a
6e6768
6d6768
6e6767
6e6868
6d6669
6d6666
6c6665
6b6566
6e6667
6e6868
706768
6c6868
6f6867
6e6765
6b6666
6b6565
6c6264
6b6563
696564
6b6464
6a6564
6d6565
706766
726a68
7e7778
7f7e7e
7f7f7f
7f7f7f
7f7f7f
7f7f7f
7f7f7f
7f7f7f
7f7f7f
7f7f7f
7f7f7f
7f7f7f
7f7f7f
7f7f7f
7f7f7f
7f7e7e
7c7a7a
656163
5c5759
5b5756
605a58
635b59
5f5b59
5e5957
5c5858
5a5857
5b5656
5a5456
5a5554
5a5453
575354
575351
545151
534f50
4f4d4e
4f4b4b
464646
464445
716c6c
706c6b
6f6969
6f6969
6e6868
6d6867
686463
636062
666364
696666
6f6565
6c6566
6c6666
6c6766
6e6866
6f6867
6c6868
6b6766
6d6665
6d6667
6c6766
6d6665
6b6665
656361
636062
696668
7f7b7a
7f7f7f
7f7f7f
7f7f7f
7f7f7f
7f7f7f
7f7f7f
7f7f7f
7f7f7f
7f7f7f
7f7f7f
7f7f7f
7f7f7f
7f7f7f
7f7f7f
7f7f7f
7e7c7a
676363
5f5b5b
5c5859
585557
585554
585454
575353
5a5454
5b5353
565353
595253
575352
585251
575252
555150
534f4e
4f4d4b
4c484a
4b484a
4d4a4a
4f4d4c
6e6869
6d6869
6e6768
6d6866
6b6766
686363
646162
6a6666
6f6867
706767
6d6766
6c6768
6c6463
6a6564
6c6565
6b6765
6c6565
696664
6a6565
6d6765
6e6664
6a6563
666160
696463
706866
746d6a
7b7472
7f7b7a
7f7e7d
7f7f7e
7f7f7f
7f7f7f
7f7f7f
7f7f7f
7f7f7f
7f7f7f
7f7f7f
7f7f7f
7f7f7f
7f7f7f
7f7e7d
7e7977
726b6c
686261
615d5d
605a5b
5b5957
5b5857
5a5556
595455
555252
545050
514e4f
504c4d
504c4b
504a4a
4b4748
484545
454544
4b4846
4e4b4a
504c4b
4f4c4c
514c4b
716a6a
6f696a
6b6768
676364
595857
4c4747
474444
52504e
5a5654
645c5a
69615d
6c6460
64625f
6a6562
6e6a69
706b69
6f6969
6d6968
6e6867
676563
636062
616163
666363
696464
6b6563
6b6764
706a67
786e6c
7c726f
7d7574
7e7977
7f7c79
7f7c7b
7f7d7c
7f7e7d
7f7e7c
7f7d7c
7f7e7d
7f7d7c
7d7876
746c6e
696463
625e5c
5d5959
5d5755
5a5555
595454
565352
575251
565150
56504f
514f4f
534f4d
4f4c4b
4b4747
484747
474747
4b4948
4b4848
4a4647
494447
474545
474345
494545
6a6567
6a6465
605d5f
545556
575354
3e4147
524f50
555355
535253
4e4f51
4a4b4f
4d4a4d
514d4d
565252
625e5d
6e6968
6f6a69
6f6969
696667
6c6967
726a6a
6f6a68
6d6868
6e6867
6c6766
6b6563
6a6463
696565
6d6766
6c6767
6f6968
716a6a
736c6b
736d6a
726b6a
726c6a
776e6e
776f6d
746b6a
6d6766
6a6260
625d5d
5d5956
595453
545151
524f4e
4f4c4d
504b4a
4d4a4a
4b4747
484546
474444
414242
464343
494645
4b4746
4a4646
494646
494646
4a4546
494444
494444
494543
494545
646262
5e5c5f
646062
616062
5e5d60
5c5a5c
595758
5c585b
5b5a5c
5b5a5b
5c5a5a
5a5a5c
5f5d5e
656464
736e6f
757272
736f71
777375
777476
767374
747071
726d6e
6f6a6b
6b6866
6d6764
6c6464
686363
686462
6a6563
6b6564
6a6465
676361
646060
676162
686364
686263
676162
635e5e
615a5b
5c5957
5a5554
555252
52504f
524e4e
4f4c4c
4f4a4a
4a4948
4c4645
454445
434142
434142
474242
464242
434041
413e40
433e40
423e3f
403d3f
403d3d
3f3e3d
433e3e
433f3f
41413e
464140
58585c
615f5f
636161
646262
5f5f60
515255
4b4d50
4e4d4f
545555
636061
666163
676565
6e6b6d
7b7778
7f7d7e
7f7f7f
7f7f7f
7f7f7f
7f7f7f
7f7f7e
7f7e7d
7f7c7c
7c7878
777171
6f6a69
686564
656060
625e5e
5e5b5b
5a585a
5b575b
615d5d
655f60
676161
66605f
655d5c
615b5a
5e5858
5a5554
575150
514e4e
4c4b4c
494749
474445
434142
3e3c3f
3c3b3c
3b3a3b
3d3c3e
403e3e
433f3e
403e3d
3f3e3d
3f3d3e
403b3e
3f3c3d
3d3b3c
3d3b3b
3d393a
3b3839
393837
393637
363334
363435
5f5c5e
605d5e
605d5f
5e5e60
5b5b5d
5d5c5e
5b5a5c
5a595c
5b5a5c
5f5e62
646063
6c6a6a
7f7d7d
7f7f7f
7f7f7f
7f7f7f
7f7f7f
7f7f7f
7f7f7f
7f7f7f
7f7f7f
7f7f7f
7f7f7f
7f7e7e
7c7a7b
6d6869
5e5e5d
5c5a59
5e5b5a
615d5c
625c5d
5f5d5c
5b5b5b
5d5759
5a5556
545253
534f51
504d50
4f4a4c
4d4848
494646
454444
3f3e3f
3d3b3e
3d3b3b
3f3c3d
3e3d3c
3d3d3d
3b3b3b
39393a
393637
393639
373637
363535
353534
333333
333233
343233
323031
302d2f
302e2f
2f3030
353332
3a3536
464443
4e4a49
4f4d4d
545151
515053
565558
59585a
5c5b5c
5f5a5d
57585b
59585b
706868
7f7c7a
7f7e7e
7f7f7f
7f7f7f
7f7f7f
7f7f7f
7f7f7f
7f7f7f
7f7f7f
7f7f7f
7f7f7f
7f7f7f
7f7e7e
676467
5e5c5e
5b5a5c
5c5959
5a5859
5a5658
595655
585355
555253
535051
504f4f
4f4c4e
4b494b
474647
424143
3d3d3f
3a3b3f
3b3a3c
3c3a3a
39393b
383939
393939
393839
3a393a
373738
353435
393838
383837
363536
343434
2f2f31
2b2c2f
2b2b2e
292b2d
2b2b2e
2d2b2d
2b2b2c
2e2b2b
2f2d2e
fc0613
000a18
0b111c
161a21
1e2228
2c2a2e
363437
3b3a3a
3c3c3d
484647
524f51
5c5859
666161
746b6c
7a7473
7e7979
7f7c7b
7f7d7b
7f7e7d
7f7f7e
7f7e7d
7f7e7d
7f7e7d
7a7777
6d696d
605e5f
5c595b
5b585a
5d5758
585657
575556
545355
504f52
4f4e4f
4b4a4c
474648
414245
3f4044
3d3f42
3e3f42
3e3e3f
3d3e3f
3c3d3d
393c3c
3a3b3c
3b3b3c
3d3d3f
3d3e41
3f4044
404044
3f3e41
3a393a
302d2d
222326
262729
2d2a2b
2f2c2b
2f2d2c
2d2c2b
2b2c2b
2b2b2b
2c2b2b
2b2b2a
2d2b2c
fe0a17
f90816
f90715
fb0714
f70414
f50312
f60412
f60413
fc0614
040d1a
0e1520
1e2028
2a2c30
39393a
484445
554e4f
5e5756
665d5b
676160
676162
696564
716969
6b6869
656063
5d5a5c
565658
515355
505055
504f53
4b4d51
4c4b4f
4b494b
484548
424245
404145
434345
474446
454449
454347
3f4143
3e3e41
3a3d3f
3a3a3e
3a3a3d
3a3a3d
3e3d41
46484d
5c565b
6a6b6e
6a6a70
625d5f
424751
343c47
343945
30333b
26292f
1e2128
161a1f
131419
131517
19181b
1f1e20
202222
262424
061320
04121f
04111d
04121e
04111f
02101d
030f1d
01101d
020d1b
020e1b
000b1a
000c19
000c18
010d19
020d1a
040d1b
0a121c
101620
141a23
222329
2b2a2e
323034
393638
3e3a3c
423e3f
454141
424143
424446
464447
454445
3e4042
3f3e41
3e3f44
424245
404145
3e4044
3d4043
3f3e42
3b3c40
3b3c40
3a3c3e
3a3b3e
3a3b3d
3b3c3e
444446
69686c
7f7a79
7f7f7f
7f7f7f
7f7f7f
7f7f7f
7f7f7f
7f7f7f
7f7d7d
777574
656a6f
5d646d
484951
1f262c
191b1e
171a1d
171b1f
1a1d21
1e2024
0c1c2a
0e1b28
0d1b28
0d1b28
0d1a27
0d1a27
0d1928
101c28
0b1a26
0e1c27
0d1927
0d1926
0c1724
091622
0a1621
0a121f
06111d
030e1b
020d18
000917
fd0916
f80412
f4010f
f5000c
f5000e
fa030e
000611
070b12
0b0e16
14151a
201d20
282629
2f2d2f
333132
333335
343536
34353a
343739
36363b
36373a
38363a
333339
303236
313437
4f4848
7f7672
7f7d7b
7f7f7f
7f7f7f
7f7f7f
7f7f7f
7f7f7f
7f7f7f
7f7f7f
7f7f7f
7f7f7f
7f7f7f
7f7c7b
433e41
1d2227
202225
222324
212426
222326
15222f
17212d
15212f
192632
162431
182430
162332
192532
192432
182732
182430
17232f
15212f
121f2c
121f2a
0f1b27
0d1a27
091724
071422
041121
03101d
ff0b18
fd0816
f90512
f7040f
f3000b
eefc08
ecfa06
e6f603
e7f603
e4f201
e5f200
e8f401
ecf803
f3fd06
fc0209
05070e
0c0f12
101216
17171a
1d1e21
252325
2b282b
2d2c2f
323133
403b3c
4f484a
645855
69635d
706966
787270
7f7873
7f7a75
7f7b77
7f7a76
787371
645c5b
484347
2e2e31
29282a
242528
1e1f23
222123
202323
132232
162432
162432
1b2837
192737
1f2a37
1f2b38
222d39
202d3a
232e3b
232d39
202c38
1f2a38
1a2833
182632
17222f
14222f
0f1d2b
0e1c28
091725
091625
01111e
01101e
fe0c1a
fe0b17
f90615
f50312
f60210
f2ff0b
f3000b
eefd08
eefb07
ecf905
ebf803
e8f601
e3f201
e2f1ff
deeefd
deedfb
deedfb
e1effb
e6f2fe
eff700
f7fd03
00040a
0b0c10
171719
221f20
2a2526
2f2c2c
383233
3c3837
423e3e
464043
423e40
3a3639
2f2f33
26272b
212326
1e2023
1b1d22
1a1c1e
1a1a1c
17181c
1e2b3b
1b2a3b
1b293a
1c2c3b
1a2939
1e2c3c
1e2c3c
1f2d3c
1f2e3c
21303e
23303e
22303d
22303e
202d3c
202b38
1c2835
192733
152230
14212e
101d2b
0e1c2b
091623
091625
061321
041221
ff0e1c
fd0a19
fc0a16
f70613
f90714
f70512
f60410
f60411
f6030e
f5010c
f3000d
f4000b
edfb09
edfa07
ebf905
eaf704
e6f501
e3f1fe
e2f0fd
e0effc
e1eefc
e3eefc
e5f0fd
e7f2fe
eef700
f4fc04
fd0008
04050b
090b0f
0d0d12
101013
101113
141213
0f1012
0d1010
0e1013
101115
111217
131317
263442
263441
263241
2a3945
263542
2a3845
293540
262f3a
27313c
263442
273643
233343
223241
202e40
192c3c
18283b
152639
132435
142232
0f1f30
101e2e
0b1b29
0c1b28
0a1825
0a1724
061421
02111e
05121d
fe0d1b
030f1c
000d1a
ff0d1a
010d1a
000d19
ff0b19
fe0b18
000c16
fc0813
fa0613
f80511
f60412
f6010f
f1fe0c
f1fe09
effb08
edf906
ebf704
e9f600
e9f501
e8f3fe
e5f2fd
e4eefb
e2ecf9
deeaf6
dce7f4
d7e7f2
d6e3f0
d6e3ef
d8e4ee
dde7f1
e3ecf3
e9f1f6
f0f5f9
f7fafe
2a3846
2c3a48
2e3847
313e4b
2d3848
25303c
383b44
51575c
494d57
2a3541
353d47
323d4b
35404c
2e3c4a
2e3a49
253343
253241
1b2c3a
182939
122537
0f2133
0b1b2e
061929
051728
031727
031525
031322
051222
041221
091522
041321
071421
091521
081522
081521
071320
091621
131e2b
131c25
0c1721
041520
00101e
fb0b19
fb0915
f80513
f7020f
f4000b
f1fe0a
f1fb08
edf903
ebf701
e8f4fe
e4f1fd
e3edfb
deeaf6
dde8f3
d7e5f1
d4e1ee
d2dfeb
cddbe8
ccdae7
c7d7e5
c6d7e3
c5d5e3
46505f
384a5b
304254
364250
293340
454648
7f7c7b
7f7f7f
7f7f7f
707171
2e3946
343f4d
384350
33404e
32404f
2a3a49
2b3a49
263545
253443
213141
1f303f
1a2838
142434
132333
0f202f
0c1c2d
0a1929
071828
041627
051525
011424
061325
041624
091625
0b1827
0c1926
0d1b27
4c4b4c
f9010a
f5f3f4
fffbfa
030300
09090a
0f1111
0f1416
101619
0c1319
040e17
fd0915
f10210
f2000d
ebfb08
e8f704
e7f200
e1f0fc
deedf8
d9e8f5
d7e5f2
d5e3f0
d1e0ed
d0ddea
cddce8
c9dae7
c8d8e3
7f7f7f
7f7f7e
7c7a7a
6a7075
535e6a
7b7675
7f7f7f
7f7f7f
7f7f7f
7f7f7f
4b5460
333e49
3a4756
344353
354453
303f4e
303e4d
2b3a49
283847
273646
243444
202e3f
1d2b3a
1c2b3a
182838
172735
122330
152332
142230
142330
14222e
11202d
14212d
0f1d2b
0f1e2d
0d1d2a
101d2d
52504e
eaf3fe
e0e3e5
d7dbe0
d7d9dc
d7dade
dbdbdf
d8dbe0
dddee3
e6e5e9
f2eeef
fbf6f7
00fdfb
040302
070807
060a0c
040b0e
ff070d
f9020a
edfa05
dff200
daeefd
d6e8f7
d1e2f0
d0dfed
cedde8
cadae6
7f7f7f
7f7f7f
7f7f7f
7f7f7f
7f7f7f
7f7f7f
7f7f7f
7f7f7f
7f7f7f
7f7f7f
6d7377
4c5761
3c4857
394555
384754
324251
344150
2f3d4b
2a3b4c
2c3b49
273746
243343
203040
20313f
1e2c3b
1b2a3b
172735
192736
1a2736
192734
192635
1a2633
1b2935
192531
1a2733
1a242e
1c2630
56514e
e1eaf7
e4e4e5
e1e5e8
d7d9dd
d4d8db
d5d8dd
d5d7dc
d6d7de
d8dade
dcdee1
e1dfe4
dce0e4
dbdce0
dadcdf
dcdee1
dfdfe4
e6e4e8
eaebed
f5f2f3
fcf9f6
01fdfd
000001
ff0003
fa0004
f5fe01
edf900
7f7f7f
7f7f7f
7f7f7f
7f7f7f
7f7f7f
7f7f7f
7f7f7f
7f7f7f
7f7f7f
7f7f7f
7f7f7f
6c7177
3e4b5a
3b4755
394857
364553
364354
304150
30404f
2e3d4d
283848
253746
243444
243543
213040
202e3c
1d2b3a
1c2c3b
1c2b3b
1c2b38
1d2c38
1e2935
1d2631
101724
0e181f
17232a
1e2e31
54524d
dfe9f7
e2e6eb
edf0f7
edf5fd
f50917
f00313
e1f304
d6dde7
d9dbe1
dbdbe0
dcdee5
dedee5
dcdde2
dadce2
dadce1
dadce0
dbdbdf
d9dcdf
dddee4
dfe1e6
dee0e2
e0e2e5
dfe1e4
e0e0e5
e3e3e6
e8e7eb
7f7873
7f7f7f
7f7f7f
7f7f7f
7f7f7f
7f7f7f
7f7f7f
7f7f7f
7f7f7f
7f7e7f
7f7e7f
646e77
3f4b5a
394857
374857
364555
344354
314151
2e4051
303f50
293a4b
293b4a
253748
283948
223244
213141
222f3e
20303f
212f3e
1e2d3a
1c2531
18242f
1a272c
091a19
0d1a0b
1e2c17
1c2511
2a2419
faf7f8
fdf6f2
fef9f6
111717
517476
557b7f
45666c
01040a
f8f7f7
ebeef2
e2e6ee
d5d9e1
d6d8dc
d7d8dd
d8d9de
dbdadf
d7dadd
dadee2
050907
051112
f0faf9
e0e3e6
dedee2
e0e1e4
dee0e4
dddfe2
5d524e
7f7f7f
7f7f7f
7f7f7f
7f7f7f
7f7f7f
7f7f7f
7f7f7f
7f7f7f
7f7f7f
7f7f7f
606a75
3f4d5d
394858
374757
344554
324254
324051
304052
304051
2a3a4b
2c3c4b
283948
2a3b4a
253444
253345
4a535c
4c5561
3f4c58
2f4151
284048
24413c
203621
021404
f5f9f3
eaefef
e1e3e6
dedde1
d8d8dc
d3d4d8
cdd2d7
e1eef4
163e52
1a485e
133b4f
d4ddec
d6d8db
e6e3e4
f7f4f3
f8f8f7
e5ebf1
d9dae2
d4d7dc
d8d8dc
d6dade
15100d
7a675d
7f7466
424239
edf2f3
dddde1
d9dde0
dadde1
dcdce0
7e7170
7f7f7f
7f7f7f
7f7f7f
7f7f7f
7f7f7f
7f7f7f
7f7f7f
7f7f7f
7f7f7f
7f7f7f
5c646d
3f4c5c
3a4a5a
394656
374554
344554
334352
2f4152
324253
2b3c4d
2d3d4b
26394a
2d3b4b
263546
2c3948
7f7774
7f7f7f
7f7f7f
7f7f7f
7f7f7e
6e675c
020a09
e5e9eb
dedde1
d1d4d7
c8cad0
c7cbd0
c5c9d0
bfc5cc
bdc3ca
ccdce4
f01529
f0162e
e90b1f
c3cdd8
c5c9cf
c9ccd2
caced4
dcdbdd
00f8f3
0b0503
e8eef6
dadfe6
0707fe
7c653c
7a7152
64514c
5a4a3d
0104ff
d7dbdf
d9dadd
d4d8dd
d7d8dd
7f7f7f
7f7f7f
7f7f7f
7f7f7f
7f7f7f
7f7f7f
7f7f7f
7f7f7f
7f7f7f
7f7f7f
7f7f7f
4d5b68
3b4c5b
3a4959
374656
364657
334456
314253
324150
324254
2c3d4e
2c3d4d
293a49
2c3c4c
263746
313e4c
7f7976
7f7f7f
7f7f7f
7f7b79
4e4641
fbfaff
dedfe2
c9cdd3
bdc3cb
b6c0c7
b5bdc4
b2bcc4
b5bdc5
b2bbc4
b1bbc4
c2d4dd
dafc0e
dcfe11
cae7f9
afbbc5
aebac2
b4bbc3
b7bfc6
bfc4c8
c8cacf
e0dedf
190a01
352317
38210d
4f3813
644f2b
423622
241b11
f8f8f5
d6d8dc
d5d6dc
d1d4da
d3d4da
7f7f7f
7f7f7f
7f7f7f
7f7f7f
7f7f7f
7f7f7f
7f7f7f
7f7f7f
7f7f7f
7f7f7f
7f7f7f
445766
3b4a5a
3a4859
354556
374656
324356
344254
304151
324455
2d3e4e
2d3e4e
293a4b
2b3c4b
253746
36414e
7f7a78
7f7f7f
7d7573
272629
f2f1f4
cfd5db
bac3cd
bbc2c9
b8c1c9
b5c3cd
bbd1df
b7c9d8
b5c0c8
bac3cb
bec7cd
cdd6dd
d4e6ee
d6e7f1
c5d7e1
b3bfc7
aab9c3
aab5c0
abb7bf
adb7c0
b2bcc3
c3c6ca
05eae0
390af9
4f2b16
1f0a00
2e1c06
1f1707
1609f9
f3ece8
d3d5db
d3d4da
d3d3da
d0d3d9
7f7f7f
7f7f7f
7f7f7f
7f7f7f
7f7f7f
7f7f7f
7f7f7f
7f7f7f
7f7f7f
7f7f7f
7f7d7e
3f5466
384858
384859
334456
334556
324355
344354
2f4253
334556
2c3e4e
2e3e4f
283b4b
2d3c4b
253646
3c4551
7f7b7b
7a7470
19191e
f7f3f5
d4dbe0
c2c9d0
c0c6cd
bfc6cd
d2dfe7
3f3e40
7a6c69
1a262c
caced4
c9ced3
cccfd3
ced0d6
ccd1d7
ced1d7
cdd1d5
cdd1d5
ced1d7
c4c9d3
b3c0cc
abb5c1
abb5bf
d1c6c6
f2d7d0
04e4d9
21f9ea
2d180a
0a0807
edf7ff
dfedfb
dae8f7
d6e2f1
d4ddeb
d0d6e1
cfd4db
7f7f7f
7f7f7f
7f7f7f
7f7f7f
7f7f7f
7f7f7f
7f7f7f
7f7f7f
7f7f7f
7f7f7f
757374
2d3941
313d48
384655
304153
344456
2f4354
344454
314354
334558
2e4052
2f3f4f
2a3b4c
283b4b
243545
444853
7f7676
1d1d23
f5f1f4
dee0e5
d7d9df
ced2d9
c9d0d6
ced4dd
5e5148
69605f
746a64
1d232c
c8ced3
c8cdd2
cccdd3
cbcfd5
cfd0d4
ced0d6
ced1d5
cdd0d5
d2d4d7
d1d3db
d3d7e4
cdd1d7
bcc6ce
d0c4c8
ddc9c7
e9d1cd
d3cccd
d9d7d9
1b1009
3c3836
56575f
5d646e
545a68
545b64
384453
ff0f23
7f7f7f
7f7f7f
7f7f7f
7f7f7f
7f7f7f
7f7f7f
7f7f7f
7f7f7f
7f7f7f
7f7f7f
4e555e
dae3f0
f7fb00
1f242b
304454
324457
2e4256
324355
324357
364759
2f4054
2c3e4e
2a3c4c
29394b
213545
424750
323235
f4f4f8
e1e3e8
d5d7dc
dbdcdf
ecebec
f3f3f4
eeecf1
735e4f
5a5555
6a5955
0f1720
c5c9cf
c5cad0
c8ccd1
cccdd4
cccfd5
cbd0d5
ccd0d4
cecfd4
d4d5d8
d1d5db
d7d9e1
d4d8de
d9d8dc
d3d3d7
d0c8cd
c6c0c4
b4bcc3
bbc4ca
d8d8db
0d0604
05081b
383446
495061
5f5d66
706f76
7c7a7c
7f7f7f
7f7f7f
7f7f7f
7f7f7f
7f7f7f
7f7f7f
7f7f7f
7f7f7f
7f7f7f
7f7f7f
3a454f
d3d9e2
d2d8df
e5e9f1
4b5050
566069
495b68
465969
425668
405666
3c505e
354757
344353
5c5f65
6d6b6b
54514f
eff3fb
eeeff2
d5dadd
d2d5da
d0d4d9
d4d6da
d8d9dd
d6d6da
fbefef
4d3d36
6c6a69
040e1b
c2c9cf
c3c9d0
c7cbd0
c9cdd1
caced4
cccfd5
cbcfd4
cbcfd4
d5d5d7
d0d3da
d9dbe5
dadde5
d7d8df
dbe3eb
d2daeb
b1c0d1
adb8c2
b8bec6
bfc4ce
d2d5d9
bac6d5
d4ddf2
181928
0e1a2b
333342
55545c
7f7f7f
7f7f7f
7f7f7f
7f7f7f
7f7f7f
7f7f7f
7f7f7f
7f7f7f
7f7f7f
7f7f7f
273038
cbd2db
c7cfd7
cfd6dd
43423d
70797c
777b7c
747c7e
71797c
697579
667075
475966
55626f
515e6a
4b555e
fb020f
f0eef1
dadfe4
d1d6db
d2d4db
cdd3d7
c8ccd1
c7ced4
c7cbd2
c7ccd2
f0e8e8
543e2f
f80006
c5c9d3
c6c9d0
c8cbd1
c7ccd2
c9cdd4
c9ced5
cbced5
cecfd4
d4d5d9
cfd1d7
dcd9df
e8e2e6
dcdbe0
dee6f0
010915
001224
c8def5
b0bbca
b9c1c8
bec7ce
bcc6ce
cad4e0
d4e1f8
e1ec01
f7ff10
121622
7f7f7f
7f7f7f
7f7f7f
7f7f7f
7f7f7f
7f7f7f
7f7f7f
7f7f7f
7f7f7f
7f7f7f
0c1520
c1cbd3
bfc7d1
c5cdd7
4a4b46
6e787c
767677
74726e
777e7e
777e7f
707a7d
5c6974
6c757b
657278
404b54
e3ebf2
eaebee
d6dae0
d1d5da
d1d4d9
c9cfd5
c3cad0
e1e0e0
c8cfd6
d8d6da
c8ced5
d6d8dd
dedee3
d0d3d8
d3d6db
e0ecf5
00050d
272d2d
343f42
293238
000b18
deeaf6
ced3da
d4d6dd
e5e4e9
d8dadf
d8dde3
f3f902
08101f
0f192b
d8ec02
b6c0ca
c0c6cc
caccd1
eae7e9
dae5f4
d0def2
e1ecfd
f1fb07
7f7f7f
7f7f7f
7f7f7f
7f7f7f
7f7f7f
7f7f7f
7f7f7f
7f7f7f
7f7f7f
7f7f7e
f2ff0e
bdc7cf
bec5ce
dae4ed
686d69
6b757c
63656c
4c494d
737a7b
747e7f
6a757b
5c6772
585458
5b5e5f
0d1b27
e4e4e8
e1e3e8
d7dadf
ccd0d5
c1c8ce
c3c8ce
bec4cd
c5c9ce
bfc6cd
cbcdd2
c3c8d0
ccced5
c8cdd5
c7cdd6
0f1719
726a68
6b6461
655448
5f5147
705e53
7f766d
6c6966
fd0d1a
d7d9e3
e2e0e3
dbdde0
dedee1
d7dae0
dbe4f0
f4f806
edf404
aebcca
c1c6cf
c8d0e3
e1e5fb
eff408
ceddf5
d3e0f3
e0edfc
7f7f7f
7f7f7f
7f7f7f
7f7f7f
7f7f7f
7f7f7f
7f7f7f
7f7f7f
7f7f7f
7f7d7a
d9edff
bfc7cf
bfcbd4
212628
727a7d
66727b
6a6f74
60646a
717a7d
727c7f
637179
5d666f
494b51
535556
e8f703
e5e5e7
d8dee3
d6d9df
bec7cf
b1bcc5
b4bec7
bbc2cb
c0c6cc
bfc6cd
bec5cd
c1c5ce
c7c8cf
c7cad2
1b1d1b
7f7b77
655b59
f7f8ff
dee2e8
dfe6ee
e2e3ed
04fdfe
5d4a43
7f746c
132430
d0d2db
cecfd5
cfd1d5
ccd0d6
dcdfe6
dae7f6
d2dced
b5c2d7
c9d3fb
e3ee23
f1fa38
060e47
ecfb20
dcec00
e7f406
7f7f7f
7f7f7f
7f7f7f
7f7f7f
7f7f7f
7f7f7f
7f7f7f
7f7f7f
7f7f7f
7c7672
d1eaff
c7d3e2
121a23
55555d
6b7477
636c72
6c7379
6d777d
6d777d
6d797e
5d6c77
5a6770
5a6570
49535d
d7e4f0
e2e3e5
d8dde1
d9dce0
e6eff3
1e2b31
ef0414
bcc9da
b8c1ca
c3c7cc
c4c9cf
c3c9d0
c2c8d0
dde2e8
7f7169
6a6262
130e0e
111517
07ff00
00f6f2
06fffb
322922
f9f900
614a3c
777573
e9f604
d2d5db
d2d2d8
cfd1d8
dbdde2
e8eff9
dce5f0
c9d4eb
c9d90a
e0ec24
e9f534
000845
000937
e5f108
ebf70c
7f7f7f
7f7f7f
7f7f7f
7f7f7f
7f7f7f
7f7f7f
7f7f7f
7f7f7f
7f7f7f
6c6969
d9e9f8
e6ecf5
564e4c
505861
5a6770
505d67
5a6873
5d6873
5a6570
5f666f
535f68
545d65
59646e
35424d
d1dbe7
dfe1e5
dadde2
dde0e3
3b2f29
7f7f7f
7b7270
dce9f3
bac5ce
b7c1c8
c2c7cd
c6cad0
c6cad2
130800
766669
21232a
e6e7ea
281915
ebe3e7
dbd6e2
d6cbd1
1400fb
eff4fb
120602
7f786f
252833
d7d7df
d5d5d9
d6d6da
d8d7da
dfe6ee
d6deec
d1d8e8
c9d7ff
d8e10c
dde506
e2e702
fc0016
e4f008
e3f006
7f7f7f
7f7f7f
7f7f7f
7f7f7f
7f7f7f
7f7f7f
7f7f7f
7f7f7f
7f7f7f
55585e
ced7e0
cdd2d7
f0edf1
3e3631
61696d
59646e
6b7278
697278
67717b
656f78
52626d
58636a
5b6572
293846
cfd8e3
dbe5ee
daebfa
e4effc
49403c
7d7470
2e201f
b8c5cf
bec1c9
bec7cf
b8bec9
c4c8cd
c8cbd1
221106
7f7e7d
171e2b
0700fc
f6f2fb
e3d3d5
180b03
eae9f2
dad1db
0a080d
fbf8fb
7f6f60
3d3c3e
d7dae2
ccd1d6
cbced2
cdcfd2
e0e4ea
e6effc
d1ddee
c3cee4
c9cfd9
d5d9df
d5d9dc
e8e9ec
d1d9e6
d1ddeb
7f7a76
7f7c77
7f7f7e
7f7f7f
7f7f7f
7f7f7f
7f7f7f
7f7f7f
7f7f7f
3f4951
cbd3da
c8ced4
c9cfd5
dadde1
241f1b
535857
4e4e4f
5d5b5c
646f78
616d76
4f5f6b
5c6167
5d5b5f
2b3b48
e50115
173a50
24536b
2c576b
575e69
563e39
410ffa
2604f5
d3d8df
c9cbd1
bec8d2
c2c5cc
c6cbd1
fdf1ee
7f7569
414750
efeaf2
1e1917
d4d1dd
d8cdd2
03f0ef
fefcfd
0c1017
030100
665d5b
232125
ebe7e9
dadce0
cccfd4
c8ccd1
ced0d6
dadfe6
d4dee9
c9d0dd
c9cdd3
d6d9de
d3d5da
dfe1e3
b1bfca
b9c1c8
63575a
594a48
62504b
4b3e37
64554c
7c6b60
7f766b
7f7c78
7f7f7e
2c3239
c7ced5
c5ccd1
c8cbd0
c7cdd3
d2d4d9
0d0806
42403f
56575a
606c76
5f6b75
4b5a66
53585e
34343b
354755
0a374f
1f4e67
295d79
3e6c7f
5b6978
473135
3808f6
3908f3
2600f2
c5ccd3
c7cbd1
c2c7cf
c9cdd3
d0d1d9
583f2f
7c7772
001224
4d3c30
2c2622
05fc00
080203
442e22
21201f
4f4542
7b6e6b
fd0109
d7d5db
cbcdd2
c9ccd0
c9cbd0
cacbd0
bfc4cc
c5c9d1
c5cad3
cbced4
d8dadf
d1d2d8
dbdcde
b1bec9
a7b3bd
546269
364954
0d1a29
cdd6e2
cdd1d7
dbdbe0
f0eaed
0c0100
2b1910
e8eff3
c6cbd1
c3cad1
c1cad0
c2c8d0
c6cbd1
d4d8de
393631
5c686f
5e6973
5d6974
465664
545a62
464850
3a4c58
07354a
173e52
1a4253
2a4c58
485b65
575050
0ff1e6
0ceee0
08e9df
dadada
c2c7d0
d5d6dd
ccd0d8
c7cbd1
ece5e6
61493a
5d4f4a
323a42
e7f200
040004
ffff03
dfe9f7
423a35
7e746e
463b3b
c9d1db
d6d8da
d5dae0
d8d9de
d2d5da
cdd0d7
c0c3ca
b2bac1
b4bcc2
c1c4cb
d3d5da
d0d2d6
d4d6db
b1bbc6
a5b1bb
79767a
7a7a7d
6b6869
d0e1ee
bbc3cc
bfc7ce
c2c7ce
c1c8cf
c3c9d1
c3cbd0
c5c9d0
c1c8ce
c0c8ce
c2c8cf
bec6cd
c7cdd3
0b0906
565e64
566168
5b6266
435259
585e63
505b63
324250
f51528
d5e8f4
d0d9e1
e4e6eb
fc0006
32180e
0cede1
0dede1
04e8dd
dbd2d1
c3c8cf
e9e5e9
c9d0d8
c0c7cf
c5cad1
e9e3e3
422c1f
79665a
6e635f
545051
564d4c
403a3a
7c6559
463933
d6dbe3
bdc3cb
dbd8db
ccd1d9
d2d1d6
d7d2d4
d7d2d4
b1bac3
a4afba
b2b7c0
b9c0c8
ced1d5
ccd0d5
cfd1d6
aab7c2
a2b1ba
706c72
797071
35353a
ccd4dd
cbd1d6
d8e5e9
cfdee6
cdd3d9
d2dadf
c3ced6
c0cad3
bcc8d1
bdc7d2
bfcad3
bcc6ce
bec6ce
dcdfe3
36342e
0f1214
020000
121313
3f4447
252b2f
04080a
d4dee6
c2cad2
c4cad3
d1d4d9
f6f4f3
fce7e6
0beade
0deee2
04e7dc
c4c6ca
d8dbdd
e6e6e9
dcdfe3
ced2d8
c5c9d0
c3c6cd
cdcfd6
fff4f4
392218
553e31
533f33
291d16
fff7f8
cdd0d9
d7d8dc
d6d8dc
d2d5da
d5d7dc
b5bdc6
b3bcc3
b6bcc5
a8b2bd
a0aeb9
b1bcc5
c3cacf
d1d2d7
c7ccd4
c5cad0
a3b2be
a2afb9
7f7d7d
726c6a
e1edf7
bfc9d3
c0cdd9
c2cdd7
c3cad1
c7cbd1
cacdd3
cbced3
d2d2d5
d2d2d6
d4d5d7
d2d4d9
d4d6d9
d5d8db
d6d8dd
d8dce1
cfd4da
d8dfe3
d8dfe5
e8ebee
cad3de
c0cbd5
bfc9d1
bbc5cb
c0c7ce
c6ccd0
ebe8e8
f8f6f8
03e7df
0deee3
04e6dd
d6d7da
fcf9f9
040203
e4e9f1
d1d4da
ccd0d7
c9ccd4
c6cbd1
c9c9d0
c5cbd1
c7cad2
c7cbd2
c6cacf
c3c8ce
c4c8cf
c2c8ce
c0c6ce
c3c7cf
ccced3
c1c9d0
b2bdc6
adb8c0
a2b1ba
a3b3be
cccfd3
c5ccd1
ccd0d5
c3c9d0
b9c3ca
a2afbb
9faeb9
7d7b7b
42484f
cfe0ee
dce2eb
e1e4e8
c5cfd6
bac2ca
bac2cb
bbc5cf
c1cfdd
d2e4f0
daedfc
d2e6f6
cadff0
c5d8e9
bdd4e3
bccfe0
b9c7d4
bcc2cc
bdc6ce
c3c8d0
c6c9cf
caced1
cfd1d2
c2cbcf
b4bfc8
bcc3c9
c1c7cd
cdcfd3
05fdf9
f9f0f1
0bf0e8
ffebe8
fef9fa
130c08
080506
0a0506
f1fe04
eae7eb
d6d9df
c8cbd2
c2c6cb
c5c9ce
c6c9ce
c3c8cd
c6c9ce
c3c8cf
c0c6cd
caccd1
e6e5e5
d8dadd
c8ced4
ced1d6
ccd0d5
c1cbd3
b5c2cd
cbd1d5
cad1d6
cbcfd4
c9ccd3
bfc5cd
acb9c3
a3b1b9
a0afb9
7f7a7b
2a3441
ecf905
cfdcea
bbc5cc
c5cdd3
c5cdd4
c6ccd4
dbe1e8
151516
44403f
4d4948
4e4c4c
343a41
34373b
2c2f33
16181a
d7e3ea
b3c0ca
b5bec8
b3bdc7
b5bdc6
b3bec6
b3bec6
b6c0c6
b4bec7
b5bec7
bbc2cc
c4c7cd
d5d4d9
ece6e6
f1e9e8
e8e7e9
faf4f5
fcfbfd
060101
1b1919
2d221e
f9f7fb
cacfd6
b4bbc4
abb5bf
aab2bd
aab3bf
aab4bf
b5bac2
bfc3c8
c1c7cc
c2c5ce
c0c6cf
bfc8d0
c8ced5
cecfd5
d9dbde
f0eff1
dddfe4
d7dadd
cbcfd4
caced3
c1c7ce
b8c0c8
a2b1bd
a6b0ba
9faeb9
7f7d7c
212a36
fd0612
daedfb
c6cfd9
cbd4dc
c6ced5
c6ccd4
d6dde2
f4fa01
000812
fa030f
fc0410
eefe0b
eaf906
ddeaf8
bdc5d0
c0c7ce
c1c7cd
bac4cc
b5bfc8
b3bdc7
b8c2c9
bfc7cc
c5cbd2
c6ced8
b0bec9
b5bec7
bbc3ca
c4c8cf
c6ccd2
ced0d5
dadadd
e7e4e7
f8f4f4
0b0605
2b1d19
02fefe
bac3cd
a0b0bb
9dacb8
9dacb6
9cabb7
9aabb6
9facb8
a3b0ba
abb5bd
bcc0c5
c4c8ce
d2d1d4
cbccd2
d1d2d6
cdcfd4
e1dfe2
f0eded
d8dbdf
cfd4d8
c9cfd4
c1c9d0
b6c0c9
afbac4
a3b0ba
a1b1ba
a0aeb9
433535
fe0915
0b141f
fd0410
e7ebf1
e1e3ea
cfd6dd
c6cdd7
d2d8df
e4eff9
ebf803
eafa06
eaf806
e9f805
e5f604
daebf7
bbc4cf
bcc4cb
bbc3ca
bac2c9
b3bfc7
b4bfc5
bcc2ca
bec6cf
c8cdd3
d4d6db
bbc7d1
b1bdc8
b4bec7
bac1c8
c2c8cd
c5cbd0
c9ced3
d6d7da
e6e3e5
f7f3f5
e5e2e6
adb9c4
a1adba
98abb7
98aab6
9aaab4
98a9b5
94a9b4
99a8b3
9aa9b5
9eacb6
a4b1bc
bcc1c7
c7cfd4
bdc6cd
c7cdd2
cbd0d5
dedee3
dee1e5
d7d9e0
cdd0d5
c4c9d0
b8c0c9
b6bfc7
a1b2bd
a6b1ba
a1b0ba
9eafb9
e5f503
f9010d
101924
ebfd0d
e5f400
e4f1fe
dfecfa
dfecf7
d9e3ed
e3ecf6
e5f2fd
e6f400
e5f300
e1f300
e3f100
daebfa
b6c2cf
b4c0c7
b6bfc7
b4bdc5
b3bdc5
b7bfc7
bdc5cd
c6cad1
c5ccd2
c2cad0
c9d0d6
bac6cf
b3bfc7
b0bdc5
b5bdc5
bdc4ca
c1c9ce
c8cdd2
d2d4da
e3e2e5
b0bdcb
9daeba
9babb6
99a9b5
96a9b5
99a9b5
96aab5
97a8b4
92a8b3
8fa6b3
92a5b3
95a8b5
a2b0ba
cacdcf
cbd4d9
d5d7d9
d8dbdf
dedee1
d9dade
cbcfd5
c4c9cf
b9c1c8
b2bec7
adbac4
a2afbb
a7b3bd
a1b0bb
b1bbc2
e5f201
f9010b
07111e
e9f90c
e4f404
e0f303
e1f303
e1f202
dbe8f6
d9e4ec
dee9f6
e0ebf9
dceaf7
daeaf9
dcecfb
d9eaf8
b8c4d3
b3bdc5
b0bdc5
b1bdc4
b8c0c8
c5d1da
c7d5e1
c1cdd7
c3dcea
c8dbe9
dae6f1
d0dce8
becbd6
b6c3cd
b0bec7
b3bcc5
bac1c8
c2c8ce
c7cdd1
e6e1e2
dfe4e8
adbfcb
99b0bd
95abb7
96aab5
97a9b5
93a9b5
91a9b5
8fa8b5
90a8b4
91a6b3
91a7b3
9bacb7
bcc2c8
d9dadd
d9dcde
d7d9dd
d2d3d8
c9cdd4
c1c6cd
b5bfc7
b1bcc7
c9dae2
d4e4f0
e7f600
d9ebf8
b9cad9
c6dbea
e0f301
ecf804
fb020e
e6f909
e5f604
e1f503
e3f303
e2f303
d6e9f7
cfdce6
dfedf8
d7e6f4
d2e2ef
d3e2f1
d6e6f5
d9eaf9
bcd2e2
b6c9d8
b2c1cd
b7c1c9
ced5da
473830
473d3a
0c0b0b
7d6556
74675c
72655e
544f4a
252524
eff7fc
b8c9d3
b0bec7
afbbc3
b6bec6
bdc3cb
c4c9d0
d9d7da
dfdfe0
d4d8dd
becad2
abbecd
acc6e9
a5bfe8
a0bbde
9cb1c9
9eb1bd
a0b4bf
b0bdc6
bdc7d0
d2d4d9
d8d8dc
d0d3d7
c7ced4
c3c8cf
bdc2c9
b2bcc5
afbbc4
e1e4e7
645042
706158
7e6e66
665149
534541
766358
e4f403
e6f603
e8f602
ecfb08
eaf805
e8f806
e7f805
e9f807
e5f603
c7dcec
dce8f2
d3e5f2
cee2f0
d1e3f2
d4e6f5
d9eafa
1c2027
33404a
172c3a
031727
eff906
50423e
202126
040203
141116
1a1419
1d161b
141217
110f15
090a10
f1f6fe
b8cddb
b1bec6
acb9c2
afbac3
b7bfc7
bcc4c9
c4c8ce
c6cbd2
cccfd4
d2d7e1
f80034
f90346
f70142
d4dd00
d1d3d7
d2d4d8
cfd4d8
d1d2d7
cbced4
c7cbd1
c2c7cd
bbc1c9
b0bcc4
adb7c0
aabcc6
d3dde5
090504
1c1310
34251f
433227
271915
452e23
3f2318
dbe8f4
dfedf9
e0effe
dbe8f8
dae4ef
dbe8f4
dbe9f4
e5effa
edfb06
ebfb06
c4d6e4
d3e3f0
d6e8f4
dbecfa
deeefe
e3f400
010814
232428
353336
434345
4b4a4a
504748
0b0c12
0f0602
160e0e
1b1719
25201e
261a18
241b1a
281715
23150e
e3e6e8
b3c1c9
b2bec6
aebbc5
acb7c1
b0b9c1
b5bec5
bdc3ca
c3c8ce
c4cdd8
d9e312
dcea24
e0ea25
cad4f0
c4c9ce
c3c8ce
bfc5cd
bec5ca
b8c1c8
b5bdc5
b1bac3
aab7c1
a9b7c0
bcd0db
2d3032
676162
5d5d61
535757
514c4d
3b373b
26242b
1a181f
0f1118
d5e3f2
d9e7f5
e0f0ff
e9fc0b
e3f707
def202
d7ebfd
d7e7f7
e8f703
ddeffe
b3c3d0
c2ced8
ccd8e3
d6e2ec
dbe9f6
e0f0fe
e3f301
cbdcea
cbd8e6
d5dfeb
d9e2ed
e4eefa
e5eaf5
ece9ec
111112
3d3536
181212
fcf7f7
100300
d6d9df
c5c8cf
b6bec5
afbbc2
b1bcc3
b2bdc5
aebcc5
a9b8c1
a9b6c0
acb7c1
b0b8c3
b3becd
c1d0fe
c2d407
c5d305
b4c3db
b1bac3
b2bac4
adbac2
acb8c2
abb7c2
abb6c0
a9b6bf
b2bfc9
f2fbff
61504a
7f7e7d
7e7777
7f7a79
7f7e7e
7f7f7e
7f7e7d
7f7d7c
7f7e7c
7f7d79
1d2733
e7f909
e8f605
3e3b3c
38363a
302f31
33363a
12212e
edfc0a
c9d9e8
a6b8c3
b3c1cb
bacad5
bfccd8
beccd8
c7d3df
e1effc
030d14
fc0711
eaf903
d8e9f7
d2e1ee
e2ebf4
f0eef6
614940
362d2c
020105
e3e6eb
bac8d4
a1b4c1
9fb0bd
a2b3bd
9eb0ba
a2b0b9
a5b2bc
aebbc3
afbec6
adbbc4
adbac3
adb8c3
afbccf
bbcef9
bdcffe
bacdfd
abbbd2
acb8c1
aeb8c2
adb8c2
acb8c2
acb7c2
a6b3bd
a9b5bd
d4d3d3
2c1a11
675147
7a6f6a
7f7773
7f7c79
7f7e7c
7f7e7d
7f7c7c
7f7c79
7f7b7a
7e7575
3b3e44
e8fb0d
f2fd0a
4b4242
38393f
2d2e35
413c40
262e39
e8f706
bdcfde
a6b7c2
b1c1ca
bac8d4
bccbd8
b8c7d3
bfccd8
e6f1fe
292524
13151a
0b0c11
161719
e0eefd
150f0a
000000
f5f2f5
e4e5e9
fdf6fa
fbf5f4
f8f5f3
f8f5f3
f8f6f4
eaeff0
c6d4da
a5b3be
9fb0ba
aeb7bf
b2bdc2
b1bac2
afbbc2
aebac1
aebdcb
b6c7e5
b8c9e9
b7c8e9
a8b9ca
adb9c2
adb8c1
a4b3be
9faeb9
a2aeba
99abb6
97aab4
aeb6bd
d4d3d3
170c0a
56433d
464043
544540
625653
695a59
6b5f5c
695d59
645a59
5c5351
191f29
e7fa09
e9fa07
09111b
181a24
1d2026
29262d
091521
e6f909
c2d4e4
acbdc9
bacad5
cdddea
cfe1ee
cee2ef
d2e4f4
e7f502
121115
131318
111216
141316
d5e8f5
d7e8ee
c6d4dd
bdc5cd
d7d6d8
e9e4e6
c3cbd2
bec5cd
bac1c9
b7bfc8
b4bdc6
adb8c2
a2b2bc
a1b0bb
9eafb9
a1afba
a1afbb
a0b1bb
a2afba
a2afb9
a5b0bb
a1b1bc
9fb0bd
a0aeb8
a2b0b9
a1b0ba
a6b3bc
b6c2c8
ccd6d8
d0dde3
cddbe1
cad8de
d1dae0
03faf8
2f2421
54433a
1a181a
1f1a1d
251f21
393131
3c3332
3c3435
352f31
f5091c
ea0013
e7fc0f
f00112
efff10
eefd10
f40110
f0000d
f0000b
c8dded
aec0cd
bbc8d4
d0dfea
dbe9f8
deef00
e6f805
e3f504
e1f200
dfeffe
e4f200
e0edfb
d3e4f1
d2e4e9
bcd0db
b3bec8
b2bec6
b5c0c8
bbc3ca
bdc4c9
b9c2ca
afbdc5
a9b8c1
a9b6c1
a5b3be
a4b3bd
a1b3bd
a4b3bc
a6b4bd
a7b3bd
a4b1bd
a0b0ba
9dafbb
99adb9
9aadb8
97abb7
95abb7
98abb7
9eadb9
a7b2bc
b5bcc5
c3c5cd
cdcfd4
d8d7db
e0dde1
e9e6e7
0c0400
110d0e
070000
040102
150e0e
1a1211
221914
302928
2d292b
2c2c2f
363e43
313c45
2b3845
1f2e3e
172734
061220
fc0108
f7fd03
eaf1fc
dde5ef
d6e2ed
d3e1ec
d5e4f3
dceefc
e7fa09
e3f506
ddf1ff
ddf0fe
dbeefe
d9ebfa
d7eaf6
dceff6
d5e8f0
b1c2cf
adb9c3
b3bcc4
b1bcc4
b0bbc3
aebbc3
acb9c1
a9b8c1
a9b7c0
a8b5be
a7b6be
a6b5c0
a7b4be
a6b3bd
a5b2bd
a2b1bc
a1afbb
a1afba
a4b1bc
a5b1bc
a4b2bd
a5b3bc
a5b2bd
a6b3be
a9b6bf
acb6c0
aeb8c1
b4bcc5
bbc2ca
bfc5cb
c2c7cd
cecdd4
d6d6db
dad5d8
d7dade
fe0001
001524
071627
2b303a
2a272c
051226
000512
2a262a
3a3b43
3b444b
2d333d
2c2e37
191e27
181b24
1e232c
141c27
0b121d
000914
000711
0a0b14
1d1a1d
141318
00040c
070e17
10202b
081c2c
0d1b25
0b1416
fd0305
d0dce4
9fb3bf
a0b1bc
a2b1bc
9fb0bb
9eafbb
9eafba
9cafba
9daeba
97aeb8
9cadb8
9dadb8
9dacb8
9cadb7
9aadb7
9dadb8
a1afba
a2b1bc
a1b1bc
9fadb8
9eaeb9
a0aeb8
a0aeb9
a0b0b9
a5b0bb
a5b1bc
a8b4bd
abb4bf
aab6c0
acb7c0
b0b8c1
b3b8c3
afb9c1
a8b3be
b6c3cb
d9f4fc
0d4355
1d566b
194d60
011022
5a5b5b
5d5b5b
605c5a
5a5758
585758
5c5b5a
5c5a58
5e5b5a
585756
585555
625e5e
706a67
78736e
7d7776
7e7a79
7f7b7a
7f7c7a
7f7b7a
7f7b78
7d7876
7a7573
7a7472
726b69
64605e
5e5a58
575554
545352
51504f
4e4e4c
4c4b4b
454646
424142
414243
444546
414343
424140
403f40
3f3e40
3f3e3e
3b3b3c
38393a
353838
343537
38383a
635955
716e70
7f7672
7f7973
7f7a74
7f7a74
7f7a74
7f7973
7f7973
7f7973
716b6b
5a5752
413b3d
30302f
282929
252626
242324
212020
1d1e1d
1b1a1b
3c3a3a
3d3b3b
3e3b3c
3e3d3d
403d3b
403d3c
403d3b
373737
3b3a3a
444140
494442
4d4844
524d4a
57514d
5d5451
5e5653
5b5752
5a5351
544f4c
534f4b
57514d
534e4a
4d4946
484442
47413f
433f3d
403c3a
3f3a38
363534
333231
323332
373433
383534
343334
333132
303030
303030
302f2f
2d2d2c
282a2a
272829
2a2a2a
2c2d2c
2d2d2d
30302f
373433
3c3937
413b3b
433d3b
433e3c
423d3b
423e3c
463e3d
3f3a3a
373433
302c2b
272726
232323
1e1d1d
191919
171517
141517
161616
141516
f6020f
f6020f
f5030f
f70410
f40210
f60311
f50310
f5040f
f70411
f80713
fd0814
fe0a15
010d18
030e19
04101a
060f1c
05101b
040f1a
040d1a
030c1a
000b17
fe0914
fc0612
fa040f
f6010e
f5ff0c
f1fe09
edfb06
ecf903
effa05
effa04
edf903
eef904
edfa02
eef902
ecf802
eef800
eef800
eaf6ff
eff800
eff900
f1f901
f2fb01
f5fb01
f7fd03
f8fe04
fd0004
fd0107
fb0006
000308
01060a
04070a
030509
020408
000104
fcfd01
f7fbff
f3f6fd
f0f5f9
f0f5f8
f2f3f8
eff4f8
edf4f7
eff2f7
000b17
fe0c16
ff0a16
000d18
000c16
010e19
010e18
040f1a
030f1d
04121d
07111c
07121b
08131d
07131e
08131d
06111d
06121c
02101b
040e1b
010c19
000c18
fd0813
fa0511
f7020e
f5020c
f3ff0b
eefd09
eefc07
ebfa05
effb05
e9f803
e9f702
eaf703
e9f601
e8f602
e8f500
e8f500
e5f300
e4f400
e5f3ff
e5f400
e4f200
e1f1fd
e4f2fe
e4f2ff
e4f2fc
e7f3fc
e5f2fc
e6f2fc
e6f1fc
e6f0fc
e3eff9
e1edf8
dfebf6
dee8f5
dae6f1
d6e3ed
d3e1eb
d1dfea
ccdce8
ccdae6
c9d8e4
c9d8e3
c7d7e2
071520
08141f
06141f
0a1721
081621
0c1823
0a1824
0f1b26
0f1b27
101d28
131d29
121d29
121e28
101c27
111d27
0e1a24
0f1925
0b1724
091524
05131f
03131e
000f19
000d19
fe0a17
fe0b16
f90612
f70310
f7030f
f5010c
f7030e
f3010d
f4010c
f6020c
f3010c
f4020d
f5020e
f5030d
f5000b
f4000b
f3010a
f5020c
f0000b
f1fe08
f1fe08
f0fd08
f0fd06
effc04
effa02
edfb03
ecf801
ebf700
e9f3ff
e6f2fd
e5f0fa
dfedf7
deeaf6
dbe7f2
d7e6f0
d6e3ef
d2e0eb
cfdee9
ceddea
d6e1e8
e1e4e7
0f1c27
111d28
0f1d28
15202c
14202b
14232c
14232d
1a252f
1a2631
1c2733
1d2731
1a2731
1c2831
182530
182430
15222c
15212d
111e2a
111d29
0d1925
0c1a25
051420
081521
04111d
02121c
000d18
fd0c17
000d17
fb0914
ff0d16
fd0915
ff0c15
000c16
000c17
000c16
000c17
000e18
fd0d18
020c16
000b16
020e1a
fd0c16
fd0915
fd0914
f80713
f90610
f9030d
f5020b
f3020a
f0fe06
f1fd05
ebf904
e9f802
e7f400
e5f3fd
e2eefa
ddeaf7
dbe9f4
d9e6f2
d4e4f0
d4e1ec
dfe5ea
e2e1e2
dddedd
14222c
17222e
16222d
1b2631
182632
1d2934
1e2a34
1f2c38
212d38
242f3a
232f3a
232f3b
252f39
222d37
212b35
1a2834
1a2834
16232e
14232e
121f2b
111e2b
0b1a27
0b1b27
081722
0a1722
051420
03121f
06131f
030f1c
08141f
03111c
06141c
08131c
08141e
0a151e
09151e
0c1823
091824
0c1823
0a1825
0b1a26
081722
051520
05151e
03121e
02111d
fd0e19
fe0c15
fb0913
f8030f
f5040f
f3000c
f1fe09
ecfb06
e8f903
e7f500
e0f0fd
dfeffa
dcedf8
d8eaf6
e0e6ee
d7d7da
d5d6d7
d2d3d5
112231
142331
122332
182634
182836
1d2a39
1d2b3a
1e2d3a
1d2d3a
1e2f3c
1f313c
20303d
202f3e
1e2e3c
1b2c39
162939
152736
112431
0f2231
0d2030
0d1d2d
081b2a
061828
041726
041727
031423
031422
021321
021321
051421
031320
061420
061421
071723
0b1925
0b1925
33363f
181b22
0a0905
0c0807
0d0b09
0b0a08
0b0b09
0d0b09
0d0c08
0d0b09
0d0b0a
0a0b09
0c0b0a
080a09
090a09
080909
070806
070806
060806
040605
020504
020402
000402
000200
dae0e5
c4cacf
c4c8cc
bcc3ca
212e3a
212e3a
1f2d39
25323e
24303c
29343f
2a353f
25313a
262f36
2b353c
2d3942
2c3944
2f3b47
2c3a45
293942
243440
24333f
1f2f3d
1e2e3a
1b2a38
1c2b3a
152735
112332
10202e
12212e
0e1d2b
0b1b29
0d1d2a
0c1b29
0e1d29
0c1c28
0e1d28
0f1d29
101f2a
11202b
13202b
4e4b47
fb040d
dbdee2
d3d8dd
d2d5da
d3d5d9
d4d6d9
d3d5da
d1d5d8
d6d5da
d5d7dd
d8dadd
dadce1
dad9dd
d5d7da
d5d8db
d5d9db
d7d8db
d6d9dc
d7dadd
dadcdd
dadbdd
dededf
e0e0e1
c4cccf
bdc3c9
b9c1c6
b4bec4
283540
283641
263341
2b3a45
2c3844
2c3842
253138
4a4e51
545b5f
434c53
2b343d
343f49
36414b
34404b
32404a
2c3c48
2c3b47
283744
273745
23333f
263541
1f2e3c
1b2c38
1a2a36
1d2b37
172633
152430
172632
15232f
172530
17242f
192631
1b2530
1a2732
19262e
1d262d
4d4945
fc0611
e0dfe3
e1e3e9
d7dadf
d5d5d8
d1d5d7
d1d5d8
d1d5d8
d2d5d9
d9dadc
d8d9de
dbdce3
d9d9df
d5d8dd
d9d9de
dad8df
d5d6da
d5d7da
d6d7da
d7d9db
d8d9dc
dbddde
d6d8da
bac2c8
b9bfc6
b6bec4
b3bbc1
2b3a47
2e3a47
2c3946
313d48
2f3c48
202a37
6c635d
7f7f7e
7f7f7f
7f7f7e
5d5f65
2e3741
3a444e
36444f
38444f
323f4c
323e4b
2d3c49
2b3d48
273745
283944
213340
22323d
1f303d
20303d
1e2c39
182937
1a2a35
182734
1c2a36
1b2935
1c2b36
1f2a34
1d262f
0c121a
182227
4a4941
172333
121c2c
091325
f2ff12
e3ef00
dfecfc
dae4f3
d4dce6
d4d6dc
d7dadd
d5dadf
d6d7dc
d3d5da
d3d5d9
d2d5da
d3d6d9
d3d5d8
d3d6d9
d1d6d9
d4d7d9
d7d8da
d9d8db
c6cbcf
b4bdc3
b5bcc2
b4bac1
b2bdc8
334251
32414e
323f4c
34414f
333f49
313137
7f7b79
7f7f7f
7f7f7e
7f7f7f
7f7e7d
364049
3a4650
394753
394752
344350
34424e
303f4d
2f3e4b
2a3b49
2b3b49
233544
283544
223340
243540
20313e
1c2d3b
202e3a
1d2c37
212e39
1f2b37
1d2730
1a252c
1d292a
ff0a0a
243321
434b42
424859
3c4054
484a59
585864
585e68
5b5f6c
59606a
445360
18283d
ebfd0f
d9e3ee
d1d8dc
d0d5d9
d1d4d9
d0d4d7
d2d4d8
d1d5d9
d2d6d9
d3d6d9
d4d6da
d6d7da
d4d6da
bac4cb
abb7c1
a9b5be
adb9c4
dbe3f1
7c7778
737376
6b6e74
686d74
606a72
60646c
7f7e7e
7f7f7f
7f7e7e
7f7f7f
7f7f7f
4f545d
3d4752
3c4954
3c4954
384753
374553
324351
314150
2f3f4c
303e4d
283745
2a3a46
263643
283845
223340
21313f
23313e
212f3a
24303c
1e2a35
202c2e
223227
26371e
28332a
444651
414457
283146
081026
070d1e
141b28
292f3c
2d3244
3d4153
60626d
7a797c
737779
45535e
0a1b2c
e5f100
d7dce5
d7d8db
d7d8db
d6d7db
d6d8da
d6d9da
d7d9db
d8dadd
d6d8db
c4c8d0
bacddb
abbccb
b5c5d0
d1e0f4
7f7f7f
7f7f7f
7f7f7f
7f7f7f
7f7f7f
7f7f7f
7f7f7f
7f7f7f
7f7f7f
7f7f7f
7f7f7f
767577
3d4c58
3d4a57
3a4955
374754
384653
34424e
33404e
2f3f4d
303f4d
283a47
2b3c48
273845
2d3a46
223343
283a48
2b3d4e
232d38
1c2226
111416
0d0e05
0603fd
fcf9f2
f3f2f3
0d1118
141925
f5fc0d
cfd9e8
cbd1db
d1d8e2
f1f5fc
0b101e
262838
3a3d49
4c4c57
636167
6d6d72
757679
676d71
314351
f80a1d
dbeafd
d5ddea
d2d7de
d2d5da
d9dadd
d9d8da
c2c8cd
becbd7
e4f201
bad0e3
dae8f5
f80615
7f7f7f
7f7f7f
7f7f7f
7f7f7f
7f7f7f
7f7f7f
7f7f7f
7f7f7f
7f7f7f
7f7f7f
7f7f7f
777778
404e5c
3d4c59
3b4956
364553
354650
31434f
33414e
31414f
32424f
2b3a4b
2c3d4a
2a3a46
2b3b47
24323e
554d45
463e3a
010104
eeecef
e6e3e6
dfdfdf
d7d6da
c2c7cd
b7bfc8
b7bfc8
bcc3cd
b9bfc9
babfc5
c6c8cc
c8cbd1
c3cbd4
d3dce2
f2f3fb
070a10
161921
22222c
2d2f37
3b3f49
595962
717276
78797b
6d6f72
535d64
31414f
0e1f2f
effe0e
c1d4e4
adbbc7
c1d1db
f2ff0f
ddf205
fe0814
2f2b2c
7f7e7d
7f7f7f
7f7f7f
7f7f7f
7f7f7f
7f7f7f
7f7f7f
7f7f7f
7f7f7f
7f7f7f
7f7f7f
757778
41505d
3e4d5b
3c4a59
374653
364753
354554
314251
314251
334252
2c3d4c
2e3c49
293844
222b32
00070d
f1f2f6
e5e5e8
d9dbde
ced3d8
cccfd5
c7ccd1
c2c8cf
bdc3ca
bbc2c9
b4bec5
b0bac3
afb9c2
afb9c1
b4bbc3
c7c8cc
d5d4d7
d9dbdd
d5dade
d3d9e1
e0e6ee
f5fa00
000810
07111c
1b202c
30353f
42464d
494b55
4a4e57
5a5d62
676b70
686d73
4c5a64
10293c
f1071f
f0031d
f30315
030a16
000a14
5b4e49
7f7a73
7f7f7f
7f7f7f
7f7f7f
7f7f7f
7f7f7f
7f7f7f
7f7f7f
7f7f7f
7f7f7f
747678
3f505c
3e4e5a
3c4a57
384756
364653
344654
314251
304251
324452
2d3e4d
29363e
0c1319
f4f5f9
e4e5e7
cfd6da
ccced4
c7cdd1
c9ced3
c6ccd1
c4c9cf
c3c8ce
c0c6cb
c2c7cd
bfc4cb
b5bfc7
b0b8c0
aab4be
aab3bd
afb9c1
bec4ca
cdced2
d9d9da
e0e1e2
e9f5ff
f10f24
e9fe14
f2000c
f60211
fc0513
020916
08101d
0c1520
131b27
1d2730
2d343f
424754
595d66
636973
4d5c6b
263c52
001731
def812
463c3b
7f7b76
7f7f7f
7f7f7f
7f7f7f
7f7f7f
7f7f7f
7f7f7f
7f7f7f
7f7f7f
7f7f7f
737578
3c4e5c
3d4c59
3a4856
374754
364553
344754
314351
304151
344352
24303d
fd0209
eeeef0
d7dbe0
c8ccd3
bec4cc
b8c2ca
bfc7cc
c6cdd1
c4cacf
bfc5cc
bdc3c9
b9c2c9
bcc3ca
c0c5cb
afb8c2
a4b1bc
a7b4c3
adbbca
acb8c5
adb7c1
b6bec4
c0c7cc
dfeff8
254c5a
517b7e
255767
e2fe1a
e6f402
e3f202
e8f302
ebf804
f2fe09
f9010d
fe0612
020c19
0e1827
212836
353d4a
4d525f
636a71
6b7279
5c6871
726e74
7f7d7e
7f7f7f
7f7f7f
7f7f7f
7f7f7f
7f7f7f
7f7f7f
7f7f7f
7f7f7f
7f7f7f
717577
3f4e5b
3e4c59
364757
374755
344551
344654
314451
304454
385466
1a4156
e7f503
d1d6db
c4cad1
b9c1ca
b1bdc6
b1c1ca
b5c0ca
c1c8ce
cdd5d7
c0cad2
bcc2ca
b9c1c9
bcc3c9
b3bcc4
a8b6c1
b5c5d3
cfd7ea
d5ddec
c3d0dd
a5b4c2
a8b4be
bac8d2
fd212d
1e4e62
336777
4e6d6d
05293a
deeffe
e1edfd
e1edfa
e4effc
e8f3fd
ecf702
f1fc08
f7010c
fe0714
050f1c
101a26
202735
333b48
444c59
565c68
7f7f7f
7f7f7f
7f7f7f
7f7f7f
7f7f7f
7f7f7f
7f7f7f
7f7f7f
7f7f7f
7f7f7f
7f7f7f
717477
3d4d5b
3c4a58
374754
374655
324252
334554
304351
355466
406f7d
336375
012d43
c4d8ea
b7c0c8
b3c3ce
e6f4fc
3d4549
0e222d
bfcbd6
c7cbcf
bec7ce
bec7cf
bbc3c9
bac1c8
afbbc4
beccd5
d4dee9
dae4f5
cdd9ec
bdcde1
b5c6d9
b1c1d2
c0d6e1
f11626
043347
032431
f3f9fd
1d1b16
e2effb
e5f1fc
e3f0fe
e1edfa
e0edf9
e4f2fc
eaf701
effb05
f5ff0b
fa030f
ff0715
040e1b
0e1724
18232f
252f3d
7f7f7f
7f7f7f
7f7f7f
7f7f7f
7f7f7f
7f7f7f
7f7f7f
7f7f7f
7f7f7f
7f7f7f
7f7f7f
6e7377
394b5b
384958
324655
314554
2f4252
2e4352
1e2d3a
233b40
2f5c69
15465e
fc253b
d5f90c
c7d9e7
393938
78716c
7f7f7f
7c7876
d6eafb
bcc5cc
cccdd2
cfd7da
bcc3cb
bbc3ca
b5c4ce
c7dded
cee1f4
cdd8e7
dce7f5
dde6f6
d3deef
c3d3e3
bfd0e1
d1effe
e20310
c6d4de
d1d5d8
faf5f2
f90002
d8e3ef
e2eaf6
e6f0fb
e8f2fc
edf5ff
eff802
f2fe07
f4fe0a
f3000b
f8010e
f90411
ff0714
040c19
0a1320
7f7f7f
7f7f7f
7f7f7f
7f7f7f
7f7f7f
7f7f7f
7f7f7f
7f7f7f
7f7f7f
7f7f7f
7f7f7f
7a7b7c
57646b
55636b
51616b
52616b
546169
394248
f5fc03
070002
ecff04
ff222e
e80d21
e9071a
2e3c44
4f5a63
69696d
7f7f7f
7f7f7f
fb0413
c4c9d0
bdc4cc
bac4cc
e8ecea
bec8ce
eee8e8
7b685b
54514f
c7d7e5
d6deeb
cfdbe9
c6d5e8
c9d8ed
c4d4e7
b9ccdf
b6cddb
b5bcc4
cdcfd3
dadce0
03fbf7
dbe2eb
d9e0e9
d4dfe9
d8e4ef
e2ecf7
ecf3fc
f2fa01
f70008
f9030d
fb0510
f7020e
f7020e
fa0312
fd0713
7f7f7f
7f7f7f
7f7f7f
7f7f7f
7f7f7f
7f7f7f
7f7f7f
7f7f7f
7f7f7f
7f7f7f
7f7f7f
6b6b70
65605c
7f7c79
7f7c79
7f7e7d
747877
020e16
0b0201
d8e1e8
cdd3d9
cfe4ec
e70615
414b51
6e7578
697278
74777a
7f7f7f
7f7f7f
040d18
c5ccd3
c7cbd0
c7cbd2
d2d4d7
c1c9d0
d9d9db
190c05
f9f7f8
c1c8cf
bfc9d2
d9e1e9
e4ebfc
d9e6f8
cedbec
cbd6e2
c6d0db
aebac5
bfc5cb
dcdcdd
e5e2e3
e7e9eb
c9d0d7
c9cdd3
ccd2d7
d1dae1
d8e3ec
e0ebf5
e8f3fd
f3fa04
fa010c
fa0510
fb0510
fa0410
fc0510
7f7f7f
7f7f7f
7f7f7f
7f7f7f
7f7f7f
7f7f7f
7f7f7f
7f7f7f
7f7f7f
7f7f7f
7f7f7f
4a535d
06050b
5f6164
5d606c
6c6c6e
3f4649
edf0f5
f1f2f4
ced4d8
c0c8cf
c4d3dc
344043
5e686d
645f60
606565
73767a
7f7f7f
7f7d7b
f2fe0a
c8cfd5
cdd1d7
d2dee7
e1f1fe
fe0712
fd0713
030a13
fafd05
afbac6
b0bbc4
c9d1da
d2ddea
ced8e7
caced7
c1c8cf
c3c7ce
b9c3c9
b4bfc4
dadbdb
d4d9de
ebebeb
d5dce2
cbd0d4
cdd0d4
cdd0d5
d1d6db
ced8e1
d4e0e8
dfe9f3
e8f0fb
eef701
f3fd08
f8000b
f9030e
7f7f7f
7f7f7f
7f7f7f
7f7f7f
7f7f7f
7f7f7f
7f7f7f
7f7f7f
7f7f7f
7f7f7f
7f7f7f
45505a
dce2ec
6d6460
73787b
5c5f63
f5010a
fcf8f6
d4d9df
c8cdd3
b8c4cd
191f1f
657174
58656b
464b4d
595a58
73757a
7f7e7f
645d5c
d7e1ea
d4dde3
090f15
665c57
7f786f
7f786f
7f7568
716b62
4f5350
e8fd0f
b8c0ce
c0c5cc
c4c9cf
bfc6ce
bec4ca
c0c5ca
bfc6cd
c2c8ce
b6c1c8
d0d4d5
d8dee0
e0dfe0
e6e7eb
cdd0d5
cfd0d4
cdd1d3
cdd0d3
bcc4cb
b0bcc3
c7ced4
d2dde4
dde5f0
e1edf9
eaf2fe
edf701
7f7f7f
7f7f7f
7f7f7f
7f7f7f
7f7f7f
7f7f7f
7f7f7f
7f7f7f
7f7f7f
7f7f7f
7f7f7f
424f58
cfd6df
5a504e
7b7b7d
2c313c
dee5ec
f2f3f3
d0d8dc
c1cbd5
d9e2e8
616561
667479
566369
5e656a
5f676a
6d6f73
70675e
ff0307
dee4eb
504742
7f7874
50473d
0e0a0a
332e29
f3f5fc
20110d
715f50
7a7676
ff0e1f
bdc6cf
bac2c8
bdc2c8
bcc3c8
bcc3c8
bec5ca
c1c7cb
c5ccd1
d0d1d3
f1ebe9
eae3e3
ececed
c8d1d7
c5cbd0
c7cbd0
c5ccd3
b2bfca
a8b7c1
a8b5be
b0b8c2
c2cad2
d3dce3
d7e3ee
ddeaf5
7f7f7f
7f7f7f
7f7f7f
7f7f7f
7f7f7f
7f7f7f
7f7f7f
7f7f7f
7f7f7f
7f7f7f
7f7f7f
414d58
cbd4e1
575151
797a7c
000b1a
e5e4e7
e5e8eb
d8d9db
dfe1e1
0e0b04
56554c
5e605a
4d5352
595955
434640
1b1b1b
fcff00
d8dde4
423933
7f7a77
302d2e
f1f6fa
080b0c
453326
0e0e0b
fefd03
0f0605
766a5c
6c6a6b
d1e2f2
bdc3cd
bcc0c7
bac1c7
bbc2c7
bec3c8
c0c6cb
e0d9d9
04e7dc
2400f2
20fbeb
16fcf0
181207
151b0d
272819
332e30
3e4642
010f10
becacf
a0b0bb
a0b0bb
b0b8c0
bfc7ce
cedae1
7f7f7f
7f7f7f
7f7f7f
7f7f7f
7f7f7f
7f7f7f
7f7f7f
7f7f7f
7f7f7f
7f7f7f
7f7f7f
404e5a
eaf3ff
78706d
757678
eef908
eae8ea
dbe2e6
ced1d7
c9d1d4
c7ced4
cfd3d9
dadde2
d9dfe2
d2d8de
cbd1d7
cbd0d7
dcdcdf
edf0f3
7f746b
4e4a4b
e8edf2
483a35
362924
080305
dcd4dc
2f1a12
fe0611
47382e
7f776f
f2fe0a
c4cbd2
bac4cb
bac0c7
b8c0c5
bbc0c6
bdc4c8
e9dad7
0aeadd
2400f0
1df6e7
19f6e8
220ef9
6b542a
76663c
6f5b4d
796b58
3f3927
dae4dc
9eb2be
a1afb9
a1b0ba
a7b3bc
abb8c0
7f7f7f
7f7f7f
7f7f7f
7f7f7f
7f7f7f
7f7f7f
7f7f7f
7f7f7f
7f7f7f
7f7f7f
7f7f7f
4c5b67
232736
787375
717377
eaf806
ebe9e7
d7dde3
cad1d7
cacfd4
c0c8ce
b9c0c8
bdc5cc
b9c2ca
b5c2c9
c1c8ce
d3d6db
dde0e4
160e05
797473
2b2e35
2d2424
322421
f2e5e8
33241b
d2cbd4
271408
6f6763
61544a
6e6861
191012
1afae8
1af9e8
e0dad7
b8bec7
b7c0c8
bdc3c9
e0d4d3
f7e3dd
fcebe8
f0dad7
fbded6
0bfae7
382809
39290b
392a1e
564533
fe0301
d3e0da
b6c4ca
9daeb9
a2afb9
a5b3bb
a4b2bb
7f7f7f
7f7f7f
7f7f7f
7f7f7f
7f7f7f
7f7f7f
7f7f7f
7f7f7f
7f7f7f
7f7f7f
7f7f7f
44515a
eff0f7
3d2d27
665d57
edf800
e8e8e7
d5dbe0
c9cfd5
c5ccd2
bcc5cc
b9c2c9
b8c2ca
bcc4ca
d0cfd3
c5d0d6
d4d4d7
d0d5da
22140a
7f7d79
272d33
2f2418
f7fa04
ebd7d9
27160b
d9cfd8
45352a
4e4746
595049
736861
01fafd
31ffe7
3704ec
f7e4dc
b5bfc5
b4bec4
b7bec5
c8c9ce
e7e6e3
dae0e6
c5c9ce
bfc3ca
f3ebdf
01fceb
02fcec
04fff1
1108f7
f2f6ec
e8e6db
b3bec3
9badb8
a1b0b9
a7b2bb
a7b1ba
7f7f7f
7f7f7f
7f7f7f
7f7f7f
7f7f7f
7f7f7f
7f7f7f
7f7f7f
7f7f7f
7f7f7f
7f7f7f
3b4852
cbd0d8
ccd0d4
e0e1e5
d1d9de
e7e3e4
d1d8de
c8cdd3
c3c8cd
bcc3cc
bec5cb
bfc6cb
bcc6ca
bec6cd
c4cad0
d2d4d8
e4e7e8
04fcf8
7f7467
4e555c
0a060a
312721
0a060b
16121a
3d2b2a
5b4e44
383535
7e7066
423c38
dbe1e6
0de8db
22f4e0
f3e3db
b1bbc5
aeb8bf
afb9c1
c0c8cd
f9f5f3
cad4db
c0c6cd
b3bec5
cbcece
c2c8c9
c9ccca
eee6d7
02f3df
ddddd5
acbbc1
9cadb7
9aacb6
a4b2ba
a5b2bb
a3b1ba
7f7f7f
7f7f7f
7f7e7e
7f7f7e
7f7f7f
7f7f7f
7f7f7f
7f7f7f
7f7f7f
7f7f7f
7f7f7f
39464e
c5cdd4
c2cace
d0d4d6
cbd3d6
dedde0
d2d9e0
c5ccd4
aebac4
aab7c1
aebbc4
b3bec5
b5bfc8
b7c0c7
bdc5ca
d3d4d4
d0d6d9
e5e3e4
4f3a29
7f7c73
3a4346
ff030b
241815
686058
272828
312d2d
776458
5e4e49
f0f4fb
d8dce1
cccbcf
d2d1d2
dbd8d9
c0cbd5
a9b5be
afbbc2
cdd2d7
fbf8f7
bec8d0
bac4ca
b2bdc3
abb7c1
abb5bf
a6b2bc
a5b1b9
bcbcbe
a2b2b8
99abb4
98a9b4
9bacb8
a3b2bb
a4b1bb
a3b1ba
7f7b78
7f7f7f
5e6163
4c3e3a
4b4038
42352b
47392e
4d3f35
55483d
5b5044
64574a
1d2120
c1cbd0
c1c9ce
cacdd2
cacfd5
d3d5da
d7dce0
e4e4e5
b6c6d2
c9dfea
d4edfb
d1e8f9
c0d7e7
b3c8d8
aebbc7
b6bfc7
ced2d4
e1e2e3
f4eff0
4b3627
584c46
6a5f56
575652
6e6760
6f6056
584f4a
47372f
dbe3e8
bfc8cf
d8dbdf
b5c2ca
c0c6c9
ced1d6
dbdee2
adbdca
bec4ca
edefee
dfe4ea
c2c8cf
b2bfc6
b2bcc5
a8b5c0
aeb9c1
9fafba
9bacb6
96abb5
99abb4
92a9b4
92a8b4
99adb6
a7b3bc
a5b2bc
a5b3bb
766e6e
7f7e7d
5c686e
323d43
15202a
d1deec
c6ccd1
c7ccd2
c9cdd4
c7ccd2
c8ccd3
c4c9d0
c2c8ce
bfc5cd
c0c8cd
c8cdd3
cccfd5
dcdddf
f2edec
e4ebf4
45443a
525756
515c5d
303d43
fe0509
bfc9d1
b9c6ce
bcc6ce
e5e6e4
efefee
eeeef0
130703
33231b
45352a
47362c
2f2620
fdf9fa
bcc6d1
a3b4be
acb9c3
cfd2d6
b0bec8
aeb7bf
c8cbd1
f8f4f4
ccd4df
d2d9dd
04fbfa
c5ced4
c2c8ce
b0bfc7
e5f1f4
f00007
c9d8e4
9daeb8
95abb5
97abb5
94aab4
90a8b3
91a6b3
9dacb7
a7b4bd
a5b2bc
a3b2ba
666468
7a726f
767a7b
6d7377
717273
06151e
bcc6ce
c4cbd3
c6d5de
bfcad5
c9d0d8
ccd9e1
bfc7d2
bccbd6
bac3cd
c5c9d0
c6cbd2
d6d8da
e4e4e6
070504
f5f7fc
e9edf2
201c16
f9050b
b7c7d2
bec9d1
bec8d0
c8d0d5
e0e0e0
f5f4f5
fdf9f9
f9f8f8
ecf0f2
f2f2f3
030000
f9f8f7
b5c2cc
a3b3be
9fb1bb
a3b2bd
b8c1c8
a2b4be
a0aeb9
b5bdc3
e1e3e6
dde700
fefc04
d2dbe3
c4cad1
b7c1c8
d0d9dc
3b3933
44413f
cfe0ec
98acb5
95aab5
99aab4
95a9b3
95a8b2
90a7b3
9faeb6
a7b3ba
a3b0ba
a0b0b9
727377
736f70
737273
706f6e
706d6d
e1f1fe
bfd0d9
ef0515
f51d26
d9f400
dee3e8
f7fafa
10100d
3b2a20
e6f1f6
c4cdd3
c1c9ce
caced4
dde2ed
070522
f20023
dde4f7
d5d9dd
dedfe0
e1dfe0
e1dfe0
d9d9da
b1bec7
e6e5e3
f6f6f8
f8f8f8
f6f6f8
f5f2f1
f6f5f2
16110e
ccd7de
acbac4
9fb0bb
9baeb8
9badb7
9fafb9
96aab6
9bacb8
b5bec7
d4ddfc
f5fe38
f2fc2e
cbd3ed
bcc3cc
b0bfc8
0d1210
373a3a
0d0d0d
a5bbc6
97abb6
96a9b5
97a9b4
94a9b3
92a8b4
94a7b3
9fadb6
97abb4
9dacb5
9fadb6
685d52
7f7976
7f7e7d
7f7a75
48413b
d7e1e6
d0d3d7
dbe5e9
d8e3e7
ced8db
cbd0d2
d1d3d7
d4d6db
cdd0d6
c1c8d0
b9c2cb
bac2cb
c3ccdd
e6ed17
fa033f
0a114b
e4f227
b7c4d7
b2bcc5
b2bdc5
b3bcc4
b3bcc4
b1bcc3
e9e7e5
eaebed
ecebed
01feff
e5ebef
dfe4e9
f0f0f2
bec8d0
a7b7c1
9aadb8
96aab6
98aab5
94a9b4
94abb5
9aacb9
c4cde1
ebf82d
f5ff3b
dbea25
cdda09
aebed4
e8f0ef
716459
282829
b3c1cb
99acb7
98abb7
94aab5
95aab5
93a9b4
92a8b4
93a9b4
9cacb7
96abb6
97abb4
96adb6
2f2017
76706f
7f7d7b
535353
c2d0db
bbc3ca
b5c1c7
b8c0c8
b7c1c8
b7c0c8
b7c0c7
b4c0c8
b5c1c7
b5c0c7
b4bfc6
b3bec6
b4c0cb
c4d2f6
d5e51d
f0fa30
f4ff33
f8fb1c
cbd9ec
afbec8
b3bec5
b6c1c9
bcc6cc
b6c1ca
e3e0de
dadde1
dfe2e7
dfe0e1
ece8e7
f6f2f1
ccd4db
b6c0c7
95acb6
93a8b4
91a8b4
90a8b2
93a8b5
94abb5
acbcc4
d7dae0
e4e6fc
dbe616
cedc10
bdcf00
bdd1f2
21211e
1f221a
d3dbdc
9fb0bb
98acb7
98abb6
98abb6
97aab6
97adb8
9db4c0
b0c2ce
cbdce4
eefa00
e3f3fd
d4e4ee
22140e
7d7671
7f7d7b
3d4246
ccd9e3
c6d0da
b5c0c8
bec6ce
c0c7cf
c1cbd2
ccd7e1
e1e9ee
d0dbe1
bcc4cc
bcc3ca
b7c2ca
b4bfca
c2d0f1
cbdc0f
d0dd07
d0d6e6
dbdce2
e1e3e5
d3d9dd
bdc7d0
bec5ca
c0c8cd
c8cfd5
d9d9dd
d8d7d9
e5e3e3
d7dadc
dedfe0
d9dadd
bcc8cd
9bb1ba
8ea8b3
8ba7b3
8ea7b3
8da8b3
97afba
b8c5cc
dddcdd
d8d9db
c0c7cf
bec7da
bbccf7
b6cbf9
eef204
3b3837
031012
b7c4cb
a1b0ba
9dadb8
9badb7
9cb3be
bccad3
0200fd
29201a
504238
66564b
7d6f65
5e4b40
664e41
170d07
7d7570
68605d
13191c
cdd5dc
b8c3cb
bbc5cc
ccd5db
c6cfd5
d7dbde
eaf1f7
c7d2da
bdc6ce
bbc3ca
b9c4ca
b8c2c8
b1bdc5
b8c2d1
c1d2ee
b6c5d9
c0c6cc
d1d4d6
dbdcde
d9dde0
d5d9dd
c7cfd5
cdd2d7
d9dbdf
c9d2d8
c7ccd2
c5cad1
cfd3d5
cad1d3
bfc8cd
bdc6cd
97adb8
92a8b3
91a9b3
92a9b3
9eafba
ccd2d3
ddddde
cbd0d5
bfc6cd
b4bdc6
a7b5c0
b1c2da
dbed03
f4f9ff
272725
202128
b7c5d0
a6b4bf
adbdc6
cdd6db
03fff9
1f140b
100c09
190f0d
322017
442f22
443429
25150f
2a1810
070711
605751
14212b
e1ecf7
b4c1cb
b3bec6
c2cace
e0e3e5
c5ced6
c6ced6
e0e9ef
bac5ce
bac1c8
b8c1c8
b9c1c7
b4bec5
b1bcc4
b0bcc4
b6c2d0
b3bfcb
b3bec6
bcc3c9
c7cdd0
d4d7da
dadade
d7dbe0
d6dadf
d8dce0
d7dadd
d3d7dc
cdd4d9
ccd4d9
cbd3d9
cfd3d9
d0d4d8
b1c1cb
94adba
99aeba
a9b7c1
c9cdd1
d1d4d7
c2c9ce
bac1c7
b0bbc2
a7b6bf
a7bcc5
feff00
584c3f
443d36
695d52
444a53
1a2129
20272d
403a39
575651
5d5a57
524846
473d3c
453c3b
483f3b
4b413e
453d3d
343033
393233
ef0010
383f43
192833
f30009
b7c7d4
b3bec5
cad0d4
dae0e5
bec9d0
bec7cf
e5ebee
bac8d3
b5bfc6
b6bec4
b1bdc5
b1bcc4
b2bcc3
afbbc4
b0bbc3
b1bcc4
b0bec7
b1bec6
b5c0c7
bfc6ca
c9cdd1
d2d5d8
d8dbdc
d9ddde
d9dcdf
dcdde1
d9dee2
e9e8ea
ebebeb
dcdde0
d2d4d8
c6ccd0
bdc5cb
c1c5cb
bfc6cb
bbc3c9
b6bfc4
b1bbc2
a9b6bf
a7b4be
b1c4cd
170f09
604c3f
6a584c
7f746b
7f7e78
7f7e7c
7f7e7c
7f7f7c
7f7d7a
7f7e7e
7f7f7f
7f7f7f
7f7f7e
7f7f7e
7f7f7f
7f7f7f
7f7f7e
7f7f7d
7f7f7d
edf904
0f1418
081119
041019
d0e3f2
c1d0dd
d0dbe5
d4e2ed
c9d8e2
c0cdda
dee4e8
c1cfda
b0bdc6
b1bdc4
b1bcc5
b2bcc4
afbcc3
afbbc4
aebbc4
aeb9c3
b0bbc3
b4c2c8
b3bfc9
b3bec6
b4bfc8
b9c2c9
bfc5cb
c8cbd0
ccd0d4
d3d4d7
d7d7db
d7d8da
d2d4d7
cacdd2
c5c9cf
bfc4ca
b8c1c8
adbac2
abb7c0
a9b4be
a6b4bd
a8b6bf
a8b5bf
a7b5be
fef6ef
231712
2b1e16
332a24
715e56
796b64
7a6a62
7b6d66
7b6d63
7e7369
7f726d
7f7a71
7f7e7d
7f7a7a
7f7d7d
7f7f7f
7f7f7f
7f7e7e
7f7e7d
7f7e7c
def0fd
e0f1fe
f6fe07
061018
ecfd0a
e0f0fd
ddeffc
def0fe
dceefb
d2e1f0
ced6de
cbdae4
b1c1ca
b0c0ca
b7c4d0
e7f3f9
cee0ee
afbeca
afbbc3
afbac3
b2bec5
bfc6cd
dbe2e6
bbced9
b3c0cb
b2bdc8
b1bec7
b0bec6
b5bfc7
b6c0c7
b5bfc7
b6bfc7
b7c0c6
b1bec6
b2bdc4
afbbc3
aab7c0
a7b4be
a6b4be
a4b4be
aab5bf
a6b6be
aab8c0
a8b3bd
f0e9e4
0d0703
20150f
402e21
68503f
6e594a
6e5e50
725f55
726258
76635b
7e6e64
7f756c
7f7974
7d736d
79726c
7b7471
79736f
76716c
726b66
6b645f
ddeefc
def0fe
edf804
000811
ecfd09
e0f200
e0f0fe
ddf0fe
ddf0fd
d7eaf7
dae3ef
e7f502
04121c
091926
12212e
545254
464b53
dbf102
b0bdc8
b1bdc4
bfc7cd
c1d0d9
0f0605
1d1916
deecf5
becdd9
b0bfc8
b1bfc7
b0bec6
afbdc7
afbdc5
afbbc5
b0bbc5
abbac4
adbac2
a9b8c0
a8b5bf
a8b6bf
a7b5bf
a4b3bc
9cafba
a4b2bc
a8b3bc
9baeb8
c0c4c9
c2c5cc
bac0c8
bcc0ca
c9cad0
f2ebea
392e26
423e3e
46362e
534239
675448
685449
5b4f46
473f3b
423a35
3f3735
3a3533
463f3c
423936
3e342f
ddeefc
deeffe
e1f200
e9f500
e9f904
e0f300
e0f200
e0f000
e0f200
def100
d3e5f6
f1f6ff
28292a
323436
353838
3a3e3f
3f4041
222b2e
c7dbe8
cfd9df
fe0003
2c221e
221a17
191211
1b100c
e6e8e9
adbcc6
aab8c2
adbac3
acbbc3
abbbc4
aabac3
acbac3
abb8c1
a9b7c1
a6b6bf
a1b2bd
9eafb9
98aeb7
97abb6
99acb7
9daeb8
9dabb7
9bacb7
a9b5bc
9eaeba
a0aeb9
98acb8
9eafba
e6e4e3
3d352f
33302f
28211f
231712
1a120f
0c080a
302927
282526
221f1c
100f10
161211
282321
231915
2f2621
def0fe
e1f0fe
e3f200
ddedfc
eaf701
e3f0fc
e2f0f9
e3eff9
e1eff9
e4f1fc
e3f2fe
d0ddea
d3e4f2
cdd9e5
d1dee8
d3dee9
d3dee8
d5e2ec
d7e1ea
0afff8
170d09
150d08
05fffc
fdf7f7
e7e8ea
dddee2
d6dbde
d7dcdd
c4cfd5
a1b2be
a0b2bc
a2b3bc
9fb1bc
9cafbb
9caeb8
98adb6
95a9b4
8ca8b2
94a8b3
90a9b3
9cabb5
a2b1bb
9baeb9
9aacb7
adb9c0
d2d9da
e5eeed
ecf1f2
ecf2f3
140b06
251713
32271e
0d0b0d
0e0805
0e0c0a
2c2520
37302b
312c2a
131112
040709
f9f9fb
000004
eff3f9
1a1819
d6e5ef
d6e5f1
dae8f3
d3e5f3
e4f3fc
d2e0ee
d0e0ed
d4e2ef
d1dfea
d5e4f0
dfeff9
c6d4e1
e0eef8
f50007
f1ff06
f1fc05
e8f700
d2e4f1
cbd5df
bfc6ce
e7e2e1
f0eeec
d7dadd
c0c7ce
b2bdc6
adb9c3
aab8c3
b1bbc5
b5bfc6
b4bdc5
b5bfc6
b2bec5
b0bbc3
a4b4bd
96aab5
91a7b3
8ba7b3
8fa7b2
8fa8b3
94a9b4
99abb6
9faeb9
9eb0ba
a1b1bb
acb6bf
bdc3ca
ccced2
d0d1d7
d1d3d7
faf1ec
d9dbe1
e8e3e4
edebed
fcfbfb
130f0a
150e09
1f2623
2d4249
1a313c
030f18
e4eaf0
f5f9fa
fbfd00
0c0e14
d3e4f1
cee1ee
d2e2ee
d2e4f2
e8f701
09151d
09151f
0a141d
0a1721
f40211
dcedfa
bdccd9
f2f7fe
211f20
101114
111113
242120
dff0f9
b4c6d1
b3bcc4
b7c0c6
b4c0c6
b3bcc5
aebac1
a9b7c0
a6b6bf
a2b4bf
a9b5be
a8b5be
a9b6c0
a9b6c0
a6b5be
a7b4bf
9eb1bb
99adb8
9aacb6
97abb8
99acb7
9cadb7
9caeb8
9eafb9
a1b1bb
a3b2bc
a4b2bc
a7b4bd
acb6be
aeb7c0
aeb9c1
b9c0c6
c2c6cc
b2bbc4
aeb8c0
c1c7cc
f3f3f2
f1f6f8
d4dde3
e10004
023745
00384a
022332
f3fe09
e9f0f5
e2ecf4
effb02
1b1f23
21252a
0f1c25
d9eefd
f4fe06
413d3b
2b2b2e
262428
423b3a
121d28
dbecf8
b8c8d5
ecf0f7
181515
151215
141415
1c1917
d9e9f5
b6c6d4
adbbc6
acb9c2
aab7c0
a7b6c0
a9b5be
a7b5be
a3b5be
a3b3bd
a3b4bd
a3b2bd
a3b2bc
a0b1bb
a1b1bc
a7b4bd
a1b3bd
9fafb9
9babb5
97adb8
9cadb7
9aadb8
9badb6
9badb7
9eaeb8
a0aeb8
a0aeb8
a0afb9
a3b0b9
a3afb9
a1afba
a3b1b9
9fb1ba
9cadb7
9cabb5
a6b2bb
cdcfd3
d1d8dc
d0d7dc
cce8ee
eb1c29
ee1f2c
0e262f
0f191d
d8e6f1
d9e3ef
02070d
202428
353235
2f353a
dcf201
effa05
3c3330
343131
2f2d2d
352f2e
0b151c
dcedfa
b7c9d7
d2e2ed
dcecf8
dfeffb
e2f0fd
ddecfa
d2e2f0
bbcad8
b5c3cc
9fb4c0
9eb3bd
a0b0ba
9caeb9
9daeb8
99acb7
99acb7
98acb7
93abb6
93aab6
94aab5
95aab5
9eaeb9
b2bbc2
9eb2bc
90a7b4
8da7b3
8aa6b1
8ea6b2
8da5b2
91a6b2
8da6b1
90a7b2
90a7b4
90a7b3
8ea7b3
92a7b3
94a9b4
9aabb5
a0afba
a3b8c2
95aab7
99acb8
c0c4c9
c6cacf
afbcc7
b8d1d7
d5fa02
d3f904
e0f5fd
edeff1
f4f5f5
edf0f1
f9f9f9
1f1e23
2b2628
171d25
e4f503
e3f400
f0fe0c
f0fe0c
ebfa09
ecfa06
e7f805
dff2ff
bfd1e0
d1e1ee
d8eaf7
daeefb
daecf9
d9ebf8
d5e6f2
d6e5ee
cfdde5
c9d8de
b9c9d1
9eb1bc
98aeb9
a0b3ba
9cb2bb
a3b1bb
a3b3bc
9fb3bd
a0b1bc
9bafb9
95acb6
8ea9b4
95aab7
a7b5bd
9aafba
8aa6b3
8ea6b2
8ea6b3
8da7b3
8fa7b3
94aab6
92a9b5
8ba8b5
92aab5
92abb5
98acb6
9dadb7
9eb0b9
aab5bd
cacacb
b7c3cb
b0bcc5
b7bfc7
bcc5ca
b7c3ca
b2c2cb
b5c5d0
b7c7d1
bdc8d0
c1c9d1
bec8cf
bcc6cf
b9c4cd
f10516
f20616
ef0515
eb0011
e8fe0f
ed0011
eb0010
ec0210
fb030c
f8ff05
e8f3fb
e2e9f2
eff6fa
06060a
000509
fa0004
000406
020608
ff0003
e8f0f5
dfeaf2
c3d9e7
bcd3e1
b8cfdd
b6ccd9
b5c9d6
b0c6d3
b4c4d1
b1c3cf
afc3d0
b1c4d0
b2c5d0
b0c5cf
adc2d0
aec3d2
bdcdd9
afc0ce
b4c7d3
b5cad9
b7cbd9
b8cdd9
bdd2dd
bfd4df
b4c6d4
aebfcb
a9bec9
a9bdca
a7bdca
a9becc
abc0ce
aabfce
b7c7d4
c9d2da
b2c6d3
b5cad9
bdcfdc
c5d5e1
cedae4
ccd8e3
c7d1dc
c8d1da
c9d3db
c7cfd7
c6cdd6
343836
3b4140
40484d
364249
353e46
364248
313b40
2a343a
1b242d
0a1219
0c131c
121a22
181e25
1c232b
20252e
252930
242932
262b33
212a32
272f35
293239
343b40
323c41
2f383e
2c3339
222d35
19252e
0d1c26
081721
03141e
02141f
010f1c
ff0e19
ff0d17
011019
0c171d
f0010d
fe0105
111d24
0d1b24
0e1b25
101e28
12212a
0f1f27
111f27
19262b
212c30
252e33
222c31
212b30
1d292c
1d2529
f4010a
080404
222729
1d252a
192228
162026
111d22
fe0b13
ecfa02
dfeff8
d8e6ef
d1e1ea
132334
1b232e
0c1018
161619
292c31
4a4747
3a3e46
32383e
393c43
3c4246
515357
5e6367
5e666b
616971
656b72
696e74
686f75
656f74
636e73
646d74
606b72
60686e
5a656d
576269
575f65
505d62
4c585f
47535c
444f57
404c52
404b52
3d474d
39444a
384147
323c42
2e383d
243036
f5020f
252423
2c373b
2d363a
2b343a
293239
2a3236
293138
232f38
232d34
202a33
1c2831
1b282f
1b262d
192329
05121b
edfa04
100e11
162127
152129
142028
141e28
0d1a23
03111a
fc0710
f30008
e9f800
6c7278
696e75
525d63
0d1c29
4e4a48
5e636a
59636a
5c6269
5f676c
6a6d71
707377
737579
73777c
75787c
75787c
77797d
787a7d
767b7e
797b7e
76787c
707276
6b6e72
686b6f
646869
646668
5d6062
56585c
4a5055
41474e
364247
303e45
2c383e
253039
1e2b32
1d2932
1d282f
1b252d
05131c
fb0008
172225
19262d
19262e
19272e
1b272d
1b262f
18262d
19262f
1d2830
1c2730
1d282e
1a272d
17222b
0f1a22
05131c
f5fa03
131a18
18222a
17212a
172029
121d27
0c1821
04131b
010c15
fc0710
6b6663
6b6664
5f5e5d
262b31
302b2a
5c5b5d
635f5f
645e5f
615e5d
5f5c5b
5d5958
565656
515253
4e4e51
4b4a4f
49484c
48464b
434448
424246
3e3f42
3a3c41
35393f
2f373d
2f363d
2f373e
2d353e
29353d
2b373e
2c353f
2d363f
26333c
243039
202d35
1a282f
1a252c
19252d
14222b
0f1c25
fd0813
111617
1b272d
1a272e
1c2730
1c2930
1e2a31
1f2a32
1e2a32
1e2a32
1f2930
1b282f
1c282f
16232c
162028
141f27
03111d
f6fa00
1a2428
1f2a32
202c33
242d34
262f35
242e34
242b30
252b30
f4f900
f8fe02
f1f9ff
e2ecf6
040b11
0f1a23
131b25
141c26
151e25
141d25
121d24
111b26
121c25
101b24
121b24
0f1a24
101b23
101b24
131c24
121d26
111e25
152027
1a252d
1d2a30
262f35
28333a
29353b
2a343d
29363d
29363f
24353d
24313a
212e37
1d2932
1e2831
1c2831
1a252d
16222a
0c1d26
01070e
1e2a30
1d2d37
202f38
233139
27333b
29353d
2e383f
2f3b40
353e43
384144
3d4245
3d4247
3f4246
464648
444547
141d25
2e201c
585250
5c5553
5c5454
5a5454
565250
514b4a
494445
f60109
effd04
f3fe06
000910
0c141c
0d181f
0f1921
0d1923
0e1921
0e1920
0b1822
0d1923
0c1923
0c1a21
0c1a23
0f1923
101b22
0e1821
0e1820
101a23
101a23
0f1d25
172129
1e272f
232d35
273139
2c353c
2c373c
2b353c
2a353d
29353d
28353e
2f3840
343b44
3a4247
3c4248
3d4549
3f4449
43474c
1a2029
4d4541
595858
5f5b5a
605d5c
655f5e
68615e
6b6360
6a6462
6b6261
6b6260
66605e
685e5d
5f5b5a
625b59
5e5856
57504e
050a15
5c4e43
635a59
625b5a
5f5857
5e5756
585351
504c4c
000a13
010b15
010e16
08131c
0c161e
0d171e
0d181f
0d1821
0d1821
0d1820
0e1920
0b1821
0c1820
0c1722
0d1823
0e1921
0d1820
0c161e
0f1920
0e191f
10191f
0f1b20
151f25
1a242b
21282f
222b30
242c30
282d32
2d3237
3a3b40
4a4a4c
5b5756
655d5c
676160
6b6462
6a6361
6b6363
696260
6c6363
464546
453a35
6d6664
706866
6e6866
736967
736a68
726a68
736867
746866
726766
6c6662
6e6663
696260
67605d
6a605f
615b5a
31363b
2d201c
665d59
665e5b
645b59
625957
5f5755
585250
081018
061017
040d13
060c10
040b10
030a0f
040a0d
030a0c
01080b
01060a
010507
000307
fe0004
fd0103
fd0001
fafdff
f7fafd
f2f6f8
f0f5f5
ecf1f3
edeff2
ecf0f4
0d1013
14181e
1d1e22
232529
2f2f32
3c3b3d
4a4648
5b5354
635d5c
65605e
6d6361
706864
726867
756b68
736969
726a67
756b69
675e5c
2a272a
746962
776c6b
786d6c
7b6e6c
7c6f6d
7b6f6c
776f6b
776d6a
766b68
706667
736969
706765
6b6260
6d6562
675e5d
635b57
050e19
5e4c40
655d59
625a58
625856
605654
5a5250
010914
030103
d1dae3
ced3d7
cfd3da
ccd2d8
c9cfd6
cdd4da
ced2d9
ccd2d8
ccd0d8
cacfd7
cbced5
c7ced4
c9ced3
c6ced4
c7cfd4
c8cdd2
c7cdd4
c7cfd5
c9d0d6
d1d7dd
121412
212226
2b2b2d
363638
444142
524c4b
5a5653
645b5a
69605e
6b6361
716664
766a68
746c69
79706d
776e6c
7b6d6c
7b6f6e
716866
272831
716256
776d69
7a6f6d
7d706d
7b716d
7b706c
7a6f6b
756c67
736966
726662
726864
6e6562
685f5d
6b6260
645e5c
625a58
353b40
221817
635b57
605b5b
615c5c
666161
696464
1d272d
f1f4fb
bbc7d1
bac2c8
bcc5cb
bec5cc
bec5cc
c3cbd1
c6ccd3
c6cdd3
c7ccd4
c7cdd3
c6cdd4
c8cdd2
c8ced4
c7ced3
cacfd5
cacfd5
cad0d5
cbd1d6
cfd3d6
d6d8dd
211d1b
343132
3c3a3a
484343
534d4c
5c5554
635a59
695e5d
6c6261
6f6664
736967
736967
776b67
786d6a
746968
7a6c68
786d69
706563
32323a
5f4c41
736766
726967
746d6b
776d6c
756d6d
776e6c
766d6d
756e6d
746f6d
767371
747475
767376
7b7574
7e7776
7d7776
7b726c
0e151d
745f4e
7f746e
7a6d67
746b65
6f645d
2f3238
fc020a
bcc9d5
bbc3c8
c0c6cd
c1c7cd
bfc5cd
c7cdd2
cacfd4
c9d0d5
cad0d6
cbd0d5
ccd1d6
cbd1d5
cdd1d6
cdd1d7
cfd1d6
cbd1d6
ccd1d6
ccd2d5
cdd2d7
d3d7dd
29231e
3a383b
474142
504a4a
585352
5f5856
67605d
6e6363
706565
726967
716865
6b6260
6d6260
746b6a
736f6e
767474
777578
767477
58585d
514844
7e7979
7f7b7b
7f7e7d
7f7f7e
7f7e7c
7f7d7a
7f7b77
7f7a75
7e7773
7c7471
766e6c
6e6663
695e57
55453f
3f302d
362824
02060b
110907
504947
575051
5b5352
605956
6d6869
6e6869
706867
6f6968
6e6867
706768
656465
676565
6b6767
706868
6c6868
6e6667
6d6767
6d6766
6d6868
6e6767
6c6765
6d6767
6b6766
6e6969
726c6b
787271
7d7878
7f7d7e
7f7f7f
7f7f7f
7f7f7f
7f7f7f
7f7f7f
7f7f7f
7f7f7f
7f7e7e
7f7d7d
7e7b7c
7e7778
7a7072
736a6a
6d6565
6c6161
665f5d
615959
5c5756
5d5859
635b5a
615a5a
615a59
5c5856
5c5555
595456
555254
535253
565051
535050
524f4d
524e4f
524d4e
534e4d
524d4d
4d4949
494747
4b4848
4e4d4e
524d4d
514c4e
6f6969
6e6768
6d6768
6e6767
676565
686164
686464
6c6566
6b6665
6b6565
6c6666
6b6665
6d6665
6c6766
6d6968
706969
6d6967
706868
726b69
746d6c
7d7472
7f7c7c
7f7f7f
7f7f7f
7f7f7f
7f7f7f
7f7f7f
7f7f7f
7f7f7f
7f7f7f
7f7f7f
7f7f7f
7f7f7f
7f7f7f
7f7f7f
7f7e7e
7d797b
6d6969
645d5c
605858
615a59
655d5a
635c5c
625b59
605a5a
5f5857
5b5858
5c5656
5b5656
565554
595454
595352
585352
555050
544f4e
4e4b4b
474649
464647
4b4848
48494a
4c4849
4c494a
4b4949
4c494b
716969
716869
6f6767
6b6666
6a6667
6d6768
6c6968
6e6969
6e6968
6e6867
6b6866
6a6665
6b6665
6a6666
6a6566
676565
686462
6a6463
6b6463
6c6668
7b7578
7f7f7f
7f7f7f
7f7f7f
7f7f7f
7f7f7f
7f7f7f
7f7f7f
7f7f7f
7f7f7f
7f7f7f
7f7f7f
7f7f7f
7f7f7f
7f7f7f
7f7f7f
7f7f7e
706969
625c5d
5e5959
5e5958
5d5656
5c5557
5a5554
575554
595454
585353
585250
575352
595352
575152
555151
524e4d
4e4949
494848
4e4b4a
524d4d
514d4c
504d4e
504c4d
514c4c
514e4d
534e4d
514e4f
696665
676263
666161
6b6465
6f6767
6c6667
6c6667
6e6868
6e6869
6f6867
6c6867
6f6867
6c6766
6f6767
6e6868
6d6766
6d6764
6a6363
676262
6f6867
7e7875
7f7e7d
7f7f7f
7f7f7f
7f7f7f
7f7f7f
7f7f7f
7f7f7f
7f7f7f
7f7f7f
7f7f7f
7f7f7f
7f7f7f
7f7f7f
7f7f7f
7f7e7d
7b7574
6c6766
665f5f
635c5a
615a59
605959
5c5758
5b5655
595454
585251
545150
524e4d
4f4d4f
4c4b4d
494547
434344
454244
4a4646
4c4948
4c4a49
4c4b49
4e4a49
524b4a
504b4b
514d4c
534e4e
565050
575454
686464
666364
6e6767
6e6868
6d6969
6b6867
6a6566
6c6565
6c6666
6b6767
6c6668
6a6666
6c6665
6b6667
6c6666
6a6463
646160
686462
716766
6f6a68
776f6b
7c7773
7e7b78
7f7d7b
7f7e7d
7f7f7d
7f7f7e
7f7f7f
7f7f7f
7f7f7f
7f7f7f
7f7f7f
7f7f7f
7f7e7e
7b7676
736b6d
686362
635d5d
615959
5b5756
5c5556
585553
595252
57514f
565150
544f4f
534f4d
524c4b
4a4849
494648
4d4949
4f4a48
4e4a49
4c4948
4b4847
4a4646
474545
484445
484545
484646
4d4848
524e50
5b5657
676164
56514d
5d5854
665d58
6a625e
6c6461
706863
6a6666
646262
6f6968
6f6c6a
716b6b
726b6a
706a69
6d6767
646365
676365
696665
6b6665
696564
696565
6c6766
726868
736d6b
766e6d
7a7170
7a7473
7d7776
7d7876
7d7875
7a7673
7c7574
7d7675
7b7574
787070
706968
6a6161
635c5b
5b5858
595554
565050
534d4f
4f4c4d
504c4d
4e4949
484646
474445
434142
454242
494645
494646
494645
4b4544
494545
484444
464343
484542
454342
464444
494644
4d4a49
59575a
716a6c
7b7779
7f7f7e
3a3b41
4c4b4e
4b4c4f
4d4c4e
4c4b4e
4b4b4c
4e4c4d
525050
5d595a
6d6565
706c6c
726c6c
6c696a
6c6969
746d6d
716d6b
726a6a
6f6b68
6b6969
6b6767
6c6766
6b6665
6d6765
6c6765
6e6766
6e6867
6a6766
676363
686464
696465
6d6766
6b6565
696162
665e5f
605a5b
5d5856
5a5453
545151
524e4e
4f4c4c
4d4b49
4b4747
474547
454242
434143
454442
464343
454242
454141
403f40
403d3f
3f3e3e
3f3c3c
3d3b3b
3b3b3b
3e3c3c
3d3a3b
3f3b3c
3e3c3b
645e64
7f7d7c
7f7f7f
7f7f7f
7f7f7f
545359
575658
59585b
5c5a5b
5b5a5a
5d5a5c
5e5c5e
626161
6e696c
777173
787374
787576
7b7879
7c7878
787676
767272
726f6e
6f6b6a
6c6767
676566
676263
656162
676261
696260
686260
625f5e
636160
686362
6b6563
6a6361
65605f
635d5c
5f5959
595555
565154
514c4e
4d4a4c
484748
474445
414141
3c3d3e
3b3b3c
3d3b3c
413f3d
413f3e
413e3d
3f3d3d
3d3d3b
3f3c3c
3d3b3b
3c3a3c
3c3a3b
3b3939
393838
393737
353434
333232
343335
3a3737
565250
78716e
7f7a74
7f7c78
7f7e7e
595355
535252
585554
615d5d
636062
656264
696768
747173
7f7c7d
7f7f7e
7f7f7f
7f7f7f
7f7f7f
7f7f7f
7f7f7f
7f7e7e
7f7c7c
7c7978
767273
6e6b6c
686565
636160
5d5b5d
595759
5d5a5a
605c5d
625d5f
5f5c5c
5f5b5c
5c5859
595656
555353
555151
524e4e
4d4b4a
4a4847
444543
403f40
3c3d3f
3c3c3d
3f3d3e
3d3d3d
413c3c
393a3a
393738
3b3738
373738
363537
353535
343334
333032
312f31
2e2d30
2c2b2c
2b2c2e
2f2f2f
313130
373132
343332
3a3736
433d3c
4b4545
574f4d
625959
54575a
525457
515358
5a595c
666161
696665
7c7574
7f7e7e
7f7f7f
7f7f7f
7f7f7f
7f7f7f
7f7f7f
7f7f7f
7f7f7f
7f7f7f
7f7f7f
7f7f7f
7f7f7e
7b7576
605e60
59585b
5e595c
615d5d
5f5e5d
5f5c5c
5c5b5b
5a595a
585757
575354
535051
4f4d4d
4d484b
474548
414142
3b3d40
3b3b3e
383a3c
393a3b
383a3b
3a393b
3a393b
38393a
393a39
353638
393838
383838
393738
383435
313132
2d2e31
2a2e2e
2e2d2f
2e2d2e
2a2c2e
2b2b2d
2b2b2c
2a2b2e
2b2a2d
2e2d2c
302f30
313233
373434
3a3736
5d5b5e
605b5e
5f5d60
5e5c5f
5a5a5d
5d5c5f
7b7373
7f7e7d
7f7f7f
7f7f7f
7f7f7f
7f7f7f
7f7f7f
7f7f7f
7f7f7f
7f7f7f
7f7f7f
7f7f7f
7f7e7e
7a7475
646064
605d5e
5c5a5c
5a595b
595758
555556
545254
525052
4f4f50
4e4b4e
4a484b
464447
404143
404043
424143
404041
3f3f41
3e3d3f
3b3b3d
3b3c3e
3c3c3e
3f3e40
3e3f41
404143
404042
3e3d3f
333235
232528
1f2125
252528
262528
272727
272624
282625
292727
292829
292929
2b2a2b
2a2a2c
2b2929
2a292a
292929
2b292b
2d2b2d
494445
494848
4a4849
49474b
524f51
5a5758
635f61
70696a
797371
7d7878
7f7b7a
7f7d7b
7f7e7c
7f7e7d
7f7e7d
7f7e7c
7f7e7c
7e7a79
716c6e
625f64
5b595b
565559
565457
555255
525254
525152
524f4f
504d4f
4c4a4c
47464a
454547
424448
444445
434345
404044
3f3d41
393c40
3c3b3e
373a3d
3d3c3d
404144
4c4e54
656263
6c6d73
696a6f
605d5e
494952
42444f
3f444e
363d47
2c3037
20242a
141b21
0e1419
0f1417
14171a
191a1d
191b20
202123
202224
242425
262727
28282a
2a2928
fb0713
ff0a16
020c19
0d141c
191c22
21242a
2d2e32
39393c
4a4244
534c4d
5a5453
615b59
665f5d
665f5e
676062
6a6363
696364
665f60
5a595b
575458
535154
505053
4f4e51
4d4c4f
4a4a4f
49474c
404247
3d4145
414145
404345
414245
414145
404042
3d3e42
3d3f41
3d3d40
3d3d3f
3b3c40
3e3e40
534e57
706e73
7f7e7c
7f7f7f
7f7f7f
7f7f7f
7f7f7f
7f7f7f
7f7f7f
7f7f7f
7f7d7d
7d7673
60676e
545361
1b202a
181c1f
1a1d20
1d2024
252427
252727
252629
242627
242528
252627
242526
000d1b
ff0c18
ff0c1a
000c18
000c18
ff0c19
000c18
030d1b
020e1a
05101c
07101d
0b1420
101720
131923
1c1f28
23242a
26272d
292a2d
2b2d2f
303032
333236
393536
3a3837
373637
373538
343639
373b3e
3e3d40
3d3d41
3d3d3f
3e3b40
3c3c3f
3b3c3e
3a3c3d
39393c
38383d
343739
323539
353639
695f60
7f7c78
7f7f7f
7f7f7f
7f7f7f
7f7f7f
7f7f7f
7f7f7f
7f7f7f
7f7f7f
7f7f7f
7f7f7f
7f7c7c
716d68
293236
27282a
212527
212326
222324
202224
202123
212122
1f2022
1d1f21
1e1e1f
0b1826
0a1823
0c1825
0b1925
0c1926
0b1926
0b1823
0b1823
091622
0d1622
07131e
08131e
03101b
040e1a
000c1a
ff0b17
fb0513
f7020f
f1000d
f0ff0b
eefb09
edfa09
eefa07
f2fb06
f8000c
00040f
060a10
0b0f16
13141a
18191d
1e1d21
212223
242526
252526
272628
25282a
282b2e
2e2e32
313233
373738
494446
5c5253
675f5b
6c6460
726a67
767070
7d7472
7f7973
7f7974
787571
655e5e
4a4749
313033
25282b
222426
202125
1a1d21
212121
1e1f21
1e1e20
1a1c1e
181c1e
191c1c
1c1b1c
15212d
17222f
17242f
192531
192431
172330
15212e
16232e
121e2b
151f2a
101b27
0f1a27
0c1823
091623
051321
05111f
000d1c
ff0a17
fd0715
f80513
f50110
f2ff0c
f0fe08
ebfa06
ecf906
e7f704
e5f502
e6f401
e1f200
e0f1fe
e1f0fe
e1effe
e3f0fd
e2f1ff
ecf500
f2fa03
f9fe05
000309
05090c
0e0f12
18171a
1e1e20
272425
2c2728
322d2e
333132
393537
3d383a
3c393c
393536
2f2e31
282829
222227
201f23
1d1c1f
181a1d
15181b
13171b
151519
121519
16171a
15171a
131313
fefbfd
1d2935
202a36
202b38
212d3b
1f2b3a
212d3a
1f2b37
1f2c37
1c2734
1a2631
16222f
17212d
101e2b
111d2a
0a1927
0a1724
05121f
02101f
000f1c
ff0d1b
fa0919
f80513
f70410
f5020e
f5020f
f4000e
f1000c
f3000d
f0ff0a
f0fe0a
effb07
effc06
eaf805
e9f804
e8f703
e8f402
e5f3ff
e2f0fd
e2f0fd
e1eefd
e3effb
e5f1fd
e8f1fd
e9f4ff
f0f701
f5fb03
fbff04
ff0006
010308
010409
030509
040508
030608
030408
050709
07080a
080a0c
0b0c0f
0c0d10
0b0e0f
0d0e11
0a0a0f
ecf1f6
e0e1e4
1e2b3b
212e3c
202e3c
22303e
23303f
25323e
25313e
26313e
1f2d3c
202c39
1d2735
1b2736
172230
15222f
101e2c
0f1c2a
0a1826
081725
071522
051221
02101f
fe0d1b
ff0c19
fd0a17
fd0c18
fc0a16
fd0913
fc0a16
fe0914
fc0913
f90611
f80714
f80311
f70410
f50411
f5020f
f3000e
f10211
f20113
eefd0c
ecf907
eef904
eaf703
ebf702
e8f400
e7f2ff
e4f0fa
e4edfa
e0ecf8
d9e7f3
d8e5f0
d4e2ee
d2dfeb
d0ddeb
d0ddea
d1deea
d3dfeb
d6e2ec
dde5ec
e1e7ee
e2e9ef
e7eaee
dfdfe1
d6d9da
283342
263342
23303d
25323e
233342
243342
253242
213141
1c2d3f
1a2c3d
17283a
162638
142435
132232
0f2030
0f1d2c
0d1c2a
0c1b29
091826
091726
071524
041321
051220
03111e
031320
05101f
02111e
05131e
04111d
05121d
01111b
05121f
071727
061421
051322
011423
162537
525963
59626c
465465
384858
2b3c4c
1c2e40
0f2336
091b2e
051a2c
fa0e23
eaff11
e5f401
dfecfa
dee9f4
d8e6f2
d4e2ee
d3e0ec
cddcea
cfdbe7
c7d8e5
c7d7e4
c4d6e1
c5d5e1
c6d4e1
d5d9de
cfd1d6
c4c8cc
2c3441
28323e
3a3d47
2f3b44
2b343e
353e4a
2f3d4a
34404d
2d3a48
2d3947
253343
243242
1c2b3d
17293b
132737
0f2234
0b1e2f
061a2c
051929
031728
021526
041424
021423
041323
041422
051323
061422
091724
0b1824
0b1824
0a1824
121e2b
504f51
17202d
42464f
565e6c
5b6272
5c616e
4b5162
4e4f5c
525562
5f606b
7a7c7d
7f7f7f
7f7f7f
7f7f7f
7b7b7c
646c71
455763
1a3246
f0071e
deeeff
d8e8f5
d5e4f2
d1e0ed
d0deea
cddcea
cadbe8
cbd9e6
dde4eb
e5e5e9
cfd2d8
bec3cb
b4bfc4
363940
7b7471
7f7e7e
7f7e7d
555d64
2e3743
33404d
374452
323f4d
333f4e
2b3a4a
2d3b4a
263646
253443
233341
20303f
1c2a39
162736
182536
102233
11212f
0d1d2c
0d1c2c
0c1b2b
0a1b2a
081a28
081928
091a29
081929
0c1a29
0a1b2c
283647
646571
5b6270
575a6e
3b3d56
141c36
060f26
f80118
ecf70b
0c172d
465061
7a7b7d
7e7e7f
7b7c7f
7c7c7e
7b7b7d
7a7a7c
797a7c
797a7e
6f7278
3a4e5f
01152a
f2fe08
e7f500
dff0fc
d6e9f9
d1e5f4
dbe0e9
e9e7e9
dadde1
c3cacf
b7bec5
b0bac2
746a69
7f7f7e
7f7f7f
7f7f7f
7f7f7e
434b57
373f4c
394755
354251
374350
313f4c
303e4e
2a3949
2b3948
2a3746
263444
1f303e
1d2c3a
1f2d3d
192a39
192836
142532
152633
162432
172531
1a2532
162332
1c2632
162432
1f2d3d
3b4457
454d64
2a3149
151d33
040c22
edf70c
dce7fd
dce6fa
dbe9fe
101e32
5e636c
71777e
626a78
535966
4f5361
4a4d5d
414756
3d414f
424752
4b4b59
494e5c
555963
5d636c
021023
f6f2f5
f8f6f6
fcf9f7
fcfafa
e0e4e8
e3e3e6
d6dee6
b8c1c9
aebbc1
adb7bf
7f7f7f
7f7f7f
7f7f7f
7f7f7f
7f7f7f
666c72
3f4d5a
3c4857
384554
3a4655
334251
314152
2e3d4e
2c3b4b
2b3b4b
263647
233443
213141
223141
1f2e3d
1c2c3b
1c2938
1a2a38
1c2b38
1b2937
1e2937
1a2835
1d2a38
263545
485064
353d55
0d162d
ebf70c
dde4f6
dde4f3
e5eefc
ccd8eb
cdd9eb
020a1a
3d4150
545661
4c505e
313849
162031
0b1324
101625
171d28
0b1521
000818
040b19
0d1422
131b2a
333744
4c505c
f50013
dedfe5
dfdfe4
dedfe3
dedee2
e3e4e8
e0e8ef
c6d8e8
aab7c2
a9b3be
7f7f7f
7f7f7f
7f7f7f
7f7f7f
7f7f7f
7f7f7f
676f77
3e4b5a
384856
3b4859
364657
334555
2f4152
2d3f4f
2e3e4e
283949
283848
253545
273546
213142
1e2f3e
1f2e3d
1f2e3c
1f2e3c
1e2c3b
1f2c36
1a2732
2a3242
30324d
19213b
ebf50a
e7f0f7
ff0000
dde1e7
e1e1e6
e7e6ea
dfdfe4
f0f6ff
000c20
f90418
060c1d
fb0110
eaf2fd
e8f0fc
e7effd
eff502
f8ff08
f4ff09
e8f402
e6f000
eaf502
f1fd0b
fd0415
1f2534
3a414d
eaf606
e0e1e4
e1e0e4
dcdee3
e9e9ef
d9e8fa
dbeb01
a4b4c4
a7b3bc
7f7f7f
7f7f7f
7f7f7f
7f7f7f
7f7f7f
7f7f7f
646e77
3c4c5c
384957
394756
364554
344453
314052
304050
2e404f
2a3b4a
2d3a49
273848
2b3849
223344
223343
243442
223243
243242
1f2e3d
1a2732
1b2a34
0a1028
e4ef07
dae2f3
dadce4
dcdfe1
dadce0
d2d5d8
ccced4
c2c9cf
bfc7d2
fe010f
fa0119
e4ef04
e7ef00
c2ceda
bdc4ce
d5d8db
eaebef
e7eef7
e2ecf8
e6eefb
eaf501
e2eeff
e1edfd
e5f000
edf706
f70112
1e2432
2a3743
e1eaf8
d8dadf
dbdbe0
eaebf0
f40010
d4e601
a2b4c4
a3b0bc
7f7f7f
7f7f7f
7f7f7f
7f7f7f
7f7f7f
7f7f7f
616b75
3f4e5d
3b495a
374757
364455
344354
304052
314151
2f4151
2a3c4c
2b3c4b
293949
2d3a4a
253546
293847
6a696a
696d73
616972
586570
566569
263742
e1ef04
d8dce5
dadce0
d1d6db
cdd0d5
c0c7ce
b6c0c8
b4bec6
b6bfc7
bdc6d0
00030f
e9f209
dee8f9
c4d0de
b8c0ca
bdc4cb
c6cbd1
dadadb
eeeaea
fcf8f8
e7f1fa
deeaf8
e8f1ff
e5f100
e4f202
e5f403
ecf807
f80413
262c39
192637
d7deeb
d6d9dd
e6eaee
fc0514
c8daf4
a4b6c6
a8b4be
7f7f7f
7f7f7f
7f7f7f
7f7f7f
7f7f7f
7f7f7f
606770
3e4d5d
394a5a
374657
354656
354556
334253
314152
324152
2e3c4e
2d3d4d
293a4a
2b3c4a
263645
2f3b48
7f7874
7f7f7f
7f7f7f
7f7b7d
4e5070
0c1654
f2fd30
d7dbed
ccd0d6
c4c9d1
bdc5cc
b5bdc6
b0b9c4
b0b9c4
b1bcc5
b7c0c9
d4d8de
c9d1de
b4c0ce
acb9c4
b7c0c7
bbc3c9
bec4cb
c3c8ce
c8ccd1
d6d7d9
f7f0ee
fcfcff
e3eefe
eaf504
eefb09
ebf907
eaf705
f1fc0b
010b1a
2d3540
0d1e30
d4dce8
e1e3e9
eefa07
bed3ea
adbecf
a5b3be
7f7f7f
7f7f7f
7f7f7f
7f7f7f
7f7f7f
7f7f7f
57616b
3d4d5b
3a4a5b
364757
354657
354657
344254
304152
324354
2c3d4f
2d3d4e
2b3a4b
2c3c4e
273748
313d4b
7f7875
7f7f7f
7e7674
2d2c3a
060c36
f2003b
e3f028
d0dbff
bec7d0
b7c2cb
b4c4cd
becedb
b9cad9
b1c1d0
afbcc8
b0bec7
bfc5cd
b3bec9
b1bbc6
b6bfc7
b8c0c9
b9c1ca
bcc4cb
bfc6cf
bec4cc
bfc5ca
cacdd2
e3e1e1
02fffe
f70006
f5fe0c
f2fe0e
f1fc0b
f2fd0c
f70111
0d1726
383f4d
0d2034
dee3f2
e3f1fe
d2e4f5
c6d7e8
a1b2c2
7f7f7f
7f7f7f
7f7f7f
7f7f7f
7f7f7f
7f7f7f
4b5a68
3c4c5a
3a4959
344756
374556
344557
314153
2d4153
344555
2e3e50
2d3e4d
293a4a
2d3b4d
243647
353e4d
7f7976
787470
252328
fdfaff
dbe3f6
e0e914
d1dd0f
c4d3ff
c2d2e7
fc040d
404549
202833
dee9f4
d1e2f1
c2d2e1
c2ccd7
c0c9d1
c3c9d0
bec7ce
bfc6cc
c3c8ce
bdc4cd
b8c2c9
bdc3ca
b1bbc3
afb8c1
b8bec7
c3c8ce
d9d9da
fefaf8
06090d
f90412
f4000f
f1fc0c
f0ff0d
fc0817
1a2432
404955
112337
deecfb
dae7f6
e4f301
aec1d3
7f7f7f
7f7f7f
7f7f7f
7f7f7f
7f7f7f
7f7f7f
475768
394a5a
384757
334456
314453
334455
314454
304254
344557
2f3f51
2f3e50
2b3b4c
2a3c4b
233647
36404e
7e716d
25252c
070206
d7dbe4
d1d5dd
cad5f0
c9d802
f90520
5f595d
7f7874
7f7a73
30353d
d6dae2
e1ebf6
dce9f6
cbd8e9
bdc8d6
c1c7ce
bfc7cd
bec7ce
c0c5cb
c4c8cf
bcc3cb
b0bdc6
a3b4bf
a4b2be
acb6be
b4bdc5
c3c7cd
d3d4d9
fef8f8
0c111d
f80519
f5ff10
f1fe10
f60111
050e1f
272e3d
434c59
10263c
dbeaff
eaf805
cbdef2
7f7f7f
7f7f7f
7f7f7f
7f7f7f
7f7f7f
7f7e7d
3f4d5b
37424d
384653
334253
334352
314354
334455
314355
34475a
2f4154
2f3f51
293c4c
2b3c4b
233647
2d3944
262528
110d0d
dbe2e9
d1d5db
c6cad2
c5d4e5
30323d
7f7877
7f7f7f
575b61
615553
232932
cacfd6
d0d4dc
d5dde7
ccd6e6
c3cddb
bec5cd
c1c8cd
d7d9dc
b8c4ce
b2bdc6
bdc3ca
b8c1c9
c8ccd3
c0c7ce
adb9c4
abb6bf
b7bdc5
c3cbdd
e4eb14
1b1c4b
18214d
f9031a
f30010
f6000f
fc0617
0d1626
293242
48505f
162c43
ebfb0e
e0f305
7f7f7f
7f7f7f
7f7f7f
7f7f7f
7f7f7f
797270
edff0d
ecf2fb
171a1f
2c3944
304255
2e4154
314354
304355
364759
2e4155
2c3e51
293b4e
2b3d4e
233a4d
0f1a27
030305
f3f3f9
d1d4db
cacfd6
c7d3dd
48423f
7f7e7c
7f7f7f
7f7f7f
69696c
6a5f5f
1f262f
c8cdd4
c7ced5
cbd0d7
ccd4db
cad0d7
cbd1d6
c2cbd2
c7cacd
c0c6cc
b9c2c8
bbc3cb
cbd0d6
d7d8de
ccd0d6
c7cdd1
b3bec7
adbacc
c8d501
e3ee26
f6ff3d
212259
091437
f70212
f60112
f70314
010a1b
141d2d
32394a
4e5765
283c53
dbee06
7f7f7f
7f7f7f
7f7f7f
7f7f7f
7f7f7f
656566
d3e3f1
d0d7df
d2dbe3
05070a
525a5f
485866
455a69
435665
455668
405264
3c4b5c
364555
595a5e
716b66
030a12
080305
d5d8e0
cdd0d6
c3cdd5
3a3632
7f7d7c
7f7f7f
7f7f7f
7f7f7f
7f7f7f
7f7f7e
1e2731
c9cfd4
ccced3
cdd2d7
e0dde0
bcc6cd
c8c9d0
cfd2d8
b6c0c8
b7c1c8
bac3c9
b9c4cc
e2dfe2
d9dade
cacfd6
cbcfd3
c9ccd1
b8c6de
bfd0ff
d5e318
e3ed1c
f2f514
080716
fd0713
fa0411
fb0314
fb0616
070f22
1c2434
373e4d
505868
2f4155
7f7f7f
7f7f7f
7f7f7f
7f7f7f
7f7f7f
54595f
d1dce7
ced3dc
cdd3da
dde0e7
625f5a
69757b
6a7173
444848
717575
717478
4e616a
586770
52606a
222830
fffeff
ebf1f6
cad0d8
c2cad1
08090a
7f7977
7f7f7f
7f7f7f
7f7f7f
7f7f7f
7f7f7f
7f7f7f
1a2430
c9d0d7
c4d1dd
e0ebf5
e0effe
d1e6f5
bdd3e4
bfc6d3
bfc5cc
bdc4cc
bbc3cc
bfc6cf
e2e2e6
d9dcdf
d1d4d9
cdd1d7
c9ced4
cbd0da
bbcbee
c2d0f3
c5cddf
d0d2d8
eceaec
fafbfc
f6ff0c
fa0211
fc0514
fe0717
0d1525
232a39
363f4f
515867
7f7f7f
7f7f7f
7f7f7f
7f7f7f
7f7f7f
444e58
c6d0d9
c2cbd3
c0c9d1
cad4de
5a5a56
6b747c
384145
393122
7f776b
7d6c6b
7f775d
7f775c
5d5243
160301
331204
14faf3
f0e6e4
d0d9e1
6a5f58
7f7f7f
7f7f7f
7f7f7f
7f7f7f
7f7f7f
7f7f7f
7f7f7f
21313e
26292c
444144
79665a
7f7466
7f776b
716c68
323d4a
d4e8f9
c4c9d4
c0c6cd
c3c8cf
dbdbde
dbdce0
dadce0
d2d6db
cbcfd6
cdcfd5
c5ccda
afbccc
c0c6cc
c9cdd4
dcdbdd
f5f4f3
f8ff09
f5000d
f80310
fc0713
020d1c
101a29
252d3b
39414f
7f7f7f
7f7f7f
7f7f7f
7f7f7f
7f7f7f
35424a
c2cbd4
bcc7cf
bdc6cf
e3ebf3
6c6e6d
686f76
040f19
352717
5c4e47
55423c
665131
584829
1a0f04
17f8ee
321002
1efdf2
0cf3ec
26150c
7f7b79
7f7f7f
7f7f7f
7f7f7f
7f7e7f
7f7c7e
7f7e7e
7f7e7e
7e7978
7e7671
443b39
110b09
00fefe
302421
3b271d
6a5a4e
736b67
fb081a
c6cad3
ccd0d4
ced3d8
ccced2
cbced4
cccfd3
caced2
caced4
c8cdd2
b2bdc7
b8c1c7
cacfd4
cdd1d7
edeae9
050a10
effa06
f6ff0c
fc0210
000816
050e1d
121c2b
272e3d
7f7f7f
7f7f7f
7f7f7f
7f7f7f
7f7f7f
29333b
c2cad4
bec6cf
c1cbd5
23292c
6e777b
646e77
0d2330
18130a
342c23
27201a
2e2510
2d230d
03f9f3
fce7e3
0bf6f1
12f3ea
10f4eb
4f3c32
7f7f7f
7f7f7f
7f7f7f
7f7f7f
7f7f7f
7f7e7e
7f7e7e
7f7e7e
7d7774
1d1c1f
e5eaf0
eeeef3
0d0804
1d1d1a
d2dee8
04fffe
705e53
717174
d7e9fc
ced0d4
ebe9e9
d4d7dc
d0d3d9
d1d3d8
d0d2d8
ccd1d7
ccd0d6
c1c9d0
b5bcc5
d3d3d7
cdd0d8
dadbde
0b0b09
eaf401
eef906
f4000c
fb0512
020b18
0a1120
141e2e
7f7f7f
7f7f7f
7f7f7f
7f7f7f
7f7f7f
1f2a38
c6d1e0
c3cedb
f8000a
636566
6b7376
656c75
5f6a70
2c3639
18170a
17190e
1b1f1b
171b1a
e0e7ed
d7d9dc
e4e2e8
d9d9dc
f0e5e7
685b51
7f7f7f
7f7f7f
7f7f7f
7f7f7f
7f7f7f
7f7f7f
7f7f7f
7f7975
444749
dbe6ef
090303
ece1e6
f4ecf0
eee9f1
0c01fc
f2f7fb
1c0c08
7f7a72
232e39
cbd0d7
d6d6da
dbdcdf
d5d7db
d5d7da
d3d5dc
d5d6dc
d1d3da
cfd2d8
bcc6d0
e2dfe0
cad1d8
d1d3d8
fffaf8
e7effa
e7f000
ecf906
f6000d
fe0513
020c1a
0b1222
7f7f7f
7f7f7f
7f7f7f
7f7f7f
7f7f7f
212b38
e2ecf9
f4fb06
454449
58636a
555f69
56606c
5a6671
505c66
373e46
40494c
434f56
4a565e
ef010e
d5d9dd
dce1e5
dadde1
ebecf2
7b6e61
7f7f7d
7f776e
7f7669
7f776b
7f786c
7f796f
7f7c75
777275
373338
342620
0e0c11
ccc5ce
110400
e6e2ec
d9d1d8
151515
dfe4ef
7e6e60
464d51
c0cbd6
c3c8ce
cdcfd5
dfe0e4
f4f3f4
030405
07070a
fd0003
e9edf3
e2e3e6
d1d5db
c7ced4
cbcfd4
eae6e5
e0e7f1
e1ecfb
ebf502
f1fb06
f7000d
fd0413
000a1a
7f7f7f
7f7f7f
7f7f7f
7f7f7f
7f7f7f
fd0615
cbd1d8
d3d6dd
100808
585752
5a656c
626c73
677178
68737b
637078
646e75
4b5863
5e686f
fe0f20
cfd5da
d8dcdf
dddee1
f4f2f7
7f7163
756967
4c1f11
511e09
52210f
511e0b
52230e
603d2d
7f7d79
28313d
00f9fb
070a0e
d1c3cd
1c08ff
dbd4db
dfd9e0
5a4c3d
1e1d1b
665c59
332f30
c3cfd8
c9ccd2
cfd1d6
e1dee0
02fdfc
060406
211612
030101
eeeff4
dbdee2
ccd0d6
c8cbd1
c8ccd3
d3d2d6
d3dde5
dbe4f2
e4eefd
eaf401
f2fa08
f6fe0b
fc0313
7f7f7f
7f7f7f
7f7f7f
7f7f7f
7f7e7d
ebfa09
cad0d4
caced4
d1d3d8
ededee
26211f
58554f
4f4a4b
656c6f
616e77
616b74
495861
5b5c5e
010b14
cbd2d9
d5d8dc
dcdce0
f4eff4
7b6c5f
5a4b4a
3d0cfa
410df8
441200
3f0bf4
3e0af5
301306
76685b
6c6d6d
f2fc09
331e14
000007
e6ebf5
e1dbe8
291813
fcfe04
1e1918
7f7770
191d22
bfc7d0
c3c8cd
d6d6da
ccd3dc
0b02fe
eeecf0
f1f3f8
faf2f0
e6e7eb
d9dbdf
cbcfd5
c7cbd1
c6ccd1
c6cbd2
d0d9e2
d2deec
d9e7f5
e5effd
eaf403
eff907
f5fd0d
7f7a74
7f7e7d
7f7f7f
7f7f7f
7f7b77
d9edfc
c4cdd2
c5cbd1
c4cbd2
c7cdd3
d0d4d9
03fcf9
37312f
61666b
616b76
5c6870
495560
43464d
f9010a
cad0d7
d0d5da
d7dbdd
eeeef2
62554d
726965
1d01fb
11f0e3
14f2e4
09ebdf
eadad7
ece6e5
2d1c16
7c6f63
4f4b4b
ebf907
1e0f0c
4e423e
120702
fbfcfc
050c10
766b60
6c5d57
dfe8f1
cacdd2
c7cdd2
dcdbde
e9e7ea
fdf7f6
f6f2f5
fbf7f5
eceded
e0e1e5
d8d9de
c9ced5
c6cbd2
c7ccd2
ced4d8
c6cdd3
cedbe7
d4deec
dee8f6
e6effd
ebf503
eef909
03fdfc
21110c
38261c
48392f
4d3e34
ccdbe4
c5cbd1
c2cad0
c3cad1
c2cad1
c4cbd1
d0d2d8
31302d
5f6970
616a73
5c676f
45535f
4f555d
1c2833
c5d1dc
cdd1d6
d1d5da
f6f2f3
47362f
726766
12f8f3
06eadd
05e9df
e9dad6
bac1ca
cdd1d5
efeff3
241510
463c37
6d635b
48484a
3f4044
151c23
2b2729
766559
725f57
fdff03
c4cad2
bec4cc
caced3
d1d2d6
d6d5d6
d2d2d4
cdccd0
c5c8cd
c1c6cb
c4c5cb
d0d1d5
c9ced5
c8cbd1
c4c9d0
ced1d7
abb6c2
c9ced3
d0dce7
d1dfed
dce8f6
e2effe
e9f504
bfc7cd
c3c9d1
c4cbd0
c5cbd1
c6cbd4
c3cad2
c4cccf
c2c9cf
c5cad0
c0c8cf
c0c8ce
c7cdd3
2a2a28
546068
565d62
565c5f
425057
565f64
35434b
c9d8e8
c6ced4
d0d9e3
02101e
394956
625658
0ff3e9
07eadf
03eae0
dbd4d1
b4bdc5
c8cacf
f0eef0
d8e0e8
f5eced
39251b
644d40
715d51
776155
473d37
34241c
e8e9ef
c4cbd3
c4cbd1
bfc4cb
b6bdc6
afb6c0
a8b3bd
a7b0bb
a3b0bb
a2b0ba
a3aeba
aab3bd
d6d9dc
cfd5de
c7ccd1
c2c8cf
c1c7cf
a6b3be
aeb7bf
ccd1d7
cfdbe8
d5e0ef
dbe9f7
e2ef00
c1cbd3
c7d5dc
c0cbd6
c5cfd7
c7d0d7
bfcad2
bcc8d1
bcc6d1
c0c9d2
c0c9d1
bac6cf
c4cdd5
23221b
14191c
ebf1f6
eff0f3
22211e
30383c
ff060b
c4cfda
c9d9e5
052436
2c5a71
49747e
3b505f
0bf2f0
07eae0
02e8e0
d0ced0
aebac2
bdc1c6
e9eaec
e8e9ef
d0d9e3
c3c9d1
d1d1da
e2dee2
e0e1e6
d1d4dc
c4cad1
c3cbce
c3c9d0
bec3cb
aab6c2
a1b1bd
aab3bd
abb5be
acb6bf
adb7bf
acb9c1
a8b5bf
b7bfc7
f8f3f2
cbd1d9
c8ccd1
bec6cc
b8c0c8
a6b3bf
aab4bd
aeb6c0
cdd2da
cedae9
d5e0ef
dde7f8
cdd2d8
d2d7db
cbd1d6
d1d3d6
d0d5d8
d0d1d7
d6d4d7
d3d5d8
d5d6db
d6d6da
d3d8dc
d7dadd
e3e5e7
d1d7dd
d4d8db
e2e7e8
e0e2e6
dee3eb
d0d7de
c8d5df
ed0e1d
0b3950
214e69
396579
3e676f
110f1a
08eae1
03ebe1
cecdcf
afb9c1
acb6bf
d2d3d5
e9eaeb
dce0e6
c6ccd4
c9ced6
cad0d7
e6e4e4
c5cad1
c4cad0
c6cad0
c0c6ce
b5c0cb
adb9c5
adb6c2
b1bac3
b2bbc4
b1b9c3
b1bbc3
b8c0c7
c2c9cf
dddfe1
e5e5ea
c5cad1
c5cbd2
bac2c9
adb8c2
a7b2bc
a8b3bd
a9b3bc
aeb8c2
d0d5db
ccdae7
d4e0f0
d9dde4
b9c4ce
b8c1cb
b9c3cb
bbc8d4
c8d8e5
dbecfa
d9efff
d9ebfd
d5e7f7
d2e4f4
cde2f3
c7d7e5
bac3cd
b8c2c9
bbc3cb
bcc3cb
bcc5cb
bfc7ce
c6cfd6
f00f1c
002e47
093146
fc1420
fc040a
fcfc00
03ebe4
02e9de
d0cfd0
adb8c0
a5b2bd
b2b9c1
d7d8d9
c0c9d1
cdd0d5
d0d1d9
bcc7cd
bec3cb
c8cdd7
c7cbd3
c5cbd1
c0c7cf
c0c7cf
adb7c2
a8b3bd
c0cad1
fb070d
f80612
e8f803
c9d6e2
d5dae2
eae6e7
c9ced5
c7ccd2
c5c8cf
b6bdc6
a8b3bf
acb4bd
a9b3bd
aab2bc
acb4be
b3bbc4
ccd1d9
cdd8e7
bcc6ce
c3c9d3
c2c9d1
c7cfd6
f1f6fd
363031
464443
4f4b4b
3a3d43
303337
292d31
191a1c
edf5f8
bcc8d1
b7c1c9
b6c0c8
b6bec6
b4bec6
b5c0c8
b6c2ca
d4e7f0
f01424
cbe2f1
c5cbd2
d6d7da
f2efee
f9f2f3
fae6e1
d9d5d5
abb7c3
a4b3bd
a2b1bb
b1b9c1
a5b4be
cfd0d2
c9d0d9
c6cbd0
cdced5
dad6d8
c7ced4
cbcfd3
c1c9d1
a9b6c0
a5afba
a6b1ba
e3e6e6
464342
4b4b4c
2d3e4c
114055
001d38
ccd7e5
c5cbd1
c7cbd1
b6bdc6
b5bcc4
a9b3be
acb5bf
a6b2bd
a6b3bd
adb6be
a7b3bd
afb8c1
c9d0d8
c5cdd4
c8d0d7
c7cdd4
cacfd8
e7edf5
03060e
fb0511
fb0310
f4000d
ecfb08
e9f704
c1d0df
bcc4cb
c0c7ce
c0c7ce
bac3c9
b6bfc7
b5bfc7
bfc6cd
c2cbd1
d1d7de
d3e7f2
b4c1cd
b5c0c8
c0c6ce
d3d3d7
f0eaea
f5f0f0
e6e0e1
b2c1cf
9faebb
a4b0bb
9faeba
9dacb8
c5c7cb
cad0d6
cbced4
bdc5cf
c8cfd5
d9dce0
d9dbdf
b7c4d2
a0adb8
9fadb8
a2b1ba
090905
414246
34454d
306174
386a7e
255772
ed0c26
c4c9d4
b7bfc7
b2bcc5
aab4be
abb3bd
acb5bf
a8b3bb
b2bcc4
b7bfc8
b3bec6
b5bdc6
bbc4cc
e4e6ea
d8dde3
cbd2d9
c4cdd5
dfe7ed
ebf400
edfa06
ebf907
eaf805
e8f704
e6f703
c6d5e2
bcc4cb
bac4cb
bec2c9
bbc1c8
b6bfc7
b8c0c9
bdc5cc
c3cbd0
c9ced4
c7cfd5
bbc7d1
b4bfc8
b9c1c8
c0c6cc
cdd0d4
e2e0e1
ece9ea
cfd8e1
a6b6c2
abb7bf
9cacb7
a0aeb8
bcc3c9
c8ccd1
cbd0d5
ced0d4
d0d1d4
bdc5cd
dcdbdc
c3cfda
a3b1bd
a0afbb
b8c2ca
453525
2c2a27
f50309
274449
24556e
103e5b
fa223b
bed4ea
b1bcc6
afbac7
a7b8c5
b2c1cd
abbac7
b1bcc3
bcc5ce
bcc3cc
bcc1ca
bbc1c8
bcc1c8
e6f1fd
deebf8
dde8f5
dce8f2
dce5ee
e3f0fc
e6f400
e7f501
e5f400
e4f2fe
e2f200
c9d9e9
b5c1ca
b5c0c7
b2bec7
b4bec7
b4bfc8
bbc5cd
c2cad0
c4cbd0
c0c7cf
cad0d4
ccd3d8
bcc8d0
b4c1c9
b6c0c8
bbc2c9
c5cbcf
d7d7d9
d9dcde
c4ced5
bdc7d0
aab8c4
c0c6ce
d2d7dd
c7d0d8
ced2d6
ced2d8
c5cbd2
c5cbd2
cfd2d8
d7dbdf
bec8cf
bac4cc
d1d2d5
e5e5e8
dcdce1
d5d6db
d1dce3
fd1923
f71f37
ed122a
e3fc0f
fa0207
0e141a
36302d
443f3d
1d2327
0c0e13
424541
11171d
0a0e12
050e13
fe070f
e2f402
e2f302
e2f202
e1f100
d6e2ee
dce7f2
dfedf7
e1edf8
dbebf7
dcebf9
deedfc
cde0ef
b1bfc9
b1bec6
b3bdc6
b5bfc7
c5ced7
e5f0f9
d7e6f1
e9f5fb
07141e
04111c
0d1823
f2fe09
ccdfeb
b1c2cd
b3bfc7
b6bfc6
bdc4ca
c7cbd1
d0d2d7
d7d8dc
d7dadd
d8dadd
dedfe1
e1e2e5
d2d5dc
dedee2
d8dadf
d3d8dc
d6dade
dadbdf
d2d6db
d3d5da
d5d6d9
d0d4d7
cacdd4
c4c8cf
bcc3ca
beced8
e50717
eb0a1b
0f0e11
3b2c25
685447
786358
67574e
523e35
674f45
644c41
423533
61514d
534441
5b463a
e4f505
e2f403
e1f301
e1f200
c9ddec
d9e5f0
deebf7
d6e6f2
d2e1ef
d4e4f3
d8e8f7
d6e6f7
c6d9e8
c3d5e5
b6c8d8
c0cad4
0600fb
62524c
191a21
3c2e25
5f514b
655952
655952
534239
2b231c
dae7ee
b7c4cf
b3c0c8
b3bec5
b5bec6
bcc2ca
c7c7ce
ccced2
d1d4d6
d4d6d9
d0d4da
d4d5da
dedcdf
dadbde
d6d6db
d3d6db
d1d4d7
d0d2d7
cdd0d4
c7c9d0
bfc5cc
bcc1c9
b5bdc5
b2bbc3
b4c9d4
071924
24272f
242124
1c1a1d
1c181b
20191b
1c1415
1b0f0d
0e0405
06fefd
2f1e18
60514d
1f1716
150c0a
e7f806
e6f706
e4f804
e5f605
d8ebfc
cdddec
dbe9f5
d3e4f2
cfe1f1
d3e5f4
d5e7f7
e5f402
3d3f41
3f4b55
33424d
172a39
24232b
4f4749
ff020b
18110f
130f13
0f0e11
0f0e12
0d0d12
151213
181514
ff0206
c1d0dc
b1c0c8
b2bec7
b0bcc4
b2bbc5
b5bdc6
b9bfc6
bdc3c9
c0c5cc
c2c7cc
c4cacf
c4c9cf
c4c8ce
c1c8ce
c0c5cb
bdc3ca
b8c0c7
b3bdc5
afbbc3
aeb9c2
acbdc6
d5e4ed
574c47
7f7d7b
7f7f7e
7f7e79
7f7c76
7f7873
79706f
676568
616064
5d5e61
595b5e
5f5e61
656467
575b5c
605f5f
ddeaf5
dfedf8
e3eef9
e7f3ff
f3ff0a
deeefd
ccd9e6
d5e5f4
d8e9f7
dcedfb
dceffe
e7f704
000712
111118
1f1f23
2d2d2f
3a383a
302f31
f4f6fb
0b0302
0d0809
241f1f
312523
18100f
201614
080100
efeff2
cad0d6
b3c1c9
b3c0c7
b1bec8
b0bcc6
aebbc3
adbac2
adb9c1
afb9c3
b0bac3
b0bbc3
b0bbc3
b0bbc3
b1bbc2
afb9c1
acb8c1
abb7c2
adb8c2
acb8c1
b0b9c3
f2ebe8
634c3b
766156
7d726e
7f7d7a
7f7678
7f7c7c
7f7e7d
7f7e7e
7f7d7b
7f7d7b
7f7b79
7d7775
7f7977
797778
777170
7c7572
d9e9fa
dceaf9
d5e5f3
dbe6f4
effb05
d2e3f3
b5c4d2
c5d5df
cddce5
d5e3ee
d9eaf5
e4f1fd
ddeffe
cadbeb
cfddea
d0dbe7
cfdbe8
e0ecf6
dfe4eb
e9e9ef
312a2b
302a2d
060001
f7f1f0
ede8ea
b6c0c8
b1bac3
b5bec4
adb9c2
acb9c0
acbbc3
aebcc4
aebbc4
adbac3
adbac4
afbac2
adbac2
aeb9c1
acb9c1
acb8c1
adb9c1
adb9c1
aeb9c2
acb8c2
acb9c2
acb7c2
abb5bf
b9bec5
dedadc
100400
4f3d36
73625c
716560
7d736d
7e7673
7e7774
7d7571
7c726f
79716d
786e6a
736865
726765
6f605e
74645e
2a2e34
22292f
222b34
fd0c1c
e9f805
bfcfdf
aab8c3
b6c4cf
bcccd6
bdcdd9
bdc9d5
ccd7e2
e7f600
191a1e
0c1217
000910
ecfc06
e1eefa
edf4fb
070304
544137
171111
faf7f9
e9ecee
ccd6df
c0ceda
bccdd8
b9c9d5
a7b8c7
9eafbb
a9b5be
b2bcc2
a9b5bf
a5b4be
a9b7c1
a8b8c0
acb7c1
abb6c0
a8b5be
a7b6bf
a8b4be
aab8c1
aebbc1
aab7bf
a7b6bf
aab9c2
9eb0be
9ab0bc
aab8c3
d0d1d5
1a0f0b
493a36
413d41
3c2f2c
433838
483d3c
4e4542
4e4544
474243
3a383c
2d2c2f
2d282a
403736
3f3535
303336
282a2f
474443
12202c
e2f200
b9c9d7
a8b7c3
b4c3ce
bdcbd7
bdccd9
b8c6d3
c7d5df
f5fb05
2d2728
14151c
131318
17171e
e3f1fc
ff0300
f2f3f5
d4dae1
d9dce0
e5e7ec
dddedf
dedede
e1e0e0
e7e3e2
e3e0e0
c4cad0
a9b7c0
a7b4be
a4b2bc
a1b2bb
a0b1bb
9daebb
98adb7
99adb7
9cadb8
9dadb7
a1afb9
a7b2bb
abb7bf
adb9c1
b4bdc5
c9cbd0
e9e6e4
f3f1f0
f2f2f1
f2f1f2
f3f1f2
090200
251c1b
251f1f
120708
140f11
211b1a
2f2825
352b27
38302d
322d2d
1b1b1d
141112
292422
140f11
2d2a30
2d2a2f
373234
04111f
e3f404
bacddd
aabcca
becdda
cfdfeb
d2e2f0
d0e3f2
d7eaf9
e9f602
0b0b11
0e1015
141419
080d12
d7e7f3
ddebee
c1ced7
bbc3c9
c7cbd1
cccfd5
c0c7cd
bbc5cb
b5c0c9
b0bbc4
adb8c2
aab6c0
a9b7c0
aab6c0
aab6bf
a7b5be
a6b4bd
a1b0bc
9cacb8
98abb6
98acb7
9dadb8
9fafb9
a5b1bb
a6b4bd
acb6bf
adb8c1
b3bcc2
b9bfc6
bcc4ca
c3c7cf
c6cbd1
cacdd3
ccd0d5
f4ecea
fdf9f6
eae6e8
e8e8ed
0a0609
fafc04
120b0e
2f2b2c
2f2b2e
0d0c10
0c0808
1c1818
eff6ff
f00010
eefe0e
f2000f
effe0c
eefe0c
c1d8e8
afbfcc
bccbd5
d6e1ec
dbebf9
def100
e8f707
e1f201
e1f100
e1f100
e2f100
d7eaf8
d4e5ef
d1e4eb
c2d3dd
b1bfc8
b3bdc6
b3bfc8
b3bfc8
b5c0c8
b3bfc8
afbdc5
adbac3
a9b9c2
acb7c0
acb6c1
a8b6c0
a8b6be
a6b4be
a4b3bc
a2b1bb
9eafba
a0b0b9
a4b1bb
a4b2bb
a5b2bc
a8b4bd
a8b4be
abb7bf
acb8c0
afb9c1
b3bdc4
b9c1c7
bcc4c9
bfc3ca
bdc3cb
c1c5cb
bfc5cb
b5bec7
c2cad2
f40206
0f3644
173d50
223b4b
101622
0b0c13
0d0a0d
18161a
000410
061a2b
031627
fc0a16
faff08
f3fb02
e5eff9
d9e2ec
d3e0ec
d5e1ed
dbe7f4
e0f0fd
e9fc0a
e2f606
def0ff
ddf200
daf000
daedfe
ddf2fd
e6f900
def0f9
b0c3d1
a9b7c0
abb9c2
acb8c2
abb6c0
a9b6c0
a5b5be
a5b4bc
a1b1bb
a4b1bb
a0b1ba
9fb0b9
a0b0ba
9dafba
9baeba
a2afb9
a7b4bd
a9b5bd
a0b1bc
9fadb7
9aaeb8
9faeb9
9eadb8
9eaeb8
9eb0b9
a2b0ba
a2b1bb
a5b2bb
a4b2bb
a4b2bd
a6b2bb
a5b2bb
a1b0bb
9eaeba
adbec7
cfeef7
f12236
f73148
0f3a4e
172233
f2fc0f
030712
070916
e5f001
2f3843
282f38
1f262f
0f151f
0f141b
171c25
111923
07111e
000a16
020a15
0e1016
201d20
16161c
080c14
1b1d23
243139
212e3b
232d36
09121b
f0fa00
c0d2de
a3b8c5
a1b3c1
9eb2bf
a0b0bd
9fb0bc
9dafba
9eafb9
9eaeb8
9aadb8
96acb6
97abb6
94aab7
97abb6
99aab6
95aab6
9aaeb9
a3b1ba
a0b1bb
92a9b6
94a8b4
91a8b5
8fa9b4
91a8b4
95a8b3
94a9b4
96a8b4
94a8b3
97a9b4
96a9b5
98a9b4
95a9b5
98aab7
a0b1bc
b2bdc7
c6e1eb
da0818
e7172a
0b2733
27272b
fc0519
eef90e
d6e5fc
dde9fe
51555d
3c4551
3d4653
404853
4d525c
60626b
61666f
5e636c
575f68
535a63
505661
48515d
404a56
404855
454a56
4c515c
4e545e
4d5258
3b434a
243139
16232d
0a1823
000f1c
f70814
ed010e
e3f503
d1e6f6
c4d8e7
bbcedf
afc6d6
adc0d0
aabfcd
a5bccc
a6bbc9
a1bac9
a3b9c7
9eb7c6
9cb1c0
a4b4c0
a5b7c1
9cacba
98adb9
9dafb9
9eaeba
9aaeb9
95abb7
94abb7
94abb6
96aab7
97acb7
9dacb8
a1b1bb
b5bec6
bfc9cf
b3bdc8
b2c9d3
bedeec
c6ebf8
d4effb
ebf0f7
dcebfb
dae5f8
dde4f4
d1dbea
6a666c
6f6b6f
726f71
727073
757376
757479
73767b
77787c
73777d
72757d
75767d
73777d
77797c
75787b
747679
6f7478
6d7176
696f75
656c73
5a646e
525f6a
515c67
4c5965
4b5562
47515c
3f4a56
33404a
22303c
142330
081723
ff0d19
fc0a15
f90712
f4030d
f9030d
f8050e
f9060f
e4f601
d5e9f4
c4d2df
b9cad7
b0c3d1
abbfcc
abbcca
a8bcc8
acbdc9
adbeca
aebfca
aabdcb
aabcc9
a8bbc8
a8b9c5
b1bbc5
bcc5cc
bac4cd
b0bdc6
b1bdc7
b7c0c8
b9c4cc
bec6d0
bcc7d1
bdc8d4
b3c4d0
aabbc9
