27B160
E301A4
74BDD5
230168
1B4B60
982C2A
169FF4
E2161C
8E1BDB
FC5670
5ECD44
AA26FB
56A3F6
BE1B0F
B5B1E1
A5632A
B6E53C
2A8453
0610D5
BB34ED
2CD0B4
BADE4B
686651
63A7CD
274E7F
274720
C957EB
CCA1AF
F2A111
C4D78C
90B642
19CDE6
70A0C2
8679E6
37C550
B35C23
211A3D
690542
5BE8E8
E028DF
6FDAA5
4260A6
1F9A49
A2FAC8
2B1F03
A2BAAC
1FB567
D29DB3
45DFC0
C8B5D1
714B9B
A7191F
F3C5D3
25E1BD
8EE626
BC3F3B
2D2D2F
D942E4
A52FFA
F604D7
D3F9CE
8F1567
C8DCF9
B5E0FE
2326BF
60F506
249DCF
3C4899
B7FBEF
5EB802
5D44D2
3BB973
A54305
EE132F
F7CD12
E8F319
1EB1A2
B8341C
074145
130624
D3F8F1
21D21D
3D43E0
A0A4FB
9619E2
FBEB08
DBC3EA
E3E2AB
69CD31
C44C34
E7BDCE
E4B6C7
21C743
1CA5E9
F1254B
A457D8
AB81E0
C89E28
EC2F65
6B3960
1A5A39
9E6EC5
D49BBD
C49934
E5F0FB
39BD31
C0EFB9
F1FA56
000047
00000E
0000C6
0000F7
00001D
0000DB
000013
0000F1
000027
0000C0
0000AD
00001D
0000B3
0000ED
00001B
000071
0000B0
000039
0000AF
0000D1
000044
0000DA
000014
000060
000032
00009F
000052
0000C7
000071
0000A8
0000BD
0000B8
00003C
0000AD
000043
000046
0000F2
0000D5
00009B
000003
0000EB
0000C5
00002B
00004E
00000C
000032
000009
00002F
0000DE
0000E8
000040
000012
0000BC
000054
00F703
0A0A02
FCF404
FBF303
0600FE
07FF03
00FA06
FBF309
050AFD
08FF03
FEFB0C
FF0401
06FAFF
0E0404
FFFE04
02FB03
05F80A
FFFF00
FDFA09
01FEFF
FFFF0C
020709
FCF30D
F9FDF5
FEFA0A
03050B
0302F9
0B0CF1
FDF20C
060507
0711E7
FAF10B
00FCFE
0BFB0C
0407F5
F4EF19
FD0204
FF050F
00FBFF
02FB01
04000B
05060B
00FBFA
FCF613
09FE02
1007FF
0001F4
FEF506
07FF02
050B07
FEFAF4
FCEE05
09F908
0E00FE
FAF200
0807F9
04FE03
FFFB02
FCF402
FAF512
0B0EF9
0902FF
01FE01
FFFF03
0C00F5
0103FF
02FDFE
0407FD
0508EF
090C00
01FBFC
0805F7
050BF2
05030E
0503F1
FF00FE
FFFCFB
090309
0100FA
0E1AE7
05FFF8
040009
FFFF00
FEF30D
0306FF
07070A
FDF907
01FFEF
0302FD
0001FA
FEFE04
FEF4F9
0404FF
090303
0203F8
FBFEF4
00FB07
08010E
0206FD
010109
000700
F9040F
FFFD01
070904
020300
FF08FD
FFFD04
FEF408
05FFFF
04010C
FEFA07
F4F30B
F7F807
07FC03
FFFD03
01F605
FC0109
060809
FCF407
0101FD
01F9F8
060703
0304FF
0A08F4
08F7FA
09FFFE
FFF6F9
00FFFF
0002FA
FFFDFA
FCFC07
02F913
0A08F2
F80102
FD0000
FE0307
0306F8
F7F70B
0003FE
F8F80A
040E08
FF0108
FDFB08
03F9F5
090FFC
05FAFD
FFFD04
FCFD03
F90103
05FD02
0100FF
F9ED07
FEF807
090000
F5ED0E
0406F3
01FFFC
0503F8
F5E911
FF09FB
0504FD
030904
020300
FFFFFB
02F80E
05F70A
FDFA0A
000103
00FA10
030204
01FEFF
FF0203
020104
FEFFF7
0001F8
FB030D
03F905
02FCFF
0201F9
00FF03
03FF09
FE0300
F7FA03
FBFF07
F9FBFD
05FC0A
FAF609
FCF90A
FF030A
03FBFC
01FCFE
0E0AE9
FC02FD
06F4FA
0600F9
000100
0312FE
05FDFF
FDFD00
FEFA0A
0E20EC
05FE04
0100FA
020300
050604
0F12ED
FDFD03
00FD01
0405F8
050AF8
FCF809
FAFEFF
070CFC
0606FA
0206FA
FCF501
0506EF
070806
0506FB
FBFAFD
0103FE
05FDFE
FF0405
FBFBF5
0306FC
05F709
000303
F8FAFB
030BFD
FFFE0C
FEF905
06FBFF
0913E9
FCF305
FDF904
F3FC04
FAF809
000902
FDF808
020308
0A12F8
FF0002
000000
0505FE
04FF00
03F70D
01FEFC
03020B
0105FF
03FF00
040603
060DFB
09FDF9
010307
000000
FC0BF6
0206F2
FE07FB
04F503
FBF902
0103FA
090803
0004FC
05F505
020AFC
FFFC03
0303FB
F8F40F
01FE03
FE0600
00FD01
FF07FF
060DFB
03FC03
0003FD
000B00
021105
F8F311
0101F5
FBF8FF
050EF6
03FA03
FFFDF9
03FFF4
FF0C01
09F9F7
0001FD
FDFEF9
0607FB
02FFFA
FDF803
F4E821
080BF7
050BFB
F2EF15
F8F216
020402
03FE02
FAF308
020B05
0508F8
0A0706
03FF06
FBF90F
FE0306
0909FD
FFFD00
FFFF08
030DF7
09F908
FAFB0B
0208FA
070EF0
0000FA
0505FF
FD040B
F2EC0A
0001FA
0404F5
F8F30E
090EF6
FB01FD
0200FD
1420DB
F8FF08
FAF9FE
0908FB
030007
00FF0A
FD08F9
050302
00F317
03FC03
00FEF4
00FE00
FDFA0E
070EFE
0900FA
F9F40F
F4FA0D
050BF6
010702
040BF4
FE02EF
0609F4
FDF80A
040AF7
FE00FB
00010B
03FB08
000504
FCFDFA
FDF707
02F90F
010000
05F8FF
0609FE
02FE05
010105
F9F807
1015F3
F9FB08
FFFE01
F8EE0D
FFFC0F
09FA03
FEFD02
030301
090BFA
030806
0306FC
010004
0707FB
FF00FD
000600
080BFA
00FEFF
04F80C
00F7FE
0708FA
01F60B
FD0506
00FF03
0612F7
FEFEFE
FE0103
FCFA01
0303FF
0506F2
050304
00FFFD
090208
FF050C
050401
010001
FAF608
FFFE06
FEF50F
00FE00
FBF9FB
030E07
03FC09
000001
FEF80C
0A08FD
020208
0000FD
FB0002
0406FB
04F706
0101FB
FC0302
040C00
070104
FD02F7
030905
050FFC
060804
FDFF08
FFFCFE
0D11FC
0E0502
FBFD05
FCF40E
101AF3
00FF09
0704F7
010400
0C19EF
040AF9
FF0101
FAF710
050601
07FF01
010000
F9F313
050905
020B00
FDFF00
F3E420
0915EF
040FFF
02F9F8
F9F40B
00F807
06FB0F
0101FB
0304FA
060DF4
0D05FD
04FFF0
1522E2
F2EE14
0AFEFE
FDFA00
F4EE15
0C0BFC
0210F9
010000
04FF05
00FF0A
0706FC
00FCF8
07FD09
030300
F2F510
F8EE14
FE00FF
0407FC
02FBFB
FF0000
F9F907
0100F9
080402
070FF4
0404F1
FBF716
010408
0307F8
000802
02FDF9
FBFA09
0405FA
06F6FB
020A01
F9FE05
0205FA
FCFB04
0B10EC
030100
0002FC
01F20D
00FE04
060501
FFFD05
FBFB11
FE0102
F9FB0D
0103FA
FCFCF9
0303FC
06FD02
0602FD
01F702
0610F9
02F301
00FD03
0604FD
06F7FE
FD0402
FFFF05
0310F7
FDF70B
FCFA02
FDFBFF
0B050A
020DF3
030508
00FE00
F8FE11
090F02
FAFE0A
00FF00
F9F80F
010300
FCFE0D
0106FE
FDFEF6
FAF510
07F708
0100FF
F4F606
02FD05
0701FE
FEFD00
000700
000100
030006
0208F5
FDFAF9
0709FC
03F702
0204FC
0805FA
041004
06FBF9
0607F9
0810F3
0707F0
0904FE
0B07F9
FEF812
0711FB
070403
0206FF
020500
0F11F6
000B01
FEFBFD
0008F6
0911F5
050203
00FA04
F2ED17
091AF5
070106
02FFF7
FAEE0D
0E1BF5
05F60A
02F8FC
FDF80E
FBFD0D
FBFC0C
050CF3
0404FA
0A13E8
0C0BF4
0209F4
0B16F0
FDF614
0107F9
040CF2
FFFB01
03010E
01FDFA
FEFD03
070A0A
F90201
0A11F0
0203F5
1312F4
FD02F3
030108
FFFC00
FF0104
070DF6
040E02
00FB03
FDFC00
00F9FE
000304
0103FF
01FCF2
FCFF18
FFF808
FFFE01
FBFCF7
FDFB05
02F705
000201
FCFCFE
FF0305
FFF706
FF00FD
02FD0C
090CEF
0901FF
FFFC05
FBFE05
0308F9
00F805
FFFD04
FA010A
02F80C
01FC01
050EF1
FD0405
FEFC05
000107
0206F7
FAF805
FD0103
FA0404
F7EA0F
0810F8
FEF90A
07FB07
000002
060CFE
00FD09
FAFF04
03F309
02FCFD
0205FC
0C04F7
FFFE05
FEFF0F
0904F9
020400
FFFC06
FAF90F
0412FB
06FE03
000100
FD0205
FD0801
FFFB00
0205F9
01FE04
FE040A
050205
060BF0
F3FB0E
040001
0402FC
000100
FD04F9
04FF00
09FDFE
0003FE
05FBFA
02FD0D
0502FF
06FEF9
FC04F4
020403
FE00FC
0A08F9
FEFE0E
0B0AFA
FFFDF7
0601FE
040709
051005
050405
FFF806
0A0BEA
050607
F9F20F
0202FC
00F604
010505
FFF510
00FC03
FFFD00
0E0DF1
02F504
FAF910
FD0309
0B13EE
00FD04
0308F6
FBF507
F904FB
0BFD00
0201FC
FF000B
0305F6
050504
0708F2
0E0CF7
0504F0
0104FA
FC00FB
FDF50D
01F903
020109
0104FC
01060D
01F9FB
F6FF06
000001
0008FD
0A09EB
060AF5
FDFA0A
020205
FD00FB
01FB06
000001
F9F80B
0108F9
F9F607
FFFE00
0202F8
010004
F9FE04
0002FD
FFFB00
02090C
08FCFF
FDFB05
020201
0804FE
04FDF9
00FF01
0A0002
0409FE
050707
000001
FCFD01
040300
0C02F6
000000
FBFA05
01FF04
FE0907
00FF06
FAFD09
0400FF
0005F7
FEF402
020905
060AF6
00FC02
000001
0405FA
010305
04F406
F8F009
0A0904
FF06F6
FE040A
00FE03
FEF607
0504FB
0308FA
FFFD05
06F70D
070807
FF0709
000000
04F807
0103FA
07FDFE
0208F7
0C01EE
F6FE0A
090207
000100
EFF20B
FF0000
0DFDFC
FEFF03
04FC05
FCFB06
07FD08
FCFA04
0103FD
FC0008
08FCF9
01FD01
080501
0106FE
0BFCF3
FFFF00
FF0200
0911F8
070208
FCFE0E
F5ED1D
0A1CF5
FF0205
FFFE06
060FF2
F9F9FD
F90005
0608F6
050CEC
010202
FEFB04
0607F7
0914ED
02F9FD
FE050A
010005
0000FC
0606F9
FB01FE
0304FA
01F701
F1F910
F4F006
040BF4
070DF0
F9F205
0705FC
070AF8
0A0C01
0B10F4
00030B
FD01F5
00F900
0609F9
040307
FE07EF
FEFFFF
080FF3
090D01
F9F511
FAFA17
1013EE
FAFE0B
F6EC16
FF0901
080DEF
FCEF16
FDF905
FCF710
0D12F3
0202FF
0206F9
F8FA00
050DFC
FFFC08
0001FE
010005
00FE01
FDFB07
FEFD03
FFF1FB
0106F6
090C07
000002
050404
FFF808
04F8FF
000000
08F5FB
000502
080303
FFFF00
FEFAFB
0B0600
FDF609
0105F6
0D00F5
FFFB15
FC00FC
01F500
0805FC
0108FF
05FCFD
000002
030600
03FBFE
FEF501
03F9FD
030BFD
01FD04
FCFE03
00FF01
03000A
030601
060203
00FF01
F5EF11
010704
040B05
000000
06F60C
03FB03
0F06F9
0105FA
FEFC06
0704F6
080704
0001FF
0705F4
FAF505
FFFBFD
FDFC02
050501
0A0CFF
0DFFF8
FEFB08
0407FD
0C0FF5
FDFE07
FF0101
FBFBF4
F2FA0B
02FCF8
FEFE01
0403FC
0506EF
00F50E
F9F810
FBF80E
F8FC05
0E04F6
050006
FC0308
FAFB14
02FA07
0101F8
040DF7
F7FC04
FBFAFF
01F903
F9F5FC
F1EB0F
140EEB
F8EC0A
101CE7
0B0DF1
FE01F2
050100
FBF406
FBF804
0808FC
FBFA09
0B0FED
E9F018
F5FBFF
FFFDFD
03FF0E
030BF2
030A04
050FF8
01F212
FCFB03
03FFFC
060CE3
0302FF
000404
04FE07
000E00
080FEE
0307FD
0404F7
FBFA09
020201
F9F611
0C08FD
0409F7
0505FD
0205F9
0700FA
0305FC
F6F10A
FBFDF7
FF02FE
0002FD
00FDFC
FF04F6
0604FA
050C05
02ECFF
FCF901
FE0706
0206F0
06FB07
06FF00
020301
0002FE
04F906
FF0006
0104FF
FF0000
F7EF05
0001F9
FDF404
0205FA
050401
F9FF10
F7FC05
00F505
0A0C08
0A05FD
0BFE07
000002
0205F5
0204FB
00F504
FDFA00
070BFD
0400F7
F90100
0104F9
FEFE07
00FF08
0500FB
0001FD
FBFF0E
FDFC02
FF0104
040BF3
FC0403
01FE03
FD02FF
00FF01
FBFE11
0B06EF
070602
00FFFE
04FFF6
1008FD
0C0805
FEF905
FEFC06
100FE8
05FD04
0708F2
00FC03
1315F0
FF04FC
FAFB0B
FCF9F1
FCFD0B
0906F3
0606FB
FEFE04
F8F309
FF09FB
0607F9
0A0FFD
FAFB09
00F205
0009FD
F8EF13
04FB06
FDF50D
F7EF0A
0200F0
F0EB10
0707F6
01FD03
F3F305
EEE821
FBFC0C
050AFD
030903
F2E812
F9EE0D
030301
080BF1
080AED
F8F503
0813F6
0206F6
FC030A
F7F30C
0306F9
0501FC
FDF608
0000FF
FE01FE
00F502
0008FE
0801FB
0915E8
FDFE0C
FAF214
0307F8
090BF8
080605
0104F8
0C0CF6
070600
FE0015
040DF5
0814ED
FDFC09
02FF0B
0307F0
08FFFD
0208FB
070FE8
0003FC
030DFF
000311
040EEC
FAF404
040003
080AFF
F9E409
000200
0F06F4
FBF305
FEF609
05FB00
000000
0000FB
0507F7
00FF07
FDF704
000000
04FA02
02FC09
020201
FF0000
FC0704
FEFDF8
FFEF0A
FEFD06
0301FF
EEDE20
0CFCFD
000000
FD03FC
FFF503
FEFF02
07F500
030208
0201FF
03F809
0103FB
02010F
FFFE02
04000F
0105F6
00F50F
00F704
0402FC
0102F7
05FDF6
070609
FD0309
020AF3
F8F704
0805FC
040B01
0907F4
02FE04
0301F5
FC030E
0301FE
070AF6
030CED
01F605
010000
04FE01
0312ED
0300FA
0104FD
0304E4
F6FB17
F9F005
FF000B
FDFCFE
02FFF7
0A0FEE
F6F910
080805
FFF0FE
F8F90F
00FD00
00FC07
F7EB11
070302
F0E122
F9EE0A
FAFB04
FD0607
010003
FFFFEB
F2F11A
00040D
FFFF09
0A1AF1
01000C
FBF3F9
EADD2B
0A15F4
0713F9
07FFF3
040BF2
FEF80F
F2EE1C
F0E90E
0D10ED
0516F8
F5FD15
F7FC11
0400F7
090802
FBFA0B
03F8FD
FE0601
040DF2
F3EC15
FF0C03
FDFF01
FAFC0B
FD0700
080DFF
F6F30B
0B0CE3
F2EF0C
FBFE00
FAFB03
FEF804
F7F019
0204FF
030700
0E11F7
0A14EB
050B00
FDF90B
04040D
FEF9FF
000B08
0805F4
F5E31D
010001
04FE05
FD0101
FEFFFE
0203F9
FE0000
FF00FF
05020C
FFFD09
000006
FFFF01
FDFC0C
FFFF01
0806FD
FF0000
060106
FBFD08
FFFEFF
00FE04
06FB0A
01FC06
06FB0D
000000
FFFEFB
0207F7
02FA09
02F506
FE0703
0106FB
FBFA02
020AF3
050509
FA0009
020308
030EEC
05F80D
F7FA0F
00F00E
0203FB
06FCF6
FF0106
010509
0104FC
020803
0206FB
00FC00
0006FF
01F901
0B04FB
01FEFC
0504F2
040AFA
0003FE
FAF70A
090EF8
F8F308
0A04E4
01F604
FAFC03
F9F4F8
FDF9FB
FCF4FD
F8F30D
FF06EF
FAFA05
F6F903
EEDE1F
F9F416
EFEC10
0709F4
F4EF12
FBF80B
F5FC0A
FDFD05
0203FD
060EF6
00F405
0A02FE
FAF518
0A04F3
FDEF08
F9F607
0507F8
0405F2
F9F515
F6F90D
FDF10F
FE04FB
FDF7FA
FCF204
0300F9
F9FB13
000306
0501FA
1110F7
FD0007
F3010E
FEF914
1014DD
FBF70B
FAFAFD
010006
0809F7
F90411
0205EE
0512FC
0B10EB
080AFB
0B13F0
050BFF
FF0AFD
0E0EE3
F1E717
020CFC
080DF2
080AF9
0402FC
FA0406
00FE02
06FCFE
F7F6F9
070A01
FE0003
0F0FF3
080EF9
FA05FF
00F6F6
FDF707
040903
FCF50A
F7F90B
F8F109
080B09
02000D
FEFA00
FAF908
00FD06
00F700
FFFF02
02F90A
07FEFA
01F801
FF0000
F9FD0A
000BFD
00FE00
000000
010805
00FA06
070404
000000
FD0401
FD0803
FDF7FC
FCF5FB
02FFFF
020602
FFF308
020BF0
020102
030006
F5F310
0305F8
0AFC02
FFF20C
FBF614
FFFC05
06F8FE
FC0A00
FFF909
0307F3
FCFA02
FCF708
06F804
0707EF
00FC03
F7F913
F7F80D
0507F3
0100F8
FCF8F9
030AFB
FFFD00
0901FA
131CD4
0801ED
020302
01FDEB
0404FF
0F10F3
FDF60E
FCFD04
0A0402
090907
F8E80B
090304
030305
080FF8
080AE3
FBFC11
FCF403
1111F6
F6F714
0A1BEC
02F3FA
0E07E8
02F308
FB0404
FEF30D
EDE917
080A02
1414E6
FA01FE
FAFF07
FC020B
0616F1
FE0905
040F05
030109
060501
021400
F1F514
0508F4
0202FE
F5F615
FE03FD
0909F7
040702
F1F616
F5FB09
0B0DED
FCFF09
F9FB00
FA0803
121AEB
050806
FEFB02
030AFD
01FE00
EFE223
0403FA
FA080A
FCFF06
FBF70C
F8FA03
F7030C
0808F2
03FA01
FAF602
0B13F0
F6EB07
FFFD05
00FE0D
FE0DF3
F2F70A
000203
050AFB
0A10F8
FCFA05
0205FC
FF010D
FDFEFB
FFFB03
FCF314
000804
0200FB
FFFE03
FDF208
03F910
02FC0B
FFFF00
FBF006
FFFD0D
FCFB01
FF0000
FF0905
03F704
F80003
000000
040FFA
02F8FC
01FE02
FDFAFF
0A0105
050AF7
FBF603
0107F5
01000E
050404
03FB0B
0200FF
08FB01
FB0105
00F705
FDFA09
0906F9
060AFA
FEFC05
0105F8
FAFCF8
0A0CF5
FDFB05
0000FD
01FCF6
FDF904
FEFB12
FFFD01
0303FE
08FCFF
070FF8
F5EB0F
0A15F3
01FEFF
1115EC
FEFF08
05FFF5
FBFEF6
FF05FB
FDF90D
03FDFD
FFFA0B
08FDF4
0C11F5
FE0008
0509F9
FEF504
FAFC07
0F15F5
080805
FCF712
F2F803
0718FA
020BF0
FAF5F9
00F614
0201FF
000B07
00FCFD
F3F411
0C12E9
EAF10E
F3F601
1214FB
020FFA
FBF30B
0704FA
0B0CFC
040AFC
EDE521
040003
FE0300
FC010A
0303FF
F50207
0E13EC
01F20C
FD0708
0D0204
1226E9
FDFF12
E5EB18
0406FF
0A08FB
FEF803
EFE711
0A0BF6
FB0101
F6F90F
F8F313
090FF3
FEFF08
0AFFFC
F4F806
FDFA0D
030203
1013EB
F8F909
01FA04
FB0303
020002
FFFE08
FD0909
F7F606
0802F9
0B15EF
0A0504
FEFB0D
0817E0
00010D
030700
000103
0101FE
070902
02090D
FFFE03
01F601
02000D
FDFE00
FFFF01
FDF607
FAFD01
FCFC07
FFFF00
0AFDFB
FDF707
09FEFE
000000
07FDFE
04FCFD
FE0303
02FCFA
060304
0504F2
FBF30F
0001FD
FD010F
F9F80F
FFF60E
0106F5
00FB0C
FBFD0D
FEEF11
030AF1
0D0DF7
FD020F
FBFB03
00FF00
0908F9
FDFB09
FDF601
FEF50C
0D0BE2
FDFF05
FAF017
FDF304
090CFA
03FE00
050305
FFF7FF
0707EE
FEF7FF
0606EE
00FCFF
FAEF10
F4E716
FAFC02
F3E420
FBF3FF
FAF709
0712FE
F6F31A
0CFFF3
1425E0
03F9FE
020006
1116F8
FF1001
F9EB0D
F6F509
03010B
F70113
FEFD06
F2EF1F
030FFF
010CF9
F8E914
FFFD11
FEFA01
EEF31A
030BFB
FBF414
FB0CF7
E9EE18
0705EE
FAFA16
0608F3
04FDFA
020000
00FD0B
FAFBF9
EFF904
FF020E
0410FD
FBFBFC
EBE916
030704
0C0AFA
0605FB
E9E721
0B09FF
030BF5
0911F7
F4E915
0005F4
020104
EFDD2A
F70009
030002
FBFC07
FFF4FC
030901
F8F30A
FAF409
0103F7
F8F914
03FA0C
050602
FA0002
04FF07
0E0704
FBF706
0503FD
090906
010900
FDF709
0403F1
FE0308
FAF80C
020504
FCF40F
0205FF
FC05FF
FEF904
FEFA05
08FA01
0004FB
00FF01
F9F5FC
FEFFFC
FE07F9
FFFE01
03FBFF
02F107
06F60B
000000
050CFA
03FCFC
FEF805
FFFDF8
FAFC0D
FF0004
F9F904
0002FB
FEF811
FCF40E
F5E91B
0001FD
00000E
FF01FC
00030A
000001
09FC06
060CF8
02FAFC
000000
FEFEFA
0C15EB
0C15EF
00FE03
0A0BF4
FEF7FC
0305F7
FCF408
0E0901
FCF5EF
1410EB
080FF1
FFFCFB
010303
04FF09
FE02F4
0100F9
080CF3
130DF6
EEED22
04F6FC
0A09EE
00FC00
E2D52D
FFFCFE
0B0FF5
080CF8
E3E024
030504
030C07
FBF906
F8020C
1010EF
F6010F
0403FC
F7FB15
FB080C
F80109
FDF6FB
020F09
FBFA0B
F5FA07
0D08FA
0812FA
F8FA11
F2F807
04FEFE
0D08FD
020809
FAED1A
0313FF
00FEFD
F1FC02
FEF502
FCFE06
1119E3
00F7F9
F6F80F
FF01FD
F9000B
090DEB
F8FD15
F90BFD
1211EE
F8F516
EEEF24
04FE01
FFFD04
F2E51F
FDF617
000C05
FEF901
0603F3
FD0315
030901
0E11F2
040003
000310
021002
060700
1006F4
F5F20F
0700FE
F8FA0E
050805
070306
FA04FD
FBFB08
0F13E7
F6EE15
FA0702
02FF04
0A14E7
0408FB
FB0007
FFFE04
FF0004
08010A
030500
FFFE02
02F6FA
FFFE07
020104
FFFE02
00FF04
FBFA06
FAF20C
000001
0A0BFB
FFFC07
FD01FD
04F3FB
FBF306
FFF9FF
F7F109
FFFF01
FEFE0B
FBEE18
F7EB17
FFFF01
FF040F
F8F019
F4E51A
000000
0E0AF0
FF02FF
F5ED18
000000
0706FC
FBFA0F
F9F811
010100
0D11ED
0A0BFB
FBF813
FCFD0B
0104FA
0206F8
03F9FD
FCFA12
01EE0C
EEF11D
00FD0A
FE01E7
060AEF
FDFA01
0B03EA
01060D
00FE00
0CFEFB
0B08E6
F2E813
FD0508
1318EE
09FDF8
070905
070AF5
F2F90F
100BF7
FA0211
0208F8
F1F617
FBF319
FAF719
FCFB13
03FEFE
FEFF0B
010604
06F409
FBF914
090803
050500
06FFF3
1410F5
0F07F3
0802E8
0205FC
000202
F8F306
0C14E0
070BFF
03F7FE
F90BFD
0D0ADF
FCF3F7
F6F40C
F8F411
0409F7
0B0FF2
F6E813
FBFD0A
FD070A
FCF917
EAEC25
FA09FB
090BF5
F9000E
FB000C
01FCFE
090FF3
03F6FE
0407F5
060801
1013EE
FF0400
F2F314
050B04
080CF2
000BF9
F2F317
000508
0509FE
1015F5
FDF31E
100D03
F9F904
0A11F5
00010A
FAFC02
F9F811
F9F30B
050CFA
F9FE00
00FD06
0405FA
050AFC
0702FF
000000
FAFA01
0805F8
06FD01
FFFE02
FEFB04
01FD02
FB0203
000001
010B04
FEF60B
05FD08
03FB03
FCFB09
F9F512
FCF702
FFFF01
FEFE01
FFFD09
040303
FFFF01
F9F202
0105FB
FBEF11
000000
01FF04
091BE5
050DFB
000000
0906F8
0813E4
00F902
FBF50E
0805F7
FEFF07
111AE0
FAF709
FCFA03
F7F609
0D12F2
FCFE04
04F90B
1013E5
1919D5
0501F0
02050A
0811EC
0804FF
0700E1
F6060B
FD0AFC
1415E6
0B05F1
FF070E
FB0F0D
0400F9
F3FA0A
050D08
131DEB
01030D
F9FA09
0910EA
100FF4
FE0CF8
F2EC0E
0902F3
FFFF17
FD030C
030602
FEF209
02F301
FEF111
0B11F7
0F04F1
0609FE
04FF0E
FFFCF8
0917F1
F3F11D
08FDFC
F9FBFE
FC0AFC
040404
FAFF0E
0103EF
FF05F3
FD0304
F7F90D
090AE5
00FDF7
E6DB28
F4EE17
0A0EEE
00F70E
EBE333
ECF01E
0503FB
FBF9F5
0B12EF
F40602
050706
FFF406
0C0EED
0302FE
0D0DF4
0EFDFA
F7FD13
01040E
FFFD03
030307
EEE526
000302
FEF500
0501F9
FAF207
FCF20C
0801EF
FFFAF9
010401
F7FA0E
0505FA
FFFAF8
0008FF
FD0001
090EF4
0D14EA
030A03
FA0009
00FF00
FFEF02
040406
0503FD
FFFE03
FF03FC
FBFBFE
FCFD09
000000
06FD00
FEFDFF
0501FD
FDF805
02FFF8
FDF709
FBF608
FFFF01
030BF5
FCF70D
F8EF18
000000
FDFC07
040FEF
FBF714
000000
1213ED
030EFF
0A25DA
000000
050CFD
0205F7
0D20DA
FAF310
00FCF2
01FA06
0F1BE1
ECD82F
F8FBF5
FE050A
0510EF
FF0208
F6EA18
1005EF
0E13E2
00FE1F
070BFD
0713F7
0D11E7
F6F20B
F8FB06
00FEFD
0E02EC
0306FA
FEF911
FC0605
00FA07
FF0304
FD0409
F9FBF9
0001F9
F6E818
060AFF
F9FEFE
F2FC0D
F3E915
FAFAFC
05FAF6
FF0C09
FCF40F
110AEB
01FFF7
00F90F
FBF50C
F1E216
EEFF00
FEF5FD
FFFA0B
F0FC12
EEF922
0905F3
FFFCFB
00F614
F1F513
0B12F0
FDFAFA
FBFE07
F40205
0211FD
FE0100
060EE6
FE0D06
FEFD0A
00FC13
FFF7FC
F7F30D
F2F40F
FE0B00
080BF6
F5FA14
EE0017
020306
F8F615
F0F512
070D0C
FBEF05
01FF00
FDFD02
070603
0405F8
050004
F1E911
FFF70D
FF02FC
000A05
040AF8
05060C
0C10E9
FF09F8
080EF2
FDFC0C
0E16ED
0506F2
080DEF
FE0210
090DF3
0306FA
050400
FEFC03
FF01FC
06FFFB
03FDF9
01FFFC
FFFE02
0501FD
01F402
05F502
000000
070802
03FD01
FFF702
FAFD00
FEFE02
FFFC0D
05FE05
FFFF01
FF00FC
FEFB09
FEF909
000000
FBF30B
0414EE
070BFC
000000
030EF2
0410F6
FE0A03
000000
060100
060FF5
081EE4
0206F9
FF0604
040904
0307E9
F3F21B
FD03F2
0D0808
0B10E6
02FF06
06FF00
020D02
1011DF
04FC0B
080304
070703
0B12E7
EAE314
FB020D
FB0A08
0612E6
EAEF1F
FAFF00
FDF40F
1210EA
FB0CF8
FD040F
FE0AF3
0010FA
FAF314
FEF7FD
FFF70F
FD0E02
EEE51F
0E0FF2
FBFE0C
F20010
F7EB1A
0509ED
F7FD0F
FAF609
0203F8
0500F9
FF090A
FFF917
FCED11
FC07F4
F4F81A
06FCF9
00F907
E6F11A
F3FE1B
0608F3
FFF607
F8F20D
F6F518
05FF08
F7F00A
FEF905
F3EE0E
F9F618
FE0405
FBF30D
F5F50A
F7FD09
FE08F9
F7F50E
F4E60A
FAFD14
F0EF19
0404F5
FE0002
FF0804
F6FA0B
F4EA1B
0003FE
F8FB02
FEF604
0408FE
02F3FF
FD03FF
0504F6
FE070C
02F003
FF12FD
0D0EED
080EFE
F2EA1F
F4F613
0D1CDD
0208F2
EEE91E
FBF51B
0B15ED
0D0EDA
00F209
FE05F7
FFFF00
03F8F7
080703
0107FA
FFFD03
080508
00F3FF
01F205
000000
090D01
010800
0800FF
06F4F9
0102FE
FFFD0A
0109FD
FFFF01
FDF907
FFFE05
010207
00FF01
000403
0414EA
000102
000000
010FF6
0916F3
0615EF
000000
0C1AED
040905
0E28E6
FF01FC
0DFFFF
F5FA07
070EF2
FCFC0C
0C01F9
120AEE
1214ED
070A07
FBFAF5
0704F2
090DEE
FD050C
050900
0311FB
0B0BF0
F9FB06
0707F6
060700
080FFC
FBEE0E
F5F10A
0F10F6
0A12FB
050102
F8F718
131DE9
1310EA
070BF9
020AF4
FEFD0D
040509
F0E31B
0001F0
070702
FE0003
0109FE
120804
1417EB
0506FA
0618D4
FEEDFF
F3F60E
010A00
040506
FA0B14
FA030C
FAF6FA
FAF616
F1F608
070802
08FBFA
07FDF0
E4E21C
F4FD13
FA000F
06FF00
000CF4
FA0703
F9F211
0706FC
FCF405
FDF714
FF05FD
0211F5
0503F2
F8F718
F0ED11
F7FD08
FFF3FD
F7F91C
FE0302
F3F600
FD010A
0809F7
04060C
F3EB18
02FD01
FFFD14
08FE03
02FF03
03FE04
0D0A03
FAFC0A
090BEA
0200FE
FE0114
04060F
FE03FC
F3EE19
0D0FFF
050207
F5EC10
FBF9F1
01FA01
000209
010004
05F902
01FDFF
050100
FEFB06
FF0C04
FCF204
FC000A
000000
050806
060DFA
04FEFD
FBF201
0206F4
02FEFE
FF03F7
FFFF01
FEFE0B
030AFB
050DF8
00FF01
0616EF
0107FE
FE0307
000000
020F06
F9F50E
FE0206
FFFB07
FD0307
0107F6
FBF611
030FEC
0C05ED
02FEFE
FBF801
010300
0400F2
1103F4
0B1BE6
0C0FF5
00F9F8
0A09F8
1011EE
141CDE
FD0202
F900FA
0915F1
F9F808
0815F2
F4010C
1212FD
FE040A
FA040A
F4F419
080EF5
FC0605
F9F41A
EDFB04
1315FA
FAF30B
0E0CF3
001002
FE0201
FAEE12
040500
0210FD
F6F016
F8E81E
0518FB
0E15F3
0C0BF8
030BEA
0802FE
010BF2
FC0A09
F7ED15
02F2FF
0201FB
FAFB0C
0F13E8
E9FD1A
1117EE
06FBF8
04FBFE
E5EF1E
0216FD
FEF60D
110BEB
060A03
F9FA0C
FD00FD
0A0BF1
F9F805
F7ED14
0C0C04
FDFC10
FFFD02
FBFB19
FBFF08
010AEE
050BF3
F0F81C
071AF9
FD0803
070AFE
FC0611
FDF911
FBF208
1508EE
FB0114
010903
01FEFF
0A07EB
030D19
020C07
F9FBFF
FAFD0D
00F507
040E01
F0EA19
F90107
FEF909
FCFB00
F8F80A
FCFBF9
F8F407
FFFC12
FFFF02
FDFEF9
0809F6
030BFB
000001
0000FF
F7FCFC
030002
000000
FF0FFE
0508F8
0B05F8
04F600
0308FE
FFFD09
060206
00FF01
FEFF0A
010AFD
0A0AF5
00FF01
0412EE
020CFD
030600
000000
F6FF16
EFEA29
FAFC16
FEFB08
F8FF07
000607
0213FF
000201
0B0BFA
0611F8
071CF3
F4F016
FCF3FD
FDFC05
0607ED
F4EB18
F4F9FA
0E1200
0905F3
070DF1
F1F80B
FB0E08
F1F014
0B06FE
FCF4FC
05FB12
0D10E5
F9F60B
081802
090FFB
000DFC
080EED
0718ED
010B07
EEF214
0609F1
0B06EC
080CFB
0107FE
FDF907
0903F1
0710FB
0A06F5
0308F9
FB040D
020B00
0403F8
FEF707
04070F
F4F109
FDFE08
1417E3
0103F2
FBF702
FBF708
09FAF6
F2F314
0F14EA
010BFB
0B08F3
EAF416
1525EF
FF07FB
0100F3
F8F011
010F00
010506
FF04FF
F9F30C
FF0011
0A1203
090C00
0B18ED
0609FF
01000A
FC06FE
FAF301
F9F501
020211
F3F60C
161AE1
F8F91A
F6F00D
F3ED0E
0C18E9
030311
050EFA
FC0002
00EE03
0F12F9
070007
FAFE0B
0D04F5
FEFA05
0F0AFF
FDFF02
080C06
FBFDF8
050205
F7F80A
00FE0E
0203F3
030207
FFFCFE
0903F8
070BF7
0A0603
FFFC06
04FB0B
0100FD
FAFA06
00FF01
0409F7
0204FC
0403FC
FAFCFB
FFFE0A
FAF516
FEFB08
000000
FDFD10
FFFE0C
010403
000000
020FFE
FE0706
FAFC11
FFFF01
F90A08
F5F612
F6F51E
FFFF01
FCF016
FD0E00
FD0609
0515E8
1409E8
FDF411
FEF710
FE0404
1205EC
1512F8
0B09F2
0512F3
FBFA02
0B11EB
0504F0
131EF4
F5FA11
0E12F5
1318E8
090AEA
FEFBFA
1216EF
141AF5
0009FC
FBF304
141BFA
0109ED
000002
111FF1
F8EE0B
060706
131DE4
00FE0C
030701
040002
0D19FA
00FD04
0714FE
030702
1118E6
031301
030102
0D0AF9
1315EC
00FF04
F7F310
FBF604
F2E814
FEF102
F6F711
FBFF0D
04020A
F8000A
F9F809
100CF2
0D14FB
E2EB25
FFFD00
090AFB
060DEF
FAF80C
FBFA0D
0CFF04
0102F6
0719F8
0303FB
FEFBFE
090AFB
070AFD
F2F40E
F7FA0B
0306F5
0302FF
FBFD0C
050501
00FA0B
06FAF2
0516FF
080C05
FDFDF6
0C07F3
FFFB0C
00F805
F2EE1C
1206EC
0711FA
FF0B0D
030EF2
1118E4
031301
08FE0B
FD0001
0F12F5
071AFA
FD030A
F6F807
01FE01
010300
02080D
FD05F5
08FFF9
00FA04
FDF40E
0208FA
FBF50C
03F9F9
FDF7FD
000000
09050B
010505
09FC01
FCF006
FAF909
F7ED1A
010109
0000FF
FB000A
F8F41D
040503
FFFA09
FB0008
01040B
080FF7
FBF312
FA05FE
00FE07
F9F614
0003FF
F4F60B
FB000A
FE0508
0511ED
0C0AF8
0109F6
F8F51D
0814F2
1715E3
060AFD
F80213
0711FB
06FBF8
0F13F5
050E03
0313F8
EFEB1D
080DE2
03FB12
0B04F8
FAF007
080806
0314FA
FEFC0A
FDEF05
FF09FE
0104F9
FB0402
1020F3
FEF809
0703F9
FF0C05
FE02EE
090202
FEFD07
0A05F9
00FF05
100BF4
030E05
050AFD
F6F80A
FE04F9
050CFC
0EFDF4
0204FB
03000E
02F60F
0A09FE
0101F5
060C06
F9F503
020AFB
FB080F
090900
0806F6
0608EB
FBFC12
F2F9FB
0807F5
0909FB
FA0603
F7EF16
070B01
FBF90B
040EF8
FE0312
010A01
050706
F3F714
0606F5
00FC06
0301FB
050BF4
0205EC
00F609
FF0509
01FE00
02FDFE
01FFF8
0208FF
FEFAF9
0F14EA
0109FE
FCFFFE
0B08FC
142EDD
060B09
FE01FE
0C0CEA
1723ED
07FF05
F7FA01
110CE9
0D13EF
FFF90A
0304F2
0809F9
0605FE
05030A
0504F5
04F7FB
0A0FF0
01FE06
00FF02
FF0502
0A0CF5
0D0807
00FF03
060CFF
000408
0306F9
06FFF8
FAFE09
F8F31F
F8F50D
02FFFD
FBFA02
050CFB
0107FF
FFFC05
FF0207
030F04
F8F412
FDF511
FF10F8
010D02
FFFE0E
FAF713
0407FF
F90207
060E03
0103FE
04F9FB
F8F80F
F3F812
0713F9
1C16E5
F9F11A
091609
F5FE13
0202FC
03090B
F80505
FA0607
F0EA22
0E0A02
F60501
FC0305
F9F511
070501
000C00
FAF919
FBF20F
04FDFF
0C0DE9
EFF715
0C1BFD
02FAFD
090600
EFEC15
FBFC0F
1010F4
FD0201
F9020C
FCFB07
050500
0D07FF
F6FF02
0A0CF7
0704F4
0301F2
06F200
FDFA17
050EF8
00F804
070BF3
0307FB
070A04
05FEFE
1115F3
0102FC
FE0713
020700
100AF2
F6F21A
080D09
0913FC
F1EF0D
05FF03
FCF813
0005F7
E7E720
F8000D
F1F018
FF0002
F6EA14
0D1AF1
FBFE09
F4ED09
F4F606
F1EF15
F2E710
0201FB
FF07F9
FBFF03
03FAF8
F8F906
030CEE
0403FA
03F7FD
FE0505
030DF9
0E1BEF
F8F10F
FCFA09
1019E9
1315F3
050BFE
090AFB
FDFC02
070BE7
0605F9
0B0305
FFF804
FF00FB
0F12F2
030304
FAFD05
F8FA06
1A26E6
FEFB0D
0405EE
040702
090CF1
FC0606
000000
FF080C
0308F9
FEF809
FBFA07
F9040A
F6F01D
F3F71D
00F8FF
F5F911
010BFD
FEF908
FFF80B
F5F50D
0418FC
030D00
FEFB09
F6030A
010C01
F3FE0A
FF07FC
0402FB
000702
F6FA08
FC0700
04F40E
FD02FF
F2F110
FA020B
0CFBF9
F8F506
F2FA0F
0306FF
04F2FF
1119E6
030BFF
060F09
E6EC1D
0505F0
0801FE
01FD0F
EBEA29
03FE01
FB0803
121BF3
F7F409
0F18E9
FAFC06
E8E914
041100
020AF3
FDFE03
FBF814
100DFA
0A15ED
FFF90B
050E00
070BF6
0500FF
F5FC09
FF04FE
FAF417
0808F9
030109
0501F3
04FCED
00FBF7
08FB00
1114F4
FCFC10
030CFF
08F7FF
1011FA
F2E922
050603
EFF60A
FA03FE
F7EA0F
0707F2
0000FD
FBF406
00FE0E
090BF4
03FFFB
F8F509
040506
FBFB1A
F9F1FD
F7E912
0A11F3
EFE728
070BFD
F1E40D
111DE0
FDF608
07FDF6
070EE6
F9FE08
03FE01
00FA18
0309E9
00FA0C
FCF718
FA0217
FDFFF7
F8FF02
FBF115
080E05
090903
0E0AF3
03FE09
F90505
FFFFFD
1819E0
020408
02FD0B
0003FC
050EF7
1412EE
050BF2
FE01F1
0001FE
0712EF
010EFD
0607EC
0B1BF2
0200F2
0505FC
000004
FE010D
FFFC04
00FE06
FAF904
F6F913
F8EF12
FEF605
00F805
FB0106
FE0202
0203FE
FEFA07
FE0A06
000BF7
F9F210
FEFE0A
F704FF
020C05
030D05
0203FB
0D15F2
FDFCFB
FF0D04
FFFE02
030600
FB040A
F8F708
F80305
F8FC0A
F7FA12
FD0103
040CFC
050AF3
0710EE
F4FC01
020AFD
FEFA05
0812E6
0A07F7
040109
E8EE19
FEFC03
060709
050002
FB01F7
07FCFD
FC000B
EFFA0D
040407
FBFC0C
04FFF6
000601
0509FC
1522E6
0002FB
080FF5
FDFEF5
FF0318
080CFE
F90901
020218
F6EC05
0503F2
0711FF
FF01FF
0511EE
FFFEF9
050008
F0DC27
0308F9
0B0500
F7F815
F3E908
F0F808
00FD08
01F909
010201
FE0001
FFF801
EFE91A
02FA02
1B26C7
01F30A
FB0004
050DF9
0C12F6
0504F7
FCF901
FCF402
04070A
FCF705
0203EC
FEF70A
00F90F
0E08E4
0507E8
02FB03
FD0000
0406FE
FDF3FF
FAFB0A
F7E622
0E0D01
F7F114
02FD14
F4D420
060C01
010104
0202F5
050801
0D0502
FCF60E
0102FF
0705EF
0F17FB
00FBFF
0B06FE
F9F507
060CFE
0A07ED
03FD06
F5FE13
0601FF
F5F806
070506
090AE7
0DFDF8
FDF513
FDFC0A
0108F8
FEFAFD
02FFFC
F2F209
FF0201
FFEE01
FF0001
F9FF12
F8FB07
FAF313
0208F6
0017FA
FDF90F
F8FD03
0107F9
F90003
0409F8
F5F706
000300
020101
0509FD
F8FC09
FDF90A
FCF90A
FE0A01
F9FA02
030BFF
04040A
040DFB
F7060A
050D00
0408F3
F7F915
0A17FC
000407
0104F1
0D13D8
FE09FC
0711FE
00FE07
FBF7F0
FA0A0D
FEFC0E
FF02F6
010EF8
0409F7
0207F2
F9FFFF
FE0608
F8FC06
F7FD0C
0E0CEB
030700
010105
020DFB
010FEF
03FF16
FEFD15
1210F1
090EEA
0A0BE4
060AFD
000201
FDFBF5
1923D8
0303FB
FEFF02
F8F00D
0809EB
0608F8
FF0109
F6F01E
FFFBF5
07FB06
EEE613
FAF71A
F5F708
F7F616
F8F30B
0100ED
FF0302
FCFD0F
FDF706
040902
FEFD05
F8FA03
FAFFFB
080CDC
091CE7
F3EF0B
0107E7
0807EF
010003
01FFF7
0000F6
080302
FF020E
03FFFB
F2E90F
FEFC04
0506E8
0D04F8
EFE51C
07FF0C
0303E8
FAF40C
F9EE08
FEF7F5
05FAF7
00FE04
FDF20A
0A16E5
FFF5ED
06FA08
F4FA19
FFF707
08FEFE
F9F106
EFF40C
090305
000501
0F11EA
F8EE09
FB0507
0C09F7
0900F4
0204F3
020603
FCF70D
00FB09
07FBFD
EFF118
F9FC0F
FFFA0F
030CF6
000401
0612F4
F8FB12
0207F6
020EF2
FB01FD
000203
0303FE
FAFE05
00000A
FF0503
030004
FCF809
020800
010702
FF06FC
0407FB
060B00
F6FB0D
080BF9
0008FB
FAFD15
F8FD03
020909
0603FF
F5F711
020900
0C15F6
0F09F5
010C02
020BF6
0A12FB
0100FC
0210FB
F70309
0814F6
00F81D
FC0112
FDFEFC
F9FF08
0904F1
00FC00
0708FE
0009FE
090CE7
F9EE0B
0407FF
0916FC
090004
F6EC17
070507
0A0EFB
0C14D1
1321DA
040310
0A02FF
FBF9F9
1211E0
0BFC00
FAFB05
FE03FA
1219E9
FF04FD
FEF403
03FA13
151BE1
FAF20B
050604
FC0108
0603F9
F8EB1A
FAF7FE
00040D
000203
F7FA08
FDF704
FF060D
0615F5
FCFD01
0201FA
0F1DD0
F5E924
010004
FF01F2
0702F2
0102F8
FEFB01
0203F9
0100F1
070DF0
02F9FD
FBF8FF
030800
FCF6F9
02F609
E1CA2F
030601
FFFEF4
1002FD
F6F012
FDFEEF
0003FD
070BFC
02F604
FDF4F3
1519DE
0C05FD
ECE821
FD0208
0909FE
0805F6
F5F80A
050400
080F04
070BF1
02FDF3
01FF03
0F07F6
1413F8
0201F3
F5F607
FE0101
FF010C
05FBF7
FE0304
0607FB
01F504
00FF05
0808FC
030BF9
FBFF01
0108FA
FAFB0A
0A0AFA
0707F9
040EF5
040FFB
F8F30D
031102
00FF0C
F6EF27
02FB01
0918FA
071300
F8F31D
0A01F1
FB0303
050C03
F5EB17
130FF4
F9000B
010801
011103
1011ED
F4F40D
0B16F5
F8F90F
F7EA0D
040107
FCFA10
02FC03
FAFA05
FC0D00
040906
0710FD
01F615
FEFB05
070BFD
FCFD01
FDF2FF
FC0504
FCFE01
0F0EDE
F9F306
FD0908
020903
0000EE
01F202
FFF603
0D0A05
090BF5
02F7FE
F90309
0A0DF8
080FE4
F9FB09
060606
F6000C
010500
FAF712
FCEF08
0610FA
031005
F7F703
FC0101
FF0009
00030A
0509FC
090800
FEF708
070BF8
110EEE
010200
FDF304
0004D6
080200
02FCF3
FAF307
050AF2
04F606
070FF3
F9F602
090CEA
FFF7FB
080AEC
01FCF7
01FEFC
F9F40E
01FD0D
04FEEF
090AF9
0104F7
020202
FDE606
000113
07FEE5
120FF1
FBE70D
F4F301
0E0FE8
0D07FD
02FA08
060FD0
08FEFA
0C07F5
FDFE06
FCF413
100AE8
110EF9
0402FD
01F804
090BE1
FC000B
FEF8FE
FC0302
0C00FE
0705F8
FEFA04
EEF70A
FBF80A
FAEA0E
0701FD
FF0CFA
FAFD06
FFFF06
FFFF01
000DFA
0409F6
F70109
010400
F6FE04
01FAFA
FE0D01
020DFE
04040A
0209FB
FDF803
FEF903
0C17EF
FD0200
F6000D
FD06FF
FEFA0A
0D0CF6
0610F9
0617FC
EFE424
02F300
FB0004
FA0306
F9FB01
00FFFB
FF0303
080F06
0403F4
020305
0D18F6
060C09
F5EF07
08FFFC
080FF3
060808
FCFEF8
1119E7
010400
0C0FFC
08FD00
FFF6F9
0E13F6
FAF712
0B0BFC
09FFFE
060C0B
0B0EEF
0506EA
0404F0
FE0809
070BFC
0D08EC
0602F4
FF00FC
FBF011
FDFBE6
0401FF
E8E620
02F9F5
FF0F01
FCFBF9
0C0BEF
FBFDFC
0612F7
1412E2
FBFBF9
0A0AF7
030503
1826DF
F9FD06
0405F7
080EF7
010103
F7FE00
06F8FF
FEFDF5
00F305
010DF6
00F8F8
0506F4
FCE210
0D19E5
F9F009
0B14F3
03FA01
FEFAFE
FFF7FC
02FAFC
F3E80B
01FD05
00F401
1009F7
F6E80B
060201
0808F2
02040C
FDF108
0303FD
00FC01
0100FD
0711FB
040CF4
FAF30A
FDFC00
060806
0807F2
FFFA07
F9F904
00FC0F
FFFEF7
00FB00
F9FA02
FDF80C
FE02FB
06FEFE
0808F5
FEF503
0B0900
FAF40F
EEF40E
FE0102
060103
03F304
0609F1
F7FB03
FC0BFB
0301FB
060BF4
01000B
110CFD
000504
EFFC0A
0C11F0
070BEF
FA0105
0307F8
060CFB
0A05EF
F9F70F
1522D2
000205
0B0FFE
0D0AF9
F9EB12
0A14ED
100AF2
020F03
F7E91B
0E15F2
1319F7
F8ED12
01FB02
FDFB01
010408
0B10FD
F2ED0B
EBF80D
070EF9
090EF5
1013E4
F5F708
0B0AFA
0E0DEA
0C0BF4
0D08F6
FF070D
070CFA
0D14F4
FCF801
FEF106
01F806
1219DA
0006E8
00F414
0609ED
FAFCEA
EDDB35
F4FF0F
0403F6
0B18F3
0C1DCD
FCF512
02FFF8
02FFF1
FAEE07
F9FC06
151AE3
0910FB
040D04
FF07FE
0814F5
F8F70C
081AED
01F90A
0302FA
000122
000106
01050C
FFFBFC
FBECF8
FE03FB
FEFF0F
03F2FA
FFFFFE
FA0601
090D0B
03FFF9
FAEE17
0204FB
101200
F6ED18
080DF0
03FCF7
FD0604
FAF108
03F7FE
0102F6
080008
02FEFD
0402EF
F7F804
FF0406
FAF405
0102FC
FCFCF4
F8FF0A
FAF205
F7F608
FFFFFD
F803FC
FCEB14
FE03F7
0104FC
F808FF
FFF6FF
F8F306
0E12F1
FDFF0E
FAF507
F2F007
F5FF06
FF08FD
FCEE07
1114F7
0107FF
FFFC0E
000000
F90509
0300FB
0EFDF9
0100FD
FB08FA
0D06FC
FA0F03
FF05FD
0808FB
0FF9FC
0A0500
FA07FE
FEFAFD
080201
0CFE03
FD02FD
03FAFD
00FF06
0D0406
FC01FE
FEFB01
FC0409
FF0707
F504FE
FB07FC
F80008
080B0B
0EF5FD
08FDF7
F8160F
0806FE
16EEFC
F5080B
050008
0A0E0F
0BFBFB
EA160F
0A00FB
080108
FF00FC
02FD07
F810FF
000810
FDFAFC
F60C0B
0401FB
FDFC04
07F5FB
020802
0505FE
03FD07
FBFCFA
F60C03
01FDFD
0FFB02
F305FA
07FCFD
0001FF
0A0101
F706FB
F91005
0C03F1
05FC03
04FEFA
080202
08FEF2
0E0008
01F9FA
090005
15F7ED
FF0CFE
00FEFA
0FF6F1
01F6F6
090E0A
0AF8FA
FE00FB
0106F8
100400
00FBFA
24E7EC
0107FE
010A01
0000FD
F30901
10FCFF
0C0605
FA0500
09FEFE
02FBFF
0D0303
FE0200
0902FE
030100
060300
05FE00
0104F9
0B0301
020804
09F800
F906FB
FEFC00
040208
FEFE01
0903FA
0701F3
FF0E05
FC0001
FC06FD
0C0AFF
FB020B
FA0301
FD0B06
000B02
060202
FD01FF
FDFFFF
FA0102
FB0100
F00AFE
0700FA
FE0205
F90102
0A01FF
0EF7FC
0101FF
060CFA
FF0100
01FF01
0AF704
FEFF01
0CFAFE
F91009
12F801
00080D
FA03FD
FD10FC
0B0003
FE0204
04FBFA
FB0DFE
0AFDFB
FC07FD
F604FF
00FCFC
17F3FD
FC0301
FA03FB
F90203
FFFD03
080201
06FAFF
F41508
F70807
04FA02
F10C10
0506F0
060503
0001FD
E81813
0BFAFD
020A0A
0102FF
06FAFD
07FAFF
F50911
06FCFF
F902FD
01FE00
F90D0C
05FAFB
FEFDFB
0701FD
07FB05
09F9F9
00FFFA
0002FF
FB050B
0204FC
01FDF7
FE00FE
F60106
0B0000
FA06F9
FA03FD
000104
0607FE
FB02F8
FF0BF9
FF0E08
0C04F9
FE01F9
19F0F2
F60803
F90101
07F7F9
00FF03
03F6F6
0CF502
FA02FB
0506FC
11E8F6
FE090C
0201FA
FAFCFC
070101
11F2FC
0100FA
0505F6
FE03FB
01FAF9
F70A07
FA09F8
09FCFC
09FFFD
09F9FF
F904FE
0EF8FA
FCFBFF
03FFFF
0201FD
03FDFF
03FEFE
0AF900
0300F8
06FDF9
0009FE
05FE00
F9FDF4
0AFBFD
0005FD
FE0101
F807FD
14EDF1
03FBFA
F80002
EC060B
F50400
0906FF
F70401
FB10F9
0FF4FF
FAFEFD
0100FF
01FAFF
FB0103
FA0302
010301
0202FD
FDFB00
000A05
030400
0BFAFB
01FEFE
FE06FB
FF0000
FBFBFF
0AF806
0200FF
0802FC
F70808
0DFF03
0302FC
0500FF
FE06FD
04F707
05FB03
02FAFC
F307FD
060402
08FA00
0101FB
0600FE
0DFBFB
FE0605
01FEF7
0008FE
08F9F9
F40809
05FAF3
F501FD
07FEF7
000B0D
00FCFB
0605F0
060404
0AFF00
060101
08FA03
06FE00
10F6F7
FC0304
E11A0A
0FF601
0D04FB
EF0D12
EF0C07
060403
0501FE
ED070C
0BFEFD
07F802
06F600
FBFF00
FD090B
04FD02
0CFFFD
FE0303
FE0707
0FF9FE
07F901
F60A06
08FAFA
16F300
0A0200
00FAF6
02FFFD
F1100C
0D0200
07FDEF
F10D0C
0FFAF6
030403
02FEF9
2BE5F0
F905F4
FF0705
09F6F9
010710
FB01FB
FDF801
08FDFA
F60EFF
F702F8
04FEFD
FC03F9
F7FE08
0BF2FB
0600FB
F70B06
F512FA
11F1FC
0D06FF
0AF5FF
0001FE
0CF9FA
FF0DFD
0AF8FF
0305FF
FF03FF
FA02FF
090000
FE05FB
F60DF9
F80102
FFF900
06FCF3
0AF7FB
060600
00FD01
FF04FC
20ECF4
FA0CFB
FDFD00
FC040A
FB06FF
0001FF
FC0000
0102FC
0EF5FE
030000
07F7FB
010AFD
0BF3FF
08FD02
0AFB00
0A01F9
0802FE
07FF08
FEF701
0305F9
0103FE
07FBFC
FF0000
18F300
07FA06
08F703
FA06FD
08FC06
03F603
0AFC01
040100
0003FB
03010C
F9FE06
FEFE01
F80FFB
F7FF05
FB0602
FCFF00
F807FD
0DF901
FD0703
03FCFD
F80E01
0EF6FD
050103
04F8F5
FB07FF
0AFEFC
070403
06F4FA
0302F6
0DFCFC
07F703
FDFDFC
0FF8F9
0FF6F9
0AFCFB
FEFFFE
02FE02
16FAF7
FEF602
03FEFC
F209FE
1DFDF5
030704
01FBF6
0301FE
1BEFF3
0BFB01
03F7F9
FC0BFC
0FF7FC
08F8FC
03FBFD
F10A00
0DFAFE
0DF6FE
FFFE00
E91903
17F6FD
06FCF7
03FCFD
F50AFD
F60A0C
06FD05
03F9F8
0DFDFB
07F7FF
0800F4
04F0F8
27DDEA
EB1B0B
04F906
0002F9
EE1621
05FAF8
0AFAFA
0202F9
0107FF
050501
12FFFD
03FDFA
0208F8
0201FB
F40803
EA0A05
FD06F9
0DF8FE
030700
010100
ED0BFF
FD01FC
0908FE
0DEDFF
04F900
F11200
080A00
0AF500
03FEFB
0101F6
F21302
05F501
0404EF
0DFDFF
02FE04
05F800
F50301
1AF0F7
02FEFC
05FB00
000F06
FD03FD
F90A02
FB01FF
FC0000
01F901
F30B06
04FDFC
0D04FB
06FF00
FFFA02
06F9FC
FF04FD
07F6FE
FC0D06
0104FF
0308FA
03FFFF
0502FB
FA0200
0BFB01
F8020A
FCFE01
FDFCFF
02000B
10F904
06FF02
000100
FB0E02
12FB04
0A0E07
0000FD
F902FC
040506
02FD04
05FC00
0704FC
F81309
080203
FFFDFC
000A02
FEF902
04FAFC
FBFDF8
020401
09FAFF
0BFD00
09F6F9
0706F9
14F300
020206
01FEFB
0700F9
0603FA
090102
05F9F6
12F302
07FAF8
FFFCFF
0DF5EE
F704FE
0EF8FB
020306
05F5F8
09FBFF
1BF2F7
090202
FDFF00
06FCF8
1BF5FC
0AF7FF
F80501
E71A01
13F4FD
0408FC
04FFFC
EE0C03
19F4FC
FEFCF8
000100
F80BFD
F31306
F70D09
07EEF1
0205F8
21F0FD
1000F3
0AF1F5
0FF4FA
FE0109
090604
09FEF5
04030C
FA06FD
070604
FD07F6
0000F5
FC0206
04FBF1
0600FA
15EBE6
03FB00
0607FC
FB0104
0408FD
0EF6FD
1002FF
FD0300
F804FF
F906FC
09FDFA
040000
FC0100
F90EFF
FD0F01
FEFD01
F903FD
F007FE
F80CFE
00FD01
FE05F3
060700
FEFE05
01FE01
FAFEF8
13F5F4
FC05F5
FA0300
030901
0AFCF9
0600FE
FC02FF
FF0B05
000903
0AFB05
0EF3F7
0907FE
FF0000
03FB00
07FAFB
00FDFA
FA06FF
F70204
F80300
13F9F8
0A07FE
070C01
FE0100
11F402
FE0503
FA0802
F702FD
FCFD06
03F502
04F904
FB0300
F60508
09F4FE
01F906
FA0300
FE09FA
10F900
09FC08
0100FD
0700FA
050304
09FC00
04FBFA
FFFC01
030804
0DFE01
10F2F8
F01106
000807
10F401
FE00FA
0502FF
000307
02F503
01FFF8
F800FC
FD0707
07FE04
03FCF9
07FB01
FC0AFD
0D02F7
0DF2F0
FEFCFF
10F6FE
0801FA
FF01F8
05FFFE
14F900
FC02F7
F90300
10F306
0501FF
F61207
03FEF7
FA04F7
03FB09
F50801
F905FD
FC0B03
17F303
FE01F7
F50806
0304FF
16F103
080705
0AFEF5
0305FA
FFFB06
04FDFC
05FDF6
010A07
10F9FF
FE07FF
0003F6
10EB07
09F8FC
0EFC01
030AF6
FD0705
F80519
FCFF07
FFFFFB
FFF8FA
FD0C05
010801
000002
0DF6FD
11FCF9
09F7FB
F90700
000902
0003FB
F804FD
FC0200
E61102
FF03FA
FD0C02
FF0100
FF02FE
F804FC
FE09FF
01FC00
FF06F5
040500
07FD00
F90400
FB05F4
0400FA
02F8FA
FE00FF
060500
0BFFFA
0AF7FE
FF00FF
FF0505
000502
00F702
0000FE
FE05FD
FAFE00
FFF4FF
FE00FE
FD02FF
0601FE
FCF801
000803
0A00F8
06F4FC
020C03
FF0100
0B0402
000002
000803
FB07FE
0D0203
0AF903
FE0506
FD0100
050607
06F9FE
070200
FB0300
F904F7
08F902
FC080E
0000FF
0408F5
12F903
04F606
0AFAF8
08F001
030205
FEFDFE
0000FC
E61604
09FC08
0AF503
FC0000
04FEFF
F9000C
060602
FA0501
060AF6
00070D
04FE00
00FCFC
0707FB
0CFCFF
07F6F3
FBFCFE
05F604
0EF700
0D01FF
F00700
E61200
1AF6F8
040104
02FF03
15F706
FEFF02
FA08F6
02F9F8
09F6F2
05F907
F90708
0AF2F3
14FCFB
F9FB04
0406EF
050800
FF030B
0AF5FA
0101FE
08FEED
F804F6
EC0B06
FE1102
07FFF9
16F4FD
F50C01
0A03FC
0A00FA
14F705
11F4FD
F808FC
01FEFA
F4070A
11F3F4
F4FFF8
09F6FD
0102F3
0C07F6
09FBFB
FE0101
F8050C
16F7EB
FB0701
ED1101
0204FD
12F7F9
F20A01
F80800
EF0E05
0AF6FB
060201
08FD00
FB0BFD
10FEFC
07FE02
00FD00
FB04FA
FF0CFD
FC0AFE
FA0300
03FEF4
01FFF6
0AF800
0000FF
08FAFC
FA09FC
F9FDFE
FF00FF
FB0403
0400FC
0102FB
FF00FF
0503F4
03F2FF
F70005
07FCFC
03FEF9
FD0800
0BFEFE
FCFD01
07F5F7
0805FF
0608FA
FE0100
0C0203
060003
010302
0301FE
06FE02
02FD07
FD0005
FF00FD
040B0B
050203
0A0200
FF0000
F403FF
0800FA
09FE07
0000FF
05FEF0
0F01FB
09F5FE
06FDF8
FD0A00
0202FC
050404
010000
070001
020303
08FDFF
FB0704
0804FE
14FC0A
0DF1FE
FC0605
05FEF7
0B0003
FB1002
FCFC03
01FEFB
F106FB
02F700
FC0205
0BFC04
10FBF4
F7FF04
FA0609
0603F6
FA00FE
09F6FD
03FBFE
FE0E12
F20506
0206F5
05FCFD
11F4FF
F71306
001110
FE09FA
F507F6
F11506
11EAD9
FA1A09
1DE409
0FF2ED
08FBFA
0205FD
FD0EFB
FF0602
070503
F50300
1BF3F9
ED1E11
020FFD
FE06FE
FD0611
0EFD00
0803FA
0CFDF5
FE0B10
FF04F0
F6FC00
18F9F5
0707ED
030700
000907
1100FE
0CEDF6
0BFFFF
070001
FB0604
FCF6F9
FB12FF
06F8FF
08FAFF
080108
FB01F8
0000FD
0700FE
EF1703
FC03F9
05F902
FFFEFF
0703FB
08FBFB
07FDFF
13F9FF
00FFFC
FF0CFA
02FBFE
04F9FD
06FEFC
0705FC
000600
03FEFF
020000
FC01FC
FD04FE
0000FF
F60BFD
0200FE
030002
08FD01
F80400
F903FC
FC1109
040000
08FDFC
13F6F2
0809FF
FE0100
07F901
FD0104
060001
F903FE
04F803
0CF206
010704
08FBFC
0906FF
F9050A
0EFB0A
04FF00
FF1005
010706
05FDFC
0FF6FA
06F5F2
0E03FC
02FD07
FF0100
FB07FC
0DF5FD
02F503
FF01F9
0AF501
13F4FD
000406
FA0705
F80AF7
14F1FE
07FC0A
09F801
FC01FA
1EE8FE
07FC02
F60103
05FEF5
F404FA
09F506
06FA07
08FAFA
EE07F3
0CFF08
03F4FB
09EC00
F40700
FF0903
0100FD
EF12FC
070800
F00408
EC0B00
01FD09
E61902
0EF9F9
0202F6
FA03EE
D92402
F80315
0EFDF8
0E000A
E706F0
EF0CFD
0706FA
06F1F7
07EDEA
010109
12F1F6
08FFF8
020502
FE04FF
08FBF9
0CFA06
FA0A0C
F902FE
FE00FE
F6FEF6
0DFDFB
05FCFA
0DF1F7
F408F0
F81206
0E0305
13F302
02FEF9
030205
12FFF8
0BFB00
01FDFD
11FEFB
10FAF7
FA0600
010400
0CFEFA
0305FF
06FBFD
0FEE00
070200
0BF7FF
FE04FE
0BF1FE
F30CFD
10F9FC
12F6FD
FC0E00
06FBFD
08F3FD
F206FD
F609FD
FAFEFD
09FDFE
00FFFE
0A0700
07FCFC
FC0000
0000FF
0006FB
F60000
08FB01
0000FF
FB0CFF
09FCFF
F90E03
FEFEFE
0D01FE
E01DFF
01F801
010000
FC0107
FE0505
040A03
FCFCFA
0A0205
00FB04
050806
05FDFD
020901
FF090A
FE0908
0BFAFE
030902
F70705
FF04FD
01FC01
04F6F9
100100
FF0706
0DF8FA
F31102
11F3FC
060306
07F8F7
0402FC
0BFCFD
F60908
06FBFF
0603F9
16F4FC
F80408
030001
0407F3
13F7FD
0AFE0D
0AFD04
11F8F6
F80A01
FB0507
F50206
F509FD
06FEF1
13ECFB
F707FB
0AF90A
F704F5
F807FE
0006FA
FB0501
EF1AFC
FE0701
E31607
F2150D
F602FF
090601
0400FE
08F7EF
EB120A
010610
FF0401
0AF705
F80CF3
0406F8
D02916
14F1EC
07FC02
06FD05
0CFDFB
FB0AFF
ED180F
E81B07
14F1FA
12F206
F51707
EF0800
030004
0CF4F7
FA0CF8
F906F9
0CFE0E
0FFFF4
E71F04
0803F9
04F903
0315F2
03FDFC
0A06FC
F20A05
14E2F7
F113FF
010EFA
F50600
FEF8FC
EE11FF
000800
06FFFB
1CE205
1FF5FA
FFFCFD
F510FD
090105
FD09FC
000A04
0EF7FB
E91202
0106FB
0300FF
FA00FA
F902FA
0600FC
FD0401
0005FE
FD0600
020BFE
050A00
FF00FE
FC0801
020700
04F9FC
0000FE
0A06FB
F601FF
030000
FF00FE
060600
0706FF
0BFC02
000000
01FF00
FDFD04
F70001
0B07FB
FC0A05
08F703
FD0505
0EF7FD
05FD04
FA0A04
FD0202
16F3FC
0802F8
F80907
F40E0B
02FE00
04F7FA
01FA00
07FDFF
05FDF7
03FBFF
000006
080406
0600FD
0205FC
07F706
0BFE0A
04F6FE
FD07FA
FEFA00
060D0D
11FAFD
FF07F4
06F6FB
FA0515
FD0204
F404F6
FE0703
03070D
F00C0C
0FF6FA
F7FCFA
FD0802
DC1E10
E90F07
EC10FD
0AF5EC
E71001
0103ED
F91208
0CF7FF
04FE0D
0506F7
031307
0FFFF1
F01210
05FC04
F41305
F30CF3
09FEFE
05F8F4
F815F9
F60500
F31202
060200
FB0B01
FF0DF7
07FD02
F60CF5
05FF00
FC00FC
1BF2FF
F914F8
F018FB
F60700
20E8F5
F707FF
EF0701
0BF9FA
0C0018
020502
04F9F6
0B04F9
15EA09
1001F5
10F2FB
0AF900
02FF01
0BF8F3
E51405
0601FA
06F5FE
0FF8FA
0D01F7
FB0BFE
FE01FC
08F3FF
F20DFD
1207FF
020FFA
18F6FC
15F5FE
F7FF00
F707F9
F40807
05FAFC
FA0508
ED0AFC
F60602
05FAFD
FF0800
FC05FE
F70A01
0009FE
070100
FE01FE
FA08FF
04FAFC
030001
0000FE
F30DFD
00FFFC
FD0001
0000FE
FB01FD
05FCFE
000EFF
000000
07FF01
000402
080501
09FBFB
010704
FAF703
F90005
12F6FD
F90802
040901
F70F0A
06F8FF
0AFDFA
FF0804
FF150D
FA04FE
04F4FB
080100
060501
09F3FD
FC0103
F80C03
060508
0CF8F9
03FFFD
F01503
030608
0BF8FB
02FAF1
F9FF0F
00FF12
FE0201
0CF3F0
26E10B
0A0705
03F90A
0602F3
FC070A
1BFB0F
F30704
FD0100
0FF802
01FB06
E71305
0EFCFB
02010A
16F707
09ED02
F40A01
070700
16F0F5
F10611
0FFCEB
FC04F9
05F9FC
FD070D
040309
FD08F9
F11517
09FF01
12FDF5
F50DF3
F20C09
F50A0A
12EEFA
0300F4
0A00FA
0104FD
0802FC
13FCE9
F51109
11F8FE
FB04F4
EA120A
000403
0CF4F9
04F8F3
ED1505
F21101
14F2F6
030EF9
FD05FB
070101
14E9FC
070CF9
FB10F6
0F03FA
FAFFFA
F01CFC
0106F1
040301
FD0AFB
FF11FC
EF10F7
FD04F8
03F6F9
FBF7FD
F707FD
07FBFD
EF16FB
F9F806
010AF7
0CFDF8
F819FC
05FE02
0300FE
0903FF
EF06FC
04FBFE
F70B01
0003FF
F906FD
EF0EFF
010300
010700
FD02FE
F707FF
FF01FE
FF04FF
0000FE
F8FFFC
F60500
FF0100
0000FE
0B09FD
0305FF
FA1001
000000
03F7FE
01F904
FB0600
0C02FB
FEFD01
0DF402
F90B04
0CFAFD
F80905
010B00
FFFF05
04FB00
FD0FF9
FA0107
FB0007
F60700
0CF5FB
04FC04
FC0F01
0AFBFA
F9FA04
0CF701
F41005
03FFFD
0AF301
FE0800
F1160E
FE00FB
FF07F8
03F609
0DFEFD
E61103
12F2F5
FA0609
0EEDFD
02FC03
0AF0FC
F6FD04
01010D
FA1005
0100F9
F308F1
05F4FC
1AF201
05FFE9
13F702
000206
FC0A17
0CF9F8
0405FE
F01301
EF0910
14EE00
1401F8
03FC12
F30A0F
090400
0201FC
08FA02
F6110A
18FAF4
F60A03
FB0F14
14FBF5
0BFD00
F30E03
FB0C02
0DF303
01F7F3
F11AFF
0CF903
04060A
F40CFC
01FCEA
000C00
17EE02
F210F8
FE0007
0BFEF8
1FE9F3
060CF7
E31407
0801FC
0EF4EE
F90EF7
E91BFA
010302
01FCF7
F416FA
EC13F7
0FFD03
FE08F8
0E03FC
F30C0A
03090D
FF06F6
0FEEFB
F712FF
020707
FA04FD
FAF401
0405FC
020C05
FB0FFF
0CF80C
1BF3F4
FCFFFC
F907FB
1AEA0C
0707F8
07F9FB
0101FE
03FF00
03FFFA
FC0A00
FC02FE
000600
FD0C00
0908FF
FF01FE
FD00FD
020300
FE0100
FF00FE
FA02FA
FB05FF
00FFFD
FF0000
03FEFB
04FD01
F7FB00
FC04FD
FFFF05
0CF201
F40904
03FFFE
FD0201
FF1302
F50EFE
0CFAFE
FD07FA
F60006
F7120C
10F6F8
0EFBFB
040009
010700
000000
08F9FD
FA0408
01FCFA
EE0600
17F3FC
020603
FC1206
F10AFE
100302
F90200
FA0C03
F901FC
0FFC05
F505F9
10F6FD
FEFFFD
FD080B
ED0802
FC03FF
DB1F09
FA0300
F00AF5
07EAFC
F11216
0FFEEE
1DE1E5
FFFFFE
000008
17F0FB
02F5FA
F30906
F81403
0306FA
010700
FCFFF5
E016F8
0C000D
1203F0
EF07FA
FD0EF6
04030A
F31705
1100FE
F31200
0207F9
F51102
0EFD0C
F30DFD
13EDFA
0AFBF7
FB05FD
FD0910
F90AFC
F416FD
F40D01
09FB09
F907FF
E51409
03FA02
08FBF8
FC0103
D8191D
05F907
09EDEB
14F6F8
E4130A
090402
0101F3
E22400
0105FA
07FE02
FF0AFD
FB05FE
F704FE
F7140A
F30FFD
0A04F5
FB1707
020304
06FFFB
03FBF1
000706
110C00
F70CFA
FFF105
0203FE
08FBF4
FC06FE
0BFB05
F80CFF
FE00FD
0302FC
ED0D05
030800
FF0502
F406FE
000B00
0402FE
FD04FE
FE01FE
03FEFF
060100
FB00FF
FE01FE
040500
FC0500
070601
000000
FF08FD
FEF801
08FE00
07FAFD
FD0B0A
F7FD00
F90300
06FDFE
F60504
F30AFE
F10DFE
03FF00
FC0C09
FFFDFF
060D06
FF0000
0A07FE
0BF404
000600
FF0000
03F7F3
1AF300
1BE8F3
FB0200
13F208
FA07F9
0DF1FC
F707FD
09F105
020406
1EE1FB
11F7FE
010911
0D040A
0AF608
00F7FD
100301
07FBF4
1AF101
E81705
00FD03
0EF5EB
0B0402
DA2718
0C00F1
09EFF4
07F3FA
D7230F
04F7E6
09FEF3
FC07F6
F40DF9
1BF3EA
F804FC
060016
EF10E3
030814
F603F2
F00908
05F9E2
030901
F715FC
0400F2
0E00E7
FE0FF6
F916FC
010206
10F3EE
FE05FA
ED1404
1004FF
04FDF5
F70FFF
FA02FF
0AFBFD
0FF61B
FA06FF
F60AF6
0100FA
F3FE16
11FCFE
F2140A
FDFF10
14EEF2
F313F4
E51214
F50CFD
F70600
E52108
F20B10
0806FD
FA0201
08F9F8
F50708
05FEFC
16F1F4
0C02FA
FB1107
0907FB
0CFAFE
13FCFB
EC1102
0806F4
F80501
F9F1EE
FCFB04
FD05F5
FB0C02
19E801
EC1800
080BF9
F901F2
1BEB0F
04FA00
06FF02
FD03FE
FE0302
0C00FC
000200
FD02FE
07FFF8
FD04FF
020000
FE02FE
0204FF
F70600
08FD00
FF0000
0C09FD
FC0703
FDFCFF
0601FD
FD0405
01FEFF
F500FF
FF0100
06FF03
EA13FF
F10AFC
FF0100
FA000E
EE1000
E40DFE
000000
09F9FA
01F8F5
F10C04
000000
11F2E8
F9F6F7
F90606
030400
13EEFE
10FDF6
030702
FD0AF7
0BF303
FE0F04
03FE02
F61AF8
FC0919
E91A0C
05FB0A
FF00FC
13EF09
02FC0F
12E805
0106F5
0E040C
03F8F8
0EF8F6
E90D15
03FCF6
0AEEF6
01F8FF
02FF00
0FF6FA
FC13F6
1BF90E
0510F3
0DFF0D
FA1700
ED0A21
EE17F2
F60A00
0204FF
F20A00
0DFAF0
07FB1F
F11217
0CF9FB
0DFEF0
09F800
11ECFB
16FBF1
0AE6F9
FA09F1
01FB01
F9FE0B
15DDED
08FDF1
01F904
080011
0CE203
F4F901
FA05F6
F50C0A
0AF520
15ECF3
E81EF6
010900
F80105
EF0FEF
DD1E09
FC0406
0BF8F9
F11702
F00C04
0102F9
0CF4FE
0DF9FC
08F7FF
0606F6
15F803
010BFF
EF100E
0CFCFD
0AF4F9
00FEFA
F611FF
FB0903
00FEF7
11E2DC
F41302
1BF5FD
EB0402
0FECED
0109FC
F903FF
FB0900
EE0C24
08FFF9
F70500
F902FE
0BFBFF
1401FB
0804FE
0000FE
F902FB
02FEFE
0607FE
FE02FE
FD00FF
05FD00
08FDFF
FF0000
01FAFA
FF0302
FDFE00
06FCFE
FC0701
FA0AFE
09FDFB
FF0100
FF00FF
FD0600
02FCF9
FF0100
F3020C
0AFDFF
FA15FF
000000
0AFA03
21E8F5
13F9FF
000000
15F9EA
1BDDF5
FCFB03
F311FE
0FF3FF
FFFB04
1EEAFD
EF00F4
01FF0E
FBFB0C
1FEF03
0204F8
FA0817
17F4F4
27E7FD
0CF3F5
00FEFE
19F507
09F80F
09F5EA
0002FC
01FBFD
12F503
0CF702
F804F7
0009FB
09FF17
F00C06
FFFCFF
21F2E2
FE0309
FF07F8
0EF9DE
13ED00
0303FC
F311FB
07F801
F80B05
FB04F3
0505FF
FD0417
FD0D19
F81601
1FF3F6
09FDFF
0002FE
FD07F4
FD01FE
0AF6FD
E516FB
FDFB08
F501FD
0106F6
0C0411
040414
04F2F1
03FFFD
F20902
02000F
0FECFE
08FCF9
D122FC
EB1717
12F4F8
FD0AEF
DD2EF6
E71021
FFFEF9
01FFEB
0BECF8
F6010B
FA0406
0C0809
10F5F5
040CFE
0DF901
0DF5F6
F20A08
FB06FE
FC08FD
040503
DE2A02
FB1101
FA0BFB
FEFAF6
F012F7
FC0D12
0CF3F0
02F1D5
0503FC
FD0605
0AFD00
F7FF19
0601FB
0300F4
10F1FD
19EC04
0601FD
FE0E09
FF01FE
02FBFC
08F901
09FAFE
FE02FE
0200FC
FBFCFF
00FE04
000000
0308FB
FE0301
08FE00
06FCFE
FFF900
FBFEFC
FEFEF9
FF0100
0EF8FE
F80300
F90FF9
000000
FA0200
12F1FC
F10B00
000000
12EEF7
0EFE00
31E2FB
000000
05F9F8
05F6F2
23E4F3
F20AFB
02F902
060006
1FEAF5
DD11F4
F9F910
050927
07EA00
00FDFC
F31722
0AF60F
15E7F8
F90104
060302
08F70B
0BFA01
E51115
F20DFE
04FEFA
08ED04
02FCFF
FD12F9
0B040B
000514
FA06FA
0A0307
0009F2
0CFBE5
EC0F07
0EFDF7
03FCFD
F706FE
E216FE
F3FC16
F8FBD6
05FFF5
FB0E03
13DFF7
0202F3
030911
F10D0C
EA130A
FF17FE
06FDFC
F30A06
FE0F06
E3230D
0DF2F7
09F1FD
FB1310
EC160A
0BF4F9
07FAFB
F00AFD
F30308
08F60D
0107F4
08DDFF
07FF02
F51417
F90C0D
0704FD
EF1002
FC0817
04FCF8
12F4FB
EE0BFD
F31117
FC0807
FB11FB
E90EFB
060A0A
F40A13
0FFCF7
FF07F5
09FC03
07F5F2
F91506
EE0DFB
F80900
0303F4
0BF606
07F8FA
F902FE
0EEAEA
06F8D8
0DF2FA
FF000E
17EBF5
0CF705
14F3EC
F70C00
0AF0F9
07F814
0401F9
010808
0101FE
FE01FF
FA0301
0400FF
FD02FE
07FBF8
FB0600
0A0B03
000000
0EFEFF
00FDFF
0700FD
00FDFD
0302FF
F903FA
0AF9F5
FF0100
FFFBFF
FB0100
00FEFA
000000
EE0300
1AF1FB
0DF5FE
000000
0BF8F1
18F4FE
0AFB07
000000
01F4F8
14F8F6
1FEBF9
0606FB
0E0009
FF0601
06EEF5
EB0AFD
FEF00D
0C080D
12EAFB
FFFF04
0AF61B
07FF06
14E5FE
05FD06
06F5FA
FFFE10
1BE2F9
E80E24
FF11F1
0804FF
11EAFE
F01C17
0207EC
F50D0C
1EF5F4
0AFCF4
04FD07
05F6E2
03F4ED
F21103
070301
F40903
050809
E01AFA
0AF4EA
FB06F4
0008FF
E711F1
06F5E6
FE0B00
FA060F
00FAF2
0FF2DB
F703F4
FD0B03
ED1104
FF04FB
E81C11
0CFFF8
01FFFE
E71B1F
ED0E0E
00FBEF
F6FCF7
F810FA
F3070C
F7FE0E
EE0AFF
000405
E71114
F61017
02FA04
F30807
EC100A
F7100E
FBFF01
FB1004
E51BF7
FC1413
EE0C06
0BFBF7
FBFDF4
F9010D
F30713
F80FFE
FFFEF7
FC0B09
FC00FC
0BFAF7
FAF610
FF050A
0CF7F1
0C0021
FF04FE
0EFB02
0FEAEA
0FF7DE
E4140D
E82123
1AE9EC
05EAD4
E81812
F40602
12F8E8
0FED0C
FA0704
0BFCF5
FC02FE
0B00FD
03F700
FFFA00
FB04FE
F807FE
FAFCFF
0100FB
000000
05FBFE
06FEFC
0BFBFA
04FBFE
0700FC
0200FA
0CF3F5
FF0100
F603FF
0301FF
0903FB
FF0100
010001
1CF2FC
06FDFE
000000
09F8F4
1FEC03
1FEE04
000000
18EBF5
09FDF6
34E4FA
0201FD
0DF805
F505FE
16F4FD
FEFB09
11EE08
0DE9FE
19EB05
09F710
F9F91E
0903F1
09EE02
08FA06
11F7F8
050301
11F00B
FFFE10
0C07EC
0901F5
130005
F41313
F60FF4
08F3F1
1BEEFD
07F4E7
F90C0D
17F1E9
12F6E9
0AF5E2
11F6F3
F00613
040605
E41EF7
0000FF
0803F2
0001F2
10FCFC
0FF80B
18F9F8
050609
20E4F5
FD02EE
F01501
0404FB
030AFB
060DFB
050806
FDF802
F10B01
F1190A
010600
06F3ED
04F1F6
EA1F10
F610FE
010E07
0903FE
01F202
F80902
FD0F15
FDFCF4
FD0DFB
FA0E0C
FF0A06
0AEEFA
0F00FC
F60F0C
F00C0D
F8FC00
0202FE
F91DFC
020709
F60406
FD0007
0502ED
010109
EA0C03
010CEE
041911
040708
FDF8F0
0A0414
0B0F0E
FB06FC
0FEDE9
11F6FF
FC1B15
010509
0AF6F3
FA00F3
17F8FF
0102FE
F01405
FE0922
0900FB
F903FC
0303FB
FFF7FF
08F7FC
FDFC04
FA05FF
0C01F6
010C00
FB0103
000000
0401F9
0BF8F8
0BFCF8
0301FD
0BFAFA
07F8FA
11F6F5
FF0100
FD05FF
0DF8FE
0CF9FA
FF0100
16F202
0BFBFD
0BFE00
000000
110BF8
F80009
07FD09
F90400
FBFDFA
07F6FD
F20E04
15F7FF
14F406
F8F900
010B05
090203
06FB04
0FEB03
14ED08
0FFC11
01FC29
0EFAF3
0EF004
15E3F4
050FF5
0303FC
11F413
F50B0C
11ECE4
FC08EF
06EF13
F90C07
F708F1
F51405
0CF8FE
FDF9E6
00080E
F207FD
0EEEE8
F60CEF
0FFCF9
02F902
FA0403
ED0EF3
FD04F1
08F808
F40A10
E31400
0AF60A
0BEE02
0FFD00
0FF802
0AF5F7
0500EC
0100FF
ED12FF
FC07EB
08000C
050507
12E805
EF1211
0AF0FA
0607F9
00F000
DB1D18
0CF6F1
020D01
19EFF3
090402
F80801
F70610
02F0E5
FDFEFF
EB1108
04FFFF
F9FDFC
03FDFF
F20A10
05080A
01EFE5
15F5F6
EA1615
10FE09
F9F8F3
0FF6FD
F80DFF
F01002
F2FF02
13F1EA
F51414
0BFD01
FCFBF1
1A00F6
011919
0A02F8
F80002
FD0712
FC0B0E
0C09FC
EA210B
05FDEB
F8FCFD
F90B04
020F00
F301F9
FC0DFC
FD05FF
0004FB
FC0907
0F01FB
0CFAFA
0000FE
FFFEFB
0401FD
050102
000000
07FCFD
10F8F7
0BEFF5
FE07FC
04FDF9
05FCFA
08FAF6
FF0100
000501
0FF9FC
0CFBF9
FF0100
13F405
0EF6FD
06FDFE
000000
EE18FC
DA1C07
F71302
F70500
F409FB
09F8FC
0F02FF
000000
05010D
1104F8
0E02FB
E61809
FCFAFF
0106FF
11F807
EB1510
F70B1B
13FAF0
06EBF9
14F900
F40AFB
FB0202
F50514
06FC04
0704E9
0312F8
18EEFD
F50505
16F3F5
1DFBF8
FEF904
10F7E2
10EC07
FBFDF1
FC1102
0CFBE0
1AEFF4
0EF1EB
110302
F80BF4
0CFDF1
0B0201
0BEEF7
07080E
FA0A0D
FC050A
08FBEC
F70406
FD0101
F3080A
0409EA
20E9FC
FC0302
00FC01
0005FC
0BF50B
EB1A03
13F5EC
04FBFE
03FEFC
E91A14
1CE9FB
09FDFD
02F7F2
F00E13
050103
050008
03F3F3
EF0F01
FC0E04
08FD0A
0FECF7
11EEF9
06FF14
F60004
03F4EA
F60606
F20711
FB0A06
EC05EE
2BE2FB
F61C04
FB0809
F706FC
13EF02
FF010E
02FA05
F70806
F90C01
17F203
0DFEFE
FA0808
08FC00
03F1FF
0B0501
F70501
12F6F0
07F1F8
01FD02
FB0C05
FF01F1
09FAF8
080600
FD03FF
02F702
15F3F8
10FDFC
FA02FE
FC08FC
0A02FD
FBFD05
FE0100
07FA01
0302F8
08FCF5
FB01FE
0000FB
F407FA
FD04F6
000000
F20901
FD03FF
0DF9FB
000000
080006
0501FF
F806FF
FF0100
F70EFF
EC0F04
F40D05
FF0100
F41400
0AF807
030608
19F000
0DF006
F10F05
FD0F08
02060D
0CF3F5
12EB02
15F311
13F309
FE070C
0FF5FA
09F606
16F3FB
F31401
1DF4FA
16EE03
06F4F5
FA02E6
23F6FA
16F3F7
0D00E2
0002FE
15F7EC
030200
0104EA
16EF06
FD06F0
0CF9FB
19F2E9
FF0A09
FE02F7
01FDF1
13F410
01FFE8
0CF7E2
02F906
20E610
0A0E03
0BFAF1
0EF8F5
20E403
090400
F010F2
FA07FB
F50A1D
020CF3
F910FC
0700FE
FA0103
0308F4
F311F8
0AF2FA
09F9EA
E41507
030200
0EF5F9
0EF8E6
FA1C09
F40B08
03F801
FCF9F5
14FA02
02FD08
FA0BFF
03EAF8
0AFD06
E51C0A
F80C07
FDEEEE
0CFC0B
F81011
00000C
F4F9ED
0AFD04
09F80A
0D0705
00FCFE
16F4F9
01FF02
FE0D01
F2151E
11F4EC
17ECFA
FE0007
06F002
10EAF6
07F9F9
000702
F504FB
12F3EF
19F9FC
FC0805
F40400
02FAFB
020601
0D0C04
FFFEFD
0B0400
FD0306
F90C03
09FAFC
F01001
01FA02
010206
000000
07FAFC
00FDF8
1100F5
0AFBFC
F30BFB
EA13FB
04FDF5
01FF00
F40601
EB1400
0A01FA
F60500
F70D08
010300
0DF400
ED0C00
FB0100
FF0101
F40FFE
01FFFF
FD0DFE
F50703
FD03FB
13F5FF
0CFF08
0208F7
F10B05
17F404
1DEBFA
0EEDF3
F8080E
0F0106
0602FC
10F9F2
080109
09F4FF
E92316
16F5FA
040710
06FF00
F108EC
0E0504
0BFFFF
FAFD01
FE0909
FC010C
09FB02
FA02F1
1CED05
07FBFE
04FEF2
0309FA
05F410
04F0EC
FC0B0E
0BFEFC
FCFAFA
13FEEE
06FD04
07FEF8
FF1002
0BFFF1
08FC07
0CF6EC
FE03FA
0414F0
FC0109
0601F2
0A03F1
FE0902
F9020D
05FEF0
0003FC
11F406
0CFBF6
0DEEEB
F80810
F20EFB
1101EF
0BF3F7
FF000D
E40D0C
12F3FC
F60711
0FF4EE
FE0602
13EEF3
FEF20C
ED1210
0502FF
FDFF02
FBECFF
09F803
010407
FD010A
0AF4F7
02FF14
00060A
00F901
09FB07
0D0503
1FEE02
0DFB08
00FF1C
0DF9EE
2CE1F0
020104
FEF50B
1CF2FF
28E7EA
F90A02
EFFF02
1AF8F9
1AF1F0
FCFD06
FFFAFE
09F600
0E05F8
FE0704
09F6FB
F805FD
07FFFC
F304FC
020104
08FF01
12F3FC
07FDF7
FC0202
0701FD
05FDF9
0CF9F3
F902FF
FC08FC
F112FB
F60BF4
03FD00
F40C01
04FBFD
0FFAF7
FB0300
FCFF04
0BFEFD
F30BFC
F00A00
0BFBFD
0AFFFA
0C05F9
EF0F00
0C02FB
FD05FE
0CFF03
01FD01
09F905
F30BFE
F31407
08F3FB
12E502
F602ED
12080C
F2110A
0201EF
FF0FF4
FA080B
F5040D
E32213
0DF6F5
02150A
070701
EE12F8
11FAF6
0B0CFD
F60706
FD030A
FB060E
0FF5EB
EF1101
120301
09F813
FBFE00
F01A0C
FA000E
16F0F8
FE00FC
030A00
FDFFF8
05F7F0
0BFFFB
F70408
0AFDF4
14F3FC
FFFCFE
FD0401
F90E02
0F01F8
06FEFB
0FF4E6
FEFD00
15FD03
02F506
13EDEB
010204
080D10
01FEF6
14ECEC
F2090C
020BFB
12F6F1
E70F0E
0A0D18
F411FF
FEFC00
E5170F
00FFF5
EA1B0B
040300
EB121F
16EC0B
F303ED
F00804
F9FE19
EA0D05
E515F9
07FA05
FFEBFE
070309
01FC03
F30BFF
06EBFE
07FCFD
FB0204
FCFD06
06F315
1EE9EA
EB14F7
F31006
14E202
20F8FC
0BFEEC
06EFF7
F7F700
15F4FD
07FBF2
0CFE03
F600FE
00F906
0D00F4
020103
FCFE01
0708FB
20E7F7
FE0207
0AF200
FB0BFE
0EEDF7
040401
0106FF
0209FE
0DF9FA
F805FE
040BFD
0408F8
EA1600
EA13FF
02FF00
EE0D00
03FC00
F30200
F30600
F20B02
0BF3FE
09FBFE
F60500
FE03FB
04F8FF
F11107
000000
09FEFB
F8FF01
F40E07
0600FF
FB0405
05FDF7
F31206
F912FD
0DFC05
F713EE
F40809
FFF9F6
FD02F3
19E9F2
0C0104
FFF900
E81206
0BFCEA
04F7F4
040D08
E923FA
0B04F0
FA00F8
0EF2FA
F50702
1CEAEC
FB0BF0
ED1CFB
0B0A01
0CE9FF
F402FF
EE0E06
120108
1BEF02
FC1405
FB04F8
15EAFF
0703FA
020C0C
0006EE
F407F5
0EF600
FE0A00
00FAED
0FF404
010AF5
0601F2
17EFF7
FA0AF4
10FEFF
050305
0CF400
E61903
07FC08
EF0909
FA01FA
F20711
13FCF7
04FDF6
F300F4
031613
13EBFC
FEF40B
FC08F2
FE04EA
010DFA
F3070B
F00D0B
14F4FA
EB1AF8
FFFF0A
E1100A
2AE50D
F80CF4
08FEFF
0FEFF6
F60E0A
01FDFD
F80E02
0BF002
F50002
F91203
061301
01F8FE
FD04E3
F80A00
1000FC
0EFBFD
11F8F5
090500
FE0601
FFFEFE
22EDED
000100
03070A
06FCFB
0EF202
1BEDF9
0CF102
010000
0BFBFB
15EDFB
0EF204
10EFFA
14F5F9
04FEF9
0103FB
FF03FD
F60E01
F702FB
FCFEFB
FA0AFE
F511FA
EC0EF6
F703FE
FB0100
000601
0805FC
FF0101
F80500
FF08FC
05FBFA
EF0E00
F80900
05FDFA
FB05FF
04FBFE
04FEFF
11F2FF
0102FA
0DFC00
0401FD
0BF800
FA03FA
FA0E01
F109FB
FD1707
E90BFC
FD08FB
04FCFA
0904F7
16EAF1
FDFC12
0309FE
040201
12E4DF
0DF6F3
000C04
F415FE
05FAE2
FF0BFF
FFFBFC
08FCED
0A01F9
0A0E05
F801FF
06080E
F70608
06FAF9
FC06F4
1104EE
25E2F2
0804FD
06FAEA
00F6FD
FE1401
11FE02
000BF1
0005FF
F90E0B
FC00F8
0DFAE3
050AFC
0DFCE9
0606F1
FD0706
E52004
0BF9F6
0CFEF9
FE111A
EF0E06
EA1009
080505
F50609
00F700
FFFD07
FF0506
EA1601
0B0308
2ED7F6
F408FC
0802F8
10FEF6
18EEFA
01F304
FAF6FD
FB02FE
090500
04FF04
05F3FA
F7070E
0009FD
15E9F9
0CEFFF
0AFD08
0000FC
11F70D
FEFDF9
F2FF09
E314FF
11FD01
EF0803
08FFEC
DC1B0B
03F611
FDFFFF
0A07F1
0FF909
0DFBFB
F7FE07
091302
15EF00
13F1F7
FC0203
0EF301
F00C06
02F9FF
13E900
FC0DFF
F00F07
0BF302
F40407
FEFBF7
0EEBF5
02FA00
EF0805
FD0600
0AFCFE
FEFDFF
06FDF9
F20CFF
FF02FA
FA03FF
FD0200
FC0700
FD0AFF
EA0801
0AFA00
0DFCFB
F709F3
F301FE
06FBFE
FA02F5
08FBFB
FD10F9
0202FD
0500FB
06FBF8
F20EF9
F706FB
00FFFC
01FB03
F907FF
06FEF7
FC0A0A
0CF801
F904FE
0903F9
1304FD
FA0EFA
1305F4
FC02FC
07FBEB
16E8EA
0DFE05
12FFFB
FFFCFB
FDFCF4
FDFB03
040104
0301F9
1306FE
0E00F2
0CF6FE
FD1006
0D0407
EE120E
F205FE
13F3F0
09EE0C
03010B
000200
0CF702
050BFF
F7140A
0CFEF5
16D6EC
14F504
FFFBF9
02FEFC
FF0C06
1FE2EE
0000FE
FFFC0A
F61200
0AF5F9
000504
FD061B
F8FE07
07F309
F9FF12
EB0A0E
EE00F9
F206F8
F80808
EB09F7
FFEEF7
FD050E
F60500
0004F1
0B0604
FC0703
F50300
FBFAFB
16E1FF
1EE8FE
EC0F0F
07F1FE
16EFFE
04FF08
FEFB03
03F8FD
08FB06
FE0408
0A050C
E91002
FE00FC
11E901
05F804
E8130B
0BFBF6
0BEC0E
F60510
FB020E
000DFF
0BF4F9
00FE04
FE0506
17FDF5
0401FB
F40C0B
F5FF0C
FE11FC
06FD03
F90604
E60D0F
0109FD
060409
11F5F9
F5FF02
FE02FA
08FDFC
1001FD
0EF400
F70F04
EC0CFD
FF08FA
07F7F4
F51206
F80CFD
FB03FF
07F8F6
0BFDFE
15F4FB
F80902
0AFAFF
11F8F4
04FEF9
FDFEFD
02FDFE
FE04F6
FA09F7
0205FB
FBFFFC
F60EFC
0B01F7
08FEF8
FC04F6
0AF803
12FAFE
F00800
0FFEF7
0204FB
F40800
0101FF
FC03F7
09FDFA
F00AF9
010BFC
0CFCF6
0AF5E8
0006F5
11FCF8
0EF101
03FAF3
0AFEFE
03FC00
12F604
F70D18
F3FDFF
FC010A
FE0901
14EF0F
050808
0BF9FA
F7FF06
11F9E5
F50310
06FA0A
09FA07
050901
EF0C13
0D07FD
0AF7FC
13D102
2CDCFD
031005
080400
F70008
14F1EE
08F0E7
F8081D
0109F3
23EEFB
09FD02
FA0B22
000907
19E6FD
F91608
000506
FE0FFC
0AEDF9
F50E07
F70BE7
04FD05
0400FF
FD1104
FB06EC
030E08
19F304
020AFA
FCFB01
29E5FD
DD1E0F
F80707
FCF907
09EEF5
07FD02
F90700
FCF7FE
0DF907
17EEFD
FC0706
FBFE00
0AEFEF
F8F604
F8FB03
C92613
06F6FB
FDF605
11FBFE
F6030E
FA0800
01F8FF
0DF5FF
F6FD0A
EE0C00
27EAF6
0AF402
E61318
0508FE
0DFDF8
05F5FE
F50013
0311FE
0D01FE
06F1FB
00F200
070802
14FB02
0501F8
07FD00
000A06
0002FE
0202FA
FFFDF6
FE0501
08FEFC
0403FB
FC04F4
0BF9FE
0AFEF9
000601
09FDFA
F50EF4
11F6F7
0701FC
05F4FC
FFFEF4
F40EF9
0704FA
000CFA
E71AFC
FF01F9
10FCFA
0BF8F0
E61506
19EFFB
FE00FE
0EFEF3
F213FD
1DF1F7
FE0BFC
FF01F6
0F04F4
0DF5F9
F209FE
0BF5F7
FD0FF4
F71AEC
FF02F7
000405
06F8FF
060FF7
FE0008
06FD08
0B040E
0107FA
0908FB
0AF903
09FE0F
0109FB
0C0906
FA02FA
0EF1F3
03FDEC
0800FE
0DFDF3
01F9ED
FEFEE2
F90E05
06FEEE
0DED11
F606E6
FA060B
10EEF0
0FEED7
F902FE
F90500
FD091E
050708
FF1303
F90D08
060010
0C0507
EC0703
03FB07
FF08FC
FD04FA
10F600
0501FC
FC05F7
11EE03
18EEFE
F90BF7
F801F7
04E1F9
07FBFA
00FD03
F10606
18F2FD
07FEF7
0FF508
F2020A
15F4FD
FF0100
18EDF7
00F701
05FC0C
F40D03
FD0209
01F4F8
0AEEFA
FAF8F6
07F303
ED040A
010403
0EF103
16EC00
F40908
F61401
1BE9F7
10F3FA
FEFD0A
14F504
0C00F4
0CF3FD
05F707
FA1502
0CF3F6
0CF1F9
06F907
FC0501
15FDFC
FE0306
FE010E
060904
FEF8FE
05F6FD
F70500
F010FF
F707FC
F50EFA
0DFDF5
0304F9
FC06FA
0605FF
0200F8
02FFFA
0DFCF8
F60703
08FFFE
F203EF
FF01F8
FC02FB
08FCF9
06FFF7
07F2F3
FF03FA
F70CF6
1EEEFF
03F7F7
F90CFF
FDFFED
F7060B
19F0F5
0B04FB
06F1EF
E016FC
08FDF3
0307FE
F70AFA
FF02F5
0C05F6
F910FC
0601F6
0F02EA
0700E8
14EFEE
0B0201
F309FA
04FAF5
0BF6FA
FE0102
00FE1C
12EBE7
0CFD01
09F7F5
0B0401
0902E9
16FCF8
F914F0
15F009
0BF4EC
01FB0B
13F5EB
10F6F2
01F7E6
09010D
05F7F3
14F904
0DF8E9
07F80E
F508E7
09EBDB
FF01F6
E41F3D
02FFEA
09FC16
04FFFF
08EFF3
FA0503
050000
19EFFD
09F905
0BFFF5
08FDFE
1EE802
F7FFFE
0CF601
0FF8F9
FBFE01
0205FB
02FFF7
FAF801
FCFAF7
FF0400
FEF804
0EF4FF
FE0BFA
14EDFA
EE0709
0BF6FC
03F9FB
FBFCFD
F8F900
FE0008
F810FF
0A0400
FEF901
11E5F5
F00FFA
07FA00
0AEDFE
070002
FC11FC
01FC07
0500F8
FD0101
07F5EF
05F102
F4FFFC
F50B03
0706FB
0BF901
0202FE
F80900
FF1504
0CF801
F7080C
020F00
FB0A02
04F804
0DF004
0FF8FF
02000E
0BF6FC
EF0D00
F208FE
000104
030406
FBFCFC
11F300
F30300
09FB05
02FB00
06FBFF
FB08FE
0FF007
01FEFF
F909F4
16FD02
05FA0A
F609FE
0DF7F5
0AF80A
14F607
FD04FC
2BE4FB
01000C
0EF70D
0FF8F7
F80C05
12F502
17FE0B
0701FA
F016FC
19F201
13ED05
F01700
03FBF6
08FF02
06F709
12F3FB
F414F1
EC110D
160105
08FC00
11F1EB
F70B1A
030614
1EED00
09F7F4
0BFE11
F70A21
0FF8FF
13F6FF
FB0711
F8171D
050AFC
22F0F0
00F6FD
FE0912
0CEEFC
05FEF1
DA2517
FA0D15
0AF900
12F902
27DCE3
FA0C06
FDFDF9
FFFAF7
EF0C03
010705
1BE6FA
0EFD0E
09FC0A
030BF1
16F2F9
F71503
18FB0C
FA0005
07F4FC
0002FD
030002
FA110D
08FE00
ED07FA
FDFBFF
030CFD
FDFDFF
FCFD01
F80305
0CFFFC
FEFE00
EA0F05
05FA03
07FBFA
F40B03
18F3F9
10F4FB
0206F9
FB0C00
040305
08FA01
0306FE
07FDFE
0DEDFD
EE0801
080008
F00802
08FAFE
020C00
021204
FA02FB
F311FA
FF05FF
000B03
F21600
0203FD
0A00FD
000EFD
07FEFF
F10A07
1EEFF7
F70BFA
FB0200
F40F05
F700FE
0AF8F4
F909FE
10FDFB
04F701
FE00FD
000000
FA0102
FBF900
0F0700
07F900
020D00
F80200
0E01FF
00F600
0CFD00
F50500
0EFE00
0DF700
FEF300
080700
060300
0CFF00
02F800
0DFF00
0603FF
09F500
F9FC00
08FB00
050600
09ED00
020700
14FF00
15F700
E8F900
F7F200
190400
FE16FF
E81100
15E700
0DF300
0EFA00
ED1200
16D200
FF0700
030100
06FA00
F2E600
080700
03E8FF
02F700
0DF600
0D0B00
07FA00
F90400
FEFB00
0A0F00
FE0600
020800
01F600
080E00
FDF600
0BFF00
F00000
010900
FC09FF
11FE00
19E800
FA0A00
0903FE
070000
02F800
020400
040F00
00FD00
FDE700
FA1200
030A01
FFF000
E43100
01ED00
0409FF
FDF900
06E200
040200
FE0D00
FF0100
ED2800
F8EF00
0E1300
05FC00
0DFB00
F3FE00
0B1500
0BFB00
F70300
F9FA00
041200
06F400
FDFA00
060500
FD0800
FEFB00
FFF500
FB0D00
1609FE
F8FA00
0CFB00
F9F300
06FA00
0CF800
02FA00
EB2800
040600
0DFF00
0A0500
FE0800
13F500
11FE00
0CF700
050300
100A00
0AF900
0AF100
021000
0CFD00
09F700
FFFE00
09FE00
0EFBFF
F70D00
F30800
030600
0C07FE
020200
0B0100
07F800
0AF300
FF0300
10FE00
FDF900
0EF600
020000
090000
FDF800
0AF800
FE0E00
12DF00
05FD00
0B0100
0DF400
01F000
ED0D00
00FB00
010900
F7EE00
0AFC00
02F200
FFF800
110C00
0EDB00
FC0300
16C200
F9F900
080600
FF0C00
22CD00
FDF400
FFFD00
0E0400
08FE00
FCF600
0EED00
090400
0EEA00
F20600
09ED00
04FE00
03F900
F90B00
0AFB00
FE0400
FF0300
FEFD00
05F200
FE1200
040000
F7EA00
06FC00
FE0B00
0CF400
F0F900
100000
0C0C00
0FF700
F6C800
08FE00
F91C00
01FC00
DE0C00
FDF800
07FD00
FC0600
FAE700
F30900
FE1800
0FF300
F41F00
FBFE00
13F800
010400
F8FA00
030200
EA1200
09FF00
F00F00
F0EB00
FD0400
19EB00
FC0700
ED1700
F90700
01FB00
0A0000
E81900
FC0B00
FDFE00
F8F000
FBF400
F90400
FAFD00
FAEF00
F71600
FB0300
FCFA00
F9FB00
EC1600
000D00
05F800
06FB00
DE3A00
030C00
0DFD00
05E300
FD0600
070E00
0CFE00
06FB00
EE1200
FEF400
FEFF00
030900
060200
FCFF00
FF1100
FD0000
01FC00
FFF700
040B00
050000
000A00
FC0E00
04FF00
FE0500
00F400
FEF500
010000
0F0A00
FFF300
FFF900
FA0E00
090800
FDF400
06FC00
F50F00
0EEA00
03FD00
07FD00
020000
0FED00
F5FD00
0CF900
FD0600
04F900
FF0C00
17E000
F5FB00
FB0F00
F10000
14F000
FCF000
0B0700
10F000
001000
FF0100
04E800
FFF200
0609FD
030500
1CC200
F5EB00
03FD00
1CE600
09CE00
0FFC00
FA0800
12EA00
F10100
050000
05FB00
030400
10FD00
080600
090C00
020100
07E800
FC0300
FD0B00
06FF00
E31B00
FD0800
040500
FF1900
00E700
12EB00
FA0F00
F62500
0BD100
EF1800
FDF500
FB0000
CF1B00
EA2100
080C00
F8FD00
031200
F70000
FA0A00
050500
09E500
F51700
FD0E00
07F400
04FF00
F4E700
07F500
1FE400
10F700
F6E900
070000
FEFC00
ED1000
FAF500
03F000
02FF00
040900
1FEE00
FCF800
090200
FEE400
051100
130000
FEFB00
050100
FD0F00
02FA00
06FC00
FFFE00
F32700
050700
0CFF00
0EE400
0AFE00
03FE00
09FE00
FF0F00
F40A00
FAFA00
FC1B00
0E0600
F11400
FC0400
010700
030900
050400
0D0400
000B00
010100
08FB00
FDFD00
FB0900
041100
09E600
FBFE00
02FD00
0D0000
FC0100
08FA00
FF1200
FC1000
0EF400
060100
FC0000
08FB00
0CFA00
030300
FCFA00
04E900
F3FC00
FD0800
00FE00
16EF00
E50F00
FCFD00
FCF300
F40E00
F90800
05F500
FCF300
020301
F6FC00
05F900
FFFF00
07F700
F81800
0507FF
03F700
FAEF00
FF0600
05F500
060100
05F100
F80A00
0CFE00
FE1000
FE0700
F31B00
FEFF00
F90D00
080800
040900
FB0400
040100
06F700
090300
F50A00
06FD00
14FD00
F20200
F80B00
F90900
07E800
0AF700
0EFF00
FE0A00
F5E900
FA1000
011200
FC0900
C64300
150A00
0EF000
F6FE00
13EA00
FC0300
070E00
FAFB00
06EF00
0C1000
001200
FCFA00
05E700
030000
0AEE00
22D600
01FF00
FC0500
FA0200
07ED00
05FC00
010100
FD0500
000300
EE0400
2BF100
0AFE00
080100
09F800
FB1500
0BF600
02FB00
FD0700
041F00
F9FE00
060000
0EF900
EC2500
FB0B00
06FC00
08EA00
08FA00
FE0500
0EFB00
0D0A00
030300
04F700
FF0E00
020500
FB1C00
0B0500
FA0900
03F700
FF0B00
060C00
000D00
080D00
0C0000
1008FC
05F700
061300
07EA00
000300
050A00
FFFB00
FF0300
07FD00
030B00
0D1600
FB0300
09FA00
FF0700
050100
07FB00
000000
FF0200
08FD00
17F300
0E0400
FBFF00
18EC00
030800
F81100
FBF200
FB1100
FE1400
07F800
F90100
011600
F60300
07F200
F7FE00
FDFAFF
FC0800
030700
FC0400
FFFF00
F30100
02FDFF
FD1800
0AF800
04F900
05FD00
F71000
0CF500
FDFA00
090500
05FF00
DFFE00
03FE00
FDFA00
05FE00
040600
060400
F80000
030700
FCE700
FAFA00
F80500
010000
0BF400
09EB00
030A00
F12100
F5FC00
F10800
002A00
FA1D00
DDF900
13F200
FC0500
F91B00
FFF400
F4FC00
F9F000
00F300
FA0500
091200
F32F00
FE1B00
F22600
F7F500
0D05FF
090000
03BF00
DD1A00
F90D00
13F400
F40D00
030D00
FD0500
0B0200
F9FC00
22F500
05F000
0DFF00
11F300
01EF00
08F600
080000
F40600
0E2600
0B0000
07FD00
0A0A00
F62B00
FA1700
0FFC00
0BF900
F91400
F5F400
0BFD00
030100
030400
FA0B00
EE2600
0B0800
FF1100
FD0200
F20200
FCF500
01FD00
FF0200
16F400
01FD00
090800
090800
00F900
011600
FFEF00
08FC00
07FE00
FFF400
F8FE00
070900
0B0000
080C00
F60200
FAF300
0B0000
050200
FAFA00
03F100
FE0400
0AFC00
04FD00
FB0C00
F90B00
0E0200
12F700
FA0300
EB0600
170500
111200
FA0700
FA0700
FE0A00
15FB00
05F800
FA0500
05F900
121200
FD0B00
F90600
0E0700
040800
FF0000
F80C00
FDF000
FE0200
FB0C00
FF0D00
1E0700
02F600
F6FB00
0AFF00
E7FC00
050200
130700
011B00
E2FC00
130800
000100
090A00
F2E700
FC0F00
F3FA00
03F800
02F800
F6ED00
050400
FA0800
040100
FCD500
F61000
F41C00
F7E400
EFF700
030300
F71000
E9F400
F0EA00
F80400
01F900
05E300
13DC00
08F600
060C00
0DF900
050E00
05ECFE
0DFD00
F7E900
FC3100
051200
15F600
EB0700
F8FD00
07E800
02FF00
0EDF00
F31C00
0AF900
0BFE00
151400
F30100
02F800
08FE00
F70B00
FE3200
03FA00
11FB00
020B00
F4F900
F0F500
06FD00
08F700
FC1D00
F60800
03FC00
080800
080F00
040E00
00FF00
071300
FA1700
FA0200
03F400
050400
060C00
FFF900
0EFE00
00F600
F40E00
02FCFE
01F900
0F1100
FF1D00
0B0B00
020400
FFFD00
F53000
02F300
070000
150600
F52900
070700
090000
FA0000
FE0E00
0CF600
01FA00
FEFC00
FC0500
FC0A00
F31200
000200
12EE00
07FA00
00FF00
1FEB00
0A0000
02FB00
050200
0B0500
14F300
090800
06F900
FF0600
18EE00
FA0800
010100
060300
0EFC00
FE0C00
FBFE00
F0EE00
F60900
FE0300
0AF900
151100
E70C00
070200
040400
00C000
E80D00
FB1A00
010F00
CE1400
EF0F00
03F900
F80400
D3C000
FB2100
F80600
0BF500
0BDD00
E50F00
05E600
F40400
EA1300
13FB00
FE0900
FC0F00
EAEA00
07DF00
FAFF00
F20100
EA1200
F9EC00
060000
040C00
030100
00E400
06EF00
F0E300
08F300
F91300
F4FF00
14E900
1BE400
DB2C00
13DE00
1DED00
F0F700
F8F300
0FE500
10FD00
090300
F7F900
03F600
07FA00
132900
E2F300
FBF200
0AFD00
0FFF00
0B0C00
04FD00
09F400
051A00
F30200
FAFF00
06FC00
FEF700
050300
FFFE00
02FD00
FC0100
F40A00
F7F500
000000
F61000
F50900
05F300
F90C00
FCFF00
191300
FF0500
FD0400
FC0500
010800
08FD01
00F800
060800
070D00
03F000
0B0F00
06FD00
030200
FFF000
023C00
090400
F41800
FEF600
021300
FEFB00
F91800
06F400
000000
040500
F70500
F3FF00
F41900
08FE00
FB0300
FE0600
00F800
0C1700
10F600
FA0F00
07F400
0BF800
041E00
F91E00
08FA00
FF0500
011800
0E0D00
030300
FAF600
FE0900
F51600
0F0300
F7FC00
F81300
09FF00
18F400
F9EC00
F40500
06EC00
00FE00
160900
F90C00
04F300
F40700
F42800
EC0200
00FC00
E80100
DEDE00
FE1500
DF1900
07EC00
F10A00
D82600
F3FF00
FA1C00
F11100
090A00
F10F00
FD2100
00FD00
1CDC00
030000
FF1300
03E100
FDF200
04F300
F20100
FDF800
10BD00
0AEA00
EEF800
002B00
09ED00
F4F000
090000
EA2400
F92E00
FE0900
120D00
08F100
140500
FB0F00
010000
03F600
03FC00
02F200
0FFF00
1A0200
E40200
FE0200
090900
07FF00
F80800
F0FA00
05F600
020B00
12E800
030300
020600
05FE00
F50800
FDFF00
FE0B00
03FC00
F50300
09FD00
000000
0C0B00
060400
01ED00
F40600
FFEE00
0CEB00
0FE800
000000
08FC00
F40200
0408FE
00F600
F40500
030000
FD0200
091B00
FAFC00
030E00
FCFB00
F54F00
100B00
030400
06FC00
F80C00
10F500
090E00
001000
ED1900
FA0400
F60200
0AFF00
020600
040B00
FAF500
08F800
000600
0B1000
F62700
04FA00
0EF400
0D0900
E81400
0E0400
FE0F00
08F100
F62100
FF1300
0DFC00
DD0B00
080900
FA0100
08FD00
E6E900
E9FF00
FD0000
02FB00
E9F400
F0E400
0DF400
F80100
0A0B00
EDCF00
15FE00
15E700
F8CF00
F4BD00
0A1300
F91200
F1EE00
240200
14E200
F30100
04E900
099600
0ED800
FF2700
E91F00
F60200
FEFA00
F03C00
03FA00
FCFF00
FE0400
FC1000
03EB00
0AD600
FBFA00
F8E900
EE0000
04D100
FDF400
F6CE00
02FE00
18DB00
FCFE00
F9F000
0EF800
08D600
F11200
051100
070D00
E90E00
FC1000
1CEE00
010A00
EF0F00
FDFE00
01FE00
F31200
001700
FCFF00
1B0600
EB0600
03EA00
F6FE00
06F800
06F900
050100
F40200
13EB00
01F100
FC0300
010000
000100
05FB00
FB0D00
01FE00
000000
F81900
03EB00
02F800
000000
0EF400
000800
0CED00
010300
06FB00
22E500
070FFD
FDFC00
01FD00
08F000
03FF00
031100
FE0000
04F400
FF0100
F64D00
030700
01ED00
0BF000
EF3500
010600
0E1300
001F00
F90300
01F600
FB1900
030D00
EE2000
070D00
03FA00
FBF800
F31800
01F300
FA1600
03F600
010F00
FF1000
EB1300
03FC00
0A0400
0DFD00
E40C00
040800
FF0300
DFFA00
EA1400
FEFE00
FEFB00
E7C600
E6F200
EF1100
07F100
EED100
ECD700
FDF700
031300
FCBC00
FCDA00
F31A00
1EDC00
FFFE00
1ED000
FD1E00
010700
F2D700
27FF00
FAF300
16E200
0CB400
12D400
FBDE00
2DC200
ED6600
08E800
F1E200
E20000
13E400
0FDB00
15F900
F8FA00
FCFC00
01FF00
07E500
FADF00
F30900
08DB00
FEEAFF
F9F600
EB0E00
09D200
010900
FBF200
120900
E8DB00
FC0600
080000
E7E800
0EFE00
0B0E00
11E400
0E0F00
FC0700
FD0F00
11EE00
FE0C00
DA1700
000200
1E0900
07EB00
FEFD00
08F700
05E800
130300
FC0C00
030C00
01F500
F8FD00
02F300
090B00
000D00
FF0200
F70A00
06E700
00FF00
FE0700
FAFD00
FEFD00
FF0000
0EFB00
FFE900
FAFE00
000800
00FD00
FEF400
0900FE
000000
0A0C00
F9F000
010000
FF1100
050300
F40300
03FF00
EB5000
060300
0BF900
FFEC00
E25400
0EFA00
120600
12FF00
FE0800
07F800
FD1500
FD0100
F90F00
050800
02F100
09F000
FE0700
FA0B00
092600
0B0F00
FC1000
060E00
EF1B00
0FFB00
EF0C00
08F900
C71700
16FE00
EDF200
FDE000
F70900
040C00
1FD700
E2ED00
FAFA00
F8EE00
2FD400
FFD200
020C00
EB0100
150100
FBFA00
F80000
FDF500
031A00
F30A00
0DF700
FD0C00
30B500
EE1B00
FBF900
E61200
05DA00
07D300
0BEA00
01F900
0EEA00
050600
15B800
FCF600
00F500
FFF100
1FC800
0AF900
EC2F00
1ABE00
FCBE00
04DA00
D83300
12FD00
0DAC00
FCDE00
F63900
03D100
F80000
0A0600
E01000
F00F00
E5FD00
FBFB00
FE0900
F80700
27DE00
052100
02FF00
F71200
FFF900
0D1000
11E100
EEFA00
FFE600
0D0300
140200
F50000
DB0400
FBF500
F5EB00
FBF500
FE0300
FDF800
00E000
0EEE00
FAFF00
FEFB00
0A0A00
0FF200
01E800
F8F100
03FF00
FDFD00
F90100
02F400
000000
0DFB00
F0F300
001C00
FF0200
050600
FCFA00
04FF00
000000
060200
00ED00
090700
031500
0EFB00
FFF300
0BFA00
E74E00
030600
04FA00
04EE00
F52700
FFFE00
FEFC00
0F0600
051D00
10FC00
FC0C00
0A1600
EE0400
02EC00
0FEF00
F9F800
FD1300
040600
FFFF00
0DF800
F21200
F11500
F8F800
000500
0AF700
FE1C00
CD0C00
EAFF00
01F900
D41000
E1ED00
F50500
09E900
F2B000
FA1E00
F3EB00
0B9D00
F8E600
FEE500
F1E100
E6F400
0ED200
06F200
F0FC00
110100
E83900
00CA00
F3E000
FD2A00
05B700
F4BE00
15D100
050400
FAE800
FCD500
04FE00
16CE00
F01000
F7F500
F2F100
0C2700
F12A00
08EE00
09F700
E43100
F81000
179F00
07F900
F92A00
16FA00
0BAC00
080E00
F32200
02DB00
101400
FD1000
D61A00
FAF500
F91100
0ADF00
061C00
12F500
ED3B00
F80F00
0EFC00
F51100
F91200
0BE000
02EC00
F0F200
E50A00
051800
19C100
F80700
00E200
E8F300
00E000
030E00
EFEC00
FC0400
03ED00
FE0200
060200
080300
090B00
11EE00
F8FC00
FB0200
040000
07ED00
08FC00
01F400
000000
09F400
02F200
FBF200
000100
010200
03FF00
0200FF
00FF00
0B0200
F7F200
FF0700
041100
FDF700
FCED00
03FB00
EF4700
040200
FAF700
FAF000
FA2200
FC0100
0CFE00
05FC00
0C1700
090100
FF1300
0EF100
F51C00
060000
F81600
0C0200
F60200
EEFA00
0A1D00
120C00
06FC00
F10100
050100
F7EE00
0DE500
F00800
07DF00
F3DE00
F7F500
F8FF00
F0F500
FEE800
15AA00
FDF200
E90C00
DDF000
FEF800
06F300
EB1100
02E000
12EE00
E9DD00
FEF200
06FC00
11ED00
0A0800
021200
03ED00
1A1400
25AF00
012E00
E9FB00
1DFA00
F4FA00
09F000
05CF00
16FC00
F9EF00
FFE000
FCEE00
0C0400
F11B00
11C400
03EF00
09F900
03FD00
04D900
060000
F30D00
F90600
21D100
F420FF
EC0E00
12D000
100A00
F22E01
F70F00
000100
FFF500
F9F7FF
FD3100
F5F400
081500
F408FE
0A0D00
011300
F5D500
02E400
05F600
E3EE00
0E0700
0F0600
FBED00
FAFE00
112900
130200
0BF700
11EF00
F71400
0B0A00
0B0100
F0F500
FCFE00
0313FF
050F00
FFFF00
FFF600
000B00
06FE00
01FD00
060100
FEFB00
020000
060200
07FE00
FBF600
010000
FEF700
0CFD00
0A0A00
00FF00
07FD00
03FC00
0C0100
F61000
06F800
FCF000
0EF000
FA3900
0CFC00
14FE00
07F200
ED3900
FE1100
FEFA00
07E500
EA2D00
FF0E00
01E100
07FF00
FF0A00
F9F100
1EEA00
F6F000
12E100
E80100
F40A00
02ED00
33D100
F1F600
E7EF00
06F800
FFF400
EF0B00
E0FE00
F2E400
F50200
081600
FEEC00
E8CB00
2EB600
F6DE00
F82400
EFFE00
0AC700
FD1000
CD3A00
0AFC00
F63F00
03E500
E8EC00
01E200
0FF200
EFDB00
16DE00
FBE400
19E700
03AF00
032000
01E100
121000
11CD00
103100
FCDF00
1DFE00
EF1D00
0A1D00
FAF200
040500
E91400
F40400
F60400
25F800
00E700
04EE00
0C0B00
FBE000
094800
20E500
F9F300
FAF600
15D200
36C200
FD1300
F01E00
F9F200
10B600
07EC00
030C00
FED800
0AD700
01DFFF
0AF600
E70B00
0E8100
11CD00
130B00
F80B00
21B400
0CD400
030300
EBE200
10F800
12F300
010700
051B00
03F600
F2EC00
051300
090800
070C00
02FC00
041500
0DED00
010900
0A0E00
090000
010200
FEFD00
FEF500
030000
01FC00
F9FE00
FCF800
030000
00FC00
FEFD00
0C0900
00FF00
0E0000
05F800
FF0400
021200
09EE00
FEEF00
FEF800
F53200
05F300
0AFB00
080A00
F91300
010000
FDFD00
FEF700
03FC00
010700
02F900
0B2400
03FC00
FAF900
EF0A00
F74400
11F800
F6F600
C9B500
EE1800
0BE800
F8D000
E4B700
ED2500
FF0C00
04E600
F10500
FFFF00
E41200
F82400
E61800
F30C00
17D200
1AE900
E51F00
F8EB00
1EAC00
FED900
041800
E7EC00
1DC300
F72000
001700
F8E100
0BB200
E51800
0EE000
07D600
13E700
110D00
0EE000
0DBA00
013000
09D400
123800
F5EF00
FA0900
FD0D00
072F00
01CA00
F33600
ED1D00
F9F100
100800
EE1800
0C0300
F00300
080B00
07FA00
0D3400
05F700
FD0300
1C0300
E3FA00
1DCF00
FFEF00
FE0900
09A700
2FC400
062000
FC0800
19E100
13E600
071EFF
0FE800
F3FB00
171100
023100
F40300
090500
11F000
001600
07ED00
F3FE00
0B0700
FF2800
11F800
EC0D00
F22600
F31400
07F900
EE1F00
120A00
030600
07E500
11EB00
F10C00
FFF500
070500
01F700
02FF00
F6F500
030000
FC0C00
03FF00
F4F700
020000
FDFE00
0B0100
0AFC00
00FE00
0AF700
04EF00
03FF00
FE0400
FFFB00
F6E800
010100
000000
08F800
13F800
FBF900
000000
0CFA00
100900
0AEA00
000000
F42000
EBE500
0BE800
000000
DD0E00
E1F600
16ED00
09F700
E8F800
B4FF00
060B00
01EA00
00DE00
E71800
FFDF00
01FF00
012000
080500
FA0500
F1E700
F12600
F71200
F80700
D71100
0F0700
00FA00
E00600
0EDB00
170D00
F7F100
F6F700
FCC100
F4F600
11F400
F32700
08FA00
00EB00
17F400
0FED00
1DF600
FC0500
05C800
0FE700
052200
27AE00
022400
071D00
F6F700
E8F700
DA4300
F30A00
F01900
FD3200
F4CE00
0DED00
B23200
063400
EB0200
0EF800
D92400
06DC00
EDC500
1907FF
2BEB00
DD1B00
07ED00
07F600
070A00
FFD900
30BE00
001600
F02D00
01B600
0ED600
08F400
FEFF00
05FA00
F12F00
091000
FA0200
FB1800
11DC00
130AFF
F10E00
EBF200
151600
101900
FB1500
D82400
260D00
070500
0AE900
ED3200
021B00
11E7FF
0AF300
29C900
ED1400
05F600
07FD00
F90000
EE0B00
05FC00
010D00
FE0A00
F7FB00
FF0000
020000
FCF900
FD0000
0A0600
00FD00
FCFB00
06F500
02F300
FBFA00
0B0400
05EB00
F10200
000000
FCF100
0AFA00
F20C00
000000
0CF500
020E00
FE0500
000000
FB1A00
F50500
04FC00
000000
DF2600
E81700
060200
02F700
E90800
EEFB00
F33100
E5EA00
EFF000
F8C600
F72200
03D700
003000
E7F000
F13800
E61000
0D2500
F8E600
FA2600
B62600
06C000
12E800
ED1E00
00EE00
170C00
13ED00
FEFD00
14AA00
FE0900
E8FE00
07E8FF
16D800
F01300
D93600
F2EF00
1ED000
E70700
10BE00
09DB00
181200
FA0F00
0BC900
03F400
F93100
FDE600
F30500
020F00
080300
F21C00
0BF000
04ED00
EBEB00
032200
10F700
0CF600
C7E700
FAE200
F5F700
13F000
EEFD00
FDF700
20A700
1CEF00
FD4300
F4CE00
27F200
20E600
FD2E00
B8B300
F21000
10F8FF
011000
110200
EA2F00
011100
02FD00
021B00
1EE000
06F200
052600
FAE700
3AED00
0E1500
012A00
F70500
FC0000
12E800
F02E00
D90D00
002000
15FA00
F50F00
1BFD00
F9FE00
FF2300
FF0F00
F0F500
FF0600
0B0800
000E00
060700
FBFD00
00F800
030000
FAFE00
0A0600
0704FF
00FD00
020600
FEFB00
F70000
FEFD00
F70900
F8EB00
F10D00
000000
FA0500
04FD00
FDFF00
000000
000800
ED0600
03F200
000000
E33400
15FB00
EB3D00
000000
F4F200
F51A00
E74D00
FEFD00
030C00
141C00
E75200
DCF100
F9EC00
300A00
FD1000
EDFA00
17F600
1C2400
E52600
F4FA00
07FF00
151600
E61D00
0EF500
0BFB00
FEDF00
E91800
03EA00
1CDF00
041100
FDF400
00DE00
051700
F6D800
FDF3FF
1DA300
F91200
E50600
04E300
17AB00
E7F300
F4F900
09D600
24C900
CE0E00
FAD200
1503FF
29CE00
05E100
12CE00
041DFF
17E500
0ECA00
1CE500
FA0E00
EF0600
0914FF
270A00
E60B00
F5F700
110D00
18D800
06FE00
E91600
E8E800
F9C300
27F1FF
13F700
D0D300
06CA00
100B00
041B00
C4C200
12E600
170300
062C00
13CD00
161200
0C1600
0D0B00
092900
F82300
0DFC00
F93500
0A1200
010A00
152700
FB4400
FCFD00
FA2D00
071000
EB3900
DC0D00
001F00
120300
E71F00
010B00
EC5A00
0EF300
FEFE00
0FFD00
FB0E00
FFFB00
FE1100
020B00
F4F600
00FD00
040000
000300
050400
040BFF
FFFD00
0CFA00
F80100
F90400
050500
F80900
FAF200
FAFF00
000000
F8EC00
00FE00
01F200
000000
FAEA00
F6F800
FBEC00
000000
DA2800
0CE000
0FFC00
000000
EDF200
0C2200
F01400
FC0500
05FF00
053400
DB0700
F4EA00
FFFB00
121000
E70700
EDFD00
F8F800
12EB00
DC1E00
F22700
FC0400
19D700
DD2900
2DD800
0F0200
FFDD00
ED2200
11A600
FFEB00
06ED00
DF3A00
05D400
1FF900
DB0B00
F70A00
1BD400
ED0A00
090700
09E200
21A500
DC0C00
070600
0F1600
1ADB00
DA2700
04DE00
22BB00
F4EC00
DEFE00
02EB00
0E0A00
17FD00
000C00
1EE000
001000
F50000
18D4FF
210100
FEFCFF
F70A00
1A1FFF
1CD300
05F800
F4F000
051A00
23CB00
22E200
03ED00
1DCA00
08ED00
14FE00
FA4300
F6E500
1DF900
0EF700
123C00
DF0D00
0BE400
06D700
140B00
2B0A00
E71F00
13E500
FF4000
040F00
02D000
0BE4FF
F64400
0CD600
F00100
080200
E93E00
E6F100
0CCB00
29C000
DC2400
B74200
1FCD00
13D800
ED1600
010500
0BE600
FA1F00
000D00
FE0A00
04FB00
F8F900
060B00
0AF600
03FB00
FE0500
00FE00
0B0600
F00600
F60200
FAFC00
F00C00
FBF300
ED0300
010000
03F600
F9FF00
F1F400
000000
F50B00
04F400
FDE600
000000
E41900
080000
071A00
000000
D61F00
300100
EA4600
040A00
021100
010400
E15300
12ED00
FA1D00
FBFD00
E53B00
04F300
08FF00
EDE600
E03500
EE3800
F3DC00
00F700
E92300
17DB00
FEF900
F30A00
071100
14D800
0EE700
F10700
F42800
FF0700
10E500
E51B00
E63200
F30C00
EE0F00
08E500
0E0100
2EBD00
F8CB00
F22100
0ADB00
0AF800
FD1C00
F93E00
14F600
C31A00
070B00
15E000
0F1000
070400
090000
0CFA00
040000
0EE700
0AE800
1A1800
F01C00
D62000
290900
230100
F9D500
FC0200
0C0400
181D00
19ED00
011200
20FE00
182F00
0B1600
EA4200
FBC800
2EE700
1F1400
F23800
E0CB00
311900
0D0300
032300
10CE00
F02400
132700
183600
100800
1A1100
11F800
043F00
F9D000
0D3000
032200
EF3D00
F3E700
25F400
080C00
F4F400
FBC900
F82000
032000
0CE100
28D200
F51300
F40200
061900
FAFA00
FF0400
080600
0A1300
070600
08FD00
0301FF
00FE00
FB0200
E30800
EE0F00
030300
E81300
F4F600
ECFB00
010000
0C0D00
F40100
F3FB00
010000
EC0F00
0B1300
0BF500
000000
E73B00
04EA00
F12A00
0C0000
E72600
E0E100
F52600
F90100
F50D00
E23D00
024000
03E400
013000
E8EF00
E82200
F3BE00
0D0400
112400
EE4100
E84900
F4FF00
051500
F21C00
1E0200
051000
FEDD00
FF0900
08F600
08FA00
1ED000
F12F00
FCE300
09F200
0DDF00
F12A00
0AC900
F60D00
FAE900
04E000
18CE00
011000
1B1400
1DED00
36E700
0B3E00
F61F00
F30500
FD0700
E92A00
F42900
0A04FF
0AEE00
04EA00
01F500
0C0100
062400
19EE00
F20200
000500
DEF600
23B700
FF3D00
FF0300
E1E700
0F2E00
1B1200
01FD00
E31400
0BE900
101A00
FA1600
F54E00
08C500
12F300
0F2800
E84100
D3E800
33E000
051300
FB3900
0AF600
27EC00
0F0200
000D00
FD1E00
1D0D00
021500
FE1200
EF1B00
203200
0D2700
080D00
09F400
080000
FD2900
26E100
DBEC00
E8F300
00FA00
010400
E31700
FBF700
FDF800
FA0400
0A0000
F21300
030F00
050900
000300
08F800
02F900
FCF900
00FC00
DE0200
EC0800
0A0300
ED1600
F4F000
F7FA00
010000
080A00
07FF00
F7F400
020000
E90900
F7FD00
F9E100
FFFF00
032A00
1CEA00
2FF700
12F500
F91600
E7F200
0A2500
0BF200
FDF600
FC2F00
EE3100
02D700
081100
FDF100
F50700
12E600
001700
082400
E12700
1AF700
FAE400
0CF900
15F900
01E100
06DD00
0CE100
F22300
FEEA00
F61C00
131400
F51C00
00C800
E40700
FBF500
0A2900
0BA600
EFF400
EF0000
FD2C00
1FC400
FD0000
FFF000
010A00
26DD00
050100
09F000
F0F300
1EEA00
0A2800
15DD00
0A0300
E20900
EEE700
FCF000
00FF00
F14600
10DB00
E80000
FAF500
EEF400
17FF00
FF1E00
F70C00
F4ED00
34E000
07EC00
16E000
DE2C00
360A00
0A1800
FE1000
ED3500
F3ED00
08F700
042400
EF2800
DC2400
1BF300
0E1C00
F10400
F3D100
220500
0A1000
0B1A00
0FD100
200300
FB2700
0F3000
F8F500
FA2500
011200
062800
FAEE00
F1FB00
073700
03FF00
E2ED00
EDE300
101A00
08F100
F1FA00
EDF100
040D00
01F100
0C0300
F60A00
FB0600
09F900
01F600
FEFE00
0E04FC
00FA00
060400
E1F900
E80300
02FC00
FA1200
07E200
FBF200
000000
060500
1AF600
03E900
000200
000C00
100500
0DDC00
000600
F51600
110000
0CE600
030500
ED0A00
000600
0B1E00
E4F600
FDF800
0B0E00
081100
FFEC00
F10B00
FA0F00
15E600
090700
FE2700
F9E500
052B00
1CE700
09EF00
F90500
F52B00
06E500
09DC00
F32100
DF0100
EC0400
13F200
EF3C00
FD0900
11B100
F73E00
FCE000
FE0100
00B900
020200
FB0000
002600
18E600
FC2900
F31200
02E800
0DE300
040100
FB1100
060A00
05F600
FB1600
06F700
070400
17E100
08FD00
160900
100300
FAE400
082000
140400
EFFD00
F30B00
1DE800
0B0100
F60C00
ED2B00
13CA00
1EFB00
FD2000
C82400
1D2A00
09F600
1700FF
FC4100
00C800
F8C200
030700
FC1300
EEF200
180E00
092600
07F300
F80600
0F2B00
071F00
011D00
13D800
0F0C00
112300
121F00
EEED00
FC1400
0832FF
FA2000
E2F800
F12D00
102400
FBFD00
E3E600
F82000
091B00
FCEC00
E4E300
FB1300
061200
F90100
07FF00
060F00
00F400
FA1500
0AEA00
F9FB00
07FE01
000000
090400
EFF500
EFFA00
FB0900
060D00
21E300
F4FD00
FE0000
0C0700
27F900
FFFE00
13FC00
13F700
14FC00
FCF500
1D0000
03F600
FBFC00
1DE900
FF0C00
00FD00
10FB00
1CED00
E6FB00
F70500
FB0400
1CFF00
F9FC00
F3FC00
FC0600
0AE800
19F500
F73000
F42100
FB1C00
0AF900
0EF800
0A3100
161000
18B800
FF2D00
002500
F71500
1CED00
183700
030400
FB0C00
F9D600
FA3300
FD1100
FC0A00
F7E100
F91100
FC0B00
05E100
FFD800
F5F300
FEF700
F80500
08A200
01EA00
FBF000
FD0300
FDE700
F1ED00
0F0100
12F100
FAFC00
0E1400
110300
FFE800
F9ED00
16D300
051400
02F700
F3F400
0E0500
121600
F00800
E1E300
1C0800
16DB00
FB1E00
07F500
FE2F00
F6F900
021000
0D0E00
052000
010B00
081200
F91600
ED1600
F9E200
091F00
010F00
020D00
041B00
041C00
F82000
17E000
F62500
FB2A00
0E3400
04B700
DD2300
0E2E00
F91400
F5FA00
CE2F00
001D00
00F700
E71400
DE1D00
140700
F00A00
E5D900
ECFD00
0D0300
EF0300
F5FF00
E70300
FE0700
060500
01FD00
F10500
0511FD
080000
020300
F8EE00
EFEF00
FB0300
021000
23D800
FFF200
FDFD00
090200
04D800
ECF900
090400
FEF800
0FDF00
24FE00
15F700
08F900
1B0100
0A0C00
160800
F60800
10FF00
102300
08F900
F5FD00
110700
1E0E00
F40200
F30800
F70100
F83800
1CD700
F31800
ED3700
1EF800
25E500
08EB00
EE4700
13F500
0CC000
FA1900
F20A00
FCE700
22E000
0E2800
FBFD00
EAFB00
FDD700
012900
0F1D00
F90E00
11E400
213E00
F62500
03F600
07F800
011C00
EE1500
FA15FF
0DD700
DB0F00
F5F400
FDF400
0BEC00
F80900
061100
F4E700
EEF500
FD0600
081200
F6F600
E6F000
0FC900
112E00
F30300
E1FF00
12F700
0EED00
010300
04F200
232600
212800
F3F700
25EF00
16EC00
19FA00
061600
24EA00
F33A00
F8FE00
050200
220800
FD0E00
040800
F00500
F81400
130E00
135000
031C00
EB1300
FFED00
0C2000
0D2600
F82500
DDE300
140B00
0E1C00
EE3A00
EDE200
E80A00
E81300
001C00
FD1900
E01400
010B00
051E00
F4FC00
E90C00
080B00
020400
F2FB00
D90200
11F700
E71100
06F400
EDF500
0E01FD
03F500
010200
E6FF00
11FE00
0A0300
FAFF00
1D0A00
1CFB00
FDF700
0BF900
061200
0D0000
14F600
0AEA00
FEEA00
070400
11FD00
0CEE00
06FC00
0B0D00
FEF900
090E00
0D1300
0D0E00
04E900
FCFE00
10E800
1C0000
11F100
041300
FBE700
18ED00
03D900
FDF200
EB0700
100700
0FEC00
02FA00
F81E00
0FDC00
09F300
F00900
FB2800
0D0900
02E000
F4FB00
EC2800
08EEFF
13C300
FE1100
003000
04E100
06E300
063000
FE3800
010100
04E000
E64700
F20900
0FF700
FDEC00
07EC00
E60100
0203FF
F6F400
F64200
0F2300
FFF900
F1EF00
053900
060D00
13F400
EEF800
22CA00
030100
05FC00
FEF000
0D1F00
00EE00
03F600
F9F200
1A3E00
F40800
FAF900
09F700
042A00
E0FF00
01F700
0BF000
EB2200
1B0A00
F51A00
22F400
D36900
1DF200
F50200
E93200
1B3000
1F0A00
101900
E52100
09C700
312700
151600
081D00
F0A400
201300
0BF700
F82800
EAE700
052000
100A00
FB0C00
D5F500
FA0600
0F1700
F50700
F90900
EA1200
FA0700
EC0700
F00A00
D9FF00
FD0E00
E21200
F40300
F2FC00
F90200
F4F100
08F100
0CF700
02FC00
06FC00
09EB00
13FA00
11E600
0AF100
09EF00
FC1D00
15F300
10F300
04F200
02E800
1CF100
060700
090800
02E000
03F800
01F600
F60600
02E500
10F400
06F200
050500
10E500
0BE900
07D700
0D1400
FDD800
050F00
FEF800
00F600
FEE300
18EA00
000300
06EF00
E11E00
100D00
16F000
E7F800
E61A00
06F600
0ACB00
E60E00
030500
02CB00
0CDB00
020B00
055900
EEF500
07FD00
F42500
FE3900
F7FD00
F60400
1FF100
09F100
FA2300
F7FD00
0A1C00
F30D00
FAEF00
F11C00
152C00
EA3100
FAF4FF
0DF600
380E00
0DED00
010800
1FE300
35AB00
F5D000
06F300
0DDA00
F93B00
15E200
02E500
0AF500
183300
E85800
05F600
02EB00
124700
DB1100
FF0D00
0FDE00
E9ED00
F92800
041400
F81800
F92F00
101400
EA2D00
F32D00
094600
F01500
012000
FF1C00
01FC00
2DF500
F22F00
121100
F0D300
32FD00
021900
F61E00
C4D300
281000
FC0C00
0B1200
FCE700
06EC00
F41300
F50000
03FD00
150A00
F4FD00
E81100
07F700
0EFA00
FCFE00
050B00
000500
ED0200
FC0FFF
14EB00
050800
F7F600
08FA00
FC0800
0EF500
060300
07F500
030000
0AEA00
040C00
17F200
F1FD00
F3F200
0FFF00
16F300
FC0400
03EB00
02E500
0EE800
FDFC00
051000
FAE300
17E700
05D900
070800
15F700
05F600
02DE00
1A1800
EAE100
10FE00
F8F900
0C0400
161400
0D0E00
0BF000
05F400
D41A00
0107FF
07FE00
E80A00
D81000
0BFA00
100500
E01B00
FA2500
02F300
0BFF00
F20900
002C00
00CA00
061900
E2FC00
22EE00
000100
F90D00
172200
240F00
001000
FCF200
CF0200
FF0700
F2FA00
14F600
203C00
CB5300
F5EF00
1B0300
1F0400
050400
07F500
1FF200
27E700
0D1100
01FC00
17EB00
243000
E2EC00
07F000
FF0700
FB0200
FFDF00
10E800
EE0100
061000
06E900
05F800
06E800
E43500
D82900
12E700
F72F00
CB2000
000000
041900
023000
E43B00
FA1200
092000
0B0700
ECF800
E21400
FB3000
1F1400
FBDC00
061D00
131600
0B1800
E60700
07DC00
0B1000
0D0F00
E4D700
F6F400
051000
120200
0DD900
04FC00
050E00
12F400
08EA00
F6ED00
F71000
E90000
0A0900
F3EA00
02F5FE
ED0700
12FD00
15DE00
0DF800
040700
20F500
06F200
08F800
F3F500
02E500
EDF000
12E800
F20000
F9D200
03FA00
FDF000
01F400
0DFE00
09D800
07F300
04F700
13F700
FAFA00
F6F100
FDDE00
03F800
130200
0FEA00
FAF200
150600
FEEF00
08F200
0DF900
FC10FF
FDF900
181B00
F6F700
09F300
FE0A00
FFE000
F40100
EDFC00
DD2900
04FF00
121400
060D00
0CE300
0DED00
0B3900
ED0200
E0EB00
02F900
0E0500
E5CD00
FBB000
08EE00
000800
EF2F00
13BB00
000D00
03F200
EDE800
EBEB00
080700
0AF200
FD4100
F20900
F91700
2AD300
16E800
001200
FDF900
120B00
290700
E60D00
0EE800
040400
1FD700
F5EE00
16F600
E61300
0A0300
FD1700
06E000
E90B00
F51800
F01F00
0F0100
060B00
D64700
34E700
111300
002A00
D60900
F71300
012800
FD3200
F22400
D91300
0A2200
011800
D70B00
FCFC00
F71000
35F600
F7E300
1B1800
F81600
0A0900
05F900
19FD00
FEFD00
0D0F00
E0BF00
E61F00
FE1100
290300
02EC00
ED0300
FF0E00
0AF000
05E700
F91700
FB1500
E61000
0AF700
FD0100
F80700
F71700
10FE00
FFE300
0AF500
05FF00
09FD00
FE0700
00FB00
02F800
F5F600
080B00
05FA00
FD0E00
10BD00
020900
F70300
F4F900
10DF00
19F000
07FE00
04F100
48D900
FF0500
FCEF00
FCF200
110300
1BE800
0BE800
04F100
021F00
0BFE00
0AF300
04EF00
042200
FC1600
19FA00
F8F900
FD0AFF
F91000
060A00
FF1700
05DF00
DA2500
0D0600
100100
FC0D00
F80300
062200
F90000
ECD600
FDF500
FF1A00
001D00
ED1800
FBED00
FF1300
FAEA00
DD2600
E50700
101F00
02D800
F6D200
F10900
02EE00
F8F600
BC4F00
05EE00
080100
15A300
15E900
10DC00
FC0C00
08EE00
1BF100
09D000
04F300
F8E600
F20000
021700
F10A00
FDDA00
1D0A00
FA1000
00F900
0AFA00
CBFB00
0E1C00
0BDE00
181500
D92E00
0A0400
FDF700
0E1C00
EA1E00
050E00
FE4400
FF2E00
F62B00
0CEC00
091A00
F83400
DF0D00
F2EC00
F61600
1D1A00
18E500
F00600
E72F00
0C0C00
00F400
DCF800
FDFD00
0D0D00
F3D900
F1F800
FA0A00
FD0C00
14E600
F7F900
E90E00
F71400
0CE000
E40B00
06FF00
01FC00
0BEE00
01EC00
FEF7FE
02F000
0A0C00
0EDE00
12F300
FCFF00
0A0600
0CE500
10F800
FEF200
FFF100
FCF300
0EEB00
FEF500
15D900
F4F300
04C900
F7F800
17DA00
F2E000
11D900
05EC00
1FC400
ECED00
FFDC00
02F800
13FB00
EC0600
03F700
FADE00
0F2A00
071B00
140800
0DD600
0E0D00
002D00
1D3300
02D100
FBFB00
053200
022100
000600
FDE300
0B2300
FC0400
03FC00
07DD00
F31F00
062000
001B00
04FE00
021300
F14300
064000
02E600
F9DF00
160900
02CF00
EE0700
E52000
08F900
07B800
EA1B00
E81300
031500
F6EE00
DD4B00
FEF300
1FAB00
FDE900
070A00
15F400
E62000
FDA900
090E00
04C400
EF0100
15EE00
0F1E00
FEF800
FBFA00
05D900
F40500
FEFD00
F9E900
02F200
EF2100
F51F00
FCE500
050D00
EB3400
13F000
FA0500
181D00
F22400
F70800
05FF00
072300
032800
11FF00
FE2900
052800
DD0300
1DF700
F5FE00
FB3700
07E700
0D0600
000E00
002C00
030300
EF0E00
070100
FA0700
E8C200
01FE00
F70700
EF0E00
03E500
11EB00
F80300
020E00
01E200
FE0B00
07F700
FA0600
10FD00
06F200
F60500
11EA00
15F800
020D00
0E1600
FF0800
F20600
FE0000
061500
FBFA00
FF0A00
070300
F41800
FEF500
0CC700
030400
FB1B00
05EF00
0EE700
070F00
001A00
0DF500
F5D400
0C2400
FC1800
F70200
17E700
022C00
F41F00
03EA00
F83800
F41500
F50AFF
10E600
DD3D00
F9F700
FEEEFF
F1ED00
FB1400
0DEF00
F4FC00
ED0A00
EAF000
06EC00
FDF800
FA0300
F4F300
010600
10FF00
091300
E9EE00
0FEE00
1BFF00
000C00
EDFF00
0B1E00
0AFF00
FA0500
C81D00
35DB00
1AE300
F6E600
F90600
8F6E00
090A00
FAF400
00F700
FDFD00
032000
EDF900
083200
104900
F72D00
F1E700
1BF600
023900
060200
F0FC00
210200
FE1100
080700
F80500
F7D200
010D00
0F1000
050700
FD0C00
080400
100300
FEFE00
1CE800
071200
0BF6FD
1C0500
F02E00
FD0000
0CF6FF
0C0000
081C00
EDF600
08F9FD
041100
E8EE00
0DCE00
0CF1FE
090100
FB0400
FFDD00
12E3FE
0E0300
01E200
FFE400
03F200
08F800
05DC00
FCF400
0CF001
020A00
1DDD00
ED0400
05FE01
0DFC00
12EE00
16F500
0003FF
03FE00
FFF200
030B00
0B0B00
000000
07FC00
0000F0
00FB0D
0000FA
0000EA
0000FB
00FCFD
00000E
0000F2
0000F7
0002FB
000010
000000
0000F7
00FE08
000012
000005
000001
00F906
000006
0000FF
00FFF7
0000FC
000000
0000E9
0000F9
00FAFC
000012
00000E
0000DE
00000A
000022
0000F4
0000EF
00FE09
00000F
0000DF
0000F9
00FAFF
0000F2
0000F9
0000F4
00FCF5
0000F1
0000EB
0000FB
00FC08
0000F7
0000FB
000001
00FB04
0000F6
0000F7
0000F7
00FC05
0000ED
000004
000000
000004
0000F9
0000F9
00000E
000102
000004
0000FC
000009
00FBFF
000006
0000FA
000007
000200
000006
00001F
0000FB
00000D
00000D
0000F9
00000B
00FF0A
00000D
000018
000015
00FB06
0000FB
0000F6
000007
00FF12
000004
0000E9
00000A
000102
000005
0000EB
000001
00FD00
000008
0000FC
000009
000103
00000A
000003
000002
00FFFA
000009
0000FE
000011
00FFFF
00000A
0000EC
00000B
000203
000000
0000F7
000000
0000FD
0000FA
0000F5
000004
000007
0000F5
0000F6
000009
00FC00
00000A
000007
00FF08
00FDFC
000005
000006
000006
0000FF
000001
0000EE
000000
0000FD
00001B
0000FE
0000F5
0000EE
000019
0000FD
0000F9
00FFF5
000008
000000
00000D
0000FA
000013
0000EF
0000FE
0000EF
000008
0000DE
0000ED
0000FD
0000E6
000007
0000F8
0000F5
0000E7
000013
0000F8
0000FD
000003
000001
0000F3
0000FB
0000F5
000000
0000F2
000004
0000FE
00000A
0000F4
000006
000000
0000FE
0000EE
000008
0000F8
0000F7
0000F6
0000FD
0000F0
0000F6
0000EA
000007
0000F6
000004
0000EC
000010
000000
000004
0000FD
000003
00000E
0000F7
000006
00000C
000002
000018
00000A
000002
000009
0000FA
000002
00000F
000009
0000F5
000012
000013
000013
000007
000011
000001
000013
0000E3
00000F
0000FB
00000C
0000E6
0000F2
0000F2
000003
0000FD
0000FD
0000F3
000003
000000
000000
0000FB
000004
0000F8
00001B
0000F6
000005
0000EC
0000FC
0000FF
0000FF
000004
000014
0000F4
0000FE
000007
0000FC
0000F3
00000D
0000F2
0000FC
0001FB
00000E
0000FE
000002
000000
000001
00000B
000002
000003
000006
00FCF0
0000EF
000003
000013
0000FF
0000F2
00FFFF
000010
0000F9
0000FE
00FC00
000009
000006
000003
00FFF6
00000D
000002
00000C
00FDEC
00000C
0000E5
00000A
00FFF5
000003
00000A
000002
000001
000009
00000F
000006
0000FF
000009
0000D7
000004
000003
0000E3
0000E1
0000FD
0000FF
0000E8
00000B
00000B
000006
0000FE
0000F0
000005
00000B
0000FC
0000F3
0000FD
000000
0000F5
000016
0000FA
00FF04
00000B
000004
0000E5
00FF0B
00000F
0000E7
000001
0000F6
000003
000021
000000
0000FF
000002
00002A
0000E3
00FEFE
000008
0000FE
0000FD
000004
000006
0000D8
0000F7
00FFF9
000002
0000F7
0000FD
0000FB
000010
0000F3
000004
0000F1
000011
0000E6
0000F8
0000EE
000006
0000F0
0000F1
0000FA
000001
000007
000005
0000FE
0000FE
0000EE
00001B
0000FE
0000FB
0000E7
0000F5
00FEFE
0000FD
000008
000005
0000FF
00000E
000008
0000FC
00FF05
000009
0000F7
0000F8
0000FB
00000C
0000F7
0000F2
0002F9
000000
000015
000000
00000D
0000F1
00FEFB
000003
000006
00000B
00FFED
000001
0000FE
000000
0000EF
0000FB
00FF00
0000FF
0000F2
000000
0000FB
000004
0000FF
000003
0000F7
000008
0000F5
0000F8
0000F3
000006
0000F4
00000D
00FFF9
00000B
000010
00000E
00FFF8
000000
0000F2
000009
000003
000000
0000FC
000015
00FEF6
000008
000006
00001A
000001
000005
00000B
000009
000003
0000FF
0000F7
000001
000002
0000FB
000004
00000D
000009
0000FE
0000F4
0000F2
00FDFD
000007
0000FE
000007
00000E
000005
000021
0000F4
0000FE
0000FF
000003
0000F4
00FF08
0000FE
00000F
0000ED
000009
000007
0000F0
000003
0000F6
0000EE
000003
0000FF
000004
0000FF
0000EF
000002
0000F9
000013
0000E2
0000F9
0000F8
000007
0000F8
00000B
0000FA
000003
000007
0000FA
0000FD
000001
0000F0
00001B
000009
0000FF
0000E3
0000FB
0000FF
0000F9
0000F8
0000FF
0000F7
00000D
00000B
000002
0000FF
00000E
0000F2
000009
000000
0000FE
0000FD
0000F6
00FB00
0000FD
000009
0000FE
000005
0000F4
00FEFC
000012
00000E
000003
0000F7
000013
00FFFD
000000
000001
000000
0000F7
0000FD
0000F3
0000FB
000005
000005
00FFFA
000003
00FF02
000002
00000B
0000F7
0000F5
00000E
0000F5
000003
0000F9
00000E
000009
000007
0000E7
00000F
000004
00000D
00FFFF
000014
0000F6
000015
0000F6
00000A
000009
00000B
000006
0000FD
000007
00000A
0000F0
0000F6
0000F4
000005
0000EC
0000FD
0000FB
000005
00FFF0
0000EF
000005
0000E5
00FFFB
000016
00000D
00000D
000016
00001A
0000F9
0000FA
0000FD
000010
000008
0000EF
0000F2
000000
000019
0000F8
000012
000003
000020
0000E9
0000F0
000001
0000EC
0000F3
000006
000004
0000FD
0000F6
000004
00000E
0000DF
000002
0000FE
000000
0000F1
0000F9
0000FF
000004
000009
0000FA
0000FE
000003
000005
00001C
000003
0000FD
0000F0
000000
0000F4
0000FB
0000ED
000002
000001
00001B
0000FE
00000A
000002
000009
0000FA
0000FF
000004
0000E3
000000
0000F9
FFFB05
0000FF
000011
000001
0000FA
0000F1
00FFF5
000008
00000C
0000FC
00FFF8
00000C
00FF0A
0000FC
0000FD
000011
0001FC
000000
0000F1
000010
00FD07
000001
0000FC
0000FB
00FFFB
000009
000005
0000FC
00000A
000009
000002
000005
00FFFD
00000E
000002
000004
0000FA
000009
00000B
0000FF
000003
00000D
0000FC
00000A
0000FB
00000A
000007
00000D
00FFFC
0000FB
000007
000003
0000F2
000008
0000F0
00001D
00FFF1
0000FB
000007
000016
00FFE8
0000E0
0000F8
000004
000008
000001
00000B
0000E6
00001A
00001B
0000E1
000003
00FF06
000016
0000FF
0000F6
00000A
000001
0000F1
0000F4
0000E9
000000
00001B
0000F9
0000F3
000002
000007
000026
000016
000000
0000F0
0000FF
000002
000004
0000F5
000003
000003
0000FE
0000F5
00000A
000001
000001
000016
00001D
000003
000001
00000D
00000A
000000
0000FE
00FDF6
000014
0000FB
0000FD
0000F0
000001
000014
0000FD
000006
000009
0000FF
0000FF
0000FB
0000FE
00FF00
0000EB
0000FA
000011
00FFFF
0000FF
00000D
00000D
000005
0000EC
000002
000022
0000FD
000000
0000FD
000019
000010
0000FB
0000F9
000002
00FC01
000001
0000F8
000018
00000B
000004
000000
0000FB
0000FC
0000FD
0000EF
000000
000009
0000FD
000002
0000EC
000001
0000FD
0000EC
000003
0000FD
000003
000015
0000FC
0000FD
000005
000003
0000F0
0000FC
000006
000007
000001
0000E8
00000A
00000B
0000E2
0000FA
00000D
0000F9
0000F6
0000DF
000001
000007
000007
0000E9
0000F9
00000B
0000F1
0000EB
00000E
000002
00FFE2
0000F7
00001C
00001F
0000E1
00FFFF
000018
000012
000002
0000F2
0000FA
0000EA
000008
0000E2
0000EF
000003
000008
0000F4
0000F8
0000FD
000029
00FFED
0000F2
000015
0000F4
0000FA
000002
0000F2
00000A
0000FC
000013
0000EC
000003
0000FD
000012
000003
0000FB
0000F6
00001C
000001
000005
0000FB
000004
00FEFC
000001
0000F9
0000FE
0000FD
0000FE
0000F6
0000FE
0000FD
00000D
0000FF
000004
000009
0000F2
00FF09
000001
0000FB
0000F9
0002FE
0000FE
000006
000006
00FFF0
000008
0000FF
000009
0000EF
000020
00FFF8
000009
000007
000008
0000F9
0000FA
000000
0000FF
00FFF5
000008
000112
000007
0000F4
000003
000006
0000FC
000012
000000
000008
0000F4
00000C
000017
00000B
0000F3
0000FC
000015
000000
0000FF
0000F9
0000F3
0000F3
000005
0000EC
0000E6
0000E6
000003
000003
0000D3
0000F8
000009
00000E
0000D7
000003
0000F8
000002
0000DF
0000FF
0000EE
0000DB
0000EB
00000F
0000F1
000020
0000F4
00000B
000006
000001
0000E8
000013
00001B
000005
0000E2
000005
000014
0000FD
0000D9
0001E9
0000F8
0000E1
0000D6
0000ED
0000F8
000015
0000EB
0000F5
000006
00001A
0000F8
0000FC
00000A
000015
00000D
00000D
00001C
00001B
0000EF
00000D
000011
000005
0000FD
000002
000018
00000B
0000E8
000000
00000A
0000FC
0000ED
0000FD
000003
0000F9
000007
0000FD
0000FD
0000FE
0000F6
00FFF7
0000FE
0000EA
00000A
000002
000005
0000FD
0000F5
00FFFA
000000
0000F7
000013
000203
0000FF
000002
0000FF
000000
000005
0000F8
000008
0000FF
00002A
0000FD
000007
000006
000007
0000F2
000001
00000C
00000D
0000FA
000001
00FF08
000002
0000FE
000011
000013
000000
000009
00001D
000009
0000F4
000000
00000A
000016
00000A
0000F5
00000E
0000F8
000000
0000DF
0000EE
0000FD
00000F
0000D9
0000CD
0000FC
00000C
0000EB
0000D2
0000ED
000014
000004
0000E0
0000F3
0000E6
0000D4
0000FA
000010
0000EE
0000EC
000008
0000F8
00000D
00000D
0000E9
0000E3
000000
000007
0000FD
0000F9
00001D
000006
0000FE
00FF0D
000019
000010
00FEF7
00FDF2
0000F2
0000EF
0000F1
00000A
000000
0000FE
0000E5
00000C
000000
000015
0000EB
00FF0F
000015
000009
000002
00000D
00000E
000008
000009
000005
00000D
00000E
000005
000004
00000F
000012
0000E7
000007
000004
0000F1
0000FA
000000
000007
0000F5
000005
000002
0000F6
000007
0000F6
0000FF
000000
0000F3
0000F8
000002
0000FE
0000F8
00000B
0000EA
0000F7
0000FD
0000DC
000007
0000FF
0000F7
0000F2
0000FA
00FF0B
0000F7
0000F9
0001FD
000026
00FFF9
0000F5
0000FF
00001D
00FFF6
0000FE
00FF13
000002
0000FE
000014
00000A
000008
000001
000006
00000E
000013
0000F5
000008
0000F4
000007
000008
0000FC
0000F3
000000
0000FE
0000F6
000003
000009
0000F1
0000F7
0000F8
0000F6
0000C4
0000EC
00000E
0000F8
0000E4
0000CA
0000E5
00000F
0000E9
0000D7
0000EB
0000EB
0000E2
0000F7
0000FB
0000F5
0000FD
000004
0000EB
0000FD
00001B
00FFFD
00FFEA
0000CA
000045
00FF08
000009
000011
000010
0000E4
0000F7
0000FE
00FFF1
0000FF
0000DB
0000FC
000003
0000FB
00FDF6
000012
000010
0000C9
0000F8
0000FE
0000FB
0000DB
000001
0000FA
00001C
0000F7
0000FA
0000FD
000020
000002
00000D
00000F
0000FE
00001E
00000E
000009
00000F
000005
0000FE
0000F9
0000F1
000000
0000FC
0000FA
0000F8
0000FC
000004
0000F6
000001
0000FD
0000FB
0000FE
0000F8
000003
000002
0000FE
00FFFC
0000F7
000005
0000FD
000001
0000FB
FFFA02
000000
0000F5
0000FE
0000FF
00000B
00FF00
000000
000000
00002E
0000F7
0000F8
0000FD
000033
0000FD
0000F0
000000
000001
000002
000006
000008
000004
000012
000004
0000F8
00000A
0000FF
00000D
000007
00000A
0000F8
0000F1
0000F9
00000B
0000FB
0000D8
0000FC
0000EB
0000DC
0000DB
0000EF
0000E8
0000DB
0000E1
0000E4
0000DE
0000D9
0000E8
0000FF
0000F1
000006
0000D5
0000E3
00000B
000009
0000F1
0000FF
0000E7
000004
0000E3
0000F6
0000FF
000008
0000EC
00FFFD
0000D8
00000A
00000B
0000FC
000005
0000F3
000005
0000D7
000021
00000C
0000E5
0000E0
00001B
000015
0000D2
00FEED
000022
0000FB
0000E8
00001A
000011
000017
0000F2
00FD0D
0000F5
000003
0000FC
00FFF6
000011
000012
000012
00FFFC
000007
000006
000005
00001E
0000FB
0000F3
00001D
0000F2
000002
0000E7
00000A
0000EF
0000F0
0000F0
000006
000003
0000F6
0000F9
0000F6
0000FA
0000FD
0000F9
000009
0000FE
0000FE
0000E3
000008
000008
0000FD
000004
0000FB
00FC00
000000
0000F7
0000FD
00FF02
000014
00FDF8
0000FE
0000FB
00002F
0000EE
000000
0000EF
00001B
00FFFE
0000F6
0000FE
00000C
000003
000009
00000F
0000FF
0000F1
0000FB
000005
00000B
0000FC
0000EA
0000FB
00000E
0001ED
0000F7
0000FD
0000E6
0000FD
000013
0000FE
0000F6
0000F5
0000EC
000018
0000F0
0000F5
0000FB
0000ED
0000D4
0000E7
0000EA
00000A
0000F5
0000E5
0000ED
000008
00000B
000023
0000F7
000019
000010
0000E4
0000FB
0000E3
000001
00002B
00000A
0000EA
0000E9
00000E
00000C
00FFF4
00001A
0000F7
000019
0000F6
000028
0000FD
0000FA
00FFF0
00000E
0000FF
0000B0
000008
00001E
0000E7
0000FE
00FFF5
000007
00000B
000008
0000F2
0000F4
0000E4
0000FB
00FEEF
00000A
00001A
0000EB
0000E8
0000F7
000016
0000FD
00001C
0000EE
0000E1
00000A
0000F7
0000F6
0000ED
000006
0000FE
0000F3
000014
00000A
000006
0000FA
0000F3
0000F9
00FF06
0000FC
0000E7
000004
000002
0000FD
0000EE
0000F6
000002
0000FD
0000F8
0000FD
FF00F6
000000
000009
0000F9
000004
00000F
0000F8
0000FF
0000F7
000028
0000F0
0000FE
0000F5
000018
00FDFD
0000F9
000007
000006
00000A
000010
00000D
000001
0000FB
00001C
000012
000001
0000FE
000005
000001
0000F1
0000FD
000007
0000FA
0000DE
000013
0000F2
000004
0000FC
0000F3
000001
00000B
0000CC
000004
0000F7
0000EE
000005
00001E
0000F8
0000FA
0000E0
0000D1
0000F4
0000E8
000008
000016
000029
0000E0
000006
000010
00FFFD
0000F8
0000E9
000026
00FFE8
0000D2
000026
000008
0000D4
0000F6
000019
0000F3
0000CC
00000F
0000FE
0000F0
000005
00FDFF
000002
0000E9
0000FE
00FF11
0000FD
00000D
0000DB
00FEFD
000000
00001B
0000E3
0000F8
000003
0000E5
0000DE
000011
0000EA
000010
0000CE
00FDEE
0000FA
000025
0000FE
00FEF9
0000FB
0000F7
000006
00001B
0000F9
0000E0
000012
00FDFE
000001
0000F8
000000
00FF02
000003
000006
000007
000002
0000FC
0000F3
0000FF
000003
0000FD
0000F1
0000F7
000002
0000FD
0000F4
0000F9
000103
000000
000000
0000FF
0000FE
00000C
00FFFE
000004
0000FB
00001D
0000F2
0000FB
000001
00001D
000003
000004
0000F0
000017
00000F
0000F8
00000B
000001
0000FF
0000F0
000018
0000EC
000012
0000EF
0000F3
0000D9
000013
0000E1
000002
0000FE
000104
0000F7
00001D
00001C
0000E4
0000FF
0000F1
0000D9
0000F0
0000F1
0000FA
0000D7
000020
00001B
0000F6
0000FF
000001
0000F3
0000E3
0000F6
0000FF
0000E8
0000F5
0000EA
00000E
0000F7
0000F3
0000E4
0000FA
0000F7
000009
0000FC
0000FD
0000F1
000005
000009
000002
0000E6
000006
00000F
0000DE
0000D4
00FFFF
0000C6
0000F6
0000E6
00FEF6
0000E6
000000
0000EA
000013
0000FC
00002E
0000E1
00FFFF
0000F0
000006
000002
0002FF
0000EB
0000FA
0000E0
000102
0000FA
000010
0000E8
000000
0000FC
000006
0000EF
000029
0000EF
0000D8
0000FF
000006
0000FE
0000F7
000006
000001
000006
0000F6
000004
00FF09
0000F7
0000F4
000006
0000FD
0000FB
0000F7
0000FC
000002
0000FB
0000F3
0000F9
00FF06
000000
000007
000000
000006
00000D
0000EF
0000FE
0000F4
000018
0000EB
0000F9
0000F6
000009
0000FA
000017
000006
000000
00000C
000014
000028
000000
000004
000025
000037
000000
0000F7
0000EA
00000A
0000F9
000014
0000E4
00002D
000030
000007
000020
00000B
000029
0000EB
00000A
000017
0000DA
000001
00000E
0000EF
0000C6
000021
00001C
0000FD
0000CC
00000E
000005
0000E9
0000D9
000012
0000EF
0000EF
0000DE
000003
0000EC
0000E6
000009
000007
0000CE
0000FB
00000D
0000E9
0000EE
000016
00001A
000006
0000F4
00001B
000017
0000E9
0000E1
000101
000005
000014
0000EB
0000F8
0000CD
0000F7
0000F6
00FE05
000000
0000DB
0000FB
00FCF9
0000F2
0000F3
0000FE
00FFFD
0000E0
000001
000009
000006
000015
000002
0000E9
00FE0B
00000E
000028
0000E9
00000F
0000F9
0000FF
000015
000015
0000EE
0000FD
0000F0
000003
0000EB
0000E8
000010
00FFF6
0000FC
0000F8
000006
000005
0000FB
0000FA
0000FB
000004
0000FB
0000FD
0000F8
00FFFC
000000
0000FA
0000F6
000000
0000FE
0000F7
000000
0000F4
0000FF
0000FD
0000F6
0000DB
000000
0000F4
0000FA
0000F2
000000
000017
000006
0000FC
000000
000014
000009
000002
000002
0000FF
000020
0000FD
000016
000015
000008
0000F8
000028
00001C
0000F5
000016
000001
0000EB
0000F8
000101
00000D
0000E5
00000E
00001A
0000D2
000027
00000E
0000FD
0000E5
000008
000008
000013
0000E8
0000FF
0000F2
00FEE0
0000E8
0000EB
000009
0001FE
000007
000011
0000EB
000014
0000F7
0000EE
00000A
00001E
000018
0000FF
0000F1
0000F5
000037
000019
0000E2
00FFFE
0000FE
0000E4
0000F2
0001F2
0000F0
00003B
0000D9
00FEEA
0000E7
0000FF
0000DC
00FE06
00000A
0000FF
0000E6
00FBED
000000
0000F0
0000FC
00FF0E
000019
0000E3
0000CC
000003
000019
000013
0000FF
00FBF7
00001C
000016
000011
000023
0000F9
000022
000004
0001F2
0000F8
0000D8
00000A
0000FB
0000FC
0000F8
000006
0000FD
0000FC
00FFF6
0000FA
0000FD
0000FB
000004
0000FB
00FF02
000000
000006
0000FB
000000
00FFF1
0000F8
0000F1
000003
0000FF
0000F8
00000E
000006
000000
0000F2
000019
000006
000000
000015
000022
00001C
000000
00001F
000022
0000F8
0000F9
00000C
000008
000034
000013
000117
0000EA
000018
000003
00001A
000014
00003B
0000FB
0000F0
0000E6
000027
0000F7
0000D8
00000E
000021
0000E4
0000FE
000011
0000F6
0000DE
000000
000025
0000E3
0000D6
00000B
000015
0000EA
0000D1
00000D
0000EC
00FFFF
0000F4
0000F9
0000ED
0000E8
000018
000023
0000F4
000001
0000FE
000117
0000EB
000003
0000F2
00FF06
00000C
000003
0000E3
0000CD
0000F6
0001FB
0000F7
00001B
0000BC
0000E8
00000E
0000F2
0000E0
0000E8
000001
0000E3
0000F5
0001FF
000007
000031
000021
0001FD
00000E
0000E7
000009
00000E
00000B
000001
0000E0
000002
000022
00000E
0000FB
00FDFF
000013
000003
000008
00FF02
0000F9
0000F6
0000F7
00FF19
000000
0000F9
000003
00FF0B
0000FA
0000F0
0000FE
0000FF
0000FB
0000FF
0000FB
0001F8
000000
00000A
0000FE
0000FD
0000F3
00000A
0000EF
0000EA
0000FF
000005
000004
0000ED
000000
0000FB
000014
00000B
000000
000035
000017
000039
000000
00000F
000010
00002E
0000FE
000014
000000
00002F
0000E2
00000F
000008
00001E
000003
0000FE
000010
00002D
0000E9
0000FE
0000F6
00000E
0000DA
0000E7
000003
000012
0000E9
0000F3
000008
00000B
0000EB
00000E
0000ED
00000F
0000BA
0000F3
0000FD
0000E9
0000A8
0000F5
000006
00FFF3
0000E9
000004
000000
00010F
0000EC
0000D8
00FEE3
0000F6
0000E9
0000E1
00FFF4
000004
000004
00FC02
0000E6
00001A
0000FA
0000DE
0000F7
000011
0000F5
0000E8
0000EC
00FFFD
0000E2
000004
0000EC
00F8FE
0000FA
0000F2
000001
00FDEF
000004
0000F9
000008
00FB04
0000E5
000007
0000F5
00FEF5
000021
0000E6
0000CD
00FFF7
000030
000007
000016
000102
00001B
00000A
000024
00FE14
0000F7
000014
00001F
00FEFD
0000F5
0000E2
00000C
00FEF5
0000F8
0000EF
000002
000003
0000FB
000002
0000F7
00FB00
000000
0000FF
000001
0000FA
0000F7
000002
0000F2
0000F1
000000
0000F9
000008
000001
000000
0000EA
000021
000028
000000
000021
000020
000013
000000
0000F9
000014
000024
000014
00011E
00000C
00001E
0000F9
0000FF
000018
000033
0000FE
0000F4
0000F3
000011
0000E0
00000A
0000F4
00012C
0000DE
00FF08
000001
000029
0000CE
0000F9
0000FA
000026
0000F3
000005
0000F0
00010A
0000D6
0000F3
00000D
00FEF2
0000B5
000029
000005
0000F9
0000DA
00000A
00000C
00FFD4
0000F0
000512
00000A
00FFEB
0000F8
00FF0A
0000F0
0000FE
000002
00FA03
00FFFD
000005
00000A
0000CC
0001FF
00FE00
0000D8
000001
0000B8
00FDE6
0000ED
0000D7
0000F1
0001FB
000004
00000F
000002
0000ED
0000FF
000027
000012
0001EE
0000F9
00000B
00000C
00FC00
00001D
0000F3
0000EC
000100
00002D
0000FB
0000E9
00FF0D
000020
00000B
0000C7
0000E5
0000FE
000022
0000E1
0000FC
000001
0000EE
0000E6
00FF10
0000FA
0000F4
000009
000004
0000FA
0000FE
0000F9
00FDFD
000000
000006
000000
000004
0000F7
000006
0000F3
0000F7
000000
0000F8
000005
000007
000000
0000FD
000029
00001B
000000
000026
000034
00002E
000000
000009
000030
00003A
000004
000207
000000
000013
00000D
00000B
000024
00002A
000006
0000EC
00FEDE
000010
0000EC
00000C
000004
000028
0000EF
0000F9
000005
000021
0000EB
0000EE
000012
000025
0000FC
000007
000018
00FB0A
000004
000002
0000EF
00001B
0000C5
000007
0000EC
0000DB
00000E
0000FA
000031
000008
00001B
0000F7
0000D0
0000E6
00001D
000004
000002
0000FC
0000DE
00FCF0
000005
000009
000007
0000DB
00000F
00FDF0
000016
000004
000008
00FEDD
000005
000004
0000F3
0000FC
00000B
0000FA
000006
00FDF4
000004
0000F7
000001
0000EF
000001
0000FC
00000B
000010
000007
0000DB
0000F9
00FD0E
00001A
0000DE
00000D
00000B
000010
000004
000002
00010A
0000E5
000011
000018
00FB1B
0000D6
0000D3
000005
000005
0000F7
0000F0
000002
00FFFD
0000FA
000003
0000F7
00FFFA
000000
000007
000005
000002
0000F4
000009
000000
0000FA
000000
000003
000007
000012
000000
000004
000020
00001D
000000
00002C
000001
000008
000001
0000FC
0000FB
0000E9
000016
000014
0000E4
0000EC
000021
000002
000002
000003
0000FE
0000E9
00FEFD
000018
00001A
000016
00FF0D
000020
000005
000004
0000FB
00001A
000016
0000F0
0000F1
00001D
000000
000009
0000FB
000018
0000DE
000011
000010
00FFFE
0000C4
00001B
000001
00FFF2
0000F1
000028
00000E
000013
00000B
000006
0000FD
000014
0000DF
0000EB
000017
000005
00000D
00FFFB
000006
0000EF
00000D
0000D5
00003A
0001F8
000005
000004
000008
0000FD
000004
0000F6
0000EA
00FFFB
000001
0000D4
0000F6
000109
00001B
00000F
0000E4
0000F0
000026
000019
00000C
0000F4
000005
00000F
000007
00FE07
000008
000002
000019
000118
0000FB
000009
000000
00010E
0000CF
000016
0000FF
00FCF7
0000F2
0000FF
0000E6
0000FD
0000F0
0000DC
000001
00FE0A
0000FD
0000FB
0000F7
0000F7
0000FD
00000B
000000
000009
0000F0
000008
0000FF
0000FE
000000
0000FF
00000A
000013
000000
000000
000016
00001B
000000
000006
0000FB
000029
000001
0000FD
000003
000020
000002
0000FD
000012
000028
000007
0000F1
000004
000013
0000DB
0000F1
00FF20
0000F4
000001
0000FE
000001
0000ED
000003
0000F6
000004
000025
00000A
000007
000023
000000
000009
000012
0000F9
00FEFC
0000F5
0000FB
00000B
000120
0000E3
00001B
0000F2
000026
00002D
00000C
000004
00000D
0000F3
000007
0000F6
0001FE
0000FD
0000F0
0000F5
00FFED
00001B
000003
0000FB
0000F8
00001B
0000DD
000021
0000FE
000004
0000E2
000009
00FDF4
0000F4
000015
00000A
00FF12
0000FF
0000EB
0000F7
00FE12
000019
0000D6
0000E0
00FF07
000012
000012
000012
00FF02
000017
000011
000008
000014
000013
0000D2
00000E
000113
000001
0001FD
0000EF
00FC10
0000F2
000021
0000F4
00FE0B
0000EB
000015
0000FE
00FF1C
0000ED
0000E2
000010
00000C
0000F5
0000F6
000005
000007
0000FD
00000D
000002
000006
0000F7
0000FD
0000FE
000000
000000
0000F3
000005
00000B
000000
000005
00000E
000015
000000
000006
0000F7
000009
0000FF
0000DD
000013
000008
0000FF
0000FE
000002
000005
000018
0000F6
00002F
000026
0000E8
0000F8
0000F4
0000F6
000014
00000B
000003
00001B
000000
0000D9
000020
00000E
00001A
0000D8
000015
000011
0000D2
000030
0000EF
0000EE
000001
000003
00000D
000118
00002C
000008
000022
0000F9
000041
0000F4
00000B
00FF15
000024
0000F8
0000EC
00FDFA
0000EF
000017
000006
0000FA
000010
00000F
00000A
0000F8
000026
0001E3
0000F2
000015
000017
0000DE
0000E0
00FFF4
0000F8
000026
000009
000006
000011
000008
0000DB
000000
000013
0000E3
000003
000004
000025
00000F
000025
00FF09
000019
000012
0000F3
00FD02
0000F5
0000E9
000008
000212
00000E
0000F4
000022
000009
0000F3
000004
00002F
00000A
0000EA
00001E
000011
00FD05
0000FD
0000EC
00000C
0000EF
0000F8
0000EF
0000FC
000006
000000
000004
000006
000008
0000F4
0000F8
0000FA
0000F9
000000
0000EF
0000FC
00000C
000000
000001
00000B
000021
000000
000018
000000
00000E
0000F0
0000E8
0000F5
000009
0000FD
000002
0000E8
000003
000018
000000
000028
00FF0B
000007
00000C
000015
00FF0C
00000F
00000A
000017
000005
0000FE
0000E4
000016
000018
000014
0000FA
0000D8
00FF02
0000D5
00002A
0000E6
000000
0000E9
00000D
000011
0001F6
0000F6
0000F9
00000C
00000C
000002
000000
0000FD
00FFFD
00000B
0000F4
000005
0000F2
00000A
00000F
00FB08
0000E7
000011
000005
0000FF
000010
000012
0000FC
0000F1
00001E
0000E6
0000F5
0000F0
000006
0000D7
00001A
00001E
000016
0000FD
00001E
0000E9
0000F9
000017
0000E7
0000EB
00000D
000023
0000D8
0000F7
0000F8
00001C
000003
00001E
000014
000013
0000E9
000023
00001A
00000B
0000E7
00002F
000004
0000FB
00000D
000017
0000F9
00000B
000012
000009
0000F4
000010
0000EB
000003
00FFFB
00000A
000001
0000F8
FF01FE
0000FD
0000FB
000005
00000A
0000F7
0000F5
0000FE
0000F0
000000
0000ED
000005
000009
000000
0000FF
000013
00001D
0000FC
000024
00001E
00001F
0000EF
000003
000011
00002B
0000F0
0000F4
0000EB
00000B
0000FE
0000FE
000001
00FF16
0000F5
0000EA
000006
000008
000008
000007
00000D
00000E
000006
0000D4
00001D
00FC17
0000FD
000006
0000F4
00FF12
0000C8
000032
0000F6
00FF0A
0000C0
000012
00000E
000106
0000EA
000005
0000FF
00FD06
0000F5
000008
000007
00FF02
0000FC
0000E7
000017
0000F3
000000
000004
000010
000003
000011
0000EE
000008
00FF0F
000013
0000DE
00000B
000013
0000E7
000003
00001C
0000FB
0000F2
0000F6
0000F5
000006
0000E2
000025
0000BF
0000EF
000004
0000FE
0000F1
000009
000013
0000E8
0000F9
000000
000014
0000EE
0000EC
00FF09
000022
0000FD
0000EE
00FFF7
000027
0000F5
000013
000016
000007
000012
000016
00000B
00000A
000016
000016
000016
000000
00FFEA
000023
0000FF
000011
0000FA
0000F5
0002F6
0000EC
0000F9
000000
000005
00FFF0
0000F4
0000FE
000002
000000
0000EC
0000F9
000002
000000
0000E6
000008
000006
0000F9
000009
00000A
00000B
0000EF
00000B
000007
000001
0000FC
0000FA
0000E7
000001
0000F9
0000F5
0000F5
000011
000008
0000E7
000020
00FF3E
00000C
0000F2
000019
00FD0D
0000F1
0000C7
000018
00FE11
0000F5
0000F9
000020
00FEE6
0000B7
00002A
00000E
0000F6
0000DB
000029
000013
00FCF3
0000F4
00000A
0000F2
0000EA
0000FA
0000EB
0000E9
000110
0000F1
000015
00000B
000004
0000FF
000001
00000D
0001FA
000013
0000D6
000002
00FDE7
0000FC
0000ED
0000FE
0000FA
0000F4
00001F
0000E9
00000C
0000DE
000027
000003
0000FC
0000FE
000029
0000D7
000013
0000FA
00001D
0000F8
000004
000016
0000D5
0000F2
000003
000016
0000C9
000004
000019
000005
0000E5
000013
000015
00001B
000000
00000F
000013
00000F
00000A
000006
00000C
000012
0000FC
00001D
00001B
00000A
000004
000017
000012
000006
000006
000002
0002FF
0000F6
0000FD
0000FC
0000FE
0000EE
00FFF0
0000F5
0000FF
0000FF
0000F1
0000FA
000007
0000FD
000001
000003
0000F7
0000ED
000014
0000FF
00000E
0000F1
000017
0000F7
00000A
0000FD
00001B
0000F2
0000FB
0000F3
0000FC
0000E5
000007
000000
0000F9
000015
00FF07
00000C
0000F4
000012
00000E
0000F8
0000C5
0000FE
00FF0F
0000EE
0000F0
0000FE
0000DC
0000DC
00002C
00001F
0000FE
0000E9
00002D
00003E
00FF0B
00000F
0000F6
000023
000015
000011
000015
0000ED
00FBF5
00000E
00001B
000016
00FEF9
0000FD
0000F0
00000E
00000D
0000F6
0000EF
0000F0
0000ED
0000EA
000006
0000EF
00FFF5
0000F4
000020
00001E
0000F9
0000E5
00001B
000015
000012
00000C
0000EF
00000C
000005
000000
000009
000019
000016
000022
0000EC
000012
000014
000011
0000E5
00000D
000028
0000FF
000019
0000F3
00000C
000013
000017
00000A
000008
00000E
000018
000004
000018
000007
000012
000000
000005
00001A
00FEF5
000004
0000FF
000001
0000E2
000021
00FF0E
0000F9
000008
000000
0000FA
00FFF7
00FBFC
0000FA
0000FE
0000FF
0000EB
0000FB
0000F3
0000FC
000000
0000FF
0000FE
0000F9
0000F3
00000F
0000FD
0000F5
000003
000000
0000FC
0000F7
000007
0000ED
000000
0000FB
000005
0000F4
000005
000006
000017
000018
000014
0000FC
000009
000005
00FEF5
000009
0000F4
0000F0
00FF0D
0000E0
0001D4
000014
00001D
0000FA
00002C
000019
0000D9
0000FA
000011
000019
0000EC
000006
000010
000030
0001FD
00001A
000011
000014
0000F9
000006
000022
000007
00FDF0
000010
000012
000002
000010
000006
0000EE
0000E8
00FFF4
0000DF
0000E9
0000DA
000003
0000F5
00001C
0000FD
0000D6
000000
0000FF
000014
00000E
0000FF
000009
00000A
0000F2
00001D
00001A
000000
000012
00001D
0000F0
000013
00000F
0000F9
0000F5
000005
00FFFA
000007
000022
0000EC
00FE03
000011
000007
0000FE
000006
000014
000028
000004
0000F4
00000C
0000FA
000018
0000F9
0000F7
00FC01
00000B
000017
00000A
0000DB
00001C
00000B
000012
0000FB
0000FC
0000FB
0000F6
0000EE
0000FB
0000F4
0000FF
000003
000000
0000EE
0000FB
0000FB
000000
000003
0000FD
000009
0000FD
0000F4
000003
0000FC
000004
0000FD
0000F3
000008
00000E
0000F9
000003
000008
0000EE
0000FC
000006
000000
00002C
00000A
000003
00010E
000012
0000FB
00000E
0000F8
000000
00FFEE
000025
0001D3
000002
000006
0000EB
00002C
0000FB
0000F3
0000F1
00000D
0000E4
0000FA
00000E
00001E
0000BA
0000FE
000013
0000F9
000000
000002
000007
000021
00000B
00000D
0000FE
000028
000024
000007
0000F8
0000E3
000017
0000E4
000009
0000FA
000011
0000F5
000002
000015
000006
0000E3
00000D
000003
000028
00000F
0000FF
00002A
0000E4
000010
000011
000000
0000F6
00001E
000021
000005
00000E
000016
000008
000009
0000F5
000000
0000F1
000112
0000EE
000013
000009
00000B
000013
00000F
00000D
000005
00003B
000010
000004
000006
000032
000010
000002
00FB10
000027
000028
00001B
0000E1
00002D
00FD23
000008
0000F0
0000F7
0000FA
00FFF1
00FEF5
000003
0000FE
0000FF
000004
0000F1
0000FF
0000FA
0000F0
00000C
00000D
000006
0000FB
0000F7
000006
0000FA
0000F3
000012
000000
000005
000001
000030
0000FF
000000
0000EC
00001A
0000F5
000014
0000FD
000016
000005
00001A
0000E7
0000E7
0000F6
00001C
00000F
0000D2
000001
000023
000004
000009
000016
000032
000104
0000D3
00FF14
0000F5
00001F
0000E5
000020
0000FA
000014
000002
0000FB
000000
0000D6
0000F0
000002
000014
000026
0000FB
0001FD
0000F0
000018
0000FF
0000F4
000003
000015
0000F3
0000EE
0000E5
0000F7
000011
000010
0000F0
00001E
000022
0000E9
000000
0000F4
000022
00FF05
000001
00001A
000004
000006
000000
000015
0000FA
00002A
00001B
0000FC
0000F8
000008
000023
0000FD
0000F7
00000B
000002
000003
0000DB
000019
000002
00000A
000018
000000
00000E
000006
000010
000006
000024
0000FF
000011
000011
00001A
00FC15
000017
000007
0000FA
0000FF
000028
000218
0000F8
00FFE8
0000FA
0000FA
0000F4
00FBF7
000007
000001
0000FA
000008
000008
0000ED
0000FA
0000ED
0000E4
0000F7
00000A
0000F7
0000ED
0000EA
0000F4
0000F9
000013
0000F3
0000FE
000000
00001A
0000FB
000008
000000
0000EF
000000
000037
0000F8
0000D5
000015
000018
00FFEF
0000E5
00000D
000013
0000E9
000014
0000FD
0000FF
0000F7
000023
0000FF
00002F
00001B
0000E7
00FE18
000016
000029
0000F8
00FE09
000003
000009
0000F9
0000F1
00001C
00000C
000004
00FE0C
000012
00000F
0000FB
0000B9
00001D
000004
0000F1
000009
0000E6
000034
0000FC
0000F8
000001
000000
000006
0000FD
0000F7
0000FA
00000B
0000F4
0000F5
0000F1
000007
000001
0000EE
000029
0000E8
000025
0000FC
000013
0000F8
00000D
000012
000007
0000F5
000013
00001A
000002
0000E4
0000FE
00001B
00000A
0000F4
000008
000017
00001D
00000D
00000A
00000C
000019
000001
000006
00001E
0000FC
00FF10
000005
000014
000004
00001D
000009
00001D
000017
000022
00FC18
0000F5
00FFE0
000000
000003
0000F9
000003
000000
0003FD
0000FB
000019
0000FD
000011
0000FA
0000EC
000006
00050E
000005
0000FA
00000C
000011
0000E9
000020
000016
000217
00000C
000004
00001D
000023
00000A
0000F2
000016
000211
000007
0000E4
000002
000010
00000F
0000E2
0000E3
000016
000002
0000ED
0000F7
000004
000018
00FFFA
00001F
0000FF
000002
000010
000010
0000F0
00000F
000043
000008
00FFF0
000004
0000E3
0000D9
00FCEF
000003
000012
000026
00FEE5
000014
0000E8
0000DD
00FA05
00001D
0000FE
00000C
00FF16
0000FD
0000FF
000020
00FF03
000007
0000FA
0000ED
0001F9
000003
0000EB
0000F1
00010F
0000F8
0000F6
0000F5
00FA0A
0000FC
0000F7
000009
000213
0000FD
00001C
0000FF
00FA09
0000FC
0000FB
0000F7
00F806
000007
0000FA
0000EA
00FCF6
0000F4
00000E
0000F8
00FFF1
000009
0000FB
0000F7
00FCF8
0000FD
00000F
0000F2
00FCF1
0000FA
0000F6
000005
00FDEF
0000FC
00FF0F
0000E5
00FDF4
0000F8
000028
0000F6
00FCFC
000000
0000E6
FDFEFE
02060D
060801
030304
F900F2
000C0A
030308
FE08FD
FCFCF9
020807
010010
0102F8
FE0AFE
FC0B0F
01FF0E
020A02
050BF9
020508
00060D
00F3F5
08140A
070C07
010505
FAF3FD
020601
0F0103
FDFEEB
FBE9FF
0C0206
040209
FAFBE2
07ECF7
03F6FD
08FF01
FCFFF0
09F8F6
01FD04
06FD08
000904
00E9DC
09FC0B
05FF01
0004FA
04FAF0
FC00FE
0AF606
FDFBF4
02F505
FD0200
FEF804
FE01F4
05FAFF
FAF5FF
03FA08
041104
FBF0FF
FDF408
06FB00
041709
06EF0F
F6F4F5
04F4FE
0011FB
02F0F6
FEFAFC
07FA04
FE0C01
01F1F0
F3F704
FAFEFD
0104FF
FCFF0E
FCFA03
02170C
00FEF6
000A04
030806
FA1302
000B03
EFFDFB
03F6FC
061206
000900
07030D
F9F5F4
031707
02FF02
03FA04
FFF601
04FEFB
00FD01
02FDFA
FDF60A
06090B
FEFAF4
FF0508
02FE01
020E0D
FDFBF7
030B09
FFF9FA
080402
00FDFD
F8F503
F708FA
040D12
FFFC00
0105FE
02FC04
080506
02FF06
04FAFC
0B0D10
0C0EFF
010101
010101
000002
0E1609
000109
F80600
020800
030A08
0003F9
FDF9FE
F8FFFF
0705FF
000300
00FEFF
0003F9
00F500
080D09
040D0A
FAF4ED
0AFD04
030005
0408FF
FAF7EB
0301FD
FF0307
060E0F
FBFDF4
000405
030013
081410
F4F3E4
020804
00020A
FCFEFB
FE10FF
050D0F
FFFFF7
FEFD03
03FBFF
02070B
0AFCFC
FBEE03
030403
FC08FD
0EFCFD
FDF7EF
00F8F3
FD03FD
010301
00E903
0A05FF
030BFB
05070E
03F4F5
061109
0311FF
010605
01FE02
040501
010805
000601
FFF603
03FCF9
020609
000404
FFF3F5
05F905
040608
011913
00F305
020000
02020B
021D13
FEE906
09F905
FB0105
000D03
F2E1F1
01F201
04E707
FC0400
01E8F4
F7D800
02EA0A
080F0B
02FE13
F5EBF3
05E807
040702
FD1203
03F802
F8E9F7
010E00
F317FC
00EE05
FC05FC
06020D
FCEBF9
FA04FE
0107FA
FDEEFD
04F408
FC05F3
02F4FC
FBF1FA
02FA02
010CFC
FEF7FE
FCFAFC
FA1403
FE0403
FFFDFB
FDFAFD
FF1104
FF0A05
081211
00FBFC
F8F401
F70FF9
000E0F
00FEFC
08E9F3
040E0C
05150D
020001
010208
FBFDE7
FDFE02
0104FE
011304
000BFF
00000F
FCFBF2
FB0EF8
FF0AFD
0AFD06
0403FC
00FCFF
000909
050E02
00FE01
030205
FFF9FC
01F3FE
0003FC
FF0605
F8FBE7
FDF3FD
00FC02
FA0F02
FEFAEF
FFF7FF
FE0000
001203
FEFC00
FB02FC
000108
041509
FD00F8
FEFFFD
00FE0A
050910
FC0702
0F1604
FA06FF
FBF603
F8F1F9
080507
0004FB
FDEA01
02F7F5
F90702
FF01F6
03ECFE
FCECF6
00F400
04FE03
07F9F7
FBF5ED
0506F9
110009
0311F5
0409F7
0102FD
0902FD
FFFCF3
0216FE
FD0AFD
0205FD
061505
051B0A
FE0206
050502
0401FA
020E02
070007
060801
FC0104
FCF4FA
01FEF9
0013FF
00F8FC
0C0609
FBF703
FC1605
0BFDFC
F8F2F7
04F103
FD07FF
F5E0E4
F807FA
030BFE
FDF9FC
09E412
F803FD
0100FC
000100
07150A
F9F8FE
FE05FC
011404
FA17FF
F9EFF0
080209
08190C
06FA08
FDFEF4
00FCFC
FBF3FD
FB03F2
000006
040007
FAF3FA
07F903
061A0F
FEFB06
00FAFB
021500
020A11
02F402
FDFBFF
000C0E
FD0500
08FF07
FDFDF9
F90200
F90605
030E0C
FDFEF8
0BF7FF
030F0A
000C0C
0100FE
FDF306
FC03EF
050205
FD04F8
000D0A
FD07F5
05FB01
FCFAF5
FF0801
FC090A
08F403
000A00
00FC0C
000F0C
010F08
000203
0001F5
0003FF
04F203
080504
FDFA00
FBFBF3
01FE01
00FB05
FE080A
00FCFA
01F707
0001F6
07140B
FF0605
040203
0006FD
021704
FC01F8
000AF6
000301
0E151B
FBFAF4
070F00
000400
FCF301
FCF6FA
050805
FEFFF1
F8F7FD
00FFF7
0101FB
FE01F4
FEF501
FF02F2
FF00FC
050B03
02F3FE
FE02FD
FCF6F9
030F06
030412
F702F6
060BF9
FF0A07
03F605
F9F7ED
F8F5FC
FE0904
06FD14
0414FA
F5FAFD
000405
040207
041400
01FDF6
020505
0AF91B
0007F3
F8FEFC
FA0BFD
01DE0D
0A1EF9
0B0609
000405
FCE7EC
FD1701
FCF501
F7FFFF
F0DEE7
0A0B18
02F700
FF0600
12E110
FBF6FD
FFFBFF
FDFA01
000E04
FEEDF8
FFF1FA
011106
F7330B
FCEEF6
110C09
031711
FEFBFF
0307F9
010407
01FFFF
010DFD
02F60F
01EF05
F9F6F1
FEF5F1
07091D
01FD09
FCFEF5
091605
000811
0D020A
FDFDF5
F91904
030E0B
0302FF
FEFFEE
00020A
F8FAFE
00FE04
0000F4
07FE06
010E12
00100C
0100FF
0604FB
000000
050F09
000E04
FA05FA
FC0200
00F700
FD00FA
0009FA
FF0406
0701FC
FE0C06
000202
FE0FFD
020DFD
000506
000505
0101FD
FFF403
0205FC
07FAFD
FD00F2
02FF03
00FE02
020B08
FCF9FB
FEF500
FF0100
041108
FF04FC
030309
FFFDF6
FB1400
07120F
030A06
FF03FE
0D1A20
FD0A0D
F9FCF4
000901
FEF601
02FCFE
020EFD
FC00EE
F4F504
FEFAF8
030801
FB04FF
00F9FD
FF0B06
000200
FA0DFF
0002EF
FCF8FA
01FEF9
F709F7
FF120A
F9FAF9
010504
FB0E06
011C03
FAF5F2
040AF8
040B09
FFE5F8
00FCFD
FFFEFD
060604
06FE20
0209FB
03F9FC
FC0000
04F417
FF02F8
07010D
0506F3
04F201
0811FF
080412
FCFBF7
FCD8F6
FF05FF
FE00FB
F700F2
F5DBF3
00050B
FEF7F9
FAF0F8
03E400
02F2FE
00EE02
01F004
FDF107
FFFB11
F5F805
000002
E927F4
FFE9FF
04E90D
00FCFB
000D01
F7F7DD
FF0BFB
02FE0B
FE19EA
FFFF00
FBFA05
00F802
FE04F1
07F924
03FC01
000005
0A0211
030016
04FA0D
FFFFF8
FD08FC
02FB15
08FA01
0100FD
FD1005
FD0805
F90201
010001
09010D
FF06F9
010402
0100FE
03F203
030707
071300
FC07F5
030106
FEFE08
06FA01
FE03E9
050B05
FFF8FD
00F704
06160C
FC0502
FB05FA
FB0A06
000201
000A00
FFFC07
00F907
060C04
02FB07
FCFD04
FCF608
010305
040A0B
FCF9FA
01F5FA
000104
000606
FCFBF9
03F8F4
FFFBF9
04150C
060F0D
FAFFF8
FF01FE
061313
071206
FA0B07
FBF6EC
0F111C
08080D
040EF4
FF0303
FF0301
06FB10
030A03
0005FA
FE010C
040513
040AFB
020E03
061107
010008
FFFDFB
F801EF
FF10FD
00F1F9
FAFA01
021303
FE1213
06F407
00F903
03100A
04E406
06F107
090906
FDFE03
03FC13
09FC0D
06FC10
03010B
01E60B
01F6F9
08FFFC
03040A
00F603
FDF6F9
030A07
FF01FA
FBDD03
08F205
040F05
FA06FE
FDBEF8
FD050B
00F9FD
FAF102
00D4FE
02E5F3
FFF3F6
00EB03
08E9FC
05F2FF
01EFFE
02F4FC
FD09F1
060415
06FE01
0006FD
F112FE
FD0708
04000A
050819
F90DD7
FDFAFE
FFFF09
01FA0F
041403
FCEA00
05FD05
00000C
0B0218
FDFAFD
030100
FF00FE
FF04FA
03F502
05F603
02FE06
FC1102
FDE9F3
02FEFB
00FEFB
FF030C
FB05FA
FC0106
00FDF8
FEFBFF
0016FC
FF0A05
00FEF9
FD04F5
FF07FF
FCF5FA
0000F4
FD0C04
FCFD00
F8FE00
030DFE
FD09FF
FCFBF2
0604FB
000401
040700
000009
03FB0A
0A0C08
FEFCFC
FF0602
FE0802
000001
04080B
F80004
FDFB00
010104
FD0DFE
F800FF
FFFF01
00F9F8
031B0E
0003FF
020405
FF05FC
FA05F8
031B10
070A02
000200
111E14
060C08
0207FD
01FEFF
00FEFB
030B12
FE2911
030001
F8EA08
080911
FDFCFB
0107FD
03FD02
01F408
FAF2FE
FF09F8
02E7F6
01F8FF
FDF102
0A1401
FD2D1F
00F804
0429FF
000604
07FF11
06F20B
FB0A04
FBFBFF
01DE0C
01050B
09EBF9
F7F3ED
F4E9EF
0AFB17
0A0D09
02F8F6
03F410
00E6FE
03F6FE
00FB09
FAF0F4
09FD13
05FB11
01F405
F9DBF1
050B0B
FDFFFE
F7E1FA
FCC006
0213F4
05070E
FEEAFA
13D009
FE3A19
FD050F
F803FE
091604
F4FEFF
FFE4FE
080F1B
FC2608
F01406
0F0E06
0D101E
F10EF9
FAFC00
090012
030010
FA0EFA
FDF7F9
FFFD01
00FF00
0A0D18
F6F8E6
03F7F7
0001FC
09FE00
FE0204
06FD03
01FE01
FF1506
F5F4FE
FCFBFD
0100FA
F9090C
01FF11
FCF9F9
00FDF9
04FDFE
FC11FD
000608
00FDF9
F60505
F8FAF7
05FA06
FFF7ED
F1FFF9
081714
030702
00FEFC
FF06F4
03080C
020E0E
000200
040809
FF0400
02FD06
080C0C
FBF8F5
FF05F5
FF0603
00001E
08070B
FF05FF
FDF9FF
000008
080BFB
F501F8
FD02F5
00FFFF
02120A
FC02F7
FAFEF5
FF0804
020C06
030E04
050B05
0101F9
03100B
041107
030CFF
0200FB
010E09
FC09F8
F80800
04FCFA
FFE803
FE0003
081208
03F8F8
01FD06
FBFEFE
FFE7FB
0808FC
FC0601
F8E5EE
FF0408
0519FC
F63F00
10F20B
FF02F8
FFFCF6
05FA29
08150C
FB18FE
FDF5FC
08D505
F8F600
01F506
FC03FC
FDE209
10FB14
F2F8F0
09190A
F7FEFA
F1EAF8
FC0101
010406
FA07EA
09F00A
F4F001
04F110
FEF2FA
0FF80D
050E0E
01F4FD
05E312
0304FF
F901F9
F501F4
0FC104
014601
FAF508
F0F709
0B1B17
030311
FCE3FA
000414
EDEFEC
FC08F5
02FFFB
0C0705
F40A07
070107
FDF607
FE03FF
F70ED0
FBEF01
FEF5FF
FFF2FE
07180D
F4E5EF
F9F3F4
00F601
00FFFD
FEFDF8
FAEFF9
0002FE
00100A
07FD19
04F7FC
0102FB
FD0100
00E808
00F602
00F8F2
FCFF02
FDF804
FCFE01
00FDF9
030B09
F9F5FE
0301FA
FEF6F0
FDF8FC
010206
07020B
000704
080300
F6F1F9
09FC03
000200
0001F2
FF02FC
01F903
00050E
FCFCF8
FE0FF7
FFFB01
FF001B
02FCFC
030C04
FDFBF3
00FDF9
040805
010400
040302
FDF7EA
031406
F600F9
070E00
000200
050E0A
F704F3
041B08
001906
FFFA03
F80405
FF13FB
041103
FD0F05
F106F3
001FFE
FEF6F7
01F4FB
F5E5FB
F908FC
06FB00
F6C2F9
06FB0D
F9F5F2
04F2EB
F9DC04
FEF70A
00F0FC
FC12F0
F451DB
04E702
090905
FF06F4
F72F17
01F4FA
063508
051AF8
02CB03
04E500
FEFA06
FF0200
FEFA14
11F327
010108
FF0DFB
05EA0C
00051D
051512
0014F7
F3F2E7
FD0A09
01E7FD
FB08F0
FF2401
00FE1B
FFEC13
FE0CFC
F7F5F7
09030F
02F508
FE0AFB
00EB0D
FFF0F9
00F9F8
FB150E
140C1F
0F0218
FAEC06
F70404
FE04FB
F90EF9
FA02FE
00E5F2
FDF710
F301EC
FA0D04
02F707
F718F2
F3F0EF
00F6FD
FFE7F8
F104DD
0100F8
FAF5F7
05FE12
F6F8E7
040B0B
FFF9F4
04E806
040E0E
FF0103
FCFBFB
03FC18
FE0807
FCEDF7
030701
00F7F5
FC02F8
FF0503
0104FC
00FDF8
FC0903
06FA03
04F7FF
00FDF8
080102
F8F3FE
070C06
000705
090DFD
0A1621
07FBFC
0000FE
0311FC
FF05FC
00FE02
010EFD
0301F9
FF08F7
FE0400
000419
040502
030BFA
01FEFC
FFF901
010009
000E07
02020E
FDFCEE
010C0D
00FEFD
000504
FF06FD
021306
FB00FF
FF0B01
FA1202
F70100
F90EF5
001603
FF0AFE
FCF703
EC0DED
FE12F8
0101F2
0601F9
ECF6E5
030C04
001501
F7B4F6
01DF01
FE1200
06F1FF
FAC8F4
FA12EF
F8F6F4
052D0C
FE18EE
F9C60E
F8EDFC
041E0E
EE36FF
02E013
F31904
0B0D17
05AB10
05EF0D
F9E6F9
FE0101
FCE607
14F628
FE06FD
040F0C
04C810
061404
FB210B
14D507
F20BFF
02180B
01FF00
F70CF8
0C2915
021917
0FF813
FB2AF6
FBF103
FF0412
04130E
FEF50B
F0CCF3
021A14
F902FD
FDF70E
04FAF5
0C0B18
06FE0E
01110C
051DFE
FDEFFC
FDE301
0A120B
F204E1
090813
0B120B
04F50C
05FB09
FB0609
FFE90F
FFF803
F306E3
F503CA
040105
070013
FF0BF2
01F5FC
04F002
02ECFE
070A0A
001005
0000FF
FC01FE
FC0B05
01ECFD
030600
0000F0
070009
000303
03FF08
00FDF9
000CFF
01F60C
00FD06
00FDF7
01FF03
00F601
02FEFC
00F8FA
01100B
FFFCFA
FE0500
000000
010E0C
FD00F9
05020B
000702
000104
FF02F0
03FDFD
FF0010
FB02F6
FE04FF
00FC07
FEFD08
04020C
070F0D
0A060C
FF04F7
010F07
FB06FD
01020C
000806
051415
F907EE
FF1DF9
FC11F8
FD08F9
FA04F0
061EFF
FA0AFD
01F704
F6F4F6
FD26F5
FA06FD
0BF0FC
EDDDED
001BFB
002018
FFDCF8
FEF1EC
03EEFD
061A0E
F89DE8
F629EC
F93BFF
0D1A1F
FD42EE
01DA19
F6FEFF
052314
FC3305
F4CC0B
FE05F6
FFF816
FBBEF6
010713
FB0101
06F511
FCFEF2
06EC0B
F9ED03
FCF703
06E619
0DFA24
042DFD
0CFE13
04060C
FF2807
090205
FA1603
08F411
024806
FEFEF7
F616F6
051B10
FD0201
0BF60E
F2E3EC
02DE05
00F406
03E704
05F410
06F0EA
000D0A
03FB0D
FBF9F2
FFE9FF
00D7F7
05DD0B
0402FC
F4E8EB
0B1E16
F9ECEF
FCFBEC
00F805
FDFBFC
FCF7F8
FF0103
04FA0C
FEF6F1
07070B
07F715
F40ADB
F7F8D5
010200
FBE505
FD0106
FD09FA
01FC03
FCF303
03100F
FEFF0F
08F901
0004F3
020D0D
02FE09
FEF3FC
00FEFB
FF0E07
FEFE03
00FDFF
00FDF7
02060A
F9E9F9
030E0A
00FAF8
F90204
01FE02
0D010E
000000
010B03
FCFEFD
00FF06
FD0902
00FEFA
0204FA
000509
FEFE09
F901F3
FEFAFD
040205
FEFAFB
FDFF05
030AFA
070F07
00040D
050F04
FD09FF
020309
FDF7EB
010B00
FE1EFE
F807F7
FE0CFB
02150D
FB12FA
023F09
FDFEF4
FCE9FE
FD02E7
001DFD
FD2600
01E500
EE00D7
F210FA
FD1D06
F7C2DD
F6DAEC
FAFEF0
091B02
05C2FF
01DEFE
FCFADD
FF2A11
FCD1EB
00DFFD
F7E7F3
F4EF05
FE350B
FCE803
F601E3
05F22A
FDD801
03200E
F7F6EA
FEFE0A
00FBFF
04F30B
0CE50A
FB0808
FFF516
07DB15
03020B
0B270B
FD1DF3
FEE20C
F407FD
0025FB
FFD3FF
F721FE
08131B
F50DEE
FE0A07
03F9FE
06EFF7
F8000D
FD0A05
11BCFB
0B1711
FC1100
06F308
09D008
FFFFFB
F4F6F2
01EBF3
00E203
03F905
0110F9
04CF0F
FAF3FA
FAF7F0
FF0501
03FE12
F700F9
F707FD
F9FDEC
0AFC0B
F70AF0
FC1B05
0AE503
FEE1F2
FF02F8
F7EDF5
04F000
01000F
F9FEF9
F8EAFA
FDF507
010A01
05FD17
06F206
0001F7
020F1D
00FE04
FFF502
00FCFC
020A0B
06FB08
02F809
00FEF9
07090C
030010
FFF702
00FCF8
FD0302
0105FA
020B0F
000000
FDF9F8
FE00F2
00000A
FF070A
00FB08
FF05F8
07FD06
FF0010
F90605
FCF703
04F506
FE0005
02FEFA
0009F9
05050B
02090E
FE0E05
020DFC
020F0B
FFFDF7
0304FA
F702E0
0423FD
000DFE
0000FE
F703ED
0712FB
FF13FD
FEF902
0400F7
FC0DF1
032310
F6ECE8
0404F3
F2F7E5
FF10F3
06DFF0
05D211
01F4EC
04FBE7
FBE5F3
F9FB08
F517DE
FA1F10
FFCB01
F501F9
FBEEEE
05390E
F5F4EA
07EEED
04D302
02F918
03FFEA
050209
03E6F9
050A0E
0C0913
0BFB12
F91808
0F0D25
F916FC
13FE1D
0B0506
0A2DFF
FFF503
0BEE17
001205
0025EE
03B806
08071E
031C00
FE17F3
0EF915
F90B11
01ED07
F0110B
03EF15
12FB16
FCECF9
F4EC01
0B01FC
04F406
F6EE02
FCEF09
06ED0A
FFF9FB
FCF4FD
F9ECF8
F8EECE
0DF705
FA0AF9
FD0906
F70100
04E7F9
0313FF
FAFEFF
F4DCF2
0A1E15
FD0202
FEDFF4
02EC07
062B18
02FE06
03F407
04FD0C
F200F3
FDFA08
FEF60B
FFFAF1
FEF708
00F505
00FDF3
00F903
FDE107
030003
01FEFD
010502
070310
FFEF03
00FEFA
FD04F9
040001
04F500
00FDF8
FF04FE
0002FE
0802FE
000000
000606
FDFCFA
04FE0A
FE0308
FBF9F8
FD03EE
09FD10
000219
0200FE
020610
04F616
FF0009
010F01
FFF9FE
070112
FE03FD
FC12FC
FC0CE9
FA09FA
000404
FA0AEB
0409EE
FE16FB
01FB0D
F4F5E5
FEF6E8
031A02
0001F9
00EF03
F8E4D9
FFF9EF
FF2211
FFD903
FCCCF6
F7D5F5
05F40A
0BDCFE
05C304
FABBE6
0BEEF5
FFE5F3
FCE416
FC03E2
0BEF08
F4D100
EDEEF7
020EEB
06BA0D
F91DE3
FFEDF5
01CB07
05D900
010103
02F8FC
F50A01
0D1228
04E1F6
04ED04
FE0E08
071315
0C0C07
17FD1C
FFF6FA
0F261F
F61709
20F51E
00F202
FC2310
F6E4F6
06F508
01F3EB
09351D
06F60A
FE0D06
02F40E
02F3F4
05300C
120A12
00E0FF
F7E301
0DF5FF
142A28
F9EE03
EDECF7
00E7E4
050712
FB0004
FEF7F2
FEE7DB
01F515
04FA09
FDEB0D
F8DCF2
09F10D
0AF20C
04ED15
FEEBFB
09261C
00F006
FDED01
FBE0FF
070F0D
FFF707
FEFBFE
05020A
FF0EFA
F3EBF2
01FC0B
05ED12
03131F
FEF901
0001FD
040609
000807
05F709
0104FA
010807
010100
FEF503
0000FA
0105FB
0301FF
FEF3F9
0100FB
F9FEFF
020006
FF00FE
000000
00FD03
00FCFB
FCF706
FC01FC
050FFE
00F801
00F805
00000F
040107
FF0001
02FC13
000002
020AF9
01F1F3
FFFB05
000000
FE1400
FAFDED
04070F
000000
FD14FC
F701EB
FA1204
00FF02
F1F4EE
FCFEF5
F8F3F1
FDFEF6
05FDEF
00DEF0
F6EDEB
F6FEF7
02F0FC
03EEF0
FFF0EC
04E1FE
FBD500
FDCFF2
F4E8E5
12E405
11FA06
F5E706
F704E8
12F506
00B905
0204FC
F1EEE5
10F90F
F607F9
FFF70B
F9E000
0201F9
F3F6F0
03FF00
FE16FE
0A0617
00D8F0
050616
08FCFF
FA0B1D
FD1011
071110
F0D5E4
FF0608
001B05
070D08
FFF706
F70200
03D406
0AFC0D
012D0D
F6F9F4
0E0402
00F0FE
00FB0C
06C9EE
08161C
FA2712
FCFE12
0D1417
FF08E5
091706
03F2FF
EF26F7
0E07FF
162224
04F2FF
02FC0B
040801
130C19
05E90E
0BFDF7
F8F7FA
0C1F12
F8D6F8
F80FF2
FF0304
040908
0002FC
FCFD04
01D3F6
05FE15
FA0802
08FC0D
011303
FFFB0F
FEEC00
05D5FB
FDE402
071725
FC06FD
00E603
03FEE5
020FFF
FFFAFE
01FDFC
010802
04000C
03F6FD
0100FC
FA0506
01FEF9
FFF705
0100FB
FF0502
02050C
0A080C
000000
04FF04
00FD03
FDF709
050804
021405
FFEFF9
04F502
010000
00FEFE
01000E
FDFD06
010000
030906
00F900
03050F
000000
F2F5F0
FEFEE7
060AF6
000000
F4FEEE
FCFFF5
0003F1
000004
F502E4
F7E9EB
05F702
03FF06
04CEEE
02F31C
F807F2
01FE12
0903FB
07112A
FA2CF4
FCF6EF
F003FB
FDFCFF
EEFDE4
06F61D
0B060B
EF12F4
E3ECEE
16ED04
FF030A
F004F4
F6E9F8
FE10FE
FFF001
01F60B
F8E6E6
05FF04
FB0BFA
0AFF17
0DE3FB
0CFB12
FAF903
0DFD05
0A0310
FFFF0C
131F02
120A16
FDFAFE
FBE406
EEDDEB
F4F200
000509
00F0FA
01CA05
021F0D
071505
DFFBC3
FEF716
00D610
0B0101
EB9DE0
FD05F2
FFE9F3
181819
08F3F4
FAF6D5
081211
081004
04120D
0D08F7
0F1424
000407
F5D409
00E007
FE1E15
FF08FE
FDE3FE
00EE04
FC17F7
FB2604
FC0004
050A02
1002F7
001001
F7F3F7
FED2F4
0A2914
0A1303
FBD5FF
ECEC07
0F221B
FCF705
06F9FD
F8E10D
06150F
030A0D
05FD08
12F8ED
FCF7FB
05FEFD
00F8FC
0009FB
FAFF02
05F908
01FAF5
050502
FAFDF3
03F7F9
0100FC
07FCFC
040109
070900
000000
FA0500
02FA07
00F8FA
0704F9
03090D
01FB02
FFF5FB
010000
0001F8
0000FE
F7FFFA
010000
05FCFA
00FDF6
010312
000000
FC04F3
FD00E2
02FFF1
000000
F7E3F0
FE04E5
02FFEE
03031F
F5F5F0
FBE5F8
F901EE
08FC26
05020A
F6F100
FAF1E8
02FF1E
0BDAF2
E9080B
F0EAEE
FCE601
FF0DFC
F20FFD
00E2F6
EFEF0B
011110
FD250F
F3DCDF
FAE6F1
040A09
01F717
000FFD
06FB02
04F3FC
F2ECF1
FEF1FA
07DEFA
F11C11
EDCFD9
F7E8F7
08F913
FDECF1
020F03
03E30F
031B04
01E2EE
01C40D
04F204
FDF606
F82BEC
00D8FF
FD0500
00EA0B
FDEA0A
11FC07
081709
FBECE9
FE0003
040016
0B0903
EBD1E7
FB09F6
F71105
0D130E
FEDBF7
F70CED
0D4727
161F15
F7030F
FA04DB
190823
1A0D0C
F7EF09
08B3FC
F1E9FB
081411
07FDF6
05D90D
F4F907
08F60E
FC05F4
F919FC
11F80C
010B05
FFFAFC
0004E8
1C3A20
01230D
06E607
FDFF05
FF0F02
111802
FAF1EB
F30E14
010C0A
032318
FFF9F4
0DE9F8
FEFB00
FF0502
FCF2F8
FB06E3
02FEFF
0D0809
00F9F5
0400FC
FFFC05
FEF701
0100FC
03FFF9
030803
04070B
000000
0201FD
FFFB02
01F8FE
070704
00FCF9
FDFCFA
FCF600
010000
FD00EE
000004
FC01F7
000000
000101
FD00E4
01030D
000000
F8F9F6
03F9F7
FF01ED
000000
FDEEF4
F809FD
FA0206
030123
FBECFD
FA0F1B
FBEC07
0AFA2E
FF0E0F
0BEA09
F407E9
06021C
18000D
0922EE
F7F0F4
0D2D34
071A01
FC1BF5
F3C0EC
102B23
00010C
F709FB
FAF0E7
090000
071C0F
01E40F
FBF6F3
FFC3F5
070814
06ECFE
F508FE
0CE505
11E90C
F2CDE3
0DEDFA
09120D
02C3F8
FB1603
081602
050A16
F2C7D8
01D3F1
100911
06F6FA
FFE6F8
0A030B
101213
00F6DC
130719
16191A
FE0CEB
F6E9DB
05F50F
101B20
F703FC
00FAF5
10171E
0A1B0F
031505
00D40A
F2FDE0
022A01
182E1A
080902
FBB8EA
03ED0C
0C180D
FA1814
FEB3D6
02DFEC
132716
05020D
03E602
09171D
011A08
0B0AF2
FC2000
FC0213
02EDFD
FA04FF
060800
01050B
0A1D09
05DCFD
FCEEFD
010403
FF080A
F4E7E6
F7F009
FC0E0D
0D2717
F0D7DD
06EBF8
F71007
081B03
F8E8FD
0309EF
00FC01
0605FC
00F7EF
0606FB
02F0FC
00F7FC
0100FC
02FB07
010300
0311FD
0000FF
02FEFA
01FCF8
00F8FF
FE00FB
01FEFC
FBFDF0
F7F7F4
010000
FE01F5
FF01FE
FD01F4
000000
FF0001
FE02EC
FC08EA
000000
FDFF10
0300F7
0301EC
000000
02F90B
F602E4
F901D7
FF0012
04F411
F2EEFF
F8F3F4
06F71D
F218FE
F5F8DD
E700EF
04061B
FFE4F7
061DF9
F1FCE6
0A2C2D
01EDF0
060EFE
EBEAF6
18421F
08F60A
F9EBF3
F52CF5
10FC08
FDECF7
07F309
EF02E8
03BD02
FEF6F6
F7EE0B
F9F0FF
0CF1FF
07DD12
05F6FE
FEE6F6
0B1817
F21CFF
0B1D12
0BF816
00020F
F5E1F9
FAFB04
0A1C02
F7F3DC
E7EDE2
080B13
0AF611
0313F7
0D101A
160B1A
FDF4FB
F8EDE5
15061A
1F271C
FD01FF
FD190E
104C25
160C13
0BED02
0BD714
FFE713
152D16
1B3725
FEFEFC
F9FFED
073511
0E261A
FC0D09
06E602
07F711
121309
111131
FDAA05
FF0106
0C1F05
10F5F8
051819
F2150E
0AFB05
08EEF5
021CFA
012804
070309
FBDEFB
0D0104
FE06F8
FC1B00
F4DEED
EE0606
0AF0F7
191A13
EBCEE3
F1F613
16040B
090E11
F3F4F6
FDFEC6
080102
F9FF05
01FCF4
0005FB
03F903
FDF4F4
02FDF8
00FF05
020407
090605
000000
0103FE
FFFDFE
FBF9F5
0203FA
00FCFE
FBFEF3
F3F9EB
010000
000407
FE00ED
FA02F0
000000
FDFBFA
FE03E6
FE06EF
000000
FEFC0C
02FAEF
FEFAEE
000000
F3E7FF
FD110E
FDF1EB
FEFEFA
00010D
F322F5
08E2EF
0403F8
F24100
EA0AD4
F8FEE2
050611
FCEFF4
F21BF8
FA1DFB
043A2F
FFCDEB
FBF90B
F609FB
046314
F9F202
F6E8F7
FE20EA
13E118
050607
F9F8F5
F707EA
FEDA09
02F3E9
F2F1F9
F2EBED
FFE3FF
F500FC
0F0C01
0F0106
0C1723
FAEBF6
FBEF09
FBF403
0104FB
01D5ED
F7D7F2
0403F1
FBF4F2
F9F0FC
161B10
0B05F6
01FBFA
163214
06F60E
FCF3F9
00FF0D
120A08
0B2514
FD03F6
F2DBFE
194B2A
13010B
FFD3F7
0FD807
05F402
061F0D
164517
05DE18
021512
0B3423
012502
F9DB01
EBE8E4
102B24
141D1A
00F30E
07C600
0C1915
040903
0ADEFB
FC05ED
FC0D09
0BFA14
0EF401
FF1F00
092422
FDFD03
02F30D
08D9F6
091D0E
FE100A
F4DBEC
060305
103420
FF0D04
FEEDF4
08F904
000B11
042408
0D0A09
14F3DA
FC01FC
03FF00
01FB08
FB02F5
FE01FE
06040C
01FFF9
FF03FA
02010A
0203FF
000000
FDF7FB
FDFDF9
FDFAF4
0004FB
FDF9F1
FCFFF3
F8FAEF
010000
010D0F
FCFCE5
F905EA
000000
FAF5EE
FD04DD
FE14ED
000000
FFF908
0100F1
FDF4E8
00080B
F9E9FA
F7E6ED
FFF515
FE00E8
FDF509
F505F9
040306
FF03EB
FE6405
EDF3D4
F5F7EF
00F1F7
03EBEA
F7060E
FC2A0F
F9FE0B
FEB8F9
01DA0E
F502EB
03501E
FFD504
FFFDFF
FA1EF9
00E110
041E08
0F0007
FCF3EF
FEE90B
0302DB
0A0D14
F1D7F8
02FD17
F7E5EE
FDF3F0
FFDEEB
030116
001706
0934FF
112212
061B2C
05030C
FCD5F8
01E20F
01F704
F0C5F2
FCEB13
FEE60B
020215
011C03
03E2F5
01ECFF
F9DBFC
120A13
F90AF7
F80BFE
00D0EE
113825
FF0811
080D0D
FBA8E3
040A18
0B1718
091C0D
EDD6EF
FBE002
102C1B
05020A
00C406
F8F7F1
02150F
071515
F7E811
FDE0ED
174F0E
F6F8EB
FDF400
02160B
0F2400
090803
05F3EB
F90F01
142517
000207
00F6F3
042014
172819
001601
0CF900
0B330B
07061B
000FFC
18150C
FFF20D
FE0906
061807
02FE09
00EAF2
060909
01FE06
020201
030EF4
FFFAFC
0209FE
01FDF7
010104
FDF1F8
060900
0000FD
05FE03
FCFDEE
F7FAF4
04000B
FFFD01
FE08F9
FC07F5
000000
010B0C
FE0DE8
F90EDF
000000
FBFAF1
FCFBDA
FDFFE8
FF0100
03071D
040113
051F1E
010810
FAF4FB
F8F3EE
031014
FF0702
00000A
F7250C
F7EAF2
FFF6F8
FF4F0C
FF0AF4
FFF1ED
061411
FEFF05
03160A
F70207
092E18
09B8F5
0DD701
0E1D10
F6210F
02D2FD
050300
F101ED
FAFD01
FB03E9
070906
02EDF8
F31003
F4EDDF
FBFC00
050910
F4E8FA
EFDFD9
F5DFF3
02CC04
030E0C
00E3FC
FCF2FE
F7EAF7
061D07
09F9FB
FF0909
FBF8F8
021B01
02FA06
130B15
00FA0A
F9F601
F9F7EB
FBCCF9
00030A
04C700
0EFD11
F2ECFD
FE0DF6
F9C2E8
0E1C0E
FC10F7
0CE4F9
F5B3F7
134E2A
00F7FB
0C2307
F5E7F4
070117
083616
001807
F9C7E5
F5F9FB
020AF7
07090E
FBD6EF
F808EC
0E130F
0C281B
00E1FB
F7F8DC
0C0100
02F50B
02F8FA
F61CEB
070C01
F8F305
08DFF7
0B0A0B
FF0AF9
FB0005
07E302
F40103
011304
08FC06
07EEF8
FDF905
FD0D04
FF040B
03FEFE
02EAFA
FE08FC
FEF903
00040A
0507F9
FA0400
FFFC00
01FEFC
01FA09
FCF9F4
000604
000001
03FC08
FEFAF3
FAF6F9
000B08
0200FC
021A0F
FE09FE
000000
01040C
001802
FC1CEF
00FE00
FDFCF3
000CEF
0223FD
000200
FF0703
000101
FF09F7
000102
FCF7EC
001804
021A06
FBEDE3
FBF8F5
021414
FFF1F7
0106F6
FA3106
FDF9E7
082C06
FA0AF7
FE1013
FA15F8
FD210D
FE2007
0DC807
FEF107
F5FEF6
F72008
F8F9EE
FEEDFA
EFF4F9
F60905
0CF408
F9DFEB
F8EDFA
FA15F7
FE08F8
070102
050200
F3FEEF
042EF1
FBFEF8
FFFC0C
0625EE
F81113
F705F7
01F9F7
FD02F8
FBD201
F6F8F9
03FF06
FDE4F0
FD0B08
0B040F
0CD901
1DFC08
010BFB
12F914
09120B
06C201
0CFF11
0D1511
F5F9F1
F6E9FA
142018
FE2514
FB1104
F4C5F3
0E5B20
030D0A
07DCF2
F7BAF0
04F802
0419F8
0D230A
F4C0FE
FCF3FB
00E9FE
0AFD00
F8CFF5
F8D5F4
0D0720
001908
08D8F5
FACE00
02F70F
020205
04E8E8
FB1B06
030207
07FC04
16E8ED
F90303
FD0E01
07050A
FFD8F3
F0EFF7
F91306
09050D
050205
F312F8
FB0E00
041408
0508FD
FDD5E9
01FEFF
FF1D13
FE10FD
FF00E2
05FFF6
060105
FFFDF7
06F904
00FBFB
020A0E
000000
040600
0100F9
FDFAEF
010904
030608
042316
FC0906
00FDFE
FF050C
021D17
FC17FA
010B11
020903
011301
FB04E2
04131C
FE20FC
FAF7F9
020D13
FFFDFE
FD13F7
01F60E
080B17
FBEDEB
00EDF1
F9CC05
0C1520
F708F3
0015FE
FCFBF8
021512
FC0305
F6FB14
010C08
000714
050410
0ED6F1
00F7F2
07191A
FE1508
F90FE4
06E9F3
FF03F5
0C2011
0EE804
06DFE5
F2F9F5
F5FEE7
FF1104
02FB04
F5DEF9
F7F0F2
001A06
FAE6FF
0EFE0A
F9E0EA
01FA09
F2EEF9
00E8FE
F8FCEB
FC0A0D
030901
F3E8F0
FC05F2
FA0501
080E08
07140E
08E9F5
F70E0C
020405
FB090D
04F3FD
0CF711
FD0402
F21704
F0E7F3
090209
044F1E
F011F7
F7B0D3
0C3811
021E1E
FD0F04
08CF01
F70D04
00FCF0
FCFBFC
FBDAF3
090208
00EEF0
FC0FF8
FFEEF6
FB05F2
F9CBF8
0A1612
01F6F9
F9C1F6
FE0503
0A0D06
FEE2D5
062C06
FBE2EF
FFE600
08DCE5
FC4407
ECF3DE
03140C
FAECE6
FBF50C
F1F6EF
081A07
0014F4
F303F8
F7DDEA
0A2611
F90BEE
FDFBE2
F7F1F4
081109
F910FD
FB04F5
FAE7F2
03F510
0114FF
FFF8F9
FC04EA
06020B
000000
FCFAFC
020702
FAF4F2
0206FA
050403
011C12
FE06FD
FEFBFD
01FD10
FA01F2
F8F8F4
000708
FCF6FF
010F04
042507
020F16
FB20FD
03090D
FD1A01
040D12
FB09FC
080918
01290D
FFFD00
FCE6F5
02FB14
0A2A0C
F709F8
F509EF
FFDDFF
FEE800
05140F
EE1C1F
0000F7
11090B
0C1510
0BE3F9
F4CADF
0B2F14
010709
FEF6E9
F6CAF5
04010C
110C19
FDE9FC
05EDED
EDEDFA
FF05F6
FA291B
0A1D08
FAE902
02E9FA
0E2526
FAFCFB
FE04FD
04F208
FF06FF
F7F6F9
F90A01
01EA07
F8D8EF
F7F8FF
F70300
03D0F9
03EF00
FA0D03
F8EEFC
FDCFED
F217F1
030109
02E2F7
EFCFF7
021100
0F1915
F50007
F3DFDD
0AFF14
074014
FF06F8
08D7F2
170B19
022314
FE07EE
17F314
FE3710
072B19
06DFFF
120CFC
F7E7EB
05F710
070B00
0D03FB
0AFC09
FC030E
F8F0E5
FAE7DF
FBF100
FE110C
0811F9
F2D0CF
FAEBF8
FB1902
03E3FF
F9D7D1
F216F3
091F1C
03E0F7
F3E3E0
FD0507
FB0801
F4E6ED
FF0CF7
F80009
F7E4FE
02F1FC
FF04F4
FF0302
F6F2FE
05FB0F
00FDF2
F909FC
F4DDE2
0D0712
F9FBEC
0809FB
F1EEEF
020507
00FFF2
00FB02
FBF7F1
000706
080EFD
02FC02
040C24
06181C
00FEFE
060B0C
FDF405
000A16
010A14
03050B
FEFFF4
FF0502
000912
FD0209
FC0AFD
071A1D
01FFFE
FE180E
07170E
072120
03F200
01EAF7
010E05
0C221C
06F707
0A2602
01F0FD
0D140C
FAE9FD
FB1A12
F7F6E7
0B2316
02090D
0AF500
00F001
00170F
0CF811
FCD0DA
01D009
05F813
06DFFC
F1F0F4
F4ECFC
091114
0AF3F7
F62713
081B0E
FCFBEF
03EC03
FF0809
F905FD
000110
FCE7FF
FB16F3
F5F0FC
FF0F04
FAE3F8
01190E
F7EEED
FF04F7
FFE0F3
FFDB0F
FA2210
FF03EF
F1CDDF
F3231D
F90CFC
0A0602
F5F6E8
081F1A
00F4F6
02100D
FFEAFA
09E6FB
FE1315
000CFB
F90E00
0CFD29
F7F7F9
01DCF4
FC1BFF
040A10
FEE90A
FECBFB
0E110E
F9D6F4
0F0D15
03CDFE
0D1411
FCD7EA
FB1513
F9F4E9
FDF1ED
0C000E
00251C
0DFA0A
FCD5C7
FFEC09
0A381C
08F809
FEE2DF
FC27F4
0C1421
06ED04
FBE4E9
FDF10B
042D13
06FDFE
FAE8FC
F3E9F3
031606
070E0F
FAF6ED
FCFA11
FCEDF3
F909FC
FCEDE4
F406FA
F1E6DA
FCF8F5
F1EADE
F6FDE8
F8EBF1
FE0B0A
FFFC05
00F6FF
010A06
FEFB04
080C09
080E19
04FE15
051912
00010A
000100
FFF3FC
000703
01070D
FCF3F9
FDF8FF
070D16
010E0B
FF0E0B
001401
02020B
FFF201
F20FF1
FF150B
02FF0A
03F40A
0118FC
042D05
080607
07F30D
091B0D
031215
041A0C
FCE7FC
FD0406
FDF301
040D0B
02F2FD
0101F6
FCDAF2
06FD09
070D0C
EDD4D8
00E008
FDE104
0C0F19
F1F1F7
FBF003
FE07E0
10DAFF
030215
04080D
EFFDE5
06FA06
E82FFF
FB2E08
010EFF
F2D3F2
010CE3
F91B1C
F00507
02EDFA
03F9FE
05C306
F8EEF6
FFDAF1
00F319
F411F5
FE13FA
09E502
052F3D
F61BFD
0124F6
0FFD02
074613
FDF5F9
07FFFA
04020C
06D2F9
0A11FE
003B06
07F60F
0D0023
F2EEEF
06FC11
FB1DF2
02FA1E
F7FAF9
FAE4EB
08140B
00FCFA
FFEC02
03D209
FE02F8
02D3FF
06FFF5
FBE5ED
FEF4EF
05FB09
FF060A
FEDAE0
FFD8E9
FEFD0B
041D28
F604F5
06F1EE
FD1504
0A122E
06F2EF
FC08EE
FEF1F0
081826
F803F5
031E0B
0A2118
04E7F3
F6F1F1
FD0CF3
FFDF0C
061F14
FC1EFE
F5E9D3
050F0A
080119
00EFFA
01EC11
F3FDF1
EFEDEB
02090A
010013
03FB0B
FFFDF4
FDFA02
0606F8
080E0B
FFF900
FF0209
000202
051114
041209
03181E
FFF3F2
FE0303
031010
041208
FEFFF8
03E901
FD01FC
050412
02FD09
FBFD01
FBFDFD
07FB16
04F90D
0116FB
012407
06FD0A
03F7FB
061D11
F60502
02020B
FEFA04
FEFDFF
050E25
FDFD05
04F403
00EA03
F8E2F8
FDFE0B
011201
FBB7E2
F0F3EE
07F90C
11101D
FAF4E5
F81006
FDF1F6
051209
F114F5
FF1718
000504
140108
EDEBE4
0634F8
0C2007
F9E5FE
030CEE
F92D17
04100D
05EFFE
EB00CE
FAE7F1
02E3FE
10080E
F7FE1A
F5F1E7
FB00FA
0E21FD
04E523
FD0AFE
061B07
09070C
074609
F80CF2
04E5F8
101911
0B0617
FE3DF2
06310F
000412
040203
0CF7EC
FC12F2
FD0BFF
01DBF3
FF25F9
040F0C
040407
FAE9E1
FCF5D7
0C0C11
01FCFF
F4C0E1
0407F3
030302
0204FF
000000
020C03
05E3F8
08ECEE
F8D3ED
FFF4EC
0103F7
0EF901
FD04FC
03D7D0
14F911
061610
00E9D8
03F812
0BEF03
041D09
FD00EA
FEFAEA
04E1FF
06270C
0A0618
010FF6
030F06
0401F0
FE0F09
03D9D6
FEE9EF
FAE502
FB0CFA
FDE8FB
FCF504
FEFAF5
0A0E04
031313
020010
FF0103
10180E
030A0E
01FF00
FEF1F4
FA0406
F4E6EC
040F14
FFFDF4
F3EEF9
00F9FC
03FF03
00F600
03E300
021301
FE0807
00F702
01120A
FEF6FB
FEEE02
00EFF9
FD1FF6
022D04
060D13
00F0F2
071F0A
FF1516
050512
04F704
00FB0D
000D17
080A17
F5EEEE
F9E104
F81A08
0108F8
F2FBF6
F8D6EF
FEFDF4
040406
041814
09F5E0
FA2012
03F301
0D2719
EF07EC
E9F6E7
FC0AFD
0C0D0C
E8FBF0
F703F1
00F5EF
F7F5FD
F8F3F4
031FEC
01F404
090504
F32AC4
E8F6C6
05F6FA
050411
FBFA15
F7FBE8
010CF1
16160C
01F513
041CF6
F606F9
0EF206
0A5C19
FAF002
0B1800
05F508
06212D
FD2408
032410
FAED03
04FEFF
FFF6E2
06110B
FC00FE
01F4E5
FFFDE7
030908
0106F8
F9CFD8
0AFAFA
050209
05FE04
F5DEE2
0209F6
04ED02
0303F9
0105F4
FDE7E7
06E7F4
06E2E8
ECF600
020102
0421F6
1A1114
01F2EE
071C16
FCF2F1
070403
01E8ED
041A12
0300F2
06150B
FD02E8
FAF3CA
FCFCEE
134B1B
0AF20D
FBECE9
FC08F7
0802F9
041415
01FEEF
F9F0F6
F4D1EE
FF1B00
04F403
FBF204
FFFFF4
09120C
000605
020208
FE0403
08030D
FBF905
FFFC0A
00FE01
F802F1
FFFDFA
010607
FF09F8
0A0513
00FAF1
F9FE02
FFEDFD
02E2FB
070A14
F9FFF9
04030A
0B312D
00FD02
FDF4F7
FEEA03
021C0D
031409
061103
FDF3F4
00FF1A
02F701
020A09
FFF7FF
FA0E0F
00E00C
0AFF0C
F403F9
05F30F
F81001
010410
FAFD0E
03E111
F9FBF8
070211
06411E
03EEEE
F81A0E
0C081A
023123
F324E5
FB0C08
05F90D
031509
F3C8E8
F0FF0D
F90F12
FFFFFA
ECB8DB
F20D14
03F806
090004
FBEDA4
EE2414
04FC08
FEF60C
E717F7
FE12ED
091B05
0EF50D
FE0CF5
0B1BFF
041007
FBFAE5
09050B
0CF505
04FA01
FDF1F2
05E315
071C09
FD0BF8
04F8F4
04F7F6
0301FE
FC0AFC
09030C
FCF9DF
05FB0A
050D05
081715
FDE1D8
02F500
FF0CF8
080C0B
FDDAE3
060D02
00F4F4
04FBF5
02FCE5
060C0D
08E2F7
03F8FB
F00AED
FC0AF5
FF13E7
0BD4ED
0B14F7
0008ED
F7F0F5
0906F9
FFDFE5
FAF0D0
00F5EA
05250A
01EFDC
FDFEEE
FBF8EA
FE15F7
0AEF0E
F803F3
F5E9EB
FDE9EA
0C0A0E
FEF2F7
020100
FCDED2
031A0F
FD0204
FEF405
0009F8
03120F
04170D
051211
FDF901
02F504
040F02
FF0713
00FC03
06FE00
F9EBF6
071810
FF05FD
02F60A
01FE05
FF0604
FAEAFB
05EC04
FDF3FE
06FD0D
00090D
0218FD
FDF5FC
010A0C
01F8FA
01240A
F7F8EE
F90804
FDF701
FEF80E
FFEB12
02170B
050416
041A0D
FED2F6
0B081B
FC150D
F5EA02
FAE3EE
FFFFF4
FD0606
06F406
02F102
FE08FD
01321B
0CF107
EF16FF
FC1502
FE3B12
F40102
F80505
F5FEFB
051221
01D2F2
F90302
010D02
0008FD
EEF1D7
F5FEFA
09F4FD
030510
01C6E0
EE11FD
060A08
FC0F1C
F1421B
FD13FA
22EDFD
040D0E
00EF06
0A2812
F10CF5
0719F2
0418FD
001CEB
FDE3FA
0A2AFC
06010D
FEFFE4
FB0501
080FED
FBF3FA
04120A
000606
00210A
FEE8ED
010DFF
02F0F3
010AFE
FFEBF6
071608
FFEAF6
080F14
FEFAF5
020CFA
02FFF9
05F1FA
060BFB
082213
0400FB
090906
EF1DF4
072414
FBF4E7
01DDE9
07F6FC
031D12
021C09
FF08F9
FDD8DD
F9FD00
06F6F5
003411
FFE3D4
01040F
01FBEE
F805E7
05F709
051C0C
0001F4
011BF6
08F80C
07FA11
0505F1
FFFAE2
070311
0DFB05
FAF7F5
050A0F
08080F
01FB01
080B02
FCFBFA
FDDDF7
05090F
060A08
0000FA
FCE8F2
010103
F8EFF5
00FA08
06FF14
F714F9
FCFAF5
050208
02FEF5
FD0203
F800F0
06100B
FDFDEF
080107
010B02
FC03FC
FF0C22
FE0F04
FA00EF
0102FC
FFF300
FD0701
0402F8
0E1017
F0F4F3
000B05
FD0603
FA03E9
00ED0F
080000
FEF6F5
FA03F1
ECE6F3
07F109
FDECFE
F90600
05E6FD
0104FA
0BFE04
FC05FE
F2F3F3
07F3ED
0EFD00
060101
F6F4FF
03F9DA
070001
FEFC07
ECC0CC
0EFBD4
19FE17
01F00B
02F3D5
F11A0F
07FF04
FCF80A
010310
00E511
0BF307
F6F8EC
02DF16
020B13
FA0213
FB15F0
092106
03FE02
03F90D
FF10F0
070B09
000905
0CF306
020308
FFEBF8
FEF601
01FD0B
0003FF
010FFE
00FB0B
FFEF03
FEFE03
06FF15
0107FF
06F009
080F0F
00F3F1
FAF1FD
FDE603
0A0402
0408F1
FFDD01
06FA0A
050708
FA20FE
08EBF9
03FBFE
070F02
070DFD
FF06EF
0B0008
FE1E03
FDE8F3
FD0000
05FE0E
032105
FD1209
00FB05
FFFC09
FE02F0
06ED0F
F9F6F2
0B0B07
030E06
09FF17
000F0A
FBFE03
030601
05FC06
FF080E
000710
000000
000407
F6F4F8
0406FD
FEFE07
0B0802
F2FF01
101008
070B08
FBFB05
F7F7F6
080004
060209
F905F8
05FFFF
08FF0C
060609
0003FE
000408
090C07
06030A
0301FB
111010
0E0205
010405
F6FEFE
070102
0F0502
EBECF4
FEF905
09110D
F90208
E5E1ED
F40716
06FC10
000D10
F4F6F5
FD0417
0900FC
070205
0805FC
E9E6FC
04020E
020704
00FCF5
F7030D
02FD02
09080A
F2EFF5
FE020C
FF03FA
040105
F6FEFA
030711
FFFB08
0601F8
080D0D
FBF3F4
09070C
06FFFC
071206
0A0917
05F7FB
FFF9F9
030201
FDFC04
FDFCFC
09080C
FBFEFA
FDFB03
00FEF0
07FC07
05F8FB
000BFE
0805F5
0D0001
F9F7F5
01FDFC
050802
040600
05FCFE
FCF4E8
01FB02
0A0606
FFFFFF
090D0C
F6F5FB
FDFFFF
FF0C05
F2F901
F5FAFB
FBF90A
0100FD
F4FB02
02FFFD
07FE08
F9FCF8
0503F8
01FC00
080806
FCFEFD
0501FD
F1FCFD
0E050C
010701
0200F4
0508FC
0C0C11
030700
FFFF07
FCFDFE
09100C
FF0A06
000F10
0C0E0E
110308
FF0704
00050B
081301
041304
0A140D
05FBFA
F7FBFE
0C0406
F2F7FE
F2F7F9
010802
100B0A
F707FF
00FF02
FE00FC
01FD07
FE0207
0B0110
EBEDFE
F9020F
030902
010206
F0FAF3
01020C
0801FF
0D1001
FEFBF6
FB04FD
0B070A
04FEFA
E7F1EB
FB0208
060604
030607
0301F8
03FD03
FDF3F9
FB1313
FD0400
F702FB
F7FC12
FE07FA
F807FE
03F606
FE0015
01FCFD
F5080C
FEF90A
F7F9FC
FBFFFC
090804
07FD02
040204
F002FA
01000B
0A040A
0505FF
FBFE03
0406FC
0705FB
05FD01
FC0BFE
010103
00040B
0003FE
FAF900
FEFA04
070705
141611
F4FC04
010600
090B01
110FFF
030204
FC0102
0DFC04
0BFDFF
E9EFE8
040901
040808
000401
F5FF03
F8FFF5
0106FB
070702
000F05
EDF1F3
FF0709
03FAFC
F903FF
021101
EEF7F7
0D0002
070201
FE03FC
FEFEF9
020E10
FC0807
FBF4FC
03F707
F2FFFA
FA02FC
EFF6EE
FDF8FA
F9F5FA
F807FF
F8FCF9
F5F802
FBF8F8
FB04FB
0004FE
01FB04
0200FF
0B0302
FEFDF7
0B0506
050601
09FB07
02F4E8
080EFD
060801
FD0209
0E0D11
FEFC0C
FE0906
0A0A06
EAF1F5
00FBFD
0004FF
00F504
FEFFF9
050505
04FD05
03FA05
F9FAFC
070A0D
FE06FC
FF05F6
FD06FE
0D0607
000601
010000
F6F6FD
FDFE00
00F708
0C060E
EDEFF3
F8FEFF
FCF902
FDFF04
F2F4F8
F90700
000300
050CFF
F6F7F9
FBFDFA
070103
05FD03
F3F6F7
F7FCFD
0605FC
0302FA
02FCF2
0A0C01
00F9F8
F9FD10
FCEDED
0A0302
F8F8FA
F80803
FDFB06
F4F5FB
F7FCF9
04FEF6
EBF9FB
FFFA07
020809
F40F1E
E4E6F2
FDFB02
000E19
F2FF07
FDF8FE
FC0005
090006
F1F3F7
FCFFF9
FAF706
020500
F6090A
03FAFF
F90404
01FE07
EF0308
FCF9F2
FD0907
000406
FCFDF4
F9EFF4
03F7FB
0300F6
F908FD
070309
010BFA
0502FD
F60214
03FCF7
050003
FCFFF6
E6EED6
00F503
010BFC
03FDF0
F80A05
FBFB01
05FE04
0CFA03
FF1105
0B060B
FE0703
080908
06FEFE
F4F6FF
020507
161311
131C11
FCEEF1
FB0903
F4F2F2
EBF8FF
FFFBF4
FD0607
FBF3FC
FD0101
0D0807
FDFB02
0002FB
0301FA
0F1209
120EFF
FEFFFD
0A0AFA
0600F4
0E0003
FEF6F9
0DFFF7
0DF3ED
FF0B0A
04F9FD
FD0C0C
0F0B08
07080B
FD0000
FB040A
F5EAF9
FBF901
0100F9
030502
F4FFF4
02000A
03FEFC
0102FF
FEFBFE
0B0C04
FCFCFC
00FDF8
060502
020AFE
020000
FC00FE
FCFE05
FBFE07
0A0900
F90802
FBF8F6
040308
00FE03
FE0205
010107
F90003
00FF00
010502
05FE07
FDFC02
FB0201
020A08
F6FFF3
00F605
FE0104
0E0901
F1F6F5
F909FA
FBF3F3
050A04
F9F4F3
04FFFC
FAF0FB
F70207
FEF5FC
F5F6FA
F6FCFB
1105FE
F802FF
F6F905
00FE03
F8F9FE
FFF601
FEF405
0903FA
060B0A
FCF3EE
F8FB04
0007F5
F60C03
F4EFF2
F1F7FC
070AFF
030E10
04F5F2
F7F1F6
08FEFB
001610
01F2FB
0200FC
000102
0A1815
EEE4EF
F9FB02
FF0404
010C0A
020B05
070808
0302FE
FAEAF2
0406FB
000502
FEFBF9
DEE5D9
151619
05F907
FD0600
041115
F7F6F0
0007FA
06FF02
030408
030B0D
FE0002
0AFFFC
0402F7
FCF703
081113
161A0F
040601
000203
FB03FD
06FF00
030A0E
090108
FCF6FF
FCEBEF
E9F4F2
1A1F1B
FC0D04
FEFBFE
FE0601
101201
0B0604
FFF3F8
FF0302
090402
010809
FEF2F5
08FA02
00FDED
040002
FCF9FB
0B0906
110607
070708
FF0703
0F010D
F9FBFC
0D0B0C
0B0700
F3F100
0603FB
FEFF06
F901F7
090205
FBFE01
FA0501
00F6F8
060305
09FB08
0204FC
020501
07FD03
F9FA04
FD02FA
0C0603
04FB0A
FB0101
06FC01
000303
11040D
F6F5F4
030B0A
010000
02000B
030402
0904FE
F7FCFF
F9F8F8
0E1212
04FA08
FFFEFF
16150B
02FFFD
F3F7FD
010001
02020A
F8F909
FCFDFF
F4F3F3
010C0F
F5F8F1
05F704
F8F7F3
0FFBFA
FF06FA
FCF4FD
07FFF3
FCEEF3
02F8EF
0608FF
0204F6
FC0404
FCFD02
080307
07FDFD
F802FA
F4F9F6
01F7FD
0B0AFF
F0FEFC
FCF8F0
FDF601
010A0B
1B2B25
FAF1EE
FD0A03
FCFBFE
0D1114
F8EAE9
FE0C02
00FB05
05100A
070213
060D05
FDF3F1
F8F600
FEE8EA
FD0AF5
FBFCF4
E5F1EE
FDFE02
070B07
FCFFFC
070705
020609
F80005
020001
050006
021A08
020A02
04FFFB
FEF1E5
03FB05
071206
000200
FD02FC
D9E0E8
0709F8
0B0905
02FF03
FE0704
FD02FA
FF0200
F2FAFF
161F1C
0F0402
FF0001
020BFC
070F05
FC0508
FE02FF
0C0402
0E0D07
06FF07
FCFEFC
190504
FF04F4
FB0704
000505
FDFD06
F8F8FB
F80303
000603
0A080B
020500
FFFF02
04FBF0
F6F905
070F02
020AFD
F5FCF7
09FFFE
FA0809
F60202
080711
F9FD04
04F901
0F0507
000000
05FD00
FBF908
FE00FF
FC0807
FAFDFB
FDFAF8
01F904
040B05
0D070C
F4FAF9
F80302
030805
04040D
FAFCFA
01FEFD
FD0000
09F9F7
090F0B
FB0606
FE00F9
070004
000C02
020201
F3F2F1
1E1A18
050603
F500FC
0406FE
000306
091205
0304F8
FE00F9
040502
0C0C11
F8FFFE
0500FA
160800
FEFF03
0200FD
F5FCED
FEFCF4
F5F5FA
090007
FF07FB
0A0800
FE0103
FE05F6
05040A
F0FFF9
F80D07
0A0F10
FEFDFC
05170B
FF05F5
FC0D04
060804
000A09
FAFCEC
FE0509
0B030F
100A02
ECFAF3
040901
02F500
F5FEFD
F4F7F5
0A04FE
03FDFA
E50301
F5F7F9
F8FE06
FBFDFD
F9FBEB
E3FCFC
F50802
FF0006
F9F508
EF0E08
080204
090302
F5F1FD
1B1F0E
0D100B
FB02FF
EFFAF7
1212FD
0603F9
0B0B06
EDFE07
070A00
16010E
030102
0B140B
010906
070C0C
080B00
FF0B05
0700FB
FD0D10
00FAF9
1403FA
0C0006
F9FE05
000705
0407F9
F8FCF6
F606FD
F90100
01FBF8
FEFD01
F60602
FC0000
FC03FB
0007FE
090100
FDFF00
02F7F6
040707
FEF8F6
F70602
0E0206
FF07FD
F8F6FA
010405
FC07FB
01FDF6
050A0C
000200
FE0F07
FF0506
090000
0B0006
FFF8F8
08FC03
FF0A00
010703
000311
04FBF7
FC00FF
030805
0C0B01
03F6F7
050208
FBFD00
FF0BFD
0203FA
04FDF9
FDFEF5
F4EFF1
040305
0202FC
0000FF
1F1612
0208FD
FDFFFC
010702
FDFD07
0E0108
040BFA
060A07
0A0007
161210
F9FEFF
070303
140A04
FDF8F9
000502
0402FC
F2F702
01F3F1
0302FE
050E12
1D220F
FD02F6
080410
05FB00
0E1A06
FA0202
F501FB
FBF2F5
F20101
FF0B00
070A03
F4F9F9
E6F4F9
071003
FC0D0E
01FF06
11FD0D
E303F8
FDF903
05FFF6
E0F2F4
091507
091710
F8F9F4
F4F3F1
050F06
000606
F9F6FC
F407F6
F2FBFA
FC0BFF
03F9FD
F00C0F
0809FA
0B10FD
03F6FC
010709
0400FF
F109FB
180C07
02FC0A
0E10EE
080F08
141414
0002F3
01F3F5
0B1018
050E08
060A0D
F4FEFA
01FE02
F8FF00
13160F
FAFA01
FD0E09
FEFEFF
01FE07
0B0609
020408
FD0705
0100FB
FDFD02
FE04FD
F9FE00
0DF606
0A010E
FAFB07
FD0301
FF0102
F6F4F8
03FA07
FD0000
FCF6FC
F8F5FD
0806FC
F8F9F8
F4F9F9
121508
00F8F9
FBFA03
F7FF04
040200
050702
000100
0E0705
0803FB
05070A
0CFBFF
FF01FA
FFFB00
03F90A
140A01
07090D
02F4F8
FF04F6
050601
030200
01FDF9
FA050B
000200
0902FC
F905FF
FBF502
0204F9
000600
0C00FE
0903FA
FAFFFF
0A04F8
030A00
FC07FE
FC0508
0AFD01
FAF9F4
F3F9FA
FD0106
06040A
0FFD02
090A07
FEFF01
100909
00080D
EDF9F4
06FE06
F5FAFB
EDF2EE
040602
09060E
0F0807
F71207
F001FB
FCFDFD
121408
FC1200
04FF06
FD0503
F210F7
F00709
160809
F8FF07
000C13
021A09
01F5ED
000613
01F1F4
F7F9F4
010507
F20805
E7F5FC
021109
060807
F81208
FD02F6
F50A0F
0A0A05
FD0608
0003F6
EEEDF4
FBF801
FBF9F7
F70301
1306F5
0F0204
08F5F7
1903FF
04080F
020303
0701EF
E4E1ED
F503FA
070308
090D0F
1505FB
010811
FAFB09
F9FAFC
F0F6F8
010C10
FCFFF4
03FEFF
061F1B
F1FD0A
FCF7FF
FE0401
070407
F6FBFC
F2F7FB
FAFBFB
040502
120C05
040505
EEF3F9
0BFBFF
FE0503
FEFAFD
F700FE
FE01FA
FBFA02
080202
FD0000
070502
FDFDF8
000C07
F0FAF8
08060A
0C1104
110C08
00FC07
FA0500
FBFDFA
070909
000000
FCFFF5
00FAFB
FB0306
020104
F7F7F8
F9F9FA
040908
12FEF9
FA0B04
FB00FE
F9FF06
FCFAFD
10100F
FDFEFC
05FC05
F1F6F3
0EFBF8
0306FB
0500FF
010301
050C06
EDF0F0
09FB06
0704FE
F5F0FA
FCF8ED
0706FE
070E0A
0D0C08
EBF4EB
F901FB
F7FEFB
06FE0A
F1F5EC
F9FE09
030B09
F502F9
F81504
F8F3FD
FBF7FA
E60604
000602
F8FA01
FCF8F6
F9FCF9
F30703
0F0C0A
FDFA00
161516
E005F3
120D0A
040706
F6FBEB
040C12
0F04F9
FF0700
061102
11292D
080D08
F8F4F1
100A08
05120C
020D11
0202FC
E8E7EA
0F07F6
060803
F0F4F2
0D08FC
1410FF
0E1212
EFFBFB
FCFEF7
001B08
000103
FC0001
000AF8
F2FAFE
FCFAFF
08F4ED
121110
FF0A0B
0304FE
02FAF0
FDED00
06F3F4
FD0AFE
ECF6F2
200210
EFEBFF
FC0203
090C08
03FAF4
F10004
F6FA02
F701FD
F0FCEE
F9FC01
08F7FE
0F1407
F3EDF3
FF0A04
F7FEFF
FD06F7
0B0212
0206FD
EBF900
091310
08F804
FCFA03
06FBFE
F5FCFD
01FEF4
FB02FE
FA0000
FC0000
06FFF8
0B0101
F503FF
FC0000
09010F
04FCF9
FE0E0B
FDFB03
FBFFFD
231E18
050203
FFFFFF
060E06
F8F8FF
0A070C
050308
070905
F8F903
0AFFFF
1500FD
0702FD
FAFC0C
F70106
00F6F7
060D05
0705FE
FE05FD
F2FAFC
0803FA
0A0005
070C0E
FEFFF5
100C0C
F1FCF0
FE06FE
FFF6F8
FC00FB
F9FFF4
03030B
FE06F9
0CF8FE
FDF8F6
FFFF01
FF05FA
050A09
FAFCF7
F6F7F3
0106FF
E2EBFF
EE0406
FB0007
FC070A
F10300
F0EBFE
FDF1F6
031305
E4F0FC
FF070A
040AFD
001708
120707
0C1B15
FAFC09
171C1F
230E04
0F0903
F2FF05
020401
FEFD02
182019
10FD00
080007
0DFDFC
070601
F90806
021A30
F705F5
03FEF9
F4F8FC
FEF8F7
0E130C
191705
050719
06E5EF
FFFEF3
1F2013
000809
11FAFC
E9F4ED
1C0D0F
070BFD
17FF03
F4FEFF
10141F
080D10
06FFFF
07FC04
FA0603
F9FA04
030904
E6E3F5
0E1B13
020B12
060F06
140400
0A1C0D
061310
FFFDFF
F7EEEC
E9EADE
FAFF00
191605
FD0306
00FE00
030500
F2F1EE
081012
06FD05
FB0709
FE0300
0004FE
00FD02
FF0605
F9F806
07FFFD
0F0108
070B08
FD0201
020B03
01FE01
020504
FCFF00
0A0E0F
F9FDFF
020000
FCFF01
FCFFFD
FBF800
090FFE
000000
040608
EFFF05
05FC03
0D06FE
090902
F6FCF9
06FBFA
08F4F4
FE06FE
FD0906
02F705
06EBED
060008
0E0F0F
0B130B
FCFFFC
00FAFF
0003FD
0109FD
0604FB
0901F8
FFF2FD
00F8F6
F802F8
FFFCFD
FCF2EE
0900F7
00F8F7
0BFCF7
FCF800
10090C
FCFDF5
04FB0A
DEF3FB
0101FB
0E0003
F7F608
EB0AFF
F8F401
000D1B
DC09FB
070500
FFF5FB
13231E
FE120F
1A1817
F9FBF7
0B2113
131104
0F0602
0104FD
170EFF
F4F9F3
03120C
FD07F8
060C24
F504FA
FE0909
FB080A
0BFAF5
070803
131C13
050510
181A17
080908
120C08
060103
05FEFF
0D0C03
14FF04
01F700
F7F4F8
150D0F
FE0103
03100F
E9E1DF
060F0A
FE1111
04FB04
01F4F0
ECFD09
0F09FC
0703F9
E1E1E2
F3F70E
08F9F9
040304
EEF7FB
E4F4FF
12070C
FBF0F4
F0F0F9
05FFFE
FAFAF4
0C0F11
070204
0C05EF
0901FF
FF0602
050301
E4F0ED
EDE0EE
FD0707
010908
F9050B
FEFFFB
010C0A
0B1210
08080C
030AFC
030D02
FD000C
0E0E08
000A05
040606
FE0202
0B0F00
03F600
FBFFFE
FCFF00
050B0F
FBFD03
03030C
FBFF00
F8FBF8
03FF03
020E01
000000
FD0D09
EEFBF8
FC0704
02FBFC
F804FE
FE0605
0BFE06
05EFF0
FC0104
020900
000E08
FFFD00
0104FF
020B02
030A18
0D0A05
FFFBF0
07FDFB
060B08
F7F3F9
FDFCEB
FAF902
FBF407
FAF2F9
0F0AFE
06F203
190707
F9F6F7
FF04FF
EAEA0A
0000F7
0EFD01
EEF3F3
E9DCE9
F5FD02
04F9FA
CDFA0C
F4FEFD
ECE9F5
150608
FD04F3
070002
E5ECF6
231706
E601FE
09EFFB
E2F3ED
FBF9EF
06FFFF
000702
F3F1ED
252112
0CF5F3
FA05F3
F9FBFD
111D12
F80502
030B0A
101015
1105FF
0CF9FE
1A1713
06060D
150411
EEFDF8
170101
04F7FF
04FBFF
EEF7FB
1108EF
0D1216
FDF9FE
0B0FFF
070E23
FD0B0A
0BFCF9
FDFAF6
F90E13
051202
FAF1EC
05101A
0AFC05
FB09FC
E4E5EB
F7FB04
FA0007
01F3FC
F7FCFD
021A22
E3ECF9
F6F7FD
04FBFD
020F10
F5FE05
070B07
F0FEF7
0A01F8
FF02FB
F2F502
111214
06F6FD
050F09
F0F6F9
131716
000A07
F2F7FB
F1F4FB
0F100D
02FFFE
0D1109
FCFF03
FF030C
181711
0400FD
FCFA02
FF0402
0C080B
010F0E
0604FF
FD0000
FE0AFC
0D0C0C
F9FE04
FC0000
FBF6F8
FEFB05
0C0A0D
000000
FEFE05
FDF8FF
FDF908
09FFFA
06FD01
FFF9FF
0D0800
0AF7F6
03FB08
FB02FE
F909FE
07FDFA
FF0D09
06FE09
0B110C
110D09
04F400
FC0905
010206
FCFEF7
F0F5F8
F9FAF6
040304
FC00FD
02F8FB
F7F2F5
061817
06FE01
FE07F7
EBF102
F0F4F5
1A070D
E5DFE1
09F80B
EDE8DE
F5FF01
EEEBFD
F813FB
EF01F7
FBE80A
F5F009
090D05
D5EEF9
0803FA
0A12FC
F6F7F3
EFF40A
1A130A
ECD7EE
DDFA02
F00F09
181710
E8FCEE
03F7F7
F7FEFF
0F1819
170DFA
0D0A0C
FD0306
231C14
04F4FA
0C0B17
F5F507
0F0401
01F6FA
FD060D
03F904
F9EEF6
F90A03
140E14
F703FC
FDFBFF
FD0C03
0E08F5
150803
08EDF1
010E0B
18110D
09F600
F6E2ED
07070A
031C1B
F8FBF2
02F0FD
04160D
041315
F8F601
EAF4FF
FDF704
F8010E
FFFBF1
04FEFD
FB0BF9
F0030D
0DFF0E
FD0106
DDF8F4
1B180A
0A0D06
04FD04
0502F9
11150D
06040C
0C0E18
FD1102
05EDF1
0DFA02
080D0D
01E1E9
010504
FDF9F7
FB0101
01FDFE
08020A
100308
FF0602
000700
040405
F60301
FE0201
070607
030F10
010603
FD0201
FDFB07
FFFD05
010B07
000000
FDFD03
F1F8FB
01FEFB
0706F8
FB0909
F7F2F8
060102
1100FD
06FC06
0E0506
05110F
05F6F6
05FF05
01FBFE
0D0609
FFF3F1
00FFF4
F3FFF9
00FBFA
040200
EDE9EC
13FD05
000400
091307
E5E3E5
01F1F7
061407
1C0105
FDFEF0
CFEEEE
F5FDFF
1D01F5
F3FBF3
DEFD04
EEDFF5
EA09FF
FD030A
EB0905
E8F5EF
F20B21
ECFA00
0D1A07
DFEFE7
091118
FA0BF9
DDE8E6
FFF703
112203
E1EFFD
EAEC00
05050E
081E0C
F50109
FDF404
0201F8
1F1C17
F4E9F6
FFF904
021405
1F1C0F
F90309
16211A
F6FDF9
21100F
080A0B
1B251A
01F703
281703
F5F4EB
F0FDFA
FBF9F9
1E1119
FA0205
F1070E
110910
F8F301
09FC03
0D1718
0802FD
FCF4F6
02FA07
20171D
00FCFB
ECE8EE
E5F5F5
171D14
FCFEFC
ECF5FA
221227
06190B
FDFA04
02050A
000BFA
020D0E
180D0E
070D10
FCFC01
1C0F13
1909FA
0800FF
FE00FE
100A0D
100AFF
0D0A0B
FCFE04
07F600
F4FAF3
0B0F0C
0104FC
0D0309
04FF08
060108
0C120D
0A0503
010308
000209
030005
F901FE
F9FEFD
FE0301
000A01
02FE02
0003FD
FF0301
08FD00
09FF01
0E01FF
000000
FDFD06
FDFBFF
08FEFD
0AFF00
0D0A06
020001
0CFF02
09FCFB
FDFCFE
06FD03
131619
01FCFD
000308
F1F4FB
05FF0E
000001
060706
F2F7F7
0A0E0D
000000
F7F8FC
FCF1E8
FCF7EB
030A07
F7EDF3
EFF0EB
E8EDF2
09F500
E7F6EB
D8F7F8
EEE4E3
11F0F0
FCFEF8
E803FD
FBEFFC
E207F5
F90303
E7FAFB
E3E8F0
EB101D
F804F8
F3FCFD
02F6FA
FE0C28
00FCF7
FDF5F9
F0F8F5
112728
F9F0FC
040B03
00FBFD
FD0D08
F5EEEB
0C0C05
F9FD09
141A13
F8FB08
131612
0B0D0D
0D1203
03F704
0F1317
F5F8F4
01FBF8
101B14
121513
0907FA
F7E9F4
010F00
0F1419
150405
F804F8
07020D
F0F802
11020B
E9D4F9
111309
FB1505
1004F7
090605
E1F7ED
060F1C
FBF8FA
F8F0EB
F6110E
2B261B
000706
EAF803
171626
1C2717
FDFAF9
F1FF0D
100709
1E1C13
FA01F2
EFF4F1
F90506
0D0713
FD0D0A
0304FE
FEEEF5
0D1312
FF0E06
140D0B
09F4E7
0C0C03
020605
07FB0E
E500F4
1B2415
FFFF02
040905
00DEE9
FCFFFC
FAFEFF
FE0305
FDF9F9
FC0000
0001FD
FF0203
FC04F9
FD0907
02FE03
FF0102
07FAFB
040807
01FD06
000000
03FC06
FBFEFF
FEFA06
FD0403
05010E
F9FEFD
FFFF04
000001
FF0808
0C0C0D
0D0603
000001
FF03FF
040B09
0F0C11
000000
F2F2F1
EBE9EF
F903FC
000000
E1E8E9
E9FDF7
FDFD06
060600
EBF3E3
E5F2ED
09F502
F3050F
ECF0FD
070D04
FFEAF1
FC1A11
F3FAFF
1B211B
F3F7F5
020AF3
FDF0F2
04F9F9
E9E2E9
F81D05
040F08
06FFF1
EAEFEE
E70C1E
0C0B00
01F0EB
EFF4F9
FB0800
02FFFC
150A0E
F5F2F3
0A0F0D
02F6F4
14060A
F8FF15
181E16
08FC01
0E1204
0D1C17
030FFE
00F802
FB2119
F801FF
00FEF7
E0FAF7
E2F2F6
0DF6F8
F9EFF4
FDFF08
FAFD05
03FF00
D2D1DA
090605
0A0F05
0C04FF
C5D4F1
F4E9EC
02060C
150F19
FBEA05
F3FFF1
0A201B
0F0000
FF0AFF
EB1F11
2D291D
090608
01F6FC
001313
1B17FF
FE0BFF
FAFCFD
0C0308
F9FEF4
0DF8FF
0203F3
FD0206
02FE11
04F9FC
FBFAF1
E7EEFD
1B191D
0B100A
FFFAFC
FEF7DE
1C1D13
FEF7F5
00FE0C
F700F8
070E0E
070903
050107
F2F913
FA0000
030E00
FB0806
FDF8FA
FAF9F7
020B08
FBFB01
070B05
FD02FB
FB00FB
FF0303
0BF9FA
05010B
030209
000000
060402
FE0403
05FE01
0605FF
080307
FCFD01
FEFE01
000001
FFF800
FE0306
F3F2F9
000001
FD0003
F6F3F2
090A0D
000000
03F802
EFD7D9
F0EFF3
000000
E1F0EE
E4F1DF
EEEFF6
10220E
F4F6F4
F1F1FB
EDE4E2
03170D
FC09FD
ECE8ED
E0E7E5
0A0DFA
E8F60A
FDF4EE
FAE3DF
F7E6E9
070203
F000FB
F2F2FF
F002E7
0AFD0B
260AFB
E4E5F5
ED03FA
22150E
151001
EDF904
FF140F
FB02FA
FCE0EC
F8FA03
0B140E
1404EC
D6CDE5
EEFAFB
151C13
E2FF02
130F04
0B110B
11FF06
EBE3F8
000A0B
0A0214
07F8FA
EFFCEF
020309
FAF9FE
0B1608
0600F5
121E13
090208
EC03F7
FF0D03
0C0C09
F8FF0D
E0F1F1
F4F5F2
FB1508
040C0F
ECF402
F2FCF2
2C2721
1C0D0F
0E07F8
011106
1B2B25
110D11
0C08FF
CC0107
FDF5E1
121713
FB0806
030BFF
F505F3
080D0C
F8F6FD
0A04FE
080C15
01FE0C
0709FC
EBFD02
20362A
170C15
0A1105
03FB01
FD0F08
FF1014
FDF8F3
0003ED
040FFF
110D12
F3F1F8
F11109
FA0400
071405
FFF3F1
F6DFE8
0400FF
0B010E
F7FE03
FB050B
F70300
FD04FF
FF0202
F800FD
06FBFF
09030D
00FF00
FBFAF8
F6FA05
02F805
FCFE0A
F8FEFB
FBFA01
FCF6F9
000001
FDE7F2
FFFE07
FFFDFD
000000
FF0304
EEE7E4
0701FF
000000
F3FCF0
FDEBF5
FCE7DD
000000
EEEAF7
FAEFD7
05F6ED
182911
05FDFC
3300F8
0BFFFD
13261A
0B09FD
0AF810
FEE8E9
0F0AFB
030B0C
07EFFB
07F0F6
1C0D01
0AFE06
FCF305
DBEAF9
13130B
090301
0DF2F7
E9F6EE
FF120A
161007
0E0703
EAFFFF
040708
030D12
F50503
03FDF9
040E12
070E09
DCEEFE
060308
171313
EA0502
100CFF
080F0E
1E110E
D5E0D1
FA080A
091513
05FB12
FA060D
0A160D
14170D
EAEC10
071418
241E1A
F2E900
E7F4F3
12060E
1B2413
F3EFE8
F5F3FB
0F1710
0B0C06
F70000
041008
DCD7CF
FF0102
261114
06090B
EDF8F6
030807
121C18
0B0CFA
C9FBF7
F7EAFC
0F1419
040809
070E16
17130B
0F0E07
F10103
06100D
F81100
FB0009
FFF5F9
070714
FE17FA
080E09
0A06F9
00FF03
04F5F1
061101
EEF1E7
07F3F0
0AFEF5
150E0E
E3DAE6
F7FF05
0806F4
0E0C0E
F9EFF0
0000FB
FBFFFA
04FF05
F3FF01
FC0703
FDFAFC
FC06FF
FF0202
0B02FE
040200
050005
FFFF00
0608FD
F80403
02FC03
FB04FC
FE0204
F9F9F8
EAF8F8
000001
FBECF7
FEFCFE
FAF2F6
000000
FFF8FE
F8EDEC
FCF2EE
000000
040FF9
09FDF4
FCFA01
000000
FDF8F2
03F4F6
EEEFEE
0A1601
040705
17FD08
FE09F6
1F1404
0CF6FC
FFF8FE
F6ECE1
270800
EE0605
F7F106
E9E6E8
2A2106
050108
06F800
E8EBEB
1E1417
0B1115
FAF0FA
F5F7E9
171319
020601
0B1219
E0F1E4
0405FE
FEF806
F2F2F2
FAFCF6
0A130B
060305
F8FF04
F7F407
1B2220
F202F4
0E14FA
130C0E
0F170E
EFFFF0
0CF4FD
04FD0F
E7E5F9
EFDFE2
0B1514
15180F
0C1814
141906
121B1A
0FF002
F7F3FC
050A19
211919
FAF6ED
F40DF9
212017
0F0B0F
080608
FF040A
0B05FF
1A2114
211923
FEF800
F2FEF3
03110B
1A1312
190DF2
E71F0A
1C1014
0E080B
2C2511
E30E01
0D00EE
020F0C
02FD0E
221515
F5F9EF
08090A
FB0202
FE0305
04F900
FBFD03
F8F4F4
F8FF06
F7000D
02020D
ECF2EE
00FAF7
F4FC1B
150E1E
E2E0E7
FA0DEC
0D192D
07100D
F6F8E9
EEF7ED
06060A
040CFB
FA0202
FAF907
F40807
F0F8F9
FD0009
06FD06
00FD0A
070C06
000000
FE0C07
F0FAF6
F4FAF8
09FF01
F2FFF9
FDF1F7
EDF1EC
000001
030203
F8EEF7
F6ECF4
000001
FEFDF8
FDECF3
03FBFA
000000
040A01
0BFEF9
FBF8ED
000000
F3EAED
161D0B
F2E9E6
0703F5
110700
040203
FEECF5
21F1F5
FFFAF8
F6E9F2
F4E7E9
2501FB
F5FDFB
F906FD
F8FBE9
451F0C
E2FEFA
FB000E
F5F0F8
200508
FF04FA
FAFE04
F800F5
170E13
07080B
FEF8EA
02F0E7
01FEF6
FAEE0D
F1F4F1
EEFAF0
FDFAFE
EAFDFB
040808
0C1709
28221A
FAF9F8
0506FB
0BFCFE
03F5F8
F1F3F2
F9F6FC
F90209
EED7D7
F8FDFC
1A2117
050609
050C0B
07130A
000A10
FBF5FE
0D080E
0E120D
1A0900
FD0405
D6FFF4
222418
151D18
FE020B
FF04FF
0BF5EF
131514
191214
1DFC04
0D0E07
1B2222
0BFFFF
08E9E5
FBF1EE
24221F
15201B
151304
E10B0A
0F142B
0E0406
F80E12
04F300
0A05FF
0E180F
F51015
050B10
1E150F
0DFEFA
04FF00
EA0003
080100
FE020F
F0EFED
FCFCFB
16FE17
090C03
ECF7FD
FBFBFF
0307F5
12050C
06010F
EC0A12
01FC05
040A09
02030A
070706
FAFDFE
0004FE
FC0C0A
04FA02
FE0D0A
FE0108
FFFF00
FAF900
E2F1F6
F1FFF1
00020B
EAF1F2
FBF2FA
F8F4F0
000101
0D0906
F6E8EE
F5E7E7
000101
F0E8EF
FEF4F7
08FEF4
000000
060F09
10160D
F308F8
090B07
02FAFE
FEF8F1
08020B
FBEBF4
09F6FE
03F1FC
110002
FEEF04
08FBF9
F1DBEE
F2E8EF
03F6F7
F1F706
0B04FF
0BF7F7
1709EC
F2180F
010A09
F2DDEF
2A0906
F304FE
0A0E0F
FDF2F8
15FF03
040E0B
0E0B0D
F2ECF6
071502
ECEF06
081517
F5F6F9
0F1411
F5F2F0
F10402
F2F909
120F0C
080401
0C09FB
0E060D
29271A
050201
EAE7F2
0605FC
FDF7F5
F5EDF3
051408
F80F0C
241312
0E0A01
F1FAFE
100005
F7E4F1
181811
F0EAF3
FB06FE
D5F7F8
211E20
0B0BF8
FE030B
D5E3EA
151408
0D0D11
0F090F
FBF5F4
FBFC09
0C261B
03FD01
07F0F1
EB03F7
0F0910
0D050D
0205F1
C7F8EC
1B0C1D
F3EDF7
FF0601
0A04F3
050714
FE0908
F8F909
FDF1F8
111019
03FAFB
FFFEFC
0519FD
241C28
FE0401
FBF602
191614
0F120C
080708
0F0329
F40309
FF0100
0C0311
0B0312
E61DFF
040B0D
F70607
08020A
010909
0000F5
FE0102
FC0401
04F802
FDFB08
090400
FCFCFE
0AF9F8
E1F1F2
E8F0F9
FEFA0A
F4F8FD
FAFAFA
FBF9F3
000101
110B05
03EAF0
F5EAED
000101
F0F4F3
F5E4F1
FCFAF3
000000
162126
1E3429
23321E
0A1108
F4FA11
0302F3
160A0E
060403
0F04FB
070209
F4F4FC
020315
0B0502
EEEBF7
FBF3F5
261F13
020900
08FAFB
0BF9EB
1C07FE
F01514
FB0802
0E0B08
05EBF8
040802
0107FE
F0E8ED
000005
F3F1F5
0002F7
FB06F9
F2FCFB
E9DDE6
07FE00
17110F
FBFAF8
E9E4EC
EDF6FC
01FF06
151B09
FAFFFA
EE0601
FC00FF
05130E
0B0405
F9FAFF
FE0501
0D0C09
09FAFF
0F0F10
110CFE
F8E6EC
EEFCFF
F10400
070C00
ED00FD
0C1A1B
F3EDF4
FBFAFB
CCEF00
131C16
FCF7EC
010800
EAECFE
281F0D
00FFF6
0D0B0F
EDF2FA
181811
111C0D
100000
F1EBDF
05F0F7
FB0BFF
100409
F1DEEB
D4EFEE
1B160C
100D01
F5FFF5
F3DED7
FF0D1A
0E0A06
FE180B
F3E8FC
06F710
FE02F8
F7080C
050213
FAECF6
010907
00F908
1003F9
FDF7F2
05F9FB
030006
EEEBF1
FB02F5
030E00
000006
EEFA05
00F0F9
FB01FC
0B030C
F906FB
F4EDF7
FAF201
FF0903
FB05FB
0005FB
FF0504
020200
0A07FF
E5F0FE
E8F3FA
FEFD07
000702
0D0A07
FCF8FA
000000
0A0F07
10FFFF
05F0EE
000000
F9FBF4
08FBFC
110401
010001
040E0B
0C0B11
091209
020300
F70819
05FEF6
0F0B0C
E7DFEA
FCFEF9
16140E
FC0210
FBF106
07F6F7
F3EAEE
0DF601
13F3F8
0C010B
FCF4E6
09F7F6
17FDF4
0B131A
0AF7F5
00F7F3
1404FF
F30404
FCF5F3
EBFBE9
00FCFD
0A1714
EBF6E7
F404F4
FEFF08
F9EDEB
00FFFF
01F9FA
FBF3F3
0801FF
02F4F8
0102F8
F4FFF8
1108FD
04FB00
03EFF6
EDEFE9
F3090E
F80504
0D02FE
EEF5EB
03FE0B
0A0C14
01070F
08141B
FD0B0D
1B1008
060307
E40005
100703
0B1719
F80101
ED01F2
171F1D
181006
F50700
EEF2F4
19161B
041313
F0FDFA
E0F3EB
FDFDF6
F8F508
030512
06EFEA
05F3F8
0D0816
0D0203
E7E6E8
E5F1F5
131B1A
06FD06
FA08FD
EDF8EF
0200F9
060403
F10103
11EFF8
FF1503
06090A
F80513
F4F6F2
06FCF4
040002
EEEDFD
00EEEA
FE1102
00FF01
FCF800
FEE6F6
F2FEFB
0D0B08
06F409
D7E1F4
EB1000
0F030F
0AF3FD
F7FFF3
F10701
020909
F805FB
050A0F
F3FA00
090803
000000
04F7F8
E9FAFE
E5F6F9
02FC01
060B04
191112
FC0505
FEFEFE
03040D
1D1016
FEF8F9
0C1109
040407
0FFD04
F9EDEE
161D12
05090D
FEF906
152318
FF02FF
09FE1A
021303
1B090C
EBECF2
FBF1EC
030507
181214
F9EFF5
FEF1E3
F2E5EF
1B0FFF
0E0903
02FF04
0304F2
060C08
0706F2
EE0818
07F9F5
0F0209
18F9F8
F91606
F201F6
F6EFF7
1D0E05
F91E0E
D6F803
E8F1FC
02EF04
07FEFF
100B08
F3FFF8
EEF805
FFF6FC
03FAF5
070311
EAEAF0
07F6FA
F6F7F4
F802F7
F9E9FC
040908
01FCF9
EB01F8
03F2F7
08F702
101414
0E0E07
F9FBF8
0A0804
FF060C
1003FB
F1FBFE
0E0E09
08FCF6
09FF05
E6F0EF
FD0208
15170E
F7EDF7
C7D7ED
1B191C
1F1E1B
08F6F8
FD0200
F607FD
FA010D
05F6F1
08F4ED
010F11
FBF301
03FF02
F9FCEF
FBF701
F7FE03
0B0A03
F602F7
F3FBF4
010603
0102FF
DCECFD
1F03FE
F7F8EC
FA06FB
E6FC0D
130805
DFDDD8
FEFC05
E8E1F5
F9F300
E7E3E1
0F0D08
FDF606
FD01F0
E1E6DF
0F0908
FCF9F7
E9F8EC
EAECF4
0F090D
FAF1FA
F50406
EAF0F6
FAFE01
0905FD
FFFC00
F7F4F5
08FAFE
000803
01F0EF
F5F6F9
F3EEF9
03FB03
030402
1D0C11
FBF800
FDFDFD
0E0D05
05FAFA
F0EBF5
060805
FF0401
0F0003
280B0C
111810
FB01F7
0BFEFF
110701
16140E
F7FEFC
101409
190104
05FD03
F9FDFB
17161A
0E1211
FAF8F3
FFE7EF
F8FEFD
0204FD
0E0E09
190305
F3FF08
160C04
211215
F5031A
D3ECF1
16060B
0C11FF
EE1219
E3E1FB
FB020D
141A17
052409
F0F905
FAFFF1
F80910
24160A
100B02
FC07FB
FD0513
0B1608
FE02F9
06050C
F3FB07
0109FD
0610FC
FE06F9
05F901
FB05F4
EDFFFE
F7F8FD
F7F905
04120D
FBF5F9
030D0C
E7EFF0
05FFFD
FFF9F4
02F8F6
E6E4EF
000200
15140B
0E090A
D6E8E8
181315
04F802
F6EDF3
E00510
0F181D
1C1710
F904F2
131222
0F0202
251E16
040207
100E08
E3F0F4
F704FD
FB010B
110D08
06130A
022023
E9EDFC
E5F7F4
04FE03
0B0706
FFFEF8
CFE0EA
02E6EE
1402FB
F308FB
DFE9F0
E6E0EC
110F11
F0F600
EDE9E6
01EDFB
FDF9F8
EFEAF2
F4FFFA
05F907
F0ECF2
02FBFC
FB0403
0201F7
F3F0F4
FAFCFE
FFF505
F9F4FF
DED7D8
0B0907
F3F5EC
100202
FBE8E8
FE0D0B
15F7F5
FBFD03
F1EDF9
060407
0C0EFF
04070A
1A1F17
0C160F
FEFEFF
17170E
FF08FC
0B1407
0E160B
0A1111
02F1FA
0800F8
0E1209
0C0408
070502
1E160B
00FFFD
07FC0C
090500
181B0C
FDFF08
F6F103
0FFD06
1E1015
110714
120402
FB0608
1C0911
01FFFB
190BFF
DFF3ED
1612FB
1001FC
F80B08
FB0400
1709F7
070809
D8F51A
F905FC
0F12FC
EAEBF1
F70A03
F5F6F0
120E17
EB0117
1410FE
0006EE
02F808
F90D13
FF0B02
F4EFF2
110A15
FAFDFD
EDF0E9
FC0605
0DFE12
04FEFA
090FFC
F6FAF5
FD02FC
E9FAFD
041507
15030F
FD03FA
E4E5F3
2E2A0E
0A0405
0D0B06
ECE4F9
1E2524
160C04
051611
F7F7F8
F60907
1001FC
F3FFFD
FEF9FA
27252A
02FBF9
F6FBF8
080004
1C0909
020C0C
FCFA0A
0D1711
E8FAF0
18151C
F0EFFB
071718
E2E2D6
0D1808
E8F1F4
E6F0EB
030E03
0E04FD
080D06
CAD2F0
11F1F3
281915
020A10
DBE3F2
FDF0FD
05211A
05F902
E2E5F3
F9FF01
020804
000910
E6F0F3
DFD9E8
FAFBFF
0B0F0A
E0EDF4
1E08EB
CFEDFD
FDF3FD
D3E6F2
FB02F4
D9E3EA
04FEF9
EBDFEE
FDF4EA
ECF9FB
050C0B
FA00FB
0A0909
0B0C05
060707
010502
121007
0F0C12
150B07
050A04
050E08
FC0001
0E0103
090F08
FAFEFE
FE0204
1C1417
060B0C
02030B
0302FF
0B0205
010302
F3EDEB
130807
030405
FD0B03
FDF9F3
0D0501
0A0D0C
0B0E07
0D0516
0B0F08
040E0D
FBFAFA
0D02FB
FEF8ED
090F08
000701
F8F1F9
F001EE
0308FA
101505
E60519
F806FD
000405
FF0707
E2FDED
070600
E3FC09
000312
171510
080E14
F0F8FF
0DFF08
FD05EA
04F4DE
0209F9
F9FEEF
F2EEFD
20200B
FD1201
F504FF
09F6FE
0A1D16
020200
F1F3F0
1C1E0C
0BFBF1
FEF7FE
FC0209
333325
F8F0EF
FD0507
020610
2F1313
0C05FA
FBFBFB
08F60A
FEFFFE
010308
FFFFFE
0E0A12
24180F
E2E8E2
0B0003
FCF2FD
111013
E8EEDE
F4F6F8
0F1503
EAEEF1
FE0C04
01FD0A
F0FCEE
F7F306
FA0007
E2EAEB
E4EEEA
F707F9
FDF2FA
DFEEFA
E2ECF8
F80004
1A2B18
ED04F5
E7F20D
F8EDEB
20332E
EEEEFB
F3F7FA
D6F5FE
1A0204
EFEFF7
0EFC03
06021A
DEDCF4
E6F7F9
F2E0F0
FC00F5
10090B
00EBFD
DFE5E8
170B09
06F910
FBF3F6
090E04
FF02FB
E4EAEF
FBFC05
FE0701
080613
F9F8FB
FE0806
050505
0A0D10
000A08
030302
020104
0A0D0C
0D0504
0F150B
F8F3F9
02FFFF
0A040A
0A0706
F7F6FF
090200
F501FE
0A0A13
000105
0A0504
0102FF
15110A
11040E
0AFAF8
0A00FD
04110A
020307
140E0B
F104F7
0B050F
FB04F9
0805FA
16241C
01FCF9
0A0C0B
FEF3FE
DEE8E6
0F01FE
030A05
EDE9FE
00F9FF
050F04
031608
E20405
0B0002
F1F102
0EFBF7
0108F3
251907
08F806
0A150B
F9FAF2
FAF50B
04070E
0605FF
EDF7FB
200F0A
10110F
FDFCF2
CCC5CB
0111F7
F10304
0A0E09
1C1E11
F5FFE8
EDEFFE
080102
2B2313
FA09EE
FFF607
170C0B
180811
F706F5
050102
1B111A
152412
EAE5FB
100D10
080D12
0303F1
DDF618
0C0102
F205FE
EFEB1A
00F308
0B08FA
020008
DFD6E2
D9C2D9
161012
F0FEF3
D8D4D8
F9F0FC
080A04
F50300
ECFFF8
FDEA02
F3F9FD
E8F60E
EAF1F7
E9EDF3
FDFAF2
FD0524
07F007
C9EAF3
F8FE08
03FE04
D606FD
FADEFE
00050E
09080C
F1EFFF
F0F600
F6F8F8
04FD03
0F0C13
FE0D0B
FE0901
ECF204
1408FF
DAE80E
EBF8F5
EEFEE8
050B06
FCEC03
04F3F3
F4EAF0
070E05
111012
0D0C02
FCFBFA
1A1514
060A13
070C08
F2F6F5
01FC06
F2E7F2
0E0F0C
F8F9F8
F1F1FC
060305
010803
F8FFFE
040C0B
0D090D
060705
000001
0E1105
FB05FE
0405FC
000805
F5F8F6
0F0E09
0F150D
FBF6FD
13FEFE
FE1604
03070F
030802
FFFEF4
F6130E
170B0C
F7F9F0
0709FA
F6F81A
FB00F4
EEEAF6
06E3F1
FD0604
030AFA
18140C
D8010C
17FBF6
02F406
0D0813
EFF1EA
E7FDF0
F5F0F6
130A03
F6E4E4
DFE506
F9ECFF
000300
F2FCFA
04E2F9
040602
090BF6
C4B9D7
F2C8DF
040C0C
0E0B08
2C160D
F9EAF1
FEF4F8
110415
02F8F2
FEF1EC
FE00FA
0C0E05
170709
01FCF8
080C16
1B0107
2A1B01
04F7EF
21100A
F60C00
0408FC
E4FAFF
09FE0E
FB0C0B
DEE611
EFD6F6
131310
FC03F8
E1D9F0
FBF226
06070B
FD0300
DDE1E6
FDF4FE
F20B03
F303F5
EBFCEE
E2CBE9
F5FB08
E1E900
F8EEE8
FA0109
F40201
121B2F
F8F509
EEF5FA
F1E7EF
F7FB0D
E310FA
02FC0F
F2EE04
FCF308
E9F20A
C7F7F2
ECFCF0
18101A
070305
E7FB02
F1F5FA
EAE9F8
14FF10
EEFE0C
EA00EB
E1F0F4
02FF07
FFEDFF
04F0F8
030A03
160D10
05FF01
010000
050208
000B09
050405
010202
060401
FFF4FE
FA0500
0C0A0A
F5F4FE
051513
02F2F4
F9F903
FCF600
0B0201
161411
02FD00
020D04
383422
0709FD
F6FEFB
F4FE02
041C10
150402
030B05
F9FD05
FA180C
0305F3
120D13
0502FE
0703FB
FBFCFC
161314
F90300
111801
00110B
081204
F40B06
090302
FB02FC
10110D
0D190B
F7F00B
1A10F8
120E08
0C0206
E7E9EC
FBFAFF
050314
0A0407
E5ECFC
F50604
0705FB
05FB00
EAF3F7
02FCF2
0A1108
FA06F7
A3A4E3
020E00
18020D
0D07F6
13F9D2
F4F4FA
FEFFF9
090216
0E0B07
0E0307
0D0800
FFF4FF
15F1FB
090A09
06FA04
FAFF05
01FBFB
120EFA
F8FEF7
E6F60A
0D08FD
FD0BF8
040B0E
00100E
ECE5E9
10FD00
020500
0E0F0B
DFE3ED
09FA01
F6F1F6
060803
E4E2EE
0306F6
F7F8FA
F607F9
E1E8F2
16FA08
F4F810
F201F3
F4EBE2
F8FB03
EEECF1
EBF90E
060914
E4E6E1
ECF1EC
F00500
EE0FFE
E7EDE8
F4F5F8
02F4FB
EEDDE9
F80204
F6EDF4
F2FDF0
0F1C19
0000F9
E4F3F7
EAEAFA
0C0413
FCFFF9
FC0101
DBEA01
1E16FF
FF060C
01F6FA
020306
121602
0E120E
0E150D
F8FDFE
06F7FA
04030E
100608
030101
020809
F3FCFB
090C06
FA0000
06110D
04F6F6
FC0A08
FF01F4
0E0C06
FAF6F2
09030F
0C050B
1AF0F1
F80304
0A0504
0506FC
0F0A04
F8F3F1
06FBFA
0302F6
0B2B18
110EFF
1E0807
091511
0F1000
15FFF0
270D0B
F40505
F9FAF7
0DFAFF
F8FAF3
FD01FD
080C0C
120AFD
0202FC
0500EA
0604FF
13FAE5
08040A
1002FF
F70106
14FFEF
FE01EE
17231C
F2E9FD
0904ED
020F08
0BF2EE
F5EFEA
02F6ED
0D0009
0D03FC
B6D9FD
02F8F4
FF110B
1319FF
1403DF
F5EDF9
FE0320
170C05
101412
0F08FF
FFFEFE
07F502
04F5FC
01E2E7
F0FFFA
030208
0D0506
F3E1EA
F00601
F5E702
09F5F7
110DFF
08FD0A
02FEF5
F2F2F6
FDFF06
FEF705
FC01FE
F1FEFB
130E0E
EFEEF3
0B140D
E6E2EC
FBF9F5
FA0303
F70003
F7F6FD
120F07
F90003
FF0BFB
EDDBCF
151E16
EBF0F9
D3E4E6
F6FD17
0E1107
FBFAF4
ECFBF5
EC08FF
FB03F8
F9F102
05F9FC
F2FC05
FE0100
F0EEF7
F1F2F6
FA1517
191A13
F7FFF7
FE05FE
FE0710
151B19
F8FB02
EEF4ED
090802
F90309
F9F7FA
11130F
07090F
00FFFF
0B0801
02F708
F1F7F9
000808
F9F7FF
0000FF
F4F5F8
03FEFD
FDF3F3
000601
180D0D
FDF3F0
F3FBF7
0E0C0E
06FAFB
08FFFB
F8FFF0
0F0F05
FDEBED
000F06
F3FEFB
F6F4FB
0D1612
F5FAF8
F10102
FC0A09
FE0609
F9F4F8
F2F204
181319
E8EBE3
F90100
FB060E
F0F1F1
221D01
011317
F3F1F7
FBF5EC
0AEEDE
03FF08
00FCFE
06E9E6
00FDF8
FDF7FB
FF0908
09F8F5
F8EDF3
E9EE0B
040C1B
051202
F5EAE0
E9EFFB
0C1410
0706F4
E9F3FF
E1EC27
050E14
FFFBF6
DFE5FE
000BC1
0B1306
0701FC
F7EDE7
02FC04
060210
F8EEDD
052212
071006
0E0D03
FDF5F3
0E1410
01FBFA
0D1208
F2EBF9
170004
0A0806
080E08
0103FD
F50C07
0C0701
080702
04F7FC
FFF8FE
100D08
FF030B
FFF7FC
0E1A16
FAF6F6
0AFA01
111011
F0EDF4
F9FFEF
0B0E06
0C1111
F9F40A
F3F9F6
040CFD
FA07F7
F5EADF
040A06
0A0404
FBF80A
03F906
FF0000
0F1011
000B08
F41511
010500
0B0202
100F14
09F5F8
FDF8FF
040709
FFF900
0A1713
E9E7F8
080B0D
090A07
16101A
0E1008
0906FB
051101
0302F3
00FCEF
0B0A06
000000
0406F7
0400FF
06F800
FA0004
F800FD
0D0004
FA00FF
0300FC
FD00FB
020006
09FE0D
F500FB
060007
050008
00FC05
FD00FC
050006
FB00FA
0802FC
FC00F6
FE0004
F201FF
01FCFA
FA00F3
0000FD
0200F5
FC010A
0F000C
110004
F300EA
FDFF0F
140017
FA00EE
F900FF
050203
08000A
E800E4
06FF02
F90105
FD0000
0500FF
030101
06F806
0000FF
F400F9
FF01F9
05FC03
060005
FD00FA
08FFF9
0F0309
FC0000
F100F3
FA00F8
04FCFD
F000F2
0F0008
F70003
0300FC
F500FE
F500F3
0F0008
00FE09
000000
0A00FE
0C000F
FCFF06
000000
0B0005
0F010A
08FC04
030002
0E000C
07FF06
F8F907
04000A
FC000B
040000
0CFD09
010000
1C001E
FB0001
FBF706
FF0000
FF00F8
01FF07
09F908
FA0000
020002
09000B
060207
FB00FE
010004
FB0007
0EFB0B
040004
F900FC
05000A
F80206
06000C
F600FA
050005
FEFE03
FE0000
020004
080010
FC0005
FC00FB
0200FA
01FD0A
F901FD
FA00FA
F200F4
F70004
FEFE0C
FD00FE
FF00FE
FF00FA
FFFB05
F100EF
FE0008
FD00FA
090309
060005
0D0011
08000B
04FF03
FB0002
020000
0E000C
FFFF08
FFFE01
FB01F3
0A0014
00FCFA
FD00FD
F90101
080004
FD00F8
040002
FA00F9
FF0008
0AFF0C
F800F7
FAFF04
0D0012
01FE01
FD00FE
FE00F8
FD0001
0001FE
010002
F600F6
0300FF
0AFE05
EC00E7
0400FC
FD0008
00FF09
E900ED
010005
0300F6
0200FD
080006
090002
F200F3
0900F9
FD00FA
030001
F300FD
05FF06
FF0000
090002
0400F9
0BFE04
000000
0600F9
0000F5
0C0101
FD0002
0300FB
FA0000
01FE08
FB00F5
0500FE
F100F6
0701FD
F700FA
F900FB
F60002
000102
0100FA
120011
FF00FC
060000
060009
010001
040004
08FF0A
000000
F600FE
1A0013
FFFF09
040005
FEFF06
010001
120015
FB00FF
020008
FA0009
0CFF04
F400F8
FD00FA
15000F
0A0003
07000C
F700F6
09000D
09FF01
03000D
F90002
040002
0DFF13
070005
F900FA
06000B
040009
010004
020007
0E000E
F5FF08
FA00FE
00FF04
16001B
FAFE0C
FB00F9
F200F1
FC00FB
060108
F600F6
FEFFF8
120015
FD000F
000001
FA0007
F70004
FB0000
06000A
07FF03
010009
F5FF08
FD000C
12000A
FF00FC
06FF09
FF00FF
0200F8
02000F
00FD14
030004
0501FB
060004
FFFF10
050002
05FF03
0C0007
FA0002
030006
FA00F8
0400FE
010203
FC00FF
070003
15000A
FF0204
0000FF
090000
0C0003
FA00FB
00000B
F400F8
10000E
FEFE07
FA00FD
050002
FE00FF
07FF05
FE0001
0C01FC
080000
0D000A
F800FA
E300E1
0E0006
FDFD01
E800E5
EF00EF
0A0009
02FE00
ED00F1
060009
0A0007
020002
FF00FA
FE00F5
050008
0B000D
F900FC
FB00F7
0A000E
0BFD0A
EF00F6
0C0005
10000F
0AFD04
010001
FF0002
F700F7
0AFE05
0B0006
F000F5
06000B
FEFE04
080004
2C0025
0500F5
FAFFFF
000008
070004
F90003
09000B
040005
F500FF
FB00FC
0B0003
FB00F8
F100FD
0F0010
FCFC09
EE00F1
F100F1
0B000A
FDFD06
0A0007
0200FE
070009
02FD07
09000E
0100FB
0100FE
02FEFC
020006
F800FF
F300F3
F9FEFD
020001
F70006
0D000B
FC0002
000006
FD00FF
1B0018
FC00F9
FE00FD
F200EB
0000FD
FBFE05
FC00FF
060002
0B0009
00FF0F
050007
0300FF
0E000D
02FF09
FA0008
0E0000
030003
05FD07
000000
FDFF0C
F500FB
FB0301
FF00FF
0A0013
FF000A
FFFF03
F8FF02
FB0009
070004
09FE00
030005
FC01FF
0400FC
020102
020001
03FFFC
FC00FC
05FDFF
0000FB
FB00FE
100002
FB0009
FA0001
FC00F1
0C0010
0100FA
020002
FC00FA
0C0008
F8FDFD
FF0005
F700FE
0C0008
06FF04
FF00FD
0C0001
10000C
FE0005
F80001
0500FE
090009
0501FC
0000FC
F300EF
11FE15
08FFFE
010008
050003
150016
030007
020000
FA00F2
09000B
060101
FF00FF
EF00EA
0B0009
02FF07
F800FA
E400E3
17000F
0EFF0C
030008
F000FB
F900FA
05FCF6
030005
03000C
0A0005
13FE12
050007
1E0023
EB00E9
FD000B
FD00FA
E600ED
050001
0C0007
FF0005
FD00FE
FB00FB
12FE07
FE0000
FE0001
0C0005
EEFCF0
E900EB
FCFFFD
0A0008
FC0001
020000
F000F0
0500FC
FAFF02
100017
04000C
EB00EC
0400FF
08000B
000000
010003
F501F8
040006
06000B
09000C
F50004
060009
0300FA
16001C
00000C
030007
FCFF00
FE00FD
08FF01
FB00FA
F4FEF8
050004
FF0005
020003
0D000A
060006
04FE08
040007
010006
100013
03FD0A
FA0004
0F0007
FAFFFB
FEF90D
FB00F9
0C0003
F500FF
FB00FF
FD01FF
030307
090005
08FE07
000000
F4FFF7
0A000B
F9FBFB
FF0001
FE00F8
0B0002
F6FBFC
020005
FB0003
0300F8
FD0003
010003
FAFFF8
0D0005
0BFC04
FF00FE
FF00FC
0C0009
05FEFF
0B000A
040001
0C0009
03FEFF
FE0005
0B0100
07000A
FDFC03
0A0006
0C000B
0D0009
FD00FB
0D000F
FA00F7
0E000A
FDFF07
030001
010007
130011
010002
F600F8
060008
0F0015
06FF01
F300F8
E400E0
140015
FD0103
050003
F100EE
1F001B
000000
FC0003
FA00FD
FA00F5
F501F4
0D000A
0B0004
16001D
11000D
04000B
0F0017
F900FD
05FE07
06000A
FC0003
FC00FB
020003
F900FE
0E0211
FE00FB
01FF07
0C0009
13001D
090005
00FFF5
F800FA
010004
0F0012
0C0009
F70001
0000FB
FC0005
00FF07
04000A
FD00FD
F100F0
02FDFE
FE0000
0300FA
F900F4
FC0002
FE0004
0100FA
FF0002
FFFF0C
010000
0400FB
150014
F90004
FA00FA
FE01F6
090007
04000F
FC00FB
F1FEFA
0200F9
06FC0A
100012
060000
FB00FD
F80200
0C0008
FFFE04
FC00FB
F8FC01
FA00FB
04000D
FEFF02
03F7FD
FE00FD
14000F
FB00FA
03FF09
02FFFC
0900FE
FE0006
090009
FB00F9
FF0004
0D0009
00FF05
FA00F8
F9FBFC
0F000A
FE0103
000000
FB0001
0700FF
0900FC
030007
020001
FA00FE
FF0100
0F000E
FC00F1
080000
03FC0B
FF0000
FF0004
F900FC
FD000C
000005
0602F7
FC00FA
08FEFD
FC00FD
030002
F90001
0DFE0A
0E000B
0200FF
08000D
0CFB0A
040008
020007
13FF10
FBFA09
FC00F8
18000E
FB00FD
F400FE
060006
F500FB
0C000A
0400F9
FA00F6
F800F6
190014
04FDFC
F000F4
0100FD
0A000D
FC00F8
06000C
FD00FF
0000FD
02000B
06000B
050002
05000C
0A0005
070002
12000F
0A000A
0AFF01
FE0001
000002
F20002
02FEFB
FC0001
0A000A
FB00F5
F3FFF5
000001
08000C
0C000C
020013
FD00FD
010000
FB0000
F50001
0000FC
E700EB
FC0001
F3FFF7
FD00FE
FB0002
F900FE
FCFE00
010006
FE0001
070007
000007
FA00FB
FA0006
080005
FB0007
FE00FE
FEFFFB
0C0008
FAFF0E
FF00FF
F90004
FF0007
0B0011
000000
03FFFC
0400FC
FFFF0F
FE00FE
07FF05
020005
FDFD0D
FE00FC
0700FF
06000D
0000FE
FF00FF
0A000A
030006
02FFFC
FCFDFE
FE0005
050007
050002
FD00FC
FFFDFD
0D000F
0E000F
FB00FA
FD01F7
03000A
F7FE00
000000
FCFCF8
0C000A
09000C
07000A
0A0012
FE00FB
FDFF03
000002
E900E9
090003
090107
FE00FE
FF00FF
0200F3
09FC08
F800FC
F6FFF6
0100F2
080008
FB0002
000003
050008
07FF06
FF00FD
0B0003
13000B
0C0009
F600F9
EF00E3
0C0018
040202
FC00FF
14000C
F800FC
FAFF09
060008
070008
FC0003
FD0006
0E0008
080006
F80000
0200F8
0000FF
00000C
0D000A
0400FD
02000D
F80002
FB01F9
F7FCF3
070008
1B0017
ECFFF1
06FD07
080007
140018
0D0018
00FF06
0000FC
FC00F9
050011
0400F7
060001
040010
0E0006
05FEFD
FD00F6
F900FE
110017
F1FEF2
EF00ED
0A0008
0A0012
ECFFEE
F600FC
F100F5
180014
030007
040007
F700F8
0E0009
FFFF00
030004
0900FB
F90002
FA0005
FB00FD
0000FA
0900FF
01000C
000001
04FAFF
FA00FC
06FE05
FF00FF
FB00FB
0700FF
FB020C
000000
09FEFF
110014
FAFF05
04000A
0C010C
F10002
FCFD06
FC0005
10FE14
FEFF06
03F807
FE00FD
06000B
FB0000
0000FF
FA0005
080003
010001
FEFB05
FF00FF
01FBFD
020004
0D000D
FF00FF
F701FD
090007
09FC04
0000FF
F900FC
070104
0CFD14
060007
FD0007
010006
03FD00
000000
020003
F500FE
05FE02
FA00FB
05FF03
0E0012
090003
F900F7
F900FD
0E0001
F600FD
000001
FE00FE
F600F5
FB0003
F800F8
030009
0E0006
F500F4
EE00F1
FB00FD
FC00FB
01FD03
FF0002
F900F3
EC00FD
050100
01000B
10000B
F900F8
F300F7
F900FD
F500F8
EE00F8
110018
F800F5
160025
180018
0AFF07
040008
F700FD
F700FA
0BFB00
FE00F5
1C0012
F200F3
F900FF
020001
000005
130009
0BFF05
0B000E
F900F9
FF00F4
03FFFF
110015
FB00FB
F900FB
02FF00
060007
180010
060006
00FF09
FB00FC
000003
FF00FA
0EFF0D
08000B
0C0010
000001
00FF09
020004
F400EE
0400FD
090002
010000
0500F9
030005
FD0014
0E0010
F600FC
FB0000
06FF0D
060008
00FE01
0C000B
FDFF09
030005
FB0008
F80001
050003
000000
F2FFF5
0901FE
00000D
00000A
F800FA
FB0004
F100F3
FA00FE
070002
11FF0F
0AFD0C
FE00FE
06000E
FB00FD
000101
FA0001
07010B
030010
010102
070009
080100
020003
09000C
030005
FE01FF
0600FF
07FD0E
0C000E
FF0104
0B0001
02FE02
FF00FE
050002
0E0011
FDFE01
FD0004
050014
0A000A
FE000A
F700F4
0400FD
150014
0B000D
07000C
FA00F7
130020
0B00FB
F800F7
0300F9
F600F9
020000
08000A
F800FA
EF00FB
0A0003
0B0006
170013
F900FD
FE00F9
040002
F600F8
FF0003
F100F0
EE00F4
070008
E700E7
0700FF
FD0003
F900FA
E600D8
F100F7
0C000B
0B0007
F100EA
F700F5
FF0001
130011
10FF12
0401FF
0D0013
09000F
F800FC
F7FBF7
080006
0E0006
FB0100
0501F8
030004
F600FA
06FF09
040003
0D0011
FA00FA
EA00F1
09FD08
0B000B
050007
06000C
13FB14
090012
F700FD
0E000A
1B0014
F900F6
040000
070004
000005
090007
18000D
020008
040011
0100FF
0F000F
F300F5
0AFF13
06000F
F200F4
020000
080008
EE00F1
FD0002
0400FF
06FF05
010002
FFFD07
FD000A
FE010C
000000
FF0003
F60000
010001
000000
09FB05
06000D
FD00F8
000004
0800FD
E200DD
02010D
010001
0400FD
F500FD
02FD0A
070006
FCFFFC
F900FE
04FE0C
050006
F90002
F300FF
FFFFFB
0A000C
FEFDF7
010004
040103
020005
FBFEFE
0DFF08
08FEFF
0C000E
FDFFFC
11000E
05FE06
07000E
FF00FE
06000D
FE00FF
010002
06000F
110011
FE0004
FF0000
FA00FF
090006
0800FF
040002
04000B
F000FE
F600FE
F400F5
F500EF
050006
160012
EF00F7
0B0009
F600F0
F500F9
F400FF
F900FB
EB00EE
FBFD05
DF00DE
EF00F3
FB00F6
0C0200
050007
0BFF05
EC00E6
FA0007
0000FB
0C000E
0500FC
04FC06
D200CD
13001B
0C0206
0D0007
0C000F
FF0007
F000EE
EE00EF
17001B
12FB0B
FB00FC
EC00F2
0A0003
0FFE15
F700FA
FCFC01
060007
11000C
E500EA
08FF08
030000
0300F5
FE00FE
0CFF0E
F300F3
10000C
EF00F3
FAFFF5
F200F8
030004
F400E8
0100F5
050007
0F000E
1A001D
08000A
F900F3
010001
FF00FC
0AFF0E
020009
EF00F0
0200FE
0400FD
F800FD
050000
F60002
FF000A
000001
0401FD
FC0000
03FF09
FF0000
F400FA
FF0003
FC000D
000000
010002
FF0008
FBFC00
000000
0A00FC
0100FF
0AFF09
000000
FC00FD
020006
FEFF08
050009
FCFC06
050003
01FE09
0E0010
FD0002
0200FC
050006
140017
0BFF00
FB00F2
FDFFFD
010003
FF0008
FE0005
0501FD
050007
FF000C
FE0000
0300FC
050005
0400FF
120011
0B0007
030008
0200FF
090005
FE01F6
070014
FB00F6
020000
0200FC
F800FE
FF00FD
020005
0300F8
E400EB
0A0006
EF00FB
FD00FB
DB00D4
E800EF
EC00E8
130009
EC00E5
F800FC
F800F4
FE00FE
060005
12000E
FA00F1
0A0007
F400EB
090012
F100F6
FD00FF
0D000B
040001
EE00F4
F700FC
FA00F5
0300FC
050002
F700FB
090003
010003
FB00FC
03000C
0D001A
F8FEEF
F900EE
F7FF01
220022
FB0000
FBFFEF
00FFFF
0A0006
FD00F9
0E0005
09FA02
110012
050007
0D001A
12FF13
080006
140006
EC00ED
04FF04
10000C
0E0000
050005
FAFEFE
FE0000
020007
FD00F6
0B0006
FA00FB
11001A
150010
F7FFFA
FB00FD
FA00FA
060006
FC00F7
FA00F6
F400F4
0A0009
000005
F900FC
F200F3
0000FA
FB0002
FE00FE
FC00FE
07000D
FAFF04
000000
FB00FA
0A00FE
F9FF00
000000
04FF0A
030007
FAF807
000000
FE0001
FA00FF
FD0005
FE000C
06FE07
FD000A
F500FF
100013
000003
010004
EFFE00
040004
05FF01
FC00FD
F3FFFA
FA00FA
0F000C
010002
FF0005
0B000A
030009
0200F9
FD0007
07000D
0800F8
F100F6
0100F9
0A0009
0900FC
FB00FF
0100FE
FB00FA
0D0009
250021
070007
000000
0400FE
0800FB
1B001B
F900F3
030000
100006
0900FF
E800E3
080006
FC00FE
0F0015
07000B
F700FD
0700FF
090016
EE00F2
180012
0400FE
030013
F900FD
010008
F700EF
E900F0
0A0008
1CFE14
FE00ED
F800FA
F900F9
17001D
010007
0BFD10
060007
080004
0E000D
F700F1
0F000A
0800FD
F700F4
FB00F5
080015
0E0002
EA00EB
F8FF03
06000B
0300F9
010002
FFFBFB
17001C
080006
FE00FF
0C0005
0200FE
E900E0
FC000D
FFFF03
FE00F8
F900F4
FB00FA
FBFFF7
070007
FB00FF
F500FC
07FF14
F600F8
FC00FD
0000FC
0AFF12
F400F7
00000B
0E0011
0D0012
F300F1
030003
F60004
0500FD
F700FB
F000F0
000001
FDFF0F
FD00FD
F900F3
FA00FA
01FF00
FF0000
FD00F9
F400F8
000003
0000FF
FC00FD
020004
FA010B
000000
0C0006
FB0002
F7FE00
FFFF02
0AFF02
0C0010
FA0006
0B000E
040000
FE0002
020008
000004
070005
0400FD
F9FF00
F600F9
06000A
090007
F700FD
080007
FC0004
0B0010
FD00FB
010008
070008
FA0001
F500EE
F50000
0B0002
0C0006
0A0007
E600EC
0E0010
0300FC
170016
FB0005
090009
FE00FB
0900FF
F500F7
0A0005
0300F6
06000B
110013
FA0000
130010
0300FC
F700F8
150015
0D0003
F200F5
F400EA
08001D
07FE17
F800FD
FD00FE
0000FE
090205
04000B
FA00F4
11000E
EE01F6
FF01FB
140016
0C0007
F9FFFC
0400FF
17001A
FF0009
ED00E2
050007
0B0005
F700FC
07FF02
02FCFB
130012
F400F8
0800FD
0F0010
1C001A
FB0005
E200E4
01FC03
080012
F900FD
E000E1
04FCFF
FB00FE
F000F6
F800ED
11FD09
FE00F9
070009
F500F5
01FFF4
FB00FC
080008
F700FB
FC0004
0500F7
040007
FF00FA
060200
F000F4
090002
12FF11
FF000A
F900F8
17001D
FD0000
050009
010002
020003
0E0003
020003
FD00FC
000000
FA00FC
03FFFF
FF00FF
0501FF
F400FE
F9FF00
FF00FF
0AFF00
0000FB
0202FE
FF00FF
FF0009
FD0000
05000A
FDFD0A
010003
0A000E
FE0001
030004
F8FE01
FB00FC
F000F7
0A000E
02FD07
F400F4
F100FC
0D0012
01FF0E
0200F7
FB0001
000000
0B0012
F600FB
040000
EF00EB
0C000C
0100F6
F800F0
EE00EE
0F0007
FA00FA
FC00FF
FA00FD
0A0101
F600F3
0C000C
FF0002
0000F2
F100EA
FE00F4
DC00DA
0200FB
FA00F7
120009
E500F1
0D01FF
16002A
FC00F7
F800FF
050016
110003
ED00F5
FD00EF
FB0001
02FFF6
F700FA
DF00E1
07000E
0B000B
EC00F4
F500F8
F700FE
F1FBF6
05000F
F600F6
0400FF
FAFFE5
020003
F300F7
10000C
0700FF
FC000C
F900FA
FB00FD
ED00E6
F301FD
08000B
0700F8
E300E4
0302FE
07001A
060000
DB00E0
0BFE11
060010
130016
E600EA
0EFC06
0500FD
DF00E2
FD0000
FEFF04
FB00F1
080002
FC0000
F9FDF4
FE00F4
0900F9
ED00F5
FCFEFE
010004
FB0001
080001
0F0010
F600F6
FE00F9
0B000D
100014
F300F9
05000A
FE00FC
FDFF05
060007
ED00EB
FB0007
050008
F700F6
FD00FC
06000F
FDFF05
FE00FE
07FF06
FE0005
040009
FE00FE
010002
0300FE
080108
000000
050006
FD0000
050009
FE010D
FD00FF
FC0005
F80007
060007
04FEF8
F300F0
E100ED
030004
FFFFFC
010004
F70009
FF00FF
060004
050010
FC00FC
0000FF
0E000E
150017
130020
FD00FB
080004
0100FF
13000A
F000F7
0A0004
FF00FA
17001A
0C0019
FC00F5
070000
FC0008
050006
09000C
08000A
0D011C
E100E3
0700FC
0A000D
070005
D200D1
040003
0A0016
0D000B
E100D6
0D0007
00FF04
FD00FC
F700F7
0F0017
FB00FC
0200FB
EF00EC
FD00F9
FAFFF8
F100F9
100005
0200F5
EC00F1
0E000B
000006
FB00F3
FD00F3
020006
060009
FE0006
F700F4
0FFD0C
000001
F5FFF5
F400F3
F9FD0C
120013
0300FD
F500F4
0FFC0C
F800FE
0B000F
FB00F2
03FCFD
100014
F200F5
E200DA
FEFBF9
FC00FA
E000E6
F6FEF5
08FE04
F400F7
0F0009
FF00F9
0E0005
15001A
0D0011
FE00FB
06FD05
000002
080012
F200E8
0CFE0B
F700F1
0A0007
03000C
F60107
F700FE
10001C
EF00F4
FC00FF
010000
180018
030001
FB0003
FC00FD
010000
040002
FB0003
FD00FD
05010A
F90003
FD000F
FE00FD
FB0000
010000
F7FF08
FF00FF
0A0000
F400FB
FEFFFE
09FF05
F500F5
FE00FB
FE00F8
FF00FF
010003
E900E8
E300F6
FF0000
020000
ED00E9
E400EC
000000
0C0010
040008
F100EA
000000
090012
F800F9
F300F2
000005
140011
190015
0100FA
F200F8
0D0107
0100FA
0300FD
F600F9
F802FB
EF00F1
01010B
FF0004
0C0018
FF00FC
0A0005
FA00F8
11000A
11000F
0A0013
E700EB
000003
120008
04000A
000002
06000A
FA00ED
0F0014
FF00F9
0D000B
ED00F7
F0FFF3
FA00F5
F400FB
05000C
FDFEFB
060005
0401FA
F100F9
12FF09
080005
040000
180016
0FFF0D
070013
010001
FA0005
F800FE
1D001F
090005
000007
F90009
18001B
FE00F8
F400EE
EF00FC
020007
0E0018
E800E9
F500F6
FA00FD
EC00F2
D900D7
F9FD05
0E000A
ED00F3
F500F8
F9F8F7
0C000C
00000D
060011
0B00FE
12000E
FE01FF
E700EF
FF0009
05000A
0A0002
F600F3
FAFF04
01000F
160006
F700FE
0D010F
EE00ED
0E0011
FC0005
01FE07
0000FF
F000F0
05000D
F8FD05
F900FC
090007
060007
FCFFFD
FF00FF
F8FFFC
080009
FEFE05
FE00FE
FF00FA
0000FC
07FA05
FF00FF
0A00FD
F900FD
FDFEFD
FAFD04
F400FC
F000F4
010103
FF0000
FE0003
FD00FE
FB0005
FF0000
F20002
070007
F200F2
000000
00000C
1F0021
0D0011
000000
0B000E
1C001F
04000C
F400F1
0F0008
030006
23001D
EF00F0
050201
F200F7
1D011E
010001
0601FE
0A0011
1C0027
0A0008
0300FC
1A0009
1000FE
08000D
F900F9
0B0005
180016
09000D
F8FE01
06FE01
04000B
F500FB
020105
250018
040007
FD00FC
0D0008
1D001E
030106
E900E9
030003
F900FA
070001
050003
040002
FC00FC
FDFEF7
1D001E
150513
0A0002
020009
FE00FD
0BFF15
E600EF
00FF0A
F100FE
0BFC02
0D0006
FFFEFF
040008
0100FD
FE00F9
02F901
0E0008
060008
D000CE
EEFDEE
080015
FC00F7
DD00DB
E9FFE6
FE0003
F80001
0E000D
03FFF0
FA00FF
000006
09000F
0AFBF8
090002
100007
FA00F3
FEFB04
FB00FB
0601FF
E000D6
FF0204
FB00FE
040508
FA00F2
F600F2
06000D
0000F5
FE0005
01FDF3
000008
FF00FB
FE00FE
F8FC05
0D000C
1A001B
010002
F900FA
FC00FF
FDFD09
01000F
000000
FE00FF
020003
FA00FB
01F70D
000000
00FFFF
030008
FAFE01
03FE09
01000B
FB00F7
FE000A
FF00FF
0D000F
F700F9
F100F2
000000
F900FB
0F0011
F600FA
000000
1D001F
11000E
2F0032
000000
060014
060009
28002D
F000ED
06000A
080006
140018
DB00D6
05FF01
0400FF
0B000D
040005
EF01EC
0C000F
0E000E
0300FC
080110
110015
10FF08
E300F3
F80001
000001
0CFF12
020001
0200F4
09FF0A
FB0008
000004
020009
07FF05
0E0205
EA00E8
080010
030000
EFFEF5
E600EA
EF00FE
F900FE
05FFFD
F600F7
15000D
F80002
F2FF03
F200EC
E200EE
FDFBFA
070102
F400F1
FAFDF5
E6FFEB
030011
FC0004
FA00FA
F000EA
110104
F9000A
FAFFF0
F600F3
07FB0F
03000A
060006
020003
EF01FC
F200FC
FD0001
F700F2
F8FFFA
FE00FF
010014
FB00F0
F600E5
0400FF
F500F4
E600ED
08F8F9
F100F5
020000
FE00FD
04FE07
050008
010001
EF00EC
03FBF5
010000
0704FF
090010
050003
0B001A
0900FE
19001B
06FF00
0D001C
060006
150012
FAFCFE
04000C
030008
08000D
04FCF7
0100FF
FDFF03
F90004
FFFF0D
FE00FE
080004
FB0006
FAFC02
000000
0000FC
000006
FE0005
01FF04
FD00FE
F600FB
FCFF04
FF00FF
FF00FE
FB00FF
F90006
000000
EF00EB
16001A
0B000C
000000
0F0012
150016
050012
000000
0A0007
110012
1D002A
070009
04FFFE
02000B
06000B
E900EB
080403
0A000B
16000F
050004
FC00FE
070001
12020F
04000A
040005
FC00FD
1B000C
EF00EE
00FBFC
0E0009
13000C
EB00F6
000008
0100EF
1B000A
0C00FC
04000B
080008
08F908
F300F2
FA00FF
F400F5
040000
E600E6
110006
0500FE
F5F9FD
EA00E9
050013
FF0000
FDFC01
FF00FC
14FF09
F9FBFC
F8FCF4
F200EE
040104
E700EA
FC0203
FE0004
F2F9E4
F802F8
05FC04
F900F7
F600F7
FAFCF1
07FA02
EF00FA
020004
EB00E2
EEFBF1
FB00FD
F700F2
EA00EE
F701F2
0300FA
F300F1
EA00EB
F500F8
EF00EA
010013
FF0000
00FC02
F600F4
ED00F0
08000A
0700F8
F700FA
040005
FA00FD
06F8F9
0A000B
040006
FE00FB
0900FE
110009
07FF02
E700EC
EBFFEE
15001D
0D0101
E000ED
EEFCFB
0C0013
100018
F800FE
09FE06
0000FF
030000
FA0002
FC000A
FD00FB
0700F9
0000FD
F7FF06
000000
03FF01
FE000E
010007
07FFFE
05000E
0000F8
02000C
FF00FF
F600F3
0000FF
010003
FF0000
030004
180019
FE0005
000000
0B000A
1B0022
1B0022
000000
160014
09000B
32003D
020002
0B03FE
EE00ED
0B0013
FF0000
020002
110011
1D0016
02000F
FCFDFC
030004
090109
FD0002
0A000F
040006
0D0008
F800FD
03FF07
030003
0A000F
F000FD
FB00EC
150002
1A0007
0700FE
F20006
13000F
11FB0D
030007
0B0003
F900FA
010000
E200E6
080003
0AFF0C
03FE0B
0E0013
110015
0E000F
0AFF08
1F0024
0301FB
F800EE
0C0004
090006
FE00F8
0200F6
030105
F400F4
F5F9F9
0400FC
07FF13
050003
EAFFE9
FAFFE7
FAFEFB
FF0003
080006
F80000
F601F4
060002
FB00F4
FB00EC
0AF9F9
0C000D
07000E
F200F2
E800F4
F100F0
F50006
F500EB
00F701
F000F5
FA0004
060008
0500FF
ED00ED
0500FF
FC00FB
0203FA
FB00FD
09000B
080003
05F8FB
0E000C
10000F
FB00F3
FE020C
020001
EE00EC
120012
03F908
ED00EF
F70000
08000C
F8FD00
000003
030110
FC00FF
01000A
FA00F7
0D0004
FF00F7
F800FF
000000
0D0006
0E0008
0A0006
F801FD
05000C
050008
03000D
FF00FF
FE00FB
0D000C
0B000D
FF00FF
19001D
0A0007
08000B
000000
08000C
F200F5
00000C
F900F8
0300FF
080008
F200EF
150018
0E0308
FC0003
FF00FC
060006
010104
0A0012
1D0018
0F000E
FBFCFE
0DFD0F
0C000E
1A0019
F800FB
FD0003
0E001B
EC00FB
1C0011
F400FB
130019
F00001
F800FB
F900F4
07FF12
070004
FF00F8
F100F2
0EFC18
F000FA
0F000B
0C000A
0900FD
EB00F2
100004
11000D
F7FCF8
E200DF
060006
120013
00FF13
0C0012
0C0006
FE00FD
070100
E700EC
F40001
0C0008
FF00F8
100013
F7F9F5
19000F
F90001
FF0004
EAFFDC
09FF06
050008
09001B
080008
FE00F8
F6FC03
080006
FB00F7
F0FFEC
0CFE03
0200F5
FF0003
F600EE
0501FE
040008
070015
EC00EB
150012
FF0003
09000E
F400FD
F901F9
F600F2
17001E
F800F9
FF01FB
F900FA
060019
010001
0D03F9
F400F2
030101
FA00F7
01FD11
E200EE
0504FE
F900F1
FCFDFB
F200F5
020000
F100FB
01FD02
FB00FE
F900FB
07000D
05FB01
FE00FF
0A0002
030001
FDF606
000000
0600F9
0D0007
07000A
050101
050003
000005
000001
FF00FF
FB00FA
0C0010
0D0013
FF00FF
140019
0E0013
0C0005
000000
F400EC
E600DE
F500FC
F800F5
0000FF
04000B
0F0008
0000FC
06FFFD
10000B
120011
EF00EB
010004
F90005
0B0012
EB00EC
F8FF00
140018
02000A
11000D
FC00F7
060008
F600FB
0C000B
0700FA
0A0003
130017
010002
0A0010
10001A
0A0008
0C0013
10000B
060006
FCFDFE
110009
130316
0D0015
04FC04
FF00F7
10FE06
04FE05
1B0016
090007
FEFFFF
FC000B
030008
F400F8
010004
FC00FF
0C0206
1B0024
0600FF
080004
03FE00
040009
F801F0
0D000F
01000E
FF0008
EDFEEC
24FF22
05020C
02000B
F000F1
080005
F8FF05
0500FB
F300F4
F900F1
0F000A
010001
0F0015
040003
FF0004
0C0008
FE00FB
F100F6
FCFEF4
EF00F3
280028
FA00F8
F9FEF0
EB00F5
1D0024
050002
13FA08
F600FB
FB00F6
0E0010
020004
FA00FA
070103
090003
04020F
F800F9
100011
0500FE
000101
F000F8
0200F9
0B000E
FEFE10
FB00F4
09000F
0A000F
03FD11
F800F8
090005
000004
09F8FC
FF00FE
04000B
FE0001
0C0010
05FDFD
F900FF
F400F5
010007
000000
F900F7
FB0000
07000A
000000
090007
060006
FD00FC
FF00FF
FD00F7
F400F1
F300F2
FF00FE
F100FA
02000A
FFFF04
1A001B
17000A
F200F6
FB00FB
020007
08000E
0C001A
14000B
0C0011
F0FFF6
160008
0C0006
150015
F000EB
1E000F
1F001A
11000F
FC000A
1F0018
1AFD13
030004
0200F3
100016
0EFE02
FB00F7
1F0018
FA00F0
0E01F9
0E0011
F900FD
0C00FE
FB00FC
180011
01FC01
120107
11FC08
17001C
0100FD
00000A
12FE0C
0E0021
050002
EC00F7
F70006
F300F0
0100F7
FE00FE
0500FC
040005
FC00FD
F601F4
05FE0E
0E000B
EC01EB
0300FE
01000D
05000D
F300F4
F800F4
0300FD
0100FF
15000C
070005
02FE02
0B0003
0B0010
EA00E7
F801FB
FA000B
010004
F600F6
FBFA04
F500FE
05000E
090009
0CFB03
FA00FD
0F0011
0300FC
03FCFA
F300F1
130014
0F0010
0AF808
0E0008
1C0013
13000B
FF000B
F400FE
100008
130015
0A0004
F900F8
0A00FF
080009
09FE04
FD000A
0B000F
080004
F50002
0A000B
F800EE
FC0000
08FE0A
000000
0E0008
000001
060012
010108
F900FB
E500EF
F5000C
010002
FD00F3
EB00EA
020004
F700F4
F5FFF6
FF0005
0B0017
EE00EA
FE00FF
000005
FB00F7
020003
F300F4
F700F7
FFFFFF
150015
080002
0300FD
EF00EC
15000F
130016
060015
FBFFFD
0F000B
FF0007
14000D
10FF0B
18000F
E800EE
0F0015
FEFC05
060007
F400FA
170011
09FF0E
FB0000
0200FD
0B0000
070008
050000
1B0020
FE0008
05FFFF
FD0004
090006
04010B
0500FE
050010
060001
17000E
030009
0D0004
F700FC
FA00F8
01FE0A
FF000F
0300FD
F8FEF4
F700FB
060005
FD00FC
0AF804
020002
06000C
F900FD
03FF08
06FE0B
12000E
F7FFFC
FF00F5
11FF04
040008
FF0002
E900EB
0C0012
F500F5
0D0017
FF00FC
08FE14
070007
EFFFF3
0C0004
FDFF06
FF0001
0D0000
050002
FD00F4
FE00FA
000002
FA0005
0AFD0A
080002
03000A
14001A
FE010B
FF00FB
0B0008
230029
050007
FF0001
0D0015
200024
FE01F7
F400F2
0D0014
1C001C
000001
040007
FF0000
090007
050003
08000D
F8FF07
0D000A
F5FF05
0000FF
0C0002
08000D
08F900
FD00FB
0E0007
FE0002
000015
FCFEFD
FD00FA
E600ED
FB0006
030003
F500F8
07000A
020007
FB00FA
FD0002
0D000F
FB00FB
F200EF
0F0007
06000B
020004
F100EB
110011
FF0001
08000C
000001
070007
F400F3
F200E9
0E000A
140019
F400F7
12FF12
F200F1
FC0003
0600FE
05FEFD
F900FA
E500EE
130012
0300FC
0400FF
EF00F1
12FF08
090007
FA00FA
FD00F2
0B00FD
16010E
F600F6
15FE15
0B0003
06FE0A
EF00FA
0100F7
0B0016
01F9FD
F600FC
FE00F9
0A00FE
08FA12
F60002
0F000C
0B0010
07FF03
0000FD
FF00F7
07000A
FDFEFB
130006
0C0009
06FF09
06000B
13000F
020004
0AFD08
FD000B
150012
EB00F0
050004
0C0106
E400EB
0BFFFE
F500F4
020001
EB00EA
FE00F7
EC00EB
FEFF06
F600EB
20001A
F200F5
F600F5
F600EC
F200EF
E900E9
0500FF
000006
0900FE
0200FC
FC00F3
020008
FE0008
040005
01FF07
070007
1B001F
F400EC
F400F1
110011
14001F
070009
110010
FC00FA
170011
0B000D
FE00FF
F900FA
0E000B
0E000A
08FF00
FA0000
06FF0D
210028
FD0002
080011
FC0007
11FE18
FA0002
010002
FC0006
0B000F
F700F8
FC00FE
F80001
E400E5
F000F5
010002
E900EF
030002
F400F7
F500F2
EF00F5
17000D
0E000C
F700F7
F800FD
040009
FB00EA
040004
0C000A
FD0003
EF00F2
060002
FAFF04
FD0004
F500EC
F200F8
FC0001
F600F0
F100F0
060009
F700FD
0F001B
16020A
080009
EE00E5
0D0011
0EFD05
0500F9
EF01E8
03000D
07FEF8
16000B
F900F8
110016
EB00EE
F000E5
12FD10
0A0003
000003
F500F6
120010
180016
FDFF02
0900FE
1C0019
0C0006
F50201
0300FE
F100ED
08000E
080008
100009
120013
030007
060004
110011
F000ED
0CFF0A
FDFF05
0E0015
E000DA
0B00FF
FAFFF6
0000F8
F800EC
08000F
FC0007
F900FB
F70003
10000A
FA000A
F300F5
FD00FC
FA00FA
FD00FD
E900EE
0E001E
E200E1
070009
E800E8
280029
F200F0
FF0005
0D0015
FE00F0
010000
FAFDF2
090008
FF00FC
F500F4
0500F7
050002
FD0000
F200F8
07000C
060004
0C001D
000003
FFFF01
FB0006
29002D
0A0008
0100F5
0600FB
100006
160019
100008
FF0002
09FB10
180013
02000B
130010
0A0011
03FE0D
F8F80A
FF00FF
FD00F5
F700FA
05FF01
F200F9
FD0000
F000F0
FB00FC
FC00FA
F300F8
040003
060007
F700F7
000005
090008
EE00E9
FB00FB
F90003
0500FA
05000A
000002
0C0019
FB0000
0A0008
040000
060014
FE00FC
FF00F4
FB00F0
FDFFF5
EC00EF
030004
070001
0BFF12
0B000F
01FB03
FE0007
FC0004
160017
0CFF0C
0800FD
E503F2
0600FE
0400FE
060004
0502FC
FDFF05
010005
EF00F2
02000A
F800F9
050009
FC00F4
12000A
25002D
0D0009
130005
FE00FA
FA00FE
0AFA12
0A0000
090001
F300EF
03F8FD
04000D
0100FE
0C0008
06FBFD
FB00FF
E800DA
060006
05FF00
FC00FE
E900EB
F200F2
FEFC05
F100FD
FF00FD
090002
F401FC
EB00EA
0A0002
330034
FC0001
080007
100011
0D0011
0B0009
F300F9
F700F8
050009
010006
050007
0400FB
0100FC
120010
070011
0900FF
000000
0C000A
F60005
FD01F6
E700E2
0C0011
EA00F0
0101FB
D600D3
070006
FD0000
040005
10000A
0B000B
F900FB
FF0009
130012
14000A
F900FC
170017
F800FA
0F000E
05000F
F300FC
FA00ED
090013
EF00F2
010005
190010
FE0105
F000EE
07FD06
070007
0200FE
07FE02
F7FDF8
0600FC
0200FE
FF00FD
FCFFF8
F600FA
EC00EC
0B000B
0C0008
0000FA
F500FB
070004
0500FD
100008
F800F7
040000
0200FB
0A0007
FE00FC
F900F4
050001
020006
FE00F7
0A0001
000101
100003
FA00F7
080003
10FB06
F300F3
14FF11
0500FF
10FF0C
19001D
120004
0C0013
F701FE
F700FE
01FE09
F900FE
FE0305
110012
0CFE11
09000D
F600F7
02000F
F500FA
0100F6
160013
04000A
03FF0A
050002
030005
020000
F9FAFF
0F0017
180012
110012
07FF0A
0800FD
0100FE
260027
08000B
FC0002
F900F4
100011
0BFD0A
0100FF
ED00F7
0400FF
040004
E400E9
FA00FA
F100F3
F6FEFB
E800F0
020003
070007
F70101
000000
040004
FC00FC
FE0001
FB00F9
10001E
1D0021
ED00F7
04000D
100012
030004
FC0005
FD00F9
08000D
FF00FE
FD000D
E700E8
0401FC
110012
050012
E200E5
0404FE
090006
F500F1
FA00F8
F800F9
000002
FFFDF7
FD00F2
17001A
0200FD
F400FD
F600F4
FE00F8
040003
F201ED
F300F2
FAFF0D
040004
130014
F500F8
F600FF
030008
11FB03
0C000F
0100FE
F400F1
FDFFFC
FA000B
F502ED
FB00F9
0000F8
0B000C
05FF06
170016
F0FFEE
0A000B
0B0013
0700FE
FE00FF
010006
FB00FB
FD00F7
0CFF06
090006
FE00F9
090008
03FE07
090000
06000F
090016
F9FFF8
080008
070009
F800F7
03FFF3
030001
0E010E
FD00F2
000004
140015
09010D
050004
130006
0A0017
FF000C
090006
020006
0A0019
F800F4
FA00FB
06FF01
F900FC
050310
010001
0E0001
FC00FF
04000A
F100F6
06010C
0B0008
0A000D
EC00E8
08000A
120011
1B0013
240028
000008
FF000C
FD00FE
18001E
FC000B
F200FB
080002
1E001A
FC000A
F300FF
0100FA
12001B
F800F4
FA0008
F500FC
050002
F9FEF9
FA00F7
0100FF
FE00FF
FA00FF
F400F7
03000A
18001D
FE00F9
FC0003
250028
DE00DB
FB00FE
F60001
09000A
060009
FA0000
F80006
020008
140018
FF0003
F900F3
050405
FD00FF
FE00F3
C700C9
010607
020001
0A000D
F100F0
FE00F0
050000
0A0001
F800F8
F400EC
260022
0E0007
DE00E4
FE0007
100006
FF01FF
F300F3
FE0407
0C0012
16000B
020006
020000
14FF15
14FF14
060007
F8FBFD
030000
050000
08FE02
03FDFD
080004
000001
FF00FF
0D000C
0C0001
FE00FF
0A0005
F2FFFE
0D0010
050006
0D000C
0C00FD
ED00F5
0F0005
0000FA
E900E1
000009
19FF0D
020006
EB00E9
13001E
050007
080003
ED00F3
110019
FE00FB
FF0003
05FD10
180011
F3FFEA
160013
FEFA09
F800F3
0600F8
0000FB
000003
FA0001
04FDFF
07000D
0F000C
F70009
04FE02
0D0010
060000
F600FD
09FEFE
F70000
120011
F50002
0D0008
0B000A
07000E
F700F7
05FEFF
0B0008
100011
0700FC
FAFEFB
080013
0B0008
000000
FCFC05
FB00F8
FE0003
0000F8
F10002
0D0010
090003
FD00F9
000000
FE00FF
FF00FB
05000F
120001
F70000
08000F
16001F
00FDFF
F600F4
08000D
000009
050006
F000ED
180019
FB0002
0E000B
F000F4
100016
0200FF
13001B
0200FF
010002
F800F6
F90003
040000
190110
FB0000
10000F
EB00F3
FC02FF
0D0006
0D0017
EA00F7
F200EE
16001D
10FF00
F800FD
0D0010
0F0004
03FF05
000004
EB00F9
0E0012
0A0209
0B0009
F302FF
0D0014
FF0102
F900FD
070006
070004
07FD05
F800F7
F9FAF4
F800F3
FAFFEE
030009
FDFF06
FC00F7
FD0003
0000FD
FF0006
08000B
FA00F7
060000
FE00F1
0E000A
020001
10000D
02000A
0C000E
FE00F9
FF00FA
15001A
0A0005
F600F4
FF0001
F800F9
0C001D
0AFF0A
18000C
E300E8
000008
01FEFC
0000F6
FF0004
080009
0200F8
03000C
0A010A
01FF0D
13000C
FE0005
F2FCFC
06000B
0EFF10
000004
FC00FD
120019
0D00FC
040014
0C0009
020001
11FB13
ED00F6
070307
050001
0500FD
090012
060008
0B0001
0101FF
070001
110012
020005
FEFD06
F600FD
FF00FC
0C0005
EE00E8
010000
0200FA
0500FF
01000A
0200FD
0D000B
130019
0200FF
0E0005
060001
26001B
FA0004
0D000A
130012
0200FD
F4FEFD
0300FE
FF00FC
030008
0BFB08
FB00F8
110011
F600F6
100019
EC00EB
0F000B
040004
FE0001
F900FB
020008
F900FA
FD0007
FE00FF
150515
F300F7
090002
100014
FF00FF
0200F1
0A00FC
050008
0701FF
110005
0B0007
F600F6
FF00F6
040004
0C02FE
FB0006
F500F7
FEFFF1
0502FC
FA00FA
04FDFE
F600F8
050101
0E0006
04FE10
030005
0CFB01
F400EF
F0FCFC
030001
0900FF
FEFD06
14000E
FD00FC
040508
030004
0B0007
070006
070514
0500FE
F4FDF3
100016
150206
FF00F5
09000F
0F000D
0A0002
FF00F9
2F0032
0000FB
0E05FB
09000F
F000F2
0E000C
130111
12000B
E400F0
100013
17F908
E900EC
08000C
060005
0CFD03
06000D
F000F7
EE00F2
07FE04
0D000E
0E0014
FB0000
09FF0D
190019
16FE0C
0E0002
FB00F0
110015
15000F
FD00FA
F000F3
0100FF
1E0018
0000FE
F800F2
0E000F
FD0001
D400D0
FFFEF7
FD0002
18010A
220024
FBFCF8
FF0005
FD00F9
ED00EB
FDFC05
18001F
10000A
0B000D
04F8FC
080010
F700F2
1E001C
01FA05
040008
0300F9
040003
04FBF9
0100FF
F100EB
0600FF
FE0204
FA00FB
FD00FA
0300FE
08FB05
030001
EC00EA
090004
09F701
F000EC
160014
01000B
020109
F500F8
050001
FF0000
050000
0600FF
13010C
F400F1
F50208
F800F4
020001
F500FB
0302F9
F200FD
F300EA
010000
010300
FA00F9
FF00FE
FE0008
0401FC
0200FF
F200E9
1A0016
05F800
F600FD
F50100
FE00FB
FE0003
F4FFFF
0B0010
09000E
06FCFB
000000
0100FF
F905FC
06FE06
090806
FBFF01
FCF1FC
0A0904
02020A
F9FFF9
F0F9F6
090602
0A0B12
FCFFFF
FFFEFB
FDFC0C
070B0D
020B03
0AFC02
0F000A
000707
02FCF9
06070F
050B09
FFFF04
F3F8F2
09FA15
150B0E
E8E7E7
FBFEF5
0A0210
000900
EBE6E0
0DF410
06F60E
0F0D05
F8F2F0
15FB17
000302
010D0B
0900FC
00EAFC
FE0E0E
0F0900
00FFF8
0DF611
01FF05
020705
FAECEB
00080F
06FBF8
00F9FF
FEEFF9
050F0A
FFFDFC
030101
050B0E
F2FFF9
090407
FBFDFA
0C0F10
0C0611
F9FBFB
F8FCFA
00FE03
0202FA
F2F902
0A02FC
F804FD
05FEFC
F302F2
FCFE08
FC05F8
F2FCE9
FEFD07
020211
F9FDF6
000B07
0B0700
040600
FF0200
F0F2E5
FE0205
040B09
040200
0C0F06
F603F7
F804FF
010C03
00FBFA
F8FD00
02F70A
FF05FE
03FBF7
FF0802
0801FE
FDFCF6
FD05FA
0306FE
0F0A03
FDF6FA
091104
F6F7F9
02070F
FFFFFD
FA02F5
FB06F7
010502
FF03FE
FC0608
04F804
0EFE15
070D02
0DFB06
13090F
09070A
090F08
070504
06050D
050C0F
050F13
F408FB
02F4FC
0B0805
F8FDFE
F4F2F8
020006
02FE09
FA06F6
030304
0403F6
FC03F8
0100FF
0A0C0B
ECEBFA
030303
0C0AFE
FF0400
F7EBF1
0100FA
FD0700
0A070D
FCFBFD
FEFC00
0A120F
0E0EFF
EEECEE
05FE03
040D03
FCFBFF
040201
0A020A
00F3FF
FA0A09
FF0211
0602FD
15FB12
F1F902
030406
FC0305
24FF1B
06FDF2
0BFF03
FF0809
00F9FC
FCF6F7
0B0617
0EFE08
10020E
05FAF5
13000E
06FD09
000000
01FFF7
FE0209
040600
FE00FB
00FAFD
0AFB0C
030102
0005FC
FB04F3
FEFD06
F503FA
04120E
0A08FD
00070C
02030B
030A09
03FFF7
07FB00
FE0D00
FC03FF
E8EEDD
FE0705
0C0EFB
01FBFE
FFF2FC
EAF1EC
0A06FC
0B0C07
04130A
EAEEEE
06FEFF
08FEFF
F001F8
020006
FAEEF8
0A0403
06FEFD
F4F8F7
FF0300
07080B
FCFBF5
F3F3FC
0500F7
FBF6F9
0802F6
F5F5F2
FE0301
FAFFF2
01FEF5
03F9F6
0303FE
F9F9F7
FD00FC
FD0AFE
FAFDFD
FD04FE
FA0D04
F602F8
09060B
070401
F80B03
E507ED
060906
0003FF
08FB0A
0A0F0D
09FEFF
030500
0B0809
FBEAF3
05FF06
0006FE
FEF8F4
FD0104
FD0B0D
00F904
F4FE05
07F5F3
060907
FAFFF3
01FD02
01FAF5
050A0A
000101
02040A
F9F9FC
04F601
02FF04
070407
F1F0EE
00F7F4
FFFEFC
F50904
F4E6F9
03FCF9
FA00FA
070B02
F4F5FE
F5FEF5
000400
070F04
F5F2FA
05F606
FF0FFE
080C0A
FCFDF1
090003
F4FEEE
F001F9
F8F5FA
0F0A02
F9FAFA
FBFFFF
02F901
00F905
01F3FE
0F000A
EDF3FC
F3F7FF
0A0404
18F716
F0E6F3
FF0407
230620
05F804
09F506
FB07FB
17030A
FDFAEF
0800FE
0AFF05
080306
0F0316
0B110A
0706F5
04FB00
0CFD06
0308F3
04FCFB
0FFD07
F1FFF5
FAFDEC
00FDFC
0005FD
FEFDFE
14020C
0003F8
F409F2
19FE10
EBFEED
02FE06
FD00F7
E5EDD1
E602EA
FD0003
FFFAF8
1F111D
F2F0F6
0009F6
0001FA
040914
F3FCFA
FCF8FB
0A09FF
040603
F5EDF3
FD0307
08100B
0A0F0D
02F3FD
060809
F7FDF6
F0E6EA
F905FB
010309
FDFFF9
0A00F7
15150C
FA0B09
F803FF
0C0901
02180B
0E0706
00FDFB
00FF03
FA03F9
FE0E04
FAFBF6
FA0907
F50603
FC060B
FFFDFA
130814
0A0E13
000805
0100FC
FB0002
FBEBF0
00FAFE
F603F1
FAF4FD
F502F8
FBF90D
020003
EFFBF8
020202
FF0602
FD00F3
00100C
010803
FE0D0B
010402
FBFFF9
01FDFF
07FF02
FC0B02
04FD00
F7EAEF
FDFD07
000301
F80007
0400FC
01FAFD
00FA01
050801
04FD04
FC0901
FFFC04
0B0D00
F9EFFA
01F3FD
0001FF
14180E
EBEFF3
08FCFF
FFF8F5
FE0BFF
FE04FD
04040A
F7FBEF
F8F801
FD05F5
0104FC
FAF5FB
040506
F4F3F8
F4FC04
020806
0201FB
FAFDF5
08FB06
060207
0B1208
FBFDF9
FDF909
0003FF
0A0705
F1F9F1
FFF4FE
FD04FC
07140C
0B0DFF
F20201
060100
120A10
140F02
F8F9FE
00FEFD
11150F
02F9F1
EE03FB
FAFE01
070800
130318
0C0D0B
FD00F5
F7EFF8
0509F8
02FCF5
F3FEF2
DDECCF
100D1C
00FEFA
FC06F5
270E27
F5F9F3
080C00
0006FB
F9FA00
FAFC09
09FB07
04FDFF
F60BFE
030AFA
18160C
06120B
FF0704
090604
04FDFE
060004
FBFBF6
010107
FE02F7
F2F8F1
F8E9E9
182827
FB0CFC
F5FEFF
1013F8
031802
140C0A
F9FAFD
FA08FB
080D03
0309FD
F6F9F8
FB0E0D
EA04F6
0705FA
FCFBF8
0E070D
050D0F
FC02FB
030605
02FD11
FCFDFE
05100B
000E00
EEEAFD
FB00FC
FDFA08
F5F6F9
030405
F4F903
07FC07
FA0504
FA100B
FD0506
0D01FE
020705
0BFBFB
0704FD
0408FC
06050C
FEF90D
F5FCFB
08FDFC
010604
FC050A
F3F6FA
07FC07
0000FF
010903
FBF8F7
FB0C01
FCF700
FC0601
0B0A16
040905
FCFEFD
181C16
F90105
FCF603
0204FB
FE0C0D
06FDFF
05FCFB
F5F6EC
E906F5
FBF5F5
0001FC
FCFBF7
0AFFFB
FE0CFE
F5FF02
00FFFB
FDF9EE
01FDF8
0AFD06
F207F1
F90100
FEFFFE
0505FE
FEFFF8
FDF801
F5F1ED
0600FD
04FEFD
F8F3F1
08FDF6
0002FA
070402
123222
04FBF2
FDF8F8
01F7FC
10140E
01F1F4
090AFC
010007
FA0E05
180210
0B0E0F
F5F7EA
F9FBF7
F206F0
EC00F7
EDF7ED
E8EFE0
FA050D
02FF08
F3F9F9
050A03
08FB05
FB0501
000802
F200F2
03030A
F908FB
0004F5
E4F5E2
F7050C
030D02
FCFAFB
FDFE0C
EBE5DE
F9F8F7
051002
EEEBEA
FAFEFB
F9F8FC
010302
F9E9ED
1C261F
070906
020CFB
190DFC
0E1308
0B0006
FCFD00
F80902
0A2408
0A020F
FEFFFA
010BFC
F4FDF4
FD00F4
040905
FE0D04
00F9F6
F8FBF8
030604
06050E
01FB00
FC00FD
F101ED
FE0303
030707
FC0105
FAF8F1
0903FA
FFFBFF
FBFAFF
0E0F06
FD0501
FF0A08
040901
000101
07FD04
04FAF7
090D02
000902
01080B
FFFFF3
FAFA06
050D0A
070511
F1F1EE
F8FAF4
050A08
FD02FE
F3F7EB
0200FA
FFFEFD
F90507
0D08FE
F9F8FE
FBFFF4
0D1708
0E1003
FDFAFC
F1ECE7
23241B
0F140E
02FFFC
FD04FD
F901FA
0E060C
FFFDFB
0106F9
090408
0C1215
FFFA00
F900FA
111401
F9FDFF
F603FC
F6F4F0
F9FFFB
F9F4F2
F501FD
F8FEFD
FE0E18
00F707
F7F9FB
060408
02F8FA
10030A
0E0F0E
0100FD
082415
0C0D03
0B0C01
020406
090F10
F7FDF0
FE0009
0D020D
F21409
01FAFA
050C05
F2FDFA
F7F6FA
090A03
000DFF
F3F8F1
01F501
FB03FE
FF0203
F9F7F3
06FDF1
04F5EF
03FAF8
F500F9
FEF302
12F70D
030004
02FFF7
01F4F3
011E06
FD0D05
000301
D6EFF4
FD19FB
050907
0B1A13
E2CFDB
000FFF
0C1412
0A140A
0E0D08
F9F7FD
030E07
09180D
1418FE
FD0203
050001
FF07FD
FD0310
0905FC
FEFB09
060904
F4FEF2
FDF1F2
FFF9F9
010102
0A040C
F6FFFF
02F600
000101
00060B
FCFD00
0104FF
00FDFF
F9F9FF
080BFD
060103
01FB02
0704FF
FCFAFE
F9FB00
080402
05FC02
F8FBF4
08FB0C
020404
040704
FE0101
FC0909
050B06
03FE03
F703F5
FB0402
020806
05FE01
E9FFEF
FFFEF5
050A08
0601FE
F5F8FA
03FFFC
00FEFD
01010A
06FFFD
05FC03
F700EE
EDF4F4
090501
FC07FC
0002FC
22211A
0B1314
04FFFD
020307
060603
09050E
050707
0A0404
F5FFFD
0B0D15
0403FC
0001F8
0F1009
F70004
F0F7FC
000406
0F0100
04FCF7
03FDF9
0A0B09
F3FC1E
0000FC
FE0205
050109
1CF407
FCFBFF
FFFFFD
FEF7F4
FA08F9
030906
120103
EFF6F8
E8F7F1
040801
0B1005
FFFB09
04211B
08FBF4
00FB03
FB0401
E9ECE7
0E1111
0D190D
F8F6FE
EBF0FA
071510
FF0903
FDF5F5
FBFDFE
F7FA00
FE0B05
FAFEFC
040515
FD10FB
FB0508
EDF2FB
110100
F900FF
FF06FA
0D2213
FAEBFF
E10CE5
0E0A0D
1A1B16
E0E8E8
F9F9F5
0E13FF
14190E
F70301
FDF2F8
F304FB
04080C
0E1409
E8E2EE
03050B
0104FF
08110C
F40B03
0305FB
050805
F20801
F0F905
020804
07FF00
030AFC
010C0D
FFF8FA
000001
FB01FB
EBFAF8
FE0601
010100
EFF504
FEEFF7
0A0007
FAF7F3
FDEDEF
010F14
FEFCFC
F8F801
F004F5
05FD09
FFFB0B
020302
0C0A0C
F901F9
080C09
FF1009
FDF9FE
02F4F5
05FDF9
001D02
050B0C
F100F1
F806F0
010C01
02FCFF
F604F8
02FCF9
000000
FF0101
FAF4F5
03FFFF
FA08F1
FD0608
0001FC
01FC01
03FAFC
0B04F9
071602
F806FF
03F905
040710
FD01F5
FEFDFD
09FC0C
070708
010107
09080A
02FC01
0203F7
FFFA0C
FBFA00
0BFB0A
F2F2EC
F701FB
0401FC
0DFF0B
E1F10F
1E1816
FD0504
02FE05
060B13
0B030B
FA0104
F8FDF9
0A17FF
03FA00
090B0B
FFF7FF
FD150E
0E1E10
ECF5E8
080814
EE0304
F905EE
00FD03
FD03FD
E7F1ED
0E0009
FC0604
0C1409
020403
12061C
000900
FE03FF
040C10
010302
F5F7FD
F1F3F6
110C14
0A0AFF
F9FA0B
E302EF
141406
090802
FEFBFE
010601
D5DDD4
F701F6
0106FB
120A09
DFE8EA
0C130F
00FCFF
FC02F8
DEC8EE
FCFF02
030802
FE0808
0C0704
EDE700
FDF4F2
020A0C
030402
F7F4F3
F303FB
00FA02
F40705
08150A
FD0706
07F6FE
01FF04
FDFF02
F704F8
FFFDFE
0A0706
F1F9F9
030001
000000
040A0C
FA0502
0D02FD
F6F8F9
FBF9F9
030612
020911
04FBFB
0404FF
EDF7F1
F9FA05
010100
FCF901
00FFF2
0800F9
00FE04
F5F602
FDF4F0
07F700
F916F4
F60207
08FE07
08F4F8
FDFAF8
0BFD09
01FCFA
FE00FF
F2EEEE
FFFF03
F100F6
0E060C
020402
FCFFFF
F1FAF4
FF0601
060902
EF0702
F8FFF2
FC0605
0A0808
010107
ECE9E2
FE0108
00F3F7
010203
F4F4E9
010503
06070E
F5FCE9
121308
F8F300
05F305
F9F7F7
FA0F12
FDF8FC
FEF302
E4EAFA
040108
06FE0A
F8FE00
F1FE1B
09EFF1
010C08
0DFB02
07FCF8
0E0AFF
F3F906
F408F4
07090B
1A2424
020F0D
F5F7F8
031C15
0F1C0E
0B0A0F
FE0505
EAE1ED
EF06F2
F9040A
F0F5ED
000208
001403
FE0904
FBF9EE
EEF5FD
1A1810
030706
FA02F4
FC0EFF
FD0007
F9F5FD
FC1EF8
1A2417
20111F
00F803
F8F6F7
0AFA05
0B0D03
FE03FA
04F8FC
F7F2FD
E9EDEC
FC0D01
060D03
E9EBF0
F0EDF9
040AFE
F7FEF8
DDD9F6
0501F8
F80E07
131610
E7E2EB
070D03
F9F0F1
0307FD
FE0808
01040A
F9ECF2
0F111A
FDFF00
FEFAFE
FF0600
FCF8FE
00FC04
FAFF03
030104
000000
F701F9
0C05FD
050402
00FF00
0D0802
FCFE04
030E00
010000
0D0306
1A291E
08FF08
0000FF
04020A
00F703
050203
0707FA
FDF702
020000
03FE0A
FD18F7
06FD0C
03F501
08FF07
F8FFEF
FCF90C
FEFFFF
020EFD
FAEEFA
FD0004
F806F7
0C0808
F6FBED
03110E
F7EDED
03F501
FEFFEE
ECF2FD
F1FCF8
0203F7
0000FE
00FC04
DFEDE5
01F200
060002
0D0305
DFE0E3
FCF4FA
020A00
FAF4E7
FFF7ED
F8F1FE
130409
FBE6EA
F4F4FA
E6ECF2
0D0C10
02F0FF
FD0D0A
FEFBF0
0A1608
D8E802
F91103
FBFBFA
1D161E
0C0808
151910
FEF8FC
F80301
0702F6
142F20
04040B
020F12
FE090D
FF15FD
000C08
330C40
E3FCE4
FE0B04
02FF06
EBF9F4
06181B
050D0D
100F15
F803F0
F400F7
091401
0F0E01
FB0DF9
E1F5ED
081A07
01FDF7
FB12FF
0A0705
1C180B
0409FC
000D04
140C09
020000
FA0903
150614
E9E5E5
1E0E11
0B0F05
050909
020C14
F5F8FE
05040C
FC08FC
E9E9EF
DDCDD6
060B00
0E1A09
EDE2FE
040601
FC03FC
FF00F9
070E14
FAF8F8
F7FEFE
FCFFFE
F702F7
FAFF03
010A0E
FCFAF5
000205
FE090B
0209FE
010001
040107
FE0502
FAFEF6
00FF00
0F000A
FDF7FD
0004FF
010401
0408FF
FB01FA
0F0002
000000
090E0C
FCF0F1
FE0402
07FCFD
03040B
F8FBF8
0604F9
F50CEE
FAFBFA
07FE04
FDF8FC
EE02E2
070004
04100B
090A15
FCFBFD
FC08F7
F6FFFB
05F9FB
FC08F7
00190D
ECF3EE
06F8FE
FEF8F1
F708F8
F1E9FB
FEFFFD
FDF8F0
F80501
FCFDF4
030405
F900F0
160806
EBE6E0
080205
0016FC
0C0705
F7E6F1
08FFFB
100318
E7F6E4
E2F1F8
03FE06
28262D
F9E2EC
FC131A
F4F9F2
111A17
E9F905
000EFE
FBF5F0
031E08
F8F6F2
03000F
FCFDF8
1D0E23
FFFA02
151110
060103
F40A00
121403
1E1D1D
0C070E
111F1C
F707F8
081006
02050E
F508FE
F80804
0C050A
07050C
EDF8EE
08100E
FAF7F7
0F101C
DDEADA
0309FD
060A05
040304
0014FE
0C0308
091208
080907
FDF7EE
F6F3F5
0513FD
FC0907
FEF8F7
F2F5EA
2D2116
04F0F1
FEF0EE
140110
F6FE03
FA07FE
000B08
FB0902
FAFCF6
0E0D07
0C0900
E0D8EB
E9DEE4
09FEFF
F5F9FC
FAFE03
FDFDF7
0D0E06
F40205
03070E
0105FF
080600
FF01FB
050C10
02070C
00FDFA
020201
030A0B
FEFBF9
040A09
00FFFE
0A0109
F7FFF9
070503
00FF00
F906FD
04FBFE
FEFE09
000000
000508
F6F5F4
0304FF
FBFF02
F800FF
08FDFA
0B0502
F203E6
FCF4FA
00FEFE
08FFFE
F801F9
F5F904
080407
140A0D
041006
040709
F103F6
0306FD
F0ECE9
FD06F8
FEF7FC
04EBF9
F7FEF6
020A01
F3F4F7
09FF04
F4F4EC
F10407
00E9EF
FFFCF3
0004FE
020100
DDDCD5
E5E5F0
000000
00E2E9
F6E1E7
F9EEF2
0A0513
080302
0A00FB
00DBF5
031907
F3DDE0
09FF09
FDEFF3
E4FFF6
FA0500
070006
F7E2DE
112B10
F80400
0103FF
F7F1F2
04100A
050308
0B070C
130918
F40AF9
021107
0C1CFB
FE0412
121713
0303F8
FB0B03
E50402
09F40B
0802FC
EA0B00
161E10
F9F3F8
FFFC0A
0BF307
04F902
EF0CF9
F8F5F2
180710
070C0D
EB0601
140A04
110208
F702F9
E7ECED
04F4FE
04050B
FBFDF5
F9FAF5
060308
0001F4
FBEEFD
FE01FB
05060A
FDFCFD
F003FF
00FEEC
01130A
F6F9F8
F8F701
160A15
F8F103
F1F0F5
F7F8F9
040C0C
EF01FB
F7F8F3
F6FFFF
00090D
FB02F5
150D10
010807
0000FE
0D1E1A
01F900
0605FA
030405
01080C
030B07
0302FD
010100
0A050B
020808
02FD04
010201
F5F6FE
FFFDFD
050F0E
000000
FEFEFD
F6FDFE
040C04
FB03FC
F9010B
FBF4F2
090203
F70BEE
F804FC
F9F6FE
05F806
FE01FA
F509FF
0705FF
120D00
0A1107
04F804
FA03FD
FEF900
F6FDF7
07FEFE
D7DFE1
0E0C07
01FB00
070EFF
E6E6F2
0C0B18
00FEFB
F204FE
FE0702
EFEEF5
0E1B0D
EDE9EE
0F050C
F1EAE4
F6F600
14FBF6
0010FF
F3EDFF
09E212
E5F4EE
FD0DF8
F2E0E7
EF07F4
00FCEF
0AEE01
F5EBF8
040F07
F4ECE7
05EDFC
FBFAF9
0E1319
F7F900
0BFF00
03FA02
151A05
1C1412
0B1002
FAF7FC
181E18
E8FFF6
13151C
080509
080C05
F9F7F3
141111
FF060A
0EF801
0705FD
0C0B17
03F7FF
FEF20C
0F110B
EB05FB
020603
E4F6FC
FE03F9
1C151D
F702FC
EEECEC
150105
131020
F3FEF6
FB0AF8
0F0607
000D0D
02FAFE
F8FCFD
E8E4E9
0E0315
F802F0
FD07F6
EE0100
15FD0D
0A01FB
05F4F4
F6F1F0
0F0E0A
060104
FC00FF
040009
040A0A
0A0A07
FF0B09
011109
F901F9
F9FF06
FD0006
0505EE
FF01FE
F40501
FF01FC
020303
FE0900
030A06
030506
FF0002
0F0D03
0506FE
010101
040608
0B0C0E
FC0604
010000
FAF808
FF07FD
000E01
000000
FA0007
F8F2F8
010907
0606F7
F807F8
FAFEF5
030401
FE15F9
FAFFFA
0A08FF
04060A
F705ED
02FDFB
FAFCF4
030708
F1FBE6
FFFEFD
FFF9FA
FD0600
0005FC
F0EAF6
03F6F6
F808FA
0E1715
FBEEEB
F7F0F7
0504FE
FFF900
FAFCFB
F1EDF2
05F0FB
0216FE
EFF300
00FCEE
F3FBFC
FF0201
1CFA0F
04FF03
F7EEF8
24F92C
05FDFD
FC18F8
F0E7EB
181B1D
F200F6
ECF1EF
FAEF01
091C06
ECE2F8
F9EDFF
F1F308
0C0D12
FCF5FC
09FF09
EA01FB
1D2A23
0CF20C
040504
FE0B04
0E210F
05F615
182414
FBF6FE
121B1C
FE1303
27291C
F8FAF9
031A09
FB0B04
1509FD
F9F8FD
170C26
02090C
F5FA05
0D0407
0CFC11
0C1206
211412
07FBFE
EDF5FE
150211
362E2B
02FCFF
ECE9E4
F7E2EF
1B131B
0700F4
FFF0FC
FDF602
0B180C
06FFFD
F80B01
EDEE01
05FE09
120D16
FE100A
F3F7FA
141920
040C12
0101F9
F402F4
020C02
0C090D
FB030A
00080C
FEFBF5
F7F9FA
010B0C
090EFD
081005
070601
000406
100B15
01010A
0A07FD
080406
FE0704
FD0600
020704
010301
FBFC00
FF0007
05FAFE
020201
FF08F9
010801
FE040B
000000
FC0001
F9F6F5
FAF902
F909F7
0D040A
040200
060802
FB0DF5
010606
F901F5
071503
FE02F9
05FBFC
F3E9EB
FFFB02
010100
F60003
F8FDFF
0A00FF
000000
F4FAFE
EFF4EB
E9FEED
030207
F9F8F3
EDE9DC
F6F2FD
F802FD
01FCF2
09F7FF
EFF5F2
FA05FD
FFF8FA
01FAFD
F7FDFB
FE07F9
FEFA03
F5FBF0
EEE9E4
241026
1D0106
EDF9EF
F1E6E7
240727
F30603
F7FBFC
E3EEF3
24201D
EBF9F8
030F00
FD0800
060604
E1E8DF
0D0006
02F1FF
131014
09FCFC
051C19
00060B
0511FA
F9F8F6
0F1E1B
EFEAEE
F80304
F8020B
16170D
0A02FE
ED04F0
F701FE
12100E
030110
EFE0EB
061403
FDFA02
FC1303
16F60C
101514
F4FFFF
FD0507
17021C
F4EEF9
150A16
FF0708
F1FDF3
1D0909
202328
040E02
12FB02
070FF3
13280F
FE0807
0BF703
EE050A
16180A
FC04F7
F7F7F2
F6F701
050313
02F6F4
00FA06
F801F3
0F0503
0001F7
0A120E
080AF8
000FF8
FE110B
06000D
F3F5E5
1C2321
FD07FD
FC0C03
160313
0406F3
0AFF0D
030605
03FEFC
FD05FE
010409
020404
FEFB06
010303
F9FD02
020402
F706F8
0C0609
070002
000000
FB0508
FD0603
040003
FB0804
010A0B
FD0400
060BFD
010000
FEFBFF
040E04
FD04FE
010000
090702
F8FDFF
09130F
000000
EAECF6
EDE9E8
FCFC08
000000
EAE6E9
F6FCF6
09F101
020807
F3F7EC
F6E7E7
0C0FFE
001012
00F8FA
0A1513
05FF01
132315
0CF00F
09140D
F7F7EA
EFE3F0
E8EBF2
06FAFD
F6E2EE
051D02
190513
E6F6E6
D8E3E4
140820
0306FA
E4F8FA
ECFEF2
FF03FE
FAFA02
0E0C13
F4EDF5
10080F
02ECFB
0C090A
0CFF07
14170E
00FF07
050007
0D1313
0B0B08
231016
1A1C19
040601
00FCF6
E8F2F2
F3F4FB
F60EF6
0403F6
0201FE
01FA01
FFF9FF
B4C5AE
FF10FE
0614F8
0C1108
DEE0EA
F8F2F5
FCFCF6
1A1216
14F522
E6CAD7
100B04
0C0A04
0A000C
0D0614
2B3A33
0C0B0D
FD0400
FF0B0D
100AFE
040006
02F6FF
02F906
F8F0F1
02FFFD
F8FAF3
02FC09
0DF816
FB0103
F4F3F4
F1F5EE
121A1B
0B0208
F6F8FA
EB07ED
281E20
FF0704
0EFF0F
EEFAEE
120C13
0A0D04
12080D
28F31F
F5FCEF
080201
050209
01F7FF
00FAF7
0310FE
04FDFF
0A0807
F4FAFD
0000F7
030302
040504
0B0402
0FFE03
000000
FEF801
00FBF9
020506
030701
0B0B09
070605
F5FEFA
010000
FFFBF9
0203FF
EEF5E9
010000
06F608
F8FCF0
FE0E01
000000
F9F7FC
EFE7DB
F5EDEE
000000
E7EDEF
EEE7EE
0DFD02
112524
F9F4F0
FAF2E1
F5EFED
091F21
03FEF7
F2EFF2
F0F1EE
112310
14F011
D9E5DE
F1EBE4
F8F7F2
EBFBFD
F6E8F5
04F1FA
F20CE0
070E08
F40400
F0E6EB
FFF4F6
160A0F
F40407
0B0000
160C15
090000
F0F4EB
FDFB09
11070B
F911F9
D3D1DD
00F1FE
151A14
05F3F3
F2F902
F90706
071010
07F2EB
04FB12
06FE0E
FD03FB
EAF4F3
020310
03FA01
09120A
F9FEFD
17131D
080606
EED8E0
041604
030B14
030B14
D8E5DE
FBF7F4
F50F02
1A1118
FAF7F9
DDCDD2
1E261D
1D1A1C
F3FFEC
E1FBFD
30262D
261116
FE0A01
FAFCF7
F4F9F1
110A13
FEF305
0E0E04
ED08DF
0C0407
FAFBFA
F6F7F8
1C111E
070E0E
FF07FC
F1F502
342236
0D1309
100208
040DF6
04FA02
0B081B
FEF3F8
E7FFE0
070602
061809
FAF6FE
13F507
04F8FF
F301FC
F9FFF5
FBFBEB
02F8FE
0E0A0D
0200FE
0B000A
0100FE
00FE03
030201
03FFFE
030906
080E0B
000000
060307
FB0000
01FDFB
030AFE
FDFCF7
F3F8F0
FF07F5
010000
F7F0ED
000606
FB03F1
010000
010107
EDF0DE
030B08
000000
F105EC
0AF5F8
EAEBDA
000000
FAF000
E5EEE6
EEFFF1
112C19
FF0508
FC1601
F4F6F3
16282D
F80408
21FD1E
EDE3EA
1A200D
290717
0CF408
E6EFEF
262522
F700FE
FAEA03
EAF4F4
181219
010700
ECFCFD
EAEFEF
090C0E
070817
FA0706
FAEDFF
08FD06
03020B
080608
F104F7
12FD22
1A1916
E6E2ED
080503
1A181C
05F3F5
F204F0
09060B
0B0C15
E7D6D2
04FEF0
1F1A14
1B0221
06FF10
0E0B05
141207
0BE119
040809
1F1922
01EFF8
E5DCD6
151A1B
102324
EEEFF9
FCF702
150E0A
0C150D
0605FF
F20703
DFCFE2
070307
25161D
06040D
F3E5FC
FF0F03
110F11
FB0DFC
EEE7E8
03F30C
160A10
0A00FD
05020E
0A2315
0A1204
0DE70A
FE0802
F907F2
04F400
F8F9F9
08010F
02FC03
080D0D
050700
FB0B00
FF0604
FD0904
E7E6E9
F506F4
030C05
0D110E
E7D8E9
FEF7FE
F603FA
0F0A04
FCF1FA
14F510
02FC02
090009
FEF6F9
010A09
01EFFE
0106F9
020402
080503
04060B
02FE02
000000
0403FE
FF00F9
FA06FB
07FC07
FE04FE
F9F7EC
F401F8
010000
FAF8F4
FA00FF
F4F8F2
01FF00
FC01FB
F3EAE9
ECE9E3
000000
F50AF6
F9F2F3
F6EBED
000000
01F9FE
E1E2E4
DFE0DA
040D0A
0D040A
F1F8E7
EFF6F2
0F0E12
EEFEF7
F3F3F1
E1DADA
231C12
050007
0EFC05
F3F6E4
252B15
F9F6F4
0C02FF
EDF2E4
261D21
FB0102
EFEEFA
E1F6EA
1A0B19
FDF3F5
080119
E5E4EB
FF01FF
09F80B
F408FC
EDF7F9
0D0216
100F0D
0B0B0C
08FAFF
1E1619
E3FDF7
130F07
051006
0A0F0A
E0EBE9
FDFC10
12050E
EBD7EF
D4E5EE
040502
0A1E10
150314
0C0601
1C1F20
F90A0D
E5E6E3
1A1714
232A23
F004F8
F700F0
0E1F1D
1B1318
08000C
0F0102
030603
242426
291A1F
060003
05EE13
121105
07160E
FB0CF0
0A0109
151E1B
0E1316
10270C
EFFF03
0017F8
130F0C
0E000D
081324
EDFFED
09080B
06F7FB
F8FF0F
0E0AFF
10090F
FCFDEE
11050A
06FF07
FD0802
E8EBF0
EC14EC
17ED14
241216
DCD9E0
D202CC
27092E
090B07
EDFFF1
F8D0E9
130311
FE02F7
0301FD
050307
00FA03
FDFAF7
080303
05F9FC
FDFC07
0DFE0E
000000
0AFBFC
02F500
FAFBF8
FC0B01
FBF7F6
FAF9F5
F0F7F3
010001
030904
F3F0EE
F4E7F1
010000
F7F3F1
EEE4EC
F1EDF2
000000
F40CF6
FAF9F7
F5F0F0
000000
EEF1E9
F80217
EEE2DF
FC03F4
050AFE
DFEFE9
09FCF9
05FFFB
F7FAFA
E0DEE6
EEDBE6
1A1913
04F60A
F0EFDF
FBEFF3
112E14
F4F2EE
010105
F1F9EF
081915
EA08F6
F6FEEB
FCF5F8
0F0B0E
0E0C0D
F0EFEB
EDF5FA
010E03
07EF08
EEF9F6
F0F1EB
0102FA
E4F7FC
120E16
100815
1D2124
FD00F7
0505F0
0E0A05
00FA00
02EDF0
E6F9F3
FCF8FE
DADAD4
FCFBF8
1D1315
08F80B
00F1FC
0F0D19
120207
00F9FA
080B0D
051007
152221
F9FEF2
E8F5D9
223224
141B0F
09F208
16040A
0607F6
021108
181613
0A0F09
001C12
233125
110D02
F002E5
E5E6F1
1F2922
152219
FC0600
13ED03
241726
0D0310
09F006
11F306
FA0CFE
111308
110613
F9010C
1F1D16
080200
0307FC
01FE09
120F11
0B0D0B
EEF6E8
030D0C
1C2229
040A0A
F4EAFA
00FE0B
070705
070C0D
0F0612
22D71D
FDFF01
050403
0C0708
FFF7FC
03F8F9
0AFE02
050903
F8FE05
03FF06
0D0005
000000
FCFAFF
F8F1F8
F6F2F1
030C0B
F8F1F3
F4F3F5
F7FCF7
020001
09180B
F0E6E8
EAEBEB
020001
F4F2E4
EFE9EA
F3F5F1
000000
F70CFA
F4FBF6
EBEEDE
070C0B
F202F8
E9F4F2
031803
F4E6E7
090101
EAFAE0
0A02FD
F4E4E8
FA07FE
E2E1EE
F6E3F1
0A030C
0AF7FD
F80EF7
F311F5
F80EF7
F8F5ED
0E040C
01F300
181916
E2F8FB
F4FE01
F1F7F8
061311
10080F
1B0E16
FEF003
031803
04E004
FE0A0C
E4E9EC
0E140E
F3F2ED
FEEE08
01F306
140E17
FD0B01
190918
17031B
1E2D29
060404
F801FB
EC01F8
F8E8F3
E8F4DC
0921FF
F4FB0C
0F1A0F
070F00
06F102
070707
EFFAFE
271511
F1F4FF
FDF8F6
EFE0E3
27201B
F806FD
09010C
E9EBEC
082611
18160A
150F0F
E5FEED
02F9F8
222332
010904
F603EA
E7F2FC
050F11
0B1106
F303EF
03E8F6
2D172C
F6EDF2
F9F7ED
0DF30B
20101B
10060A
00EF05
EAFDF5
1D1F26
01F809
0005F3
FD11FA
252023
FC0900
0A050F
061402
16170D
FF0A00
1A0F1B
FF02FD
011300
05FF0C
0E1504
DED8DD
040B09
0505FC
000E03
07F406
F5F6F4
FE04F8
060404
F9030C
FFFB05
08070A
00FDFD
05FA09
F8F2EE
F3EFF1
01030A
FD02F6
FDFAF0
FFF7FA
010001
0B140F
F7EBEE
EBDEED
020101
EDF3EF
E8DDDF
EBEDEA
00FF00
09210F
011406
132323
081310
F2EEE7
F6FDEF
0F1F18
01FF04
0D0B13
F6FEF2
E5E6E5
F9F0F0
041400
02FAF6
08F7F5
0D190B
10FB03
FE0601
F00BF2
1A151B
F1FCF8
0CFB0F
100907
010402
F1FA0E
0BF8F2
EFEDF0
F80206
FFF0FB
14FA0C
FDFBFB
E2EEED
EFD8E9
FA0000
06100C
FD0AF7
F1D6EC
E1FAEC
F5FB00
121017
FFF8F6
04F5FB
F8F4FF
0C0B0C
0FFE05
05FA07
ECEEF0
0B0C13
040C05
121D0F
FE04FF
FD0008
FDEDF8
03F608
090105
F2FA00
1D170D
EDEEF0
FEFA06
EFE7EA
0A1B18
F304EC
1206FD
E7FBF2
292C19
110306
0F1311
EAEBF0
19241D
100A15
FC08FB
F0E8E4
E6F3F5
14020B
07110C
F6E7E7
EEEEF2
261E1B
0F1B09
F0F1E9
F7E0E4
18FF1C
070C0A
0CFDFE
E3D8F4
16031A
07F502
12FD09
0D060C
F8F701
FA02FB
0B060D
F802EE
0E0802
020E0E
0DFF07
F709ED
FEFF02
060203
03050B
F2EDF9
F8FCF9
01FEFC
0203FC
F9F2FD
F600F0
0002F8
060A07
F808F9
F502F3
0910FE
020100
F80909
F9FCF3
F9EDEC
03090A
010800
0D0A08
0201FB
000000
0C120B
020002
FBEAF5
000000
F4FBF9
FBFCF5
FE0203
010000
051003
FAFFF7
F700FC
020303
EFEEED
FF08F8
05120B
EBDEE6
0EF604
0E1B0E
FDF4FD
FCF1F2
050CF1
FBF7F2
121303
F8F4F7
010601
02F8F7
FDFF0E
120F08
040100
FF0CF4
F6F2EA
0C0F08
DDF6EC
F4F3FA
F9F9E7
E800E8
11101C
F0E4F0
F0F8F7
EDFAF1
F9FCEF
19020C
020309
E3F2E7
0FF5FE
FE01F4
0009FF
0DF406
F406F1
E0F6E8
00F7FE
FAF2F1
F9FF02
ECF2F9
090801
F5EEFB
030A0A
09090F
12090D
191427
FCFF02
191618
0F0C08
03FD03
0F100D
0B0A12
F8F4F3
FBFCFE
1D191F
071B05
FBF7FC
F2F8F7
0B2213
121010
10FA00
ECF9E9
FF0DFB
15F8FB
04080C
F1FCE6
F800FA
12FE0C
030203
F3EDF8
FFFBF7
19170D
020202
00F901
FEF4FB
0B0609
0603F8
06E9F7
E1ED00
100A0F
111300
19FA21
F0F9FE
F70DF2
0D0D0C
F8EFF4
EBE7DD
FF05EF
020C11
F9F704
F0FBEA
04FEFF
0B0003
FC0106
F3E9E3
09F60B
0E1112
FF00FB
EFE5FE
FDFAFF
0A0B04
FCFBFA
FA0702
01F2FF
0704FE
00FF00
000D0C
FBF600
FDFD01
000803
0A0F0C
131D13
F9FBFD
FEFEFE
040E11
111913
F9F5F1
091511
040C09
FE0106
F1EBE9
11211B
000806
F3F0F1
0A100D
FFFD01
F801EE
0C0D09
1C211C
EFE8EC
FFEFFA
F5FEF3
100A0E
EEEAEF
151103
F6ECF1
FF1005
F9F900
FDFFFC
FF05FF
FD0707
000609
0FE709
EFF7FB
14070A
0B0E03
D9F0F8
0EFF0F
0405F7
070805
1F061E
FFEF0E
F7F6F6
FAF1F8
FB0E08
080E02
EDFEF4
F0E4F6
F80901
F300FF
020012
F2F0EF
FB0410
F4F5F6
F3FB01
FCEAF9
FB03FE
00FCFB
F7F701
FBFAF7
F605F8
0A130B
120C17
010807
F50D0C
060A0B
080D12
0100FE
11140D
FE0C07
FB04FE
F8EAFB
10070D
081618
F7F8F8
F0D7ED
192315
1C2A15
F10201
130112
F10AF1
01F3F2
FD00F3
0BFB01
0C1814
FFF200
0801FF
02F6F5
FE01F6
FBF9F8
00020B
04F703
F9FFF3
F7FCF7
0E0A07
01E1F4
F9FF12
F8F6EE
08F903
06DC0A
F60604
D8E6D0
010A0F
FDE3ED
F8F9FD
E0F6DC
020602
FAFBFF
F1FBE9
F0F7E4
0B0B0F
F9F1F6
08F6EE
F3EEF8
02130D
F0FDF5
F5F3F4
00E4FC
02FF09
020100
F9FCEC
FCFDF2
06FD07
030007
FB02FF
FF0301
F7F1EE
08FAFA
09130F
111D14
FCF9FF
FCFDFD
06110A
F7F5F3
F1EBEC
050908
FD04F8
020502
101515
0E1817
F303F5
080E05
FD0604
0F1317
F4F8EB
010F0A
080C05
FF0405
06F0E8
08100D
171412
F9F1F1
0708FE
F603FF
020304
0C1714
EC07F2
0907FD
192419
131517
12E4FF
EEEFF5
1A191E
130912
F2E2F4
F4EEF5
000203
1A1108
FDF700
FAFE0E
F4EEED
07F50A
FB180C
1D0D20
04F505
04FC0C
1B1C22
F4FC02
F40603
0AF4FF
F8030A
EE0406
F60102
0F0C0D
F3E3F8
FAF8F4
F2FBF9
0DF5FA
02FE0C
F3FEF9
F806FD
FBEEF7
E2F5FA
FDFBF9
FCFEFF
F4EDF7
F20AFE
031621
F90C03
EEE5E5
082512
030F09
F0F5F8
11F706
27131A
FC2217
F5F8EC
21091E
F80F03
181E1C
07FD0B
21081F
F3F5EE
FE07F8
0B0106
230E19
120608
030802
F9EAF2
F3EAE8
FEFFF9
000F0B
FFF502
F7C9E8
F6EAF4
080CFA
0FFE03
F1DDEB
D4F9F6
0F1E0A
00F200
EDE7E7
F9F702
0208F5
F5E7EC
FCF200
F1FDFB
F8FAF1
040309
08FD05
05FDF5
F9FBF0
090907
00F901
FDFAF1
F2E2E7
190E17
EBEEEF
FDFD03
F8EFED
0D0FFF
FCF3F8
05FEFD
F2E5EA
030602
0D070A
F90109
162217
121A0F
FEFDFE
081712
FBF8F9
060F0D
091711
050A06
F700F5
FF0807
070B0F
05FAFB
05F8F8
0C1C0E
00FB00
06FDFC
070F08
132016
000507
FFF1F4
0FFAFB
172415
0C140F
121001
04FD05
191B1A
04F8FA
020D02
F7F9F6
12130A
0D0B07
06EC02
F50802
0E1008
0B0F14
EED4F8
F200FF
FC03FE
04F6F9
F1EC03
F009F9
0B1111
0CFB05
EB0E05
071607
FDFDF7
0BFD0D
FC0A0F
F4FF04
051909
05FDFE
EBF3F4
E1FBF8
0A0513
FA03F2
061108
E4EEE5
05F8FD
F7EFF9
070003
F10B02
F6F5FD
F7E4F0
DC1610
FC02F9
0D0114
F4F002
231815
F7FDF8
0E1512
08F6FF
04F506
F611FA
0604F6
F6FDF6
172418
F0F5EF
FDEEFD
FA02FF
091406
FD1005
09F607
131016
EDFAF4
141D14
0DF0FC
170D17
E8E6DA
131815
EDE2F1
F4F1E8
131B18
102618
140D0A
EFC7E5
0400FE
1C1316
080902
F5E8F2
E9FD00
1C1B1D
02FFFF
F7F0F8
FD0B08
0A1004
09FC14
FCF6F9
F1E9EC
090B08
08080B
F7EDF5
0808F7
F3F1FF
F8F9FD
FAE4F7
FCF3FA
EACDDE
05FEF9
EBE6DE
F0FAFA
F8F9FA
050A05
000301
FDFF09
030E08
FFFF02
020407
07120F
111618
111309
030B0B
000005
00FFFA
020F03
060E0C
02FDF7
F9FB04
181D14
060910
0006FD
0405FC
FEFFFE
FBFD04
E6EFEF
FE0AFD
050506
FD0608
07FCF8
0C050B
06110C
0C0A08
101009
080F10
0F1405
030304
0C09FE
FF0107
0C0310
00040A
00EDF7
FDFFF6
FC1502
151B0A
E3D4E5
FE0003
0610FD
11060F
E4E9E2
F40800
04E7F9
0B0206
021F06
09081E
F8E4EC
05FE04
DFFCF5
F70CFB
0308F5
FDF0F1
00D906
E70F11
FBFCF5
040101
060B0F
0C1315
F4F803
FEF5ED
020524
DEFEE7
F4EDF1
13040F
0D3D2D
EDDFF0
FBF705
120213
152D20
EB03F3
040706
08FE08
05FB0E
170407
070500
0A12FF
142C0E
D4E3D6
0A0C05
ECEEEB
070D12
DAEBDB
FBF5FC
0E12FF
F7F9F4
F9F8FE
09FDFC
F2F4E4
0B0B02
0CFAFF
F0ECE3
F5EEEC
FA0BF6
FDF6EF
01E303
FDEAFB
03FC01
1C2D2B
F9F7F2
16F00D
FF0DF8
2C383C
0DEBF9
F7ECFC
F6EEEE
232A29
F6EEF6
0A0E05
150D1F
11FB13
EDF3F6
F6F6EE
0C080F
150B09
01FFF5
F1D3E2
05FF02
230E10
0500F7
000B00
F6FEF5
F3EEF8
02FC03
0B131D
FC01FD
FAF8F7
FFFD08
04FA02
060C08
FEFE09
07FEFE
020306
03090F
04130F
0B0F14
F8F0F1
F5FEF9
021306
0A0F04
FFFB00
090704
F903FE
110A0E
020702
FB03FD
0008F5
10190C
06040C
0603FF
FB03FE
091012
0901FC
0C140C
F4ECEF
0A1015
0503F9
FC0D01
0F0B10
F70A00
010404
04020B
F8E9E5
0F0D08
0407FE
EAECF0
F0FAFD
111509
1B0C1A
F5E2E8
FF0EF9
FDF7F6
081412
F2F3F3
02150D
070107
10160F
D1ECE6
01EF13
14000D
0504FE
FFD706
F60F16
051304
07FD03
CECED2
E5D804
FB01FA
070809
E9F4FF
E5F2E7
F4FFF7
0C1012
0E2117
FEFDF4
02F602
191B15
191411
E8E6FA
06F902
201B14
140A15
F3FAF4
0B0810
FA0A04
0B1603
1BEE15
00F707
F0F5F1
0BEB00
F00012
0F1207
0704FD
E4DDE0
EFC9D2
1D1915
F8F4F5
E0E4E2
04F7F5
090D06
0501FF
FFF4F1
05F702
0AF809
15EC09
EFF2EF
F9EEE2
FCFCF2
23FA20
FB03F6
0AD000
190403
0FFF0D
FFDFFF
0B1603
090B0B
0B0C02
F4F2E9
FBEEEF
02F304
13FE0A
0F1C0D
0B0AF6
031008
0BE90B
170900
04DCE8
FFF801
F601F6
030806
08EA03
06F5FB
F1EEF1
07050D
0F1A13
040C0B
FEF603
121919
0A0609
020102
F8F0F4
F9F701
EDEEE9
12170A
F8F3F4
F5F2F4
030803
040100
F7F9FE
080E10
030707
FBFF00
FBFEFC
0F0612
F80301
F801FD
FDFC07
FB00FF
05110B
130E14
FBF601
010A0C
FE00FD
071003
FF0003
010702
FFEAF7
070B0C
F6F1EF
F30DF8
F1ECF2
010006
EBE8EB
EFF0FC
020903
100208
131912
0FDDF0
FB0909
0B0407
1D221F
E1E6E6
D7EDEA
02F601
060E16
D4EDE9
ECCF00
03F90A
080506
ECE2EB
FF021A
F5FF02
0E0F02
E7A9E3
CADBE0
FF000D
131A18
FE1AF8
EFFCEF
FD00FB
15051F
F3FD08
F7EDFA
FD01F6
160911
101A0E
F308F9
0DFB06
020B08
0B1E12
ED0C02
0D1B14
F1FCED
160307
FFEEFF
0EFF00
EE01F5
01DA00
ECECEF
0A1508
06F2FB
DED8DC
26F633
09020F
05FCFA
E2E2D5
02FCFA
0603FF
02F9F2
F7EFF8
EED8DB
0FF113
0CE4FC
ECF5DB
FE11F6
01F700
381A2F
FAFAF9
131715
FFF5F9
0FF607
01E906
0B041E
FEECFC
0B0F0C
EFF8E0
E1D1DD
FCF4FD
241F27
0D0713
FCF1EF
FEF4FD
11EC08
0E1514
05E5E2
F102F4
F0ECF7
F70200
10FB07
08FE09
F9F0F2
051213
0504FE
FF0AFF
01FDFB
FF010D
F7FAFE
020104
060103
FAF3FE
000009
030906
F8F2F4
090507
FB02FD
F400F7
F9F7F3
010AFF
0F1313
F7FC08
020401
2E3D3D
F7F60A
FCFBF4
0200FA
140D10
080713
09090F
FFF601
FA03FB
030E0D
0A0A12
08FA08
F300FA
000D09
091313
F0E8F1
021311
000D07
FF08FD
FFEFF6
0E0815
FBFBE7
0A1105
1E221D
00ECF4
EE0202
1A1317
14160B
EBE0EB
F4F7FF
000A0D
FD1402
E9E3EA
EEF1EC
FF04FE
FEFBFA
DDD6E0
DE01EE
120F0E
FF0111
EF96F3
F104F1
0B0410
041BFD
CB01A6
F3F201
060AFE
130216
FCE2FD
0F0414
020BFD
FCEAFE
120C12
080A0E
FF0607
ECE5F3
101600
021408
FE0301
FBE8F8
08FD02
090C05
F801FE
130709
DADBC6
110A0E
FE0701
1C0D08
EFDDDD
030310
FCFAFA
0E0303
EFDEED
0D0708
FEFD00
09FCFD
F5F700
120806
13EF10
00FFF8
F2FCE3
F1F0F7
F3F5FE
16F916
13F6FF
F5E5ED
FCEAF2
070511
03F2FB
EFC7E2
F7E8F5
0F0BFF
F7DEE4
F9F200
00F0F5
08F700
0D0E11
F6F4F7
F2EEF4
EEEAF4
23161F
FC05E1
0204FB
F4D8FA
100C0D
04FD07
090505
02FDFD
011605
0D1515
17110D
05FDFD
010809
0E0209
090A06
000105
080B04
F8F9FD
0E110B
00FCFB
0E0808
0206FD
FF05FF
FDF6FF
050516
F4FCF6
0C0707
09070C
07181F
01F4F8
04120A
FF0003
090106
F1F0F4
FBFFFE
00F1F7
090503
F40CFB
0605FE
110304
041209
FDFDFE
0B0E0D
FDF6F6
ECFD02
F6F4F5
080100
0A0D05
011710
0302F9
FE0B02
130A09
010207
ED05EF
030800
020F05
EE00F9
ED0AF8
F300F6
091311
00ECF9
F903F5
10140B
FC0600
E2EDE3
F701E6
030400
000E05
FBC2EB
EDFDEB
011005
F50A01
E421DD
FFFAF7
1CFC29
031006
0AF805
1C160F
F2F8E7
FBFB05
05030C
FB0400
EEF2EF
020E14
140B0C
FBE4F6
FBFC04
0CF1FF
FCFDEC
051D09
06040A
040501
F7F5F1
0209FC
FCF409
07F8FE
05FAF8
0C0D16
F4F5F6
15140C
F8EDED
F90705
07F9FD
100500
FCF2FF
0E1C14
090509
111401
DBF0DB
070E15
F2EFFF
F7ECF1
14F400
011300
F900FC
F6FDFE
FBE8F9
F6F9F4
05F6FB
EE08FB
EBD4D9
130700
08FDF9
F3ECF2
0A100D
101207
03F2FC
03F0FE
141413
14190A
05F406
FEE6F6
070F15
0C0814
0700F8
121416
0D0B13
FF02FD
10FB04
020001
F0F5EF
0A0C10
04080A
FCFCF7
FBF6F7
FB0C03
02F0FE
010404
14060D
F0F7F6
F700F7
080711
F7FD07
09FEFC
FEFCF6
0E0609
F0F0F7
090B06
0D0003
FEFCFA
02FAF9
000807
0CFCF7
08FA02
00FBF9
02FCF5
07FEFE
171B0E
E1E9DA
000B0B
01FB06
F4E7F0
FD1408
070D0E
FBFCFE
F3EFF1
E8EFED
0D0616
02F00D
F6F9EE
06F2F0
0AFB00
0FFF0A
0207FD
F700E7
0CF20C
1E0F13
040209
E2F6EB
05EA00
0B090B
040A00
DBE5EB
38D634
1C151B
FB07FD
09D3EF
C4FFA4
0F0806
0004FD
090BF6
090907
090409
F1F0E7
130809
0F0E17
FA0601
F7F7F5
180A0D
0CF807
050D08
FAFBF0
17101C
060E10
FCFD0F
060800
FEF7F9
020603
070205
02FA01
FF01FE
09100D
FB06FD
F9F9F9
191D1C
FA0502
FC01FA
161412
FEEBEE
F903F6
0801FE
111014
02F60F
FBFBF9
FC070E
01020A
F300EA
150608
14040B
06F914
0BF700
FFFDFC
0A080C
F905FE
F9F7FB
03FFFC
0B0E0F
020708
ED07F5
0E0601
040D0E
04F5F4
1A1F0E
F6F7FA
020608
0C110F
1C1520
0A0806
FF09F9
03060A
06060F
00FD08
000102
000000
0B070F
FB0602
07FE00
FD01FE
FDF8FF
0100FE
040007
010000
FCFC0E
0400F8
03FD00
F9FD04
0A02FB
0705FF
0AFD02
FDFE01
0101FB
07FB0A
FD0007
EFFC05
1001FE
02FD0C
FE010A
E1FC04
FF01FC
FAFB06
01FC0B
0605F1
080BFA
F1EF19
0003FB
140AED
F1F70B
020105
FC020E
0C03F4
E4F319
01010A
FE0704
05FF02
F9FFF4
FDFB10
00FB04
05FFFA
E7FC10
FEFD08
FC0104
1603F6
F9FF06
020209
080408
0800FA
EFF80E
FDFC00
0306FC
FCF80A
060300
05FE05
010704
02FA03
F5FC0C
0D04F6
0AFE08
020000
0E0306
0A08F8
020A0B
0001FE
000301
0E03F9
03FE08
060000
110AF6
040705
070505
0C04F9
F40409
0703FE
FD0B01
090000
1416F0
08FCF7
0B0A05
0DFF00
F1F60C
040CFD
010207
FFFC0A
0A0100
03FFFD
0409FC
FD0000
FB02FA
010303
020D00
0501FD
000103
0802FF
090304
0604F9
03FA06
FFFEF8
FBF903
01FF03
0103FB
0F02F3
FBF90E
01FFFF
FAFE0B
050403
F70006
0CFE05
F7FC13
FCFD09
080208
0DFF06
FEFDFD
01F901
030714
ECFB0E
07FCFB
08FAF9
FD030A
0C04FB
0608F2
0C05FA
040B0F
0B04FF
040104
0903F6
030500
FDFC06
F8F401
0D0CF4
F8F600
0300FD
FBF809
00FFF2
02FEFD
0A01FA
F2F807
0203F5
0503FC
F7FD08
03FBFD
120FEC
FF030C
F9FF00
F9FE04
06FF07
FCFD0B
0602F8
EAF306
F80200
0003FF
F1F112
0609FD
0305FD
FAFF09
E6F118
0D0AF3
FF0005
040805
0505FC
0303F9
07FA08
0D0400
F4FA09
0D05FA
F9F50C
0CFD0A
020000
FBFD05
FBF804
080206
0100FA
EE0006
03F802
1502FD
FFFFFA
EE0101
00F606
040406
F5F904
F600FC
02FD09
FE0507
FFFC08
F900FA
F9FE02
09FEFA
00FFF9
160EED
030300
08FB09
0604FB
FCFFF9
0D07F6
1204F8
00FA03
0CFA0E
170DF4
050307
0700FF
010304
050703
1B10F4
02FE01
FD02F0
05FCF8
07FEF6
F6FC0B
FAFEF5
080AF6
090402
050300
F4FEF6
1909F1
FEFEFD
0605FB
0003FC
F301FC
0A00FC
FE05F6
0201FA
FF03FD
FF0103
FD00FE
01F9FB
130401
05F704
F9FD06
F8FFFF
220BEC
FFFCFD
FEFD05
F3FB05
F8FD0E
FE0008
FBFC04
FFFD11
1209EB
FF07FF
1100FF
0AFEF8
03F9FB
F4FB07
0A0106
020301
F8F9FB
FAFF01
0B01F7
060408
0300FB
FCFF04
FE0000
060309
0D06FF
090AFD
050500
01FF12
0900F7
050BFE
0B01FF
F6F806
0502F1
080303
0703FD
FAFE03
0203FC
F70101
0100FE
08FD00
0C0BF4
F705FC
0201FB
FAFFFF
1202EE
F4F804
0902F4
F2FC01
0C0DF2
03FA13
03FFFD
FB09F7
FB07FE
05FEF8
06FDFD
0C0208
0806F3
0702FA
FEFD05
D2F116
0E0CF2
0800FC
E7F114
F0F807
0706FE
050B03
F7F80B
0502F3
1504FD
020AFB
03FE03
F6FB11
0A02FF
0B01FA
00FD03
F1FB06
1204FE
030005
02F90A
0B05F8
0E08F3
0102F8
1001F8
F7FC01
FEFA0B
0C0800
0F03F3
EBF20F
1C05EA
FA05FE
0204FB
2A1ADD
0902EF
FDFDFF
0407F7
05FC18
07FCF7
090C01
0D02FD
ECF902
04FFFA
0A02FD
FCF902
ECFAFB
0D09EC
080308
F2FA0D
F4F40B
0606F8
030402
0D08F8
FAFEF7
1203F7
05F701
0607FE
08FAF4
F0FF0C
F8FD03
0005FE
F7FBFE
EDFC04
04010A
F802F9
0C00FA
0106FC
01F802
F401F5
F7FE08
1D0EF4
FAF5FD
FAFFFD
F6FA08
ED000E
F6FB01
00FE01
07F90A
080AF1
110500
1304F5
0105FD
1003FA
FFFA04
0A01F6
0D02F7
02FDFB
04FFFF
09FF00
03FEFC
060301
09FB05
050002
160802
FD02FC
06FBFB
05FD09
020402
0809EF
F9FFF7
080100
FF0501
00F9FF
0AFD05
030002
F5FD0C
FFFE03
FCFE00
0000FF
F1FE03
0906F5
FBFA04
FFFFFF
FEF809
100AF2
0703FD
0C01F3
F1FF08
0A06F6
FBF908
0201F5
050401
0407FD
05FFFB
0500F9
060B09
1205FB
FA06FD
03F9FF
0300FF
0C0AF6
0603FA
020002
F5FA0D
180BFC
F905FF
06FFFC
160008
210BEA
110EFA
0601F6
FDFC0F
1305F9
11FFFF
04FF04
E7F70C
090805
FD04FF
02FDFB
E6EF14
190AF3
040900
0B00FB
F2F70E
04FE0C
06FA12
090400
FE01F1
1D06FD
0D0600
0409F1
2F15D1
F2F11F
02FE00
FFFEF9
EFEE1A
0B00FE
0701FE
FE0004
FFFB03
01FD0A
0E0A03
0401FD
F5FFFB
040200
F6F218
DAF60C
F4FEFA
170500
0DFCFF
F9FEFF
F5FAFB
0BFCFD
01FE04
040AF3
0705EB
E9F81E
F80406
0205F9
0002FE
140100
F9F412
FB03FD
0105F7
150108
00FA04
0302F7
F2FB09
1A0FF5
06FEF7
0300FA
FAFA0A
F4010D
FFFA03
FCFF03
F9FE08
040300
F7F40E
1101FE
FD0CFD
0903FC
080209
0A02FD
03FEF6
170BFD
02FB0E
FF0202
080102
FE01FC
06080D
F5FF02
0E0903
FAFB08
FEFC07
F5040D
00FC0B
0D04EF
FE02FD
060001
FB0002
0303FC
0AFD04
0400FF
FFF709
0006FE
08F805
0703FD
02FDFA
F1FF15
FAF907
0801FB
FBFA11
FD06FE
0C0B04
03FDFB
FA0406
03FF04
01FBFD
1103F7
FB05F9
0D09F9
00FF05
0A00F5
FE07FB
0608F9
F9FAFF
0B03FB
1505FD
140DF9
0401FF
0D09F5
EFFD01
0406F9
F9FD0B
0602FE
0501FF
0D11EE
0B0801
01FC00
0404F0
190CFB
0006F8
FEFB0B
E3F320
1C0AFB
0806FB
0301FD
E5F813
1E0AEC
03F804
06FB04
EAFD0C
F5FC0A
F3F711
1004F5
FB07F7
2C0BEF
0A0E04
0806F8
160CE6
F5FF0E
FAFC01
0E07F8
06FA03
F9FD06
02FF01
FDFCFE
0C0AFF
F2FD02
000EF9
0C05F5
1315DE
F700FE
FAFA06
E8FEFF
F3FCFD
040CE2
110B01
F2FF09
05FEF8
FDFE02
FF0604
FA0102
FDFFF6
FFFA16
FEFE0D
FBFF02
00FE00
F6FB0D
FEFB0A
0300FF
0AFAFF
04010B
02FD01
05FFFD
FB010B
260DF9
FB02F5
FFFE04
F50400
0806FB
FBFA05
00FF03
F5FD05
F9FDFE
0E0708
2307EE
06FB08
04FE02
FD0105
0F05F3
FC0102
FDFDFE
F70505
F4F20D
0600FA
0706FA
0AFA06
FB0000
120CFA
01F904
FAFE09
030000
01FE0C
0902F5
100CF7
FFFF05
FD0014
0F03F5
0B0603
FDFF04
FC0009
0D0AE9
F906F7
0000FD
F0FB05
0003FE
FE03F9
0E02F7
F8FF00
03FE0F
FAFC02
1406EC
FBF815
FE030F
020402
0400FD
0C020A
010107
020900
0F02FA
00000B
01FD0E
F30606
0301FE
11070B
FFFD00
0105FC
1007F2
F8FFF8
0C0AF3
0A0AFB
0700FD
020308
080304
FBFE04
FAFB0B
1B08FE
FBFD0C
E6F60A
0803FD
F7FD0A
0D0708
02FC0B
FBFF03
F1FB0E
0911F8
FB0009
FAF70E
E1010E
0B0AF9
0F0211
0F05F8
DFFDFF
FBFF06
020708
0803F3
F1FE00
0708FD
FAFF02
0E01F4
1308FD
0201FD
0A06FE
04FB03
F2FE08
FCFA08
02030E
13FF02
FF03FB
FCF90A
F0F90E
F60001
0A00EA
1407FE
100602
EDFC0E
0A01E1
F70003
FCF708
F80003
EBF611
F300FD
F9F808
FAFF08
080504
F0FF01
F6F701
0400FF
07090A
0A0407
F6FD05
02FD06
0A06F7
0606FA
FE03F9
000001
020307
FB0600
030106
FF0000
FB0104
08FE00
0C05F7
030000
0902F9
0800FF
0B0806
050001
F80209
000200
010303
EFFB0E
030306
0608EF
0AFE06
010001
110206
03FEFB
01FFFF
FBF909
060BFF
0905FB
01FBFB
FFFF03
010304
0806F9
080BFA
FFFF04
FC02F9
0007F9
07FB03
F900FE
04FCFF
0A00FB
0F0502
1503F4
0A09FD
FAFB08
FD0904
0500FC
F3F214
0AFE00
050708
FEFF02
090109
F9010D
080503
FDFC03
F9F6FF
FEFA19
FDFEF7
FD00FC
0A040E
090404
FA02F6
04FF04
1B01F7
060CFD
090B05
F4F208
E1F319
0B0E01
F7F708
00FE02
160710
DEFFFF
EEFF00
0B02FA
060A00
F00305
F0FCFC
0D07F9
FE08FB
EBFC12
05FA0E
00F809
040415
020906
08FAFF
080701
EAFFF6
E6F614
F6FE0E
0501FA
0C0DF6
EDF118
09FF06
0D05EC
200802
0809F5
06F80C
0605F8
E8F613
0407FF
01000D
FD00F3
FE0002
1308F8
FE06FC
F1F90E
FAF407
1D13F3
EAF619
ECF315
1303E9
0708F7
FCF40A
F3FC0D
F5F706
1008F7
09FB08
040301
EFF414
0705F9
FA040A
0100FF
FE060D
F9FF0A
F4FC0A
FDFE03
F7F903
FB00FB
0003FE
070000
0D0303
EBF808
EFF9FC
000001
04FFFF
FCFBFB
FCFAF8
000000
070503
1004F3
020104
0B02FC
0006F4
F6F609
07FF06
FB0409
070CFC
060600
F8FEFF
FCFF01
15050C
FDFFFD
F8FB07
F7F8FF
0D02F6
0DFC02
040508
000000
FF060C
04FEF1
09FEF9
000001
FC00F8
FD0503
0100FD
000000
040403
02FEF2
0205FC
1A01F8
020206
070005
F903FF
08FFFF
0A02FC
FFFEFC
0602FB
FAFE03
FD030B
150FFA
0202FC
FEFE04
FD02FF
0B03F7
FDF402
FF0007
F5FF03
ECF403
FC06F9
FBFD02
F701F5
FB0AF6
FE04FE
F2F209
ED0308
FAFA06
0A0802
FDFF01
F7FC12
E3F40C
EAFB0B
FF0502
220609
E6F103
F10014
EFFC04
F1F714
DDF21B
1410F3
F4F813
1A17FB
030FF6
09FDF7
000203
D4FAF3
FFFC06
0CFCFF
03FE10
180F04
E0E81C
F5000D
09FEFE
FDFE0C
FB0EFF
050005
0B09F6
F8FC08
E6F7FB
EDFE05
060FF1
F9020C
FEF906
FF0305
0B05FB
140ADB
FD04FB
0700FE
03FC0D
1502E8
03FA11
0808FD
0704FD
0A05EE
07FB04
02FE04
FE0304
0CF30D
F8FDF7
0208F4
000007
0706FB
F700F8
FFFF03
1006FF
EBFC08
F4FF10
FDFDFF
0003F9
FB0406
FD00FB
000505
0101FE
120204
F30108
FEFC01
000000
FCFB00
0909F5
08FF0D
0A05FC
FF05FD
FAFA0E
F1FF0C
F6FFFE
070404
120FFC
FD0603
FD0000
1005FE
020002
03FCF8
060100
0A0500
10FFFC
04FD00
0D02F8
060708
04FE01
0AFEF6
0700FD
FEF409
01FC04
0603FC
0D05F2
0402F9
090701
0A0200
050002
FF050B
130AED
0600FD
0A0001
080BFF
1210F5
070904
00F90A
FCFF00
1913E8
0D09FC
0C08FA
FA0101
1C16E9
F704FE
FAFC0A
FAFAF3
FCF70D
060000
0B0AFA
FF03F0
E1F718
0009F8
0503F7
010CF5
E8F806
F3F908
FE01F9
DCEF12
F603F8
E0F807
E3F611
0800F8
DEEF04
050407
F301F8
F9FA00
DDE724
F3F713
1308F3
190711
D3F311
E6FB0C
0602FF
FA09E6
0F06F6
FEFD09
1309F2
020905
ECF80C
F4F501
0103F2
0502F7
00F813
F7FE01
F902F4
FA0200
F50B07
080701
0A11F8
F4F318
E7F916
180005
0907FB
F2FF03
F501F5
1C09FC
1508F9
05FEFC
1D08E8
160CFF
00FD07
09FEF4
080302
FC0309
0503FC
1A09EC
FEFDF9
0409FB
110010
0D05EF
DCFC07
0105F6
0902F6
DCF515
FA0105
010DF9
EDF90A
FEFFFE
FB06FF
F0FF0D
FE00FA
090002
F40003
FAF908
000000
FC02FC
03FA03
FF01FE
000000
06FE02
02FB01
F8F50B
FE0008
FE0104
E6EC1C
FF0B06
030000
05FE00
FAFBFC
F8FBFC
09FBFF
00FEFF
FFFFFB
00FC00
0C01FC
01040F
01FD07
04FC05
0D02F6
02F7FF
040202
020A0A
0703FA
0D00FA
000AFF
FE0101
1D03F5
05F905
060200
0103FE
1806F9
F105F9
0100ED
F9F7F9
0601F9
040CFA
0E05EC
FD0102
03FFFF
07040A
F509E1
FD0CFF
0405FC
010500
E9FEF1
FBFCF8
F9FF01
E8F8F0
E8FFFB
1310F7
FDFA13
1802F5
E4FA09
F6FBF3
06F90E
D7F403
D9F5FC
FB0300
E8EF1E
F5F707
0BFB0D
F7FD01
FB0101
1F08FE
F4F518
F4FE0C
FDFF0E
211105
FD0204
F30007
CEE830
0505E3
090B08
F5050B
0F06F8
E6FF13
F6F312
E7E90D
1A0FF3
010F03
FC0011
EBF80D
0A03F6
150CEE
F5F805
FCF900
FA0AFC
060CFC
DDF00D
0D0708
F400FE
EBFDFB
E5FB07
140901
F8F610
0A12F0
E2F415
FFF90F
00F90E
1EFE0C
EAF1FE
03FB0C
000300
160DF2
0E0DE3
0C0409
EFFC0F
0BFD09
FAFFFF
0501FF
FE05EC
E9F31E
030006
FD0401
F7FF00
F50007
FFFB01
05050A
FDFEFC
00FF06
00FC04
FFFD06
000000
04F705
FDFE04
0300F8
000000
FC0607
FDF9FE
FD0100
FF0001
04FCFC
FDFEFE
010902
000000
00000B
0906FC
03FA03
0400FC
0B00FD
0F04F2
03FC00
1703F3
FEFAFC
FEFF05
02FAFC
1A05EC
08FE0B
FEF804
00FF0C
0B01FB
0804F6
0106F1
FD02FA
1201FA
090605
0103FD
0A01FA
0604FB
FB01FC
0604F9
06FFF9
0C03F0
FAFEFD
01FEFC
FB02FE
0D0AF3
FCF104
FC04E5
0C020D
FAFDFF
FCF900
EAF9F9
0405FD
F0F410
FC02F3
DFF6FC
E9F6F8
DBEB1F
E1EFEC
E1F314
FE08EC
F3F518
E80107
EAF8FA
0408F7
080202
1907F1
E8FC10
FA03F5
E1F820
111001
F4F115
EEF5FD
FC0B00
060010
F4F111
EAFA09
ECF51D
F70302
00FE01
ECF703
0103FE
F000FA
01F902
F902FF
190DF8
E7FF11
01F407
FCF116
2815DC
F1FA00
EDEE04
FA070A
2806FC
F30202
02FF09
130401
0D0DEC
0DFFFF
050A02
170C01
0205F7
FD0BE9
DBF514
0404F3
0A06F2
0F00FF
110604
F5FF00
F0FE06
18020F
F0FBFA
180C01
F7FF04
1A0BEA
110BE5
FCFC00
F6FBFC
F2FE00
0005FE
F5F802
EDFB00
EDF912
010607
030104
F7FD00
F7FC04
F1FC03
F00001
000002
00FF0A
0306F6
FB0003
000000
FEF90D
FFFAFD
FDF904
000000
0302F5
05FF03
08F904
000000
03FCFC
01FCF9
05FC06
FB0901
FD080A
0303FB
FCFCFE
1904EF
01FAFF
030709
FFFA03
0500FE
03FDFC
FAF7FD
01F50D
FBFF04
090403
0604F4
FE0005
1204F4
F4FFFA
F8FE00
0B0701
1205F3
05FF0A
EFF7F9
F70201
1107F7
FA0009
FAFEE9
0BFFF3
FAFE00
0807FB
191AE5
0407F2
0702F7
FAFFF4
F306E2
170BFB
F4FB0D
08FF03
0502F2
FAFDF5
D1F708
0902E0
EAF90B
0B0EF4
0108F0
DFFE05
F70303
1208E4
FFFA14
0C0AF8
F9F808
0409F3
F6FE05
070105
FBF205
ECF216
1708FF
280B0A
FCFC05
EFFF0A
00F914
FA08FD
F508FB
F00CF4
0F06FE
F60501
F910F3
E5F80D
1008FD
00030E
F8EE15
F4020B
080A03
F203FA
E5F11B
F5FA0E
0F08FD
F9FA04
000201
0103FD
1C13E5
0102FF
02FFFC
0809FD
F8FDF5
E8F109
15FFF9
0304F8
EDFEF6
F2FA03
F0F6FC
FFFDF9
F107EE
08FC10
EDF8FD
0B0AF9
E8F812
F803FE
11FA02
FCFDEF
EDF709
0303FD
0103F8
FC0700
ECFC10
0703F7
FF0015
000602
F1FF01
E9FA11
FB0200
FCFC06
FFFF03
F5FC10
FFFD0C
000205
000000
FEFD0A
FCFD01
FEFD05
000001
0502FE
000204
FBFB12
FF0000
0A03FD
05FFFF
FC04FB
0704FF
02FC0A
0900F9
F9FB07
1202F6
FEFDFE
00FB03
FDFD09
0700FA
FD0700
010003
02FC07
FEFC04
0507FD
1102FB
FEFFFB
1402F6
FD01FD
1906EA
05FE06
0B02FA
0C07FC
F503F4
04F414
F5FBFB
01FE09
0107F8
0901F5
E8F20F
0715E8
EEF904
0A0FE3
08FFFA
0F07F7
09FC02
030502
EAFB11
EEFCEB
F8FBFD
0709E6
130CFE
0404F8
0705F6
F9F7FC
EFF509
FD09E9
0406FF
F8F8FA
02F70E
0B0902
100AFF
FA0006
05000B
06FD0B
F5080B
FAFA04
05F01A
030AF3
E8F00B
E7F60C
2E0D00
0A03FC
DBF40D
F8FC0D
1E100A
0705FC
C9F31D
0C0606
EF0410
F9FD13
EC03F5
F5FE0A
F50FF5
EFF903
05F920
080100
1417F4
10FD06
DFEF13
0D01F5
0907F4
03FC13
DEEF15
050BF7
EAF9F4
E8F9E6
06F212
0F10F3
E8FCFD
0306F1
F5F911
F10109
F505F8
1B0EEE
F6FB0B
F8FF01
F90104
F9FB07
FF000B
110206
F6FC18
00040C
0909FA
FBFEFC
F1FC0C
250BF1
F9020A
010300
0300FF
070102
F70905
FF0705
FFFF03
FBFF06
FBFC0F
F8FF01
000001
03FDFC
FBF902
FDFC06
000000
0005FD
FFFB01
09030A
FF0000
0B0303
0200F5
050008
FD0003
00FF07
0D05F5
00FE04
0800FD
050003
FEFB07
F4F903
1002F5
070402
02FDF9
FAF40A
1804EE
0904FC
0600FA
09FC08
0C0000
0306F8
FAFBFE
FFFBF4
E5FD09
130BDE
F9FFFA
FDF20D
CFFBF9
0C05F9
F9F9F8
FB05F7
FDFE03
0E09FD
01FB01
1B0EEF
1EFE06
FFF20D
FEF011
EFFBF3
DEF026
F7FA04
F2FD03
0A05E7
EFEF1C
100DEE
1717E9
EF00F9
10FE08
0209F6
FA04FC
EEF005
05F615
0100F7
EDFF12
E8FAFC
F3EE23
130600
040F0A
E9F20D
FAFD0A
FAF90F
F7F514
0C04FC
F2FA10
F706FF
F2F11D
080701
F4F707
080705
FA0305
0500F3
FAFC21
00F806
EDFAF4
FDFF0A
EC0C09
070104
E6ED18
FF0108
0805F8
FB0506
E4E32B
1C0A02
0304ED
2B0AED
E2F30E
090BFB
EE03FF
EAEB0A
F4FC11
09FDFD
E9FC0B
F901F6
F0FC06
FDFB1A
EBF710
0DFB02
E7F618
F8FF03
0302FD
FA0201
F4FDFF
1507FF
F1FA0A
EC0205
0402FE
0D0CFA
F2FB10
2401FF
09FE0A
000103
000201
EEFA0D
05FC04
FCFC00
F5FD02
F9FF06
010203
FDFF00
000002
FFFE0B
FCFD01
FDFF03
00FF02
000304
FC0006
040306
FF0000
010A00
0502FB
04FD00
07FDFD
04F603
00FEF9
FCFC0A
0801FA
FF0007
F7FBFA
EBF50C
0500FD
0003F9
17FFF3
01F9FD
FC0000
010706
1609FD
0EFF06
FC0000
0103F8
210EE7
290AED
FE0000
0405F9
F2FDEB
0E09F9
EBFBF6
1006F8
E7FEF9
2310EF
1E08FE
F80005
0704FC
04FCF3
29FEFB
020CFA
0E0EF9
1C08E9
ECEE2C
0EFA10
0908F4
F708EC
D1E030
1007F8
FA0AF9
020CF2
E8E21D
F70AF2
FC0204
F50005
FE010B
190CE2
F7FA0D
EE0409
E0F90E
070503
F0FD18
EBF405
020CFB
FC0200
E5F215
0F04F4
0307FF
E5FA00
ECF40F
04FE01
110DF9
FD03FA
FAF610
100E00
0B06E7
F2F90D
E7F9F2
FE050B
13141A
16FB0F
E8F0F6
F603FC
ECF818
1804F3
FAFE06
0101FF
0B10F7
0CF904
CCE51E
FA0400
06FC05
EBEF0D
E2F710
01FD07
FBFF02
FC010A
F6F615
0D02F6
120EF4
0D07F6
EFF90D
0905F6
FB0300
0D07F3
F5F207
0FFDF8
ECFB05
FA0302
030302
0202FA
EDFB10
0E0FF3
F2F817
000100
F0FD03
130A07
0AFFF6
03FF0C
F9FF00
020005
050406
FDFE09
00FF02
FF04FE
F8FC04
FAFBFF
00FF02
0405F7
F6FF09
0A0006
FF0000
000A00
FDFAFE
04FC06
00FDFB
FDFD08
FAFEFB
FAFE06
00FF01
000503
EEF903
E1F501
00FF01
05F802
FEF703
EEEF0F
000000
0E0FF6
0601ED
F8F602
000000
080DE5
FFFBF8
F6FD02
FC0103
0D08EC
100DE8
06FE02
00FC0B
14FFED
F0FF05
0801ED
0DFE10
F5F908
DEF718
0408F2
F5FFF0
FB10F6
04FDF9
0D05E5
FCFD07
070008
1802F4
0B12E9
E4E91F
0900FC
0309F8
1404FF
F70507
0610F7
EEF30E
0C0BEF
ECFD0E
0A01F0
E9F916
E8F90A
EDF41D
FCF704
030601
F1F30C
FC0401
F9FA0F
F0F816
0A0EFC
040504
FCFFE8
0D1101
0C08EF
1A04F8
01FC00
E50106
02FF0A
1D17BD
F9090B
0502FB
F7060C
220DF0
01FDEB
FDF502
E7FB1D
040413
220BEA
E4F40D
F60504
F90503
EEF30A
D7E82A
0908FE
1A08F7
EBF80D
E7FBFC
F5F806
0F09F4
03FEF8
100FEE
0908F9
0810FD
FFF800
DCF60A
FD0102
FE08F0
11FDEC
EBF717
FF0200
070BFF
1707E8
FEFD18
2414F7
EEFB0F
1311EE
04FD0E
FCF700
F8F90D
EFF81E
0106F1
F8FDFE
F2FF00
0504FA
0705F8
FFFD0C
0000FF
FE0404
FE00FD
FE02F9
00FF02
FDFAFB
00010A
FD050A
FE0000
0A0B02
FFFE05
03FFFB
F6FD00
02FC0A
F3F7FF
F7FF00
00FF01
00FFFD
0FFF02
0002E7
00FF01
FCF406
1C03FA
01FB02
000000
0E02F7
290EE8
1F04F7
000000
0A07E8
1E0EEB
090203
F1FA15
0803F4
04FEEE
3014E9
FEF818
1603FB
F6FDF0
1A16E4
030014
080104
1205E8
271BDF
FA08ED
FD05FF
010AF5
170A05
FA08EB
F2FFFD
FB05F3
1C0AE6
0006F6
FFFC16
020703
FF0101
E7F413
FE0001
171EE3
F5FB02
E8FE06
100E01
1F15E1
0E0A00
DAF71C
1200FB
FCF906
F3FC0A
F40705
0703FF
EBFC08
F6F90C
110EFA
040AE5
040008
FF0806
02FF0B
0B14F9
DFE815
FDFD09
FAF7E7
ED0B0D
05070C
08FF0E
0A07E1
F8FEFD
E4F8FD
F10117
0508FB
02FEDB
BAE122
F0F216
FC08F9
FDF801
E5E532
DDE921
F60702
2200F6
0F06E5
030113
F400FF
130107
0505E1
05090D
F70CF7
0600FE
F6F610
FEFD06
FEFEFD
0501F7
E4EC2B
0A010A
01F805
09FBFC
FAF7FB
F6F40E
0E03FD
F401E2
F7FEFB
FE0211
0403FE
FC020E
FA03FA
0004F7
0905F8
150CEF
060202
0BF80B
F600FC
FD0104
FD04FF
FE04FC
00FF02
030100
01FCFF
FA0208
FF0000
0A0005
0502FF
F7FC07
FB04FC
090101
F8FEFA
F0FF01
00FF01
0F05F3
09FD02
EAF4F1
000000
FDFF02
1D05F1
09F809
000000
1C11F7
0B05FD
4F0FE7
000000
FA0BF4
F905E7
3211EF
F7FA19
0709FE
FF03F6
2615F3
D4E81F
0F0707
090516
100AE0
04000A
07F40C
180E01
1C0DFA
F00019
F8FFFA
0D0E00
1203E8
E6EF1B
F200FF
F0FEF0
0A0FF8
00FF02
FBF710
06FE03
03FCF3
EEFFFD
05020D
ECFAFF
FF0AFE
CCEF12
190717
F9F4F1
F7F00F
C8F313
04FB00
0401FA
F9000C
ECF91B
1010DD
FDF2F8
FEFF0C
E1F917
E9EE06
F2FE16
0C050C
DCFE0D
F6F310
D7F426
0D07FE
0001DF
F0FD0D
EEF31B
240FF5
FEFB02
DBFB09
EBF606
FA03FC
F3FC03
F007D9
020200
F7F519
E4FC13
1105F4
ECFA02
F0EF12
EB0002
0102F5
FEF602
F8F80E
F6FD00
FDF409
FCF215
09FD0D
E5F701
0800FF
01FFFD
1101FF
0100F0
01FB12
E1F1FB
FDFE14
0502F9
0A0FFC
2A0BF9
FDFB0D
0F13EB
0509F5
1C0C00
050710
100EE9
0F08F6
160DF3
FE000E
0B02F2
FA020C
090702
01010F
FA00FB
02F901
FAFCFE
F90207
00FF02
040AFF
F502FE
03050A
FF0000
060901
00FFF9
FBFF05
FA0503
03FE01
F8FDF7
FEFDF5
00FF01
FA01F9
10FFFE
0800F4
000000
E5FCFD
2F07F6
2407F4
000000
1302F3
2109FA
1C01F3
000000
FAFEFE
0809ED
300BE5
0D040B
120703
0803E5
0806F9
F4F411
0DFAF5
0C07F0
190BE8
FB0110
0DFCF9
0600FF
150CE5
FD050B
0A03F2
060005
1C0DF0
EEE923
DC0312
F504F3
1414E8
E2F015
F202FF
FFF912
1916E6
E9FE01
030708
0F04F9
FF05F0
E1FA0C
070603
FBF306
F4FDF8
CFEC1B
110CED
FEFD0A
F90212
DAF604
1703E7
00FC07
E1F60C
0702EC
0902E9
080102
F0FD0C
E8F810
0E0204
DFE81B
FA0201
00FCEA
EBEF1A
F5F11D
1402ED
EEFA03
E2FA1B
F3F30E
03040D
F2F40A
0EFE00
EFED1B
EFF424
FC010A
E6FAFB
D6F208
F0FC10
FAFD00
0AF816
F6F012
ECF218
F4F20F
1E0809
0EFDFD
F5F905
F7F20A
FCF71D
1000F1
F7FB01
F2FC00
0BFC06
F1FFFE
F6FB01
FF06F1
FDFC06
02F801
0E0C06
1007E6
0905F4
D5ED0D
EBF81D
1713E0
1000D8
E1EF2A
F0F506
0C11EC
070FED
F0FB0A
070BFB
FD0000
FE0204
00FCFC
FE02FC
F9FF01
FA02FF
FCFFFF
0404FE
FF0000
0307FB
FC02F9
0503F5
0106FF
0A05F8
FDFCF7
0408F0
00FF01
F5FE03
0900F4
0800EE
00FF01
0502F6
3407F2
17FFF5
000000
0E0700
300DFB
380AF3
000000
0914E8
140706
5713E9
0901FF
FE08FB
E4F7E7
2409F7
0FFCFF
0B00F7
0D07E0
2515EA
EE0509
04F607
FF0BED
180BF7
070016
0B03F8
FA0A01
180EFB
EDF70E
F10601
FF06F3
0312F0
F2EF18
F0FA15
1409F5
0D16FC
F601F6
FFF60D
0E0CFC
080DE8
FE0B00
0804FA
F0010F
FDFB0F
CCF022
FF04F5
080CF8
F90500
2903FF
0311F2
1317FB
0A0706
2F0BDB
05FEF0
E4EF0F
F00B08
0E0201
060512
FEFA0E
FE01F7
DCFB00
F3FD0E
080706
0803F3
0B07E0
DCE622
F4EF0E
02F601
040414
1A01F3
F6F70D
F1F71B
02FB01
D4FA08
CCFC27
F50302
1107ED
F904E9
D9FB1E
EDF612
00F9FE
EDFC09
07F41D
F10006
FCF2FD
150501
0EFFFA
F4020C
EBF215
F6F809
E40013
090803
FAFCFE
F506FE
060B12
09FC08
180BEF
050504
FAFE1F
110609
F702F6
01F502
100BFF
130E08
E9ED13
EDF911
FF0609
03FF06
FA0207
040005
01FDF7
09070A
F5FE02
0004F7
F8FF00
06FF09
FF0000
0605F9
FF08F4
F702F1
F804FF
0205F5
0604F6
0205F7
00FF01
01FF08
1405ED
1104EE
00FF01
1A0AED
1A02EE
12FFF3
000000
170500
FBFA00
0400E8
FFFF07
FCFEF9
F404F8
F4FB02
2306F1
0E1004
FFFBDE
0EFE00
1104EE
060DF8
1307DF
180DF0
FE06FB
FDFA03
110106
220FFC
1D14F1
04FFFF
FFFF0B
1313F1
EEF912
120DF9
F4FA05
0D11F3
FA000F
130300
E8F719
030AF9
E6FC06
0301FE
FFFC0C
0E12EB
E4F804
130BEA
F800FF
02FBFE
D5F811
0E0CFE
F4070E
EEF416
E9F71C
FD11FE
1709F4
120503
1304F2
0509E0
0AFEFA
010109
CEF312
FF0006
0B0A0B
FC0305
180AF7
FCF012
1107EB
F5FA03
0EFCEE
DFEC1D
0D05FD
F8FB09
0D10E9
04050E
F4F614
FDF906
FD0DF3
D7FDFB
E4F125
070B00
FEF7FA
090200
DCF503
EE0703
0708E9
1007EC
DCF328
0809FA
FC03FF
120902
EDF723
FEFD00
E5F601
1B1602
F30029
FF04F7
F3F9FD
0D0A07
FDFE20
080206
F0FD01
010609
F4FF03
0F0B07
E1F21C
0D01FC
F5FCFB
FA0509
F1F808
F9FAE8
FEF30E
F8FCFC
F800FF
FDFBFE
0504FF
0B0704
000102
0603F9
FCFC05
F70610
FC00FF
FE03F9
FD03EF
F705F3
060306
0901FB
02FDF9
04FEFB
000001
FCFF09
1703F3
170CE8
000002
1608EC
2204E6
1904EB
FF0000
FEF918
F1F010
17FC14
F5FE08
FEF5F4
0A07F1
250512
030101
04FC0C
180DFF
2509E4
FBF1FE
0CF7FE
08FCF6
150C00
EFF118
F3F405
1C0700
0607F0
11100F
F1F608
FEFE0B
F6FA0A
020B05
FBFB05
F802FE
0E12EE
F50108
140EF7
21140B
0A09FA
0F10EB
130CEB
1001FC
EAFD0D
0D0EF3
0D15E3
120AEC
070BFA
DAFE16
1A09FD
FE0306
060D02
24040F
060003
F7FF07
FFFDF2
E1FB08
0000FA
E7F718
0F0A00
0D1504
F2FCFD
ECFC04
F1F70E
10FEFC
E9F80F
1709FC
FB0BFA
0D00EE
DDEC14
2718EC
090701
0C05FB
F6FF22
070303
FE0509
02FDF8
E9F919
F1FF17
0D040B
FF05EA
0B0DF1
FC010D
FD0110
0B0AEA
FDF9F6
E5F815
01F80C
EFF7FD
1812E2
F4F816
FCF40E
E5F502
2012F3
FF0310
0603FC
EC010B
F5FC1A
1B0AFE
000402
F0FB14
0A0AF8
0903F7
150A07
EFFE04
1C05EC
0102F6
090C04
F2F80A
0101F1
0F0601
0A0B05
FCF705
0100FB
150CF7
070DF8
F6FF05
FB02FB
04FD00
06010B
FE0000
0C01FE
FE02F5
0208F9
F60206
01FDFD
F7FA01
05FDFD
000000
F8FD07
0300FC
0901F0
000000
0E06F8
1201FC
10FAFC
00FF01
FEFF0A
F7F8FB
E7F7FC
F90001
F9EFED
FB04FB
FB0004
1409E9
0A12FF
EDFE0A
0302F4
2100F4
0B02F5
1A13E7
0B0509
0D09F9
F8F801
090FFA
030B07
141609
E6EA0E
1213F8
0917EF
0E14FC
0705FA
1710F9
110FE3
F806EE
F5FA0E
2711EE
080100
F900F2
1D16F4
F7F30A
F30700
150FEC
0501FF
0107EF
070700
130807
02FBF3
0C06F3
FF0AF8
2E17FC
130409
FC03EF
040EFD
1513F1
FF0605
EFEE12
010509
E4EF1E
0101FE
F8FE15
F6010E
06FB05
11050F
F7000C
050BEC
1807FA
DFEC20
ED0310
0B03FA
1703F1
E6FA0D
E2FC0D
0D01F9
0604ED
150D06
FD03FA
FB0108
0E07EF
0706FF
E0EE01
FEF806
0907F3
0704F3
04FD10
FEFCFF
03FA02
0603E9
090700
1605FB
EFFEFD
2707FD
01FE08
04FF0E
DDED16
120FF9
250AF8
08FE07
F903F7
1410EE
1B06F2
100801
FAFE05
1C07EF
200FFB
060212
F5FD08
08FFE7
0B09FA
00FE11
0104F9
FA06F5
020502
F9F604
0603F9
F5F7FD
05FDF8
F90103
000000
0F0B00
FE02F8
0402F0
0000FD
F9FD0C
EEF111
04FF00
0000FE
F5FB07
F3F80F
0302F1
FBFE09
F9FF03
0E04FB
1E0AE7
F2FB12
FA06FC
01FFEF
FEFC0A
0601FC
F5FCFC
F1F809
150310
1008F1
0AFFF8
ED04FE
F8F90E
1A0EF2
140B07
130BEE
FB000B
080200
03FDF5
030A02
0F0E0E
0B0609
E4F008
FF09F3
01FC12
050604
F1FBFF
040903
0B0301
0CFF02
FB0117
FFFD0B
FB01F3
F8FC01
1919FD
FF00F7
FC00F0
FA01F3
1003FC
0D0A00
F20316
09FFF8
FEFC09
0E0EF5
070E02
0E08F9
FFFB03
0205F5
000601
0E05F1
FDFBFB
08F911
F9FC08
0B07FE
FB0204
FD08FF
FAF802
090C01
040205
080E00
0DFBFD
060BF0
FBFD0F
E8F618
170DF9
FCFEEA
010115
C2F420
0A07F6
D9F509
180FF9
FB01FF
0D02F9
F304FF
F7F709
EA05F9
FAFF06
FF03F3
020101
1300E6
030005
0905FB
F301EC
FFFDF9
02FC0E
FC00FC
09FE09
2012EE
1209F6
FAF904
0C010D
1E1DDE
140504
04FFF0
0A0C02
2719DF
0F0006
02F5F6
1A12EC
200FEB
070612
0506F5
10FEF0
FF03ED
FEFE0B
0E04F0
F5F9F8
0206F2
FCF80B
0A00FD
0602F4
FF05F5
FE0C09
FC0003
0505F8
F901FB
F704F8
02FA03
FC0104
EFF709
F9F504
FD02FD
F5FF08
0805FA
0504EB
01FF05
F9FFF8
060606
06F912
F4FC10
FA0902
19070B
0C0201
F9FA13
0A0CFA
FCFC0D
130B07
FF01FF
08FFE3
E7FE12
FEFA10
FF09F5
0E0DFA
ECFEF6
1F0AF9
F0F40A
FD0105
F100F4
020116
FFFA11
E9ECFB
0F04F3
070710
F4FE12
EDF0FD
070AF9
FA0501
06FB15
F3F8FE
F80508
0213F8
E3EEFE
171308
FE0717
0409FD
EDF30E
FDFA14
060FFF
0307FC
FE02FE
F9F900
FE0705
0002F3
F5020C
0602F5
1502F8
F70101
FCFE01
FBFD00
0D06F7
FFF6FD
FE0EED
F80404
101302
0C0DF4
0C17EF
00FE05
020318
020905
050AE9
EEF30F
15050A
1C0EFD
EAEC0B
170021
12FB14
0A04EB
DBE623
F7FD10
EFF519
06050B
DBF816
290DF7
DEFD07
F4F607
EEF016
EDF210
F3F4F9
0502F5
FE03F2
FDFDFD
060303
EDFF03
0103EB
0806F1
F302FF
01FF03
0C07F7
150BF1
F2F713
F600FE
1F0BE8
0B0EFD
0E05F1
0C0AF7
04FDF8
150D05
120CF5
FF07FE
01F905
0F04FB
1914FB
0A0305
00F9FE
F205F8
1D1CE5
FDFC17
170AF2
010604
FD02F5
0107FE
F0FFFC
010008
FC05F6
FE000C
F80403
F704FA
F8F51F
FFF319
F601FE
EEF90B
050200
FFFD0B
EEFE0C
ECFC0D
0F0EF2
0A0400
F4FE0C
F4F907
FD04FF
05F615
090102
110806
FB0304
FDF713
F90206
08FCF5
F90606
F6EF11
F4FE11
FCF90E
E0F5FF
FFF50C
FB0804
E50202
170BED
0D1111
F10101
E4E602
0C02FE
FF0900
FAFF03
DEF2EF
020409
F909FC
120DF7
F5F4F9
141AF9
F2F909
DCF310
0D0BFC
0C0600
F3FAFC
EDF50E
100D10
0E0DF7
010409
FA08FB
2308F3
FC05F4
FA0107
04FBEE
E6F604
1509EE
F9FD01
FE05F8
2608F8
000105
000AF2
FB15F9
EDF70A
0B07EF
08FE0A
FA0EF9
E5F024
0504F4
E9F613
FEF504
F9F1F0
1509F9
07FEFA
F7FCF4
15FD20
FD08F3
FE03F5
F4FCF5
140706
F0F909
FC0007
EEF30A
2B0DF1
D8F11C
0708FA
E6EB12
2E13EF
02FC0A
05FFF7
1507E8
01F90C
02030D
FFF712
0A05ED
F9FC00
EFFA16
03FA10
FB05F4
F8FEF9
F6F71F
0D020D
0808F9
0D0D0C
F80507
FBFF0D
FF04FC
271BEC
030505
0BFA13
FFFCF4
070207
1811FA
1104F9
0BFFF4
F9FDFA
0F0CE6
0902FB
1107E0
0611F3
FA05FF
FEF7FD
F20003
02FC0C
ECFE07
FC0001
F4FE03
F1FD13
E6F914
F7FF08
EF0004
F1F703
FA0304
FA0200
F6FE08
F4FDFF
0107FE
F4F81D
F6FD0A
060304
FF0109
030708
010301
0E10EA
0701FE
0A0906
EBFD09
0D0DFF
FF030D
FDF914
F3F90C
F4F310
E6F705
FD0207
FC0703
F706FF
200EFA
F30106
FD05FF
F6FFF9
1307EA
010306
FBFE0D
ECF0F0
0307F8
0C0A04
070913
0B05E9
FF0101
F1FEFE
E9FA02
0EFD0E
FDF80D
FA05F5
FBFCFC
0F0EFB
2918F2
0C0602
1309FB
FFFAFE
FBFD11
030DF7
0705FE
010310
06F405
0206FE
0311FE
0A0016
0E0AF4
F902FA
EA000E
E4EE21
1601EE
F80A01
EC0215
00F222
00F200
FD0305
FCF90A
2504FB
05000D
FD010F
F2EB03
0F0413
2920D4
02F401
F3FCED
210A16
1606E1
050500
0C0105
0BFAF7
07FF03
02FC06
0E03EC
11FE0F
0EFF05
160CE9
1206E7
070107
09FDF7
0907FE
FC00FC
01F706
DFF51B
0C08F3
E8F608
0906F7
D0EF2D
090405
FF03FF
0700F1
170519
0C0CF8
F6F902
04020C
1509FF
120EF2
FCFAF3
0E070A
FDFDFF
090A00
110BE5
F1FD03
F9FA16
100BFC
F8F405
FB09EE
0F0AF6
FD0DF9
F1FC13
00FD00
FE02F8
FAFF07
FFFA06
F3FD0F
F904FD
F5FC0B
03FF01
F8F509
F8F910
ECF90D
0B03F9
0704F9
E9FA0E
F0FD04
090300
01FD0A
FB0AFB
EDF80A
FEFF00
FF0600
0503FB
F5F909
EEF607
F1FFFF
F204FE
F8FE03
02FE08
FE030C
F701FB
F3FF0F
FF0901
031000
FCF90E
020CFA
F80203
0A0F09
1D0DE5
060D02
140E0C
F903F6
F2FEF7
04FE03
05FC18
01FEE9
070507
0A0DF1
FFFE07
EF03F1
160308
E6F110
F60011
160DE5
10071A
F5020E
0A06F8
1E030A
FFFD0C
F4FF0B
0B0DF9
1508CE
1E0DF0
0B0802
F10316
12FFFE
3216E1
F700F8
F70218
02FC0E
2409EC
110107
F5FA1A
FDF717
F900F8
F3F8F8
E2F40E
0DF71A
F6F6F4
03F110
F0EC05
0E0500
16FC0F
ECFAFD
0300FB
15060E
F5FD0B
060203
FEFBF5
1D09E8
250ADF
E5F318
1704EE
1B0CDE
0400FD
0DFE07
0AFFFE
0E02F5
0EFE02
010109
EBEF06
02F9F2
1805ED
0405F1
E7EC22
060AF7
0A04FC
FAFC0F
EFFB0D
F6FD02
1A03F5
0AF504
F3FB07
180CF1
F6FCF2
01FC0A
FFF90C
F1F510
FF0003
F6FE07
EDF109
F50705
0100E8
0F08F2
FAF104
EBFBF9
1306FE
0002FB
1803F8
01FB02
E4FA0C
F50202
0706FA
EEF41E
EBFD07
F7FC06
0A04F6
F402FB
0611EE
F4FA12
0A03FA
0B07EF
F30000
F7FC00
0801F8
01FA0C
E9FD0C
FA0405
FE04FF
EDFC04
0005FB
FC0601
FE02FB
F207FC
FD090B
EFF60E
0809F7
050505
EBF502
F9FD05
FC0105
FD05F8
02F8FF
01FF07
0A0DFB
090300
F501F9
FF0AFF
180CEA
0002F6
0206FB
FC040A
1E0D16
FBF3F9
E7020A
FD0A0B
FBFA18
130EF3
F202EA
FE04F6
FF020D
0805EC
F0F905
F70005
0B0BFD
1409FC
DAF1FF
08FF07
0A0E05
2210E2
1D1BD3
FBFE04
FA0311
16FEFE
2A16E4
0A06F9
F10019
0E05FE
2C17F0
0C03F3
F5F808
FD0517
220DF8
F7F702
F9FD09
10FA05
FFFDF4
F0F012
FDFAF2
120202
1700FD
EFF804
0BFEF4
100102
1C07FC
03FC10
FFFFF0
2310EE
D3F12B
00FB0B
0F00F6
0903E2
0C00FE
06FB08
0D00FC
0407FB
1C07E8
00FC10
FBFCFC
0C09E8
08FCFA
F801FE
CBE032
060BF8
0EFC0A
1707F5
F0FA05
FCFCFF
13FD14
080704
F70308
F3FBED
1B15E5
1309FF
ECEA18
FCFA13
FE0703
0A0BF9
01F10B
FCFD06
1C0BF1
0906FB
0A08F1
FCFAFF
130FFC
060FFC
0A02F5
F8F80E
FBFD08
F8040A
FA03F8
FAFE0C
FD05FC
020104
F40006
0107FC
FC03FF
FB0306
0904F8
FCFE0C
0607FB
FD04FD
0009F6
090405
DCF60B
F507FB
F8FD00
E1F327
FE04FF
FF0EF4
FF0802
D3F80E
0E0B04
000408
0702FF
EDF10A
0A0EFA
EBFB0B
F20705
FE0C00
080E03
EEFC0D
180CFB
F9FB14
EAF407
FB01FE
02FEFB
05FA10
F901F2
F80010
07071A
FE0CF4
EE01FC
0B0614
17050F
FEF9F0
F3FEF3
FA0307
FF0309
1B14ED
FAFDFC
FC040B
010704
0808EA
FDFDEF
FFFD09
030F05
FC09E1
13FAF6
04FD07
09080C
2707B8
02FAFB
FD07FE
F1F91A
FB0000
F2FA0A
E8FB02
0401F0
10070D
F8F40B
FB03FA
F7F5F9
1BFE03
FF0304
0202FC
06FDFD
1A0A0A
1F0CFD
02FA03
07F80B
0101DB
110609
0408F9
FFFA06
1908E7
FE0207
0208FF
03F6FF
130BF9
F6050B
110AF6
0CFEFE
FE06FD
EFFB0A
010010
0E01F4
1508DF
01FEF1
0F03F6
EFF311
FCFCFC
1500F0
1C11F8
EEFA09
F5F1FA
270CF6
000CF0
04F8FC
1704F3
010100
0608EE
0702FF
F6F01C
170BFB
1004EF
0E07F9
F5F80C
110CE5
FC00FB
04F9F6
F7060B
040B05
150EFF
F0FD00
000114
EBF813
E6FA17
03FC02
F90BF9
EEFB02
EBFD08
FA0000
FC0408
0704FE
F3FB11
0003FC
F2FB06
FBFF05
040303
000DF5
0C030B
0206F4
FBFA11
E9FE0D
FC100D
0C00FD
FAFD0C
F908FC
E5FE05
1811E9
0F09F5
091001
E1F206
0FFBFF
07000A
00FE16
FBF90E
0801F9
00FA09
0203FD
F90204
09FEFB
0C0FFA
F500FE
F2F808
FF01F2
0505FF
00000A
FAF801
210CEE
02FF00
2A0806
0006FC
0907E7
050AFE
0DF50B
100305
0203F4
F7FB05
1707FE
0204EA
00FDF3
F1FE0B
120505
1E03EE
1000F6
FF0802
01FB09
0C05D0
0F08F8
DEEA19
FC0203
070801
0BFD0C
03FEF8
F8FDFE
020706
1511F4
F4F9FE
11060E
06020B
151BF3
F5F501
190901
1A09F9
03050A
FEFB02
0F0501
EEFFF9
00FF03
09FF08
07FFFD
2106F6
E6F215
1F11F8
FAF80C
0B0DF4
020205
030004
0FFD00
030209
F7F707
0A030A
10FB09
1512DD
DDF70B
F800F4
0F06F5
09FCFA
F700FE
0309FA
F805FC
07FCFE
170CF5
0A0AFE
F7FFFF
F4FDE8
100300
0806FB
0203F3
F9FA12
FAFB08
0208F0
1201F8
FAF90F
FCFF05
030106
0906F5
0A1303
04FE09
0605F9
EAF90D
EFF803
03FEFF
0D07FB
0400FF
0A08F3
04F703
050AFA
020202
0102F7
FEFCFE
1608EF
FA0307
EBF813
090CEC
060BFD
ED0106
090808
1108FB
0D05FE
F9FC0D
2917F8
0BFC05
0D04F8
040DF3
03F707
0F0D03
160DF8
0D0E07
D4F4F8
140EFD
0F0FFD
EEF31C
1507E2
06FB09
FE0B0C
0905F4
00F70D
EAF111
081204
090BF3
120BE7
F80117
040807
1612F4
031305
0D0202
FC0211
0D0E08
0905F3
01FB10
EAFC0E
06FF00
2E14E1
03FF00
EFF818
1B0CF8
0002E9
C1E922
EEFF18
00FEFD
140DF4
290DB0
EFFF0D
00FCFB
FDF9E9
E1F705
FAF811
0C12E3
100706
10040E
04FDFF
1306F3
E8F50C
250D05
09040E
0D0DFD
07FE0C
FF0206
FE0405
0C02F8
E3F8FB
FB0005
000006
05FE03
E6FEFE
00FE07
0C0004
FC04FB
F0F814
00FEFF
080808
EEF70F
1209F1
030500
0C030E
00FB0B
F2FC06
0505F7
040602
040308
0E06ED
F2F002
050604
EBFB0A
0B08FF
F9FBF9
03F70B
F4F406
ECFA08
FF0001
070A08
EAF208
F8FDF1
FDFC06
08FC0B
F8FB01
F4F807
100AF3
00FEFE
FCF602
FDF517
F90107
020BFB
F8F706
151612
FD0305
FC0703
000000
F90504
060108
0A0A00
FA0801
FA05FF
0E0101
FE0D07
FB040D
FB0AFE
08FFFE
090B06
F40D11
00F6F9
0709FC
04000B
FD0E09
0902FC
FA000E
0D0F09
F10603
07FBFA
FE0C0D
FC0A06
F507FE
FBFCF9
FD050B
080111
10F4E9
08F7F9
F51614
0404FA
1CE7DE
F8190E
FE0500
FD040B
10F6EE
ED231B
FD06FF
0B0D05
FA0401
0404FB
FA0F05
FC1201
FEF8F2
F80C08
0BFF01
0E060C
07EDE0
030C0E
FFF901
0B0400
FAF3F1
F40C06
FF0501
02FB08
EF1101
06FEF4
050707
0107FC
F80704
F91A0C
0401FB
0D0B0C
0300FC
0205F6
0F03F6
0D0509
08FFFA
0BFEFD
09F7F7
080C07
000001
0BF5FC
0FFCF8
FE0205
0EF0FF
FC0503
FA0606
0C0CFB
00FF04
23DFE5
03F9F8
060203
FE00FE
FD0D11
08F8FD
0D0606
FB0704
02F908
02FBFA
03FC03
000000
0503FC
08FB09
090709
0BF9F5
FC07FB
0FF90A
F8070D
08F5FB
FFFC07
07F4F7
030E0E
FF00FF
0FF6F5
15F1FF
FC1309
FC01FF
0301FD
FDFEF6
FB020B
F90700
F31509
011010
0D030D
FB0510
FB0607
F4070A
091303
EC1207
09F8FD
0100FB
0A0409
040000
08F8F8
08F7FD
0F0C11
FC05F8
040409
08F8F8
050BFD
FAFF0F
FAFF04
17FAEB
F9FE02
F7080A
F5FEFF
09F9F4
07FDFC
FFFAFC
FC070F
00FFF0
FFFEF6
F20F11
FB0100
14F2E9
07FBFD
FB0401
FA0201
FCFDFC
080108
FDF6F5
F40707
F70C05
04FC08
E70E09
0CFCF3
F70207
0603F5
E91E13
08F502
FF0D0D
04FDF8
09F5F7
FDFB05
FD0618
FEFC03
FB0304
04F604
F10B16
040AFE
04FF01
F80A0A
F7FA00
050200
01F700
040A03
FE0912
060901
05FFF6
F6FEFE
F3FE04
0C0502
F90FFC
03070C
000E08
FD0708
F4020C
FE0408
FC0409
0AFE03
0604FF
11EADD
020604
0606FE
02F6FE
02FBFA
0BF1F4
04F500
F9010A
FF020D
13F3E8
020309
0000FD
0701FE
03070D
13F5F5
0306FC
01F7FD
01FFF5
02FDFD
F60C07
F303FC
0BF0F5
1103FF
0AF5F6
FCFD07
16F3F0
03FE04
06F3FD
FCF205
05FB01
15F706
0CFAFD
03F5F8
09FCFF
0BFD00
05FF00
FDF6F9
1401F8
0904FF
F90004
050B0C
1EEBE3
090107
FD0200
FA13FF
F90810
020605
F603FD
F70405
16F1F8
0A0003
00FFFB
FDF507
FFFFF9
FF050C
FCFFFA
030008
08F9F8
050208
03FB00
090501
0C0200
04FE0A
FD03FE
0208FE
1001F5
020602
0BFCFB
08090B
0D00EE
100502
0100FD
FD04FC
12F9F3
07F9FE
03FAF9
F803FC
0AFFFC
0AFFF8
000000
03F700
0DFFF4
FF05FE
010005
01010F
06FDFB
F51016
01F2F6
F20BF7
09F0FB
FD0D07
FDFCF2
00FA00
070404
03FC07
FE01FF
05000B
07F6F0
01FAFA
FB0403
D71D1C
0DFB00
06FCF9
EF171C
EC0C09
090206
040306
ED0D0B
0EF7FF
15F60A
0AFC09
0401FD
F30B11
05FD07
FF00F6
01FF03
F2100E
08F4FA
06FB00
F20B06
04F4F5
13EFF6
0EF7F5
0A00FB
030906
F8100B
0201FA
0BF5F2
EF140D
10F0E7
060BF9
02FCFC
26D2CF
03F9E7
0903FC
09F4ED
FC0716
FF00E8
09FE02
0007FE
FA0400
F902F8
02FEFB
FEFD02
010609
14F4ED
0D0AFC
ED170D
F1100A
0DF005
0602FA
11FBFA
FC01F2
07FAFA
060A00
04F9FF
04FB0B
FE0E21
070208
070403
FA07FE
EF0F11
FE0A05
00FCF4
030004
10FEFE
080C0B
01FBF7
FFFE02
11F1ED
F9FCFA
FEFCFB
EF0612
FD0E11
04FF0B
FE01FE
FD08F8
12EFF7
0E0A01
0BFAF7
FB0907
05F100
060705
05F8F8
0701F7
02FAF8
04FD0C
02FBF7
010900
FD0405
010606
00FF01
0B02FA
09F9FE
00FD08
010A03
FD0BFE
06FBED
06FA00
07FF01
F902FE
050809
09FB00
040000
F50D02
FDFC04
FE0801
000301
FF0208
02F5FA
0805FF
FFFF00
FD0210
0DF9EE
07FCFA
00FDF6
F805FB
0AF0F8
040907
03F5F5
FA00FF
03FFF5
FFFDFB
03F4F4
09FB02
1100F4
FDFE00
0100FE
FEFA05
08F4FA
0507FA
020306
EF0A0F
14FEEF
030709
04F4FC
050B15
20E9E7
1200F6
09FDFF
FA180A
08F60A
04FDF3
000006
F10A11
08F408
0E01F1
F80504
E62114
1CECF9
12F1ED
01F7FA
F20707
F20816
FE0D00
02F7F7
07F302
0C0000
1201FF
07F1F3
2FCCC1
E92218
0BFB07
00F6F2
E61F2E
0CFA01
0503FB
01FE00
F80B08
030802
11FD05
06FAF5
0DFBFB
0CFDFA
FA161C
E5180D
000AF9
13FE09
07F604
0006FE
F110FE
F8FE06
02FCF7
15F2F7
07E7F0
EC2627
09FC02
0BFCF9
06FB09
FAFC01
FC0607
02FCF9
0000F7
110912
FD0205
07F5F3
F60BFD
1FE9EA
0AFEFF
06F6F6
030B03
FA0C13
FF0D07
F60A04
0300FC
03F7FF
F81106
06F8FD
08F8F0
02FAFD
0A07F9
02F8F8
0505FE
0AF8F7
0003FB
0004FD
0F0B03
08000A
0C0707
F50A07
0A0703
07FE03
010506
FC020B
050603
1101FA
03FA05
000405
0300FE
07FBF1
040D0C
FD00FE
FB070C
0202F6
0C0AFE
04FEF8
FAFA03
F10B10
0E0A09
0100FA
F5101F
03FAF9
0B03F6
FBFBFC
07FF00
020303
0102FE
0BECF4
FA09F6
0DF2FA
0E08FB
06F4F5
FBFD09
05FC05
FE0500
07F3F5
0EEE00
0E00FD
0BFD10
0FEFF5
F702F9
0CFE01
040E02
0BF5FF
0BFB02
12ECFC
0DFF05
040206
0801F0
13F902
0D0007
FC0807
E42411
16EC06
0705F9
04FB03
F31B1D
19DFFD
FF0400
FD00FF
F60712
EF0417
FC1415
0CEEE5
0D02F9
1FDCEC
1202F0
04F4E3
0EE9E8
F80001
040209
09F2F2
07F907
F50004
06F8FC
FFFCFC
09FAFE
FC05FC
10F4EE
03F9FD
1BE3DB
0200F3
070F0E
F904F8
FC0501
0FE1EA
02F701
FC0906
F404E8
04FCFE
0CF4F9
0102FA
F9FBF4
F2171F
FA050A
02FD00
FFFF0F
F2070B
0B0601
03FCF7
08FDFB
02051A
FFFE0F
0200F6
F50905
11F7F2
02FFF2
F70706
FD0408
04FEFC
0EFA03
F90608
F905FB
FA08FD
09FAFE
16E6EB
FC0A01
FC0108
FFF8FB
06F5F0
FF0300
0208FC
0A0201
F40A07
11FD07
000500
0F0302
FC0201
09F309
FBFE06
070C04
020B06
00FD06
01F9F4
0608FA
F60B0D
030500
0DF4EE
03FFF5
F60A09
FE0104
0CF4EB
0201FE
FFFFFA
05FDFA
000D09
050202
04FBF2
FAFE0E
F90913
0404F7
15E9EB
F30713
090811
07FFF7
00FDFD
0007FF
FC0C10
0DFBF9
06F0F7
FC0606
001312
0502FC
01FBFD
FEFE18
0105F5
0E0205
0DECEC
FBF1F2
08F708
0F07FF
0203FE
050B04
13FC03
05F8FD
FB0C06
11FDFA
09FD04
F90507
05F801
FC1307
0B0310
00000C
000601
F61314
14ED01
070205
FC1008
FD1010
19FFFB
F9100B
05FEF9
00FF09
FC0508
040803
00FBEA
030900
12FA00
0B0004
04FFF4
0CF1FD
0EF3F8
0908FC
01FDF5
FF020E
F70010
FB0D07
07F800
0CFEF7
FF1200
F60E01
000106
0EE8E0
1100F9
070107
F4100D
00FDDE
07FB05
04FFFF
FF0608
E41811
0003FB
000D0D
000D0E
FE0210
F70301
080D01
00FCF8
FEFE01
070908
010200
F50803
09FCFF
08F0F5
0EF9F4
FD0401
FDFD06
0300F1
110308
FF0001
FAFDFD
FF0704
07FF02
03FE00
05FAFE
030507
030101
0006FB
04030E
04FBFF
0E01F9
FE0C07
09FC0C
0FF4EF
0A09FB
FE0303
0A0C0B
00FDFC
07FC04
03050A
0D0705
05FA00
080D0A
FA0708
000806
10F6E9
15FAFE
F70909
FAFAFF
04FDFC
020109
FF00FC
090904
07F9FE
11F702
0CF1E7
16F7F2
FC0001
00FD09
00FEF7
EC0F18
020002
0AF500
F90503
F7FFFD
FC170B
030908
F4040A
F50407
FD150B
0CF306
030102
031007
09F7FE
10F8F7
010706
0CE5FC
10F502
02F4FB
F31311
E719FD
14F6F6
0402FF
F90500
060B10
FF0008
FEFFF9
0AF6FC
0FFEE0
FAFA03
06FE0B
12FCFE
0703ED
08000F
F80B04
F804FC
FF1323
0002F6
FC070E
0BF9F7
FCF1F5
F31D14
FA1A05
04F8F9
15ECF5
F61014
0700FD
02FBF7
1CF4F3
0902FB
02FA00
FDFAFF
FD0B1A
0AE7FF
04FB09
FFF8F2
0CFE05
0BFBF2
100004
F9111B
EFFB0A
19EDDE
FF1715
EC1019
FDE2D6
10F3F5
EC0D04
F81411
F51202
16FA01
0D01F4
0C0809
F60C15
06FBF0
FD0504
00F8FB
080119
020BFD
FA08FF
F70501
01FFFB
FC05EE
0D02FC
000007
FF02FF
FE1101
FE0900
FF0101
FA06F7
01F4FE
060107
000100
FAF7FD
06F6F6
07FEFE
07F7F5
02FAF2
000C12
02FA00
FEF605
0CFDFD
0D0807
070C04
FB0403
09050F
0103FA
FFFF06
070501
0AF9F8
0C02FB
040BFF
FF0206
FE000C
01F4F3
09FCF3
FF0203
FA0B09
00FDF9
0AFBF4
000000
06F902
0E03FA
0901F8
0AF4E9
040306
1003FC
0702FB
02FBF9
0804FF
F1040E
FF08F8
FF0604
F9F907
16FDF6
11F2EF
FB060E
FD100E
06F9F8
00FE05
F90708
020D05
FBFCFB
09F903
FF0006
06EFEC
03F8FE
F5FE04
F3150D
FC03E7
F21119
02F004
FD0100
F21CFF
F703FB
0004FA
00FFFD
050DF2
FC09F9
F70604
F7FDFE
F51504
EE1221
19E7DA
F51809
27F305
0AFBF5
0BFB01
FD02FB
F6EEF2
FA0614
FD02FB
F40508
1C01FA
E10E19
F70FFF
FAFFF9
060109
09FE00
050301
0FF4F3
F3101E
F1080E
FA0905
09ECD8
020A05
FD06FD
0A03F9
05FD04
0DE2CC
0AFEF8
06FCF8
F90915
07EDE0
F60916
0CF7F7
08F800
0F05E3
0105F7
03F700
060404
EC1A0B
0208F4
06F600
000406
FB00FE
02F8F5
0FFAF5
130007
F5FE06
FD0D1D
10FDFA
06F5FA
04F805
0A0603
090509
04FF00
FFFCFB
09FDFA
FD01FA
0000FF
F10106
0CFBF6
090605
04F9F7
02FD02
F30B0F
FE140C
FD0800
04030C
0A03FA
03FE02
FD0201
07F302
06FAFD
040A01
0A0003
14F802
03F8F9
0A050B
0BF4FA
0E0BFF
F80706
04FF01
08F8F7
F80D05
0605FC
0304FC
13EFEE
0EF800
0105F6
000703
FF0201
00FDFC
19ECEC
0FF702
FCFFF3
15F6F9
0AEEF0
110106
F30708
060200
1AECDC
10F50A
0DFAFB
00FF03
1AEFEF
FFFA01
F90A0B
FF06FD
FE0C18
0CE601
0EF808
FA05E6
F908F7
030105
09F100
10EDDC
FFFEFE
FF0802
0500FB
EE0AF9
05FAF1
02100C
F80D0D
07FCF7
E20D08
040CF2
010602
F412F4
E12C2F
FF0A13
10F7FF
FF1511
EA1509
EF0709
000705
12E7F4
03EE00
F20E06
15F7F6
0AFF0D
FA0011
F50C07
0AF9FE
08EAF7
F81B13
FA0606
0501F3
04040F
06FE05
050102
1BFA02
FF0F1E
E71918
060604
0EF1FE
FFFF06
02FA08
0D00ED
08F5FF
03FCF7
0AF2DB
19F904
F8070C
F9FAED
0FF3F4
0202F5
04FDFD
0AF8E9
09F506
0EFEFC
00121C
0FEEE1
F0040F
0E02F0
0EF605
F91310
00FE01
0AF7F8
EE1311
FD0201
00F906
0A01FB
01FE00
01F605
FD0402
010200
000000
030006
06FF08
09FF00
00FFFF
FC0F01
090402
010E0C
00FC01
02FC02
E81D1C
050507
0200FF
FB0B08
020306
080B0C
03FD05
0700FD
070402
050908
07F9FC
03FC0A
EF03FF
030601
11EEEF
050103
FB0605
0A0A00
04FAFC
0102FD
0E03FD
0F07FF
14EEE8
F40402
09F0F7
0BFDF9
04FEEF
F80AED
0EF1EB
0200FA
02FB04
0BFEFF
09E8D6
F9F8FD
FFFF04
F90601
09FCE1
08FF02
080A08
0CFA03
F0EBFD
FA02F9
000514
FA05EC
0CF7EF
18EBE8
FA030F
0CF0F8
F904DF
F9FEF4
FF0D0C
FB02D2
E20EFC
FF02F6
DF1F18
E50503
F8001A
04FFFB
05FD05
04F3FB
E42721
070209
FC0C1E
120B0D
FA000B
03F804
D0393C
19EDEF
100106
0CFEFF
0AF0E8
05131B
F00B18
EA1815
1FEAEE
10FD06
F81802
F70B05
08F8FD
06FCF2
FF0505
F505F8
010304
0DF006
E41C15
030D03
03FF01
03F506
FBFE0A
04FE01
F90704
18EBEC
F20B0B
F20F12
F90F07
01FD0B
EBF9E9
F4050D
0A04FD
13FCE8
19DBD0
060AFA
F51414
050BF1
010303
000100
06EFFF
E81911
0A0002
0408FD
FD04F8
0504FC
010900
0D0900
FAFBF4
090C09
010502
010300
000101
0007FF
080D03
0F02FF
0100FE
06070C
03F5FA
FE0600
FB0206
0A0405
050500
050506
000000
FD0C13
0CFAF7
FE0206
0B010A
FF0202
06FEFE
FF0502
14EAEE
03FDFE
020106
0807FA
1CE2E6
01060A
F20909
F81606
06FEF7
0A02F4
0BFFF7
FDFFFD
08F8F4
12FA09
0DF9EC
0B00F6
02FAF9
030AFE
11FBF5
09F509
09FEF6
0904FD
0BFAEC
0405FC
0FF6EF
FFF40C
0CECEF
06000A
F5FE08
FBE60C
FFFDEF
06F8FD
E61516
0B17F1
FEFCEE
FCFDFE
DA272B
EC09EE
EF13FF
12F9E9
E41411
0310EB
F005F1
03F7F5
040209
08F9FB
F9040C
03FB01
E72629
01F6F3
F71113
F90504
100704
08FF0C
E70B20
F61204
F91420
FD11FC
010208
FF090C
02FC02
FC00F7
FA020C
FAFDFA
0FF1FA
F81B0F
F70DFC
FB1209
1EDFE2
03080B
F215FD
00FF06
11F104
03030B
000900
090403
11EBF0
08F2F3
0CF808
03FA05
0DF8FF
09DFEB
EA121F
01F3FF
09EFF7
06F708
FEF1F6
FC0EF7
000104
0E00FE
F0F6F1
0A0108
F30513
15F8E0
11EADC
061109
FF09F6
F80A01
09FCFA
FD0805
EB14FE
F51110
140C01
0D0501
F508F6
F70501
01040B
030107
FF0203
FB01FE
0BF6FF
0804FC
02FEFF
050AFB
0903F4
090309
000100
05FB03
060504
040604
000000
04010D
0102FE
FCFD01
0401F9
0EF9FC
0A0603
07FE03
19E7EA
0400FF
05FCFA
F50007
04FAF5
0807FE
03FEFE
000C17
FA0606
060004
FFF8F6
0A09FD
0FF0E6
0AF3F8
F7FDF7
09FCF5
0BF0F3
040AFF
F7FAE6
F8FC02
10F9EB
050400
05ECE2
00FCF5
FE0001
0CF101
21ECD1
FEF5DC
00FB04
F8E7E1
07FEE0
18E9FC
F10C0B
FF020F
07FDFE
10F9F2
E50CFF
09FDEE
FC0303
05FEFA
08E7E4
F30E0F
0609F8
0AFADD
F2171B
1AF2FB
FE06FE
0500EA
FF140B
000D03
F80F01
E12318
0BFF00
1BFD0A
F70A06
01090A
FA0C17
11F9F5
080601
0C04F6
FBF802
02F50C
0E02EA
F01D14
17FEF5
07FDFE
F31D0B
F703FE
0AF4FD
0DFEF9
F21616
F40E07
0EF4F4
FF1C0B
F4040C
0105FF
1EDEEC
06F303
F00205
0BFA04
FCF9F9
E5FA02
0A0006
03FFFD
FDF702
F50101
EDFE05
F501F7
06FAFA
021403
FA00F1
18F9FC
EB1112
F7FFFC
0812F3
0AFAF9
F11906
05FCFA
09F4F0
12FC01
F312F8
05FEFA
FE1116
070208
FA03FA
E61914
010306
110207
FC0507
F60F0A
FC0107
080601
FF0000
F90A0D
FC0904
070200
000000
0906FA
010B04
FF0F0C
FF0000
02FB03
01F8F5
FE02FE
FEFC01
FE0007
07F6F5
050307
11EDF2
F70400
08FCF5
050109
07FCFC
05FEF6
FC0501
010A13
F50D0C
01F6FD
06FFF5
F80BF7
0AF6F7
06F604
0DEDD1
F8100C
0001FC
12F4FD
F9E9EC
F21207
F700F5
0DFB00
0DFFF7
04F0EE
E20D0A
1AEEF5
06FCFA
0DF4E7
0407FC
04E501
FE12FF
09F306
F6190F
FEFEEF
FD04EF
0CDDDE
1500E6
FB0200
17F9F7
FD01FA
FB13F9
09E8FD
FFFCFE
F407F3
F21314
0D03FE
060202
02F8FD
F31F1B
0A041C
0B0B0B
0707F2
F11B1A
19F2F2
F1110F
EE0D14
0B080F
020002
FF0C18
03FCFE
0FF30A
04FB05
EC0D10
09F7FA
09040B
F00904
FEF9F0
F30105
11ECF3
F103F6
F71A1A
010004
1BDCEC
040D0E
DD200C
FD00F5
06F701
FB1117
E91B08
0502F8
FEF2F8
EFEFE3
E80E16
12FEFB
F80300
0EECF4
EF0F0F
F801FF
00FC02
08F7ED
F1070B
F8FD09
00FFFC
020906
FB1810
040807
F21009
0D0008
1AF9EF
FE0A09
F41602
29EFFB
06030C
0E07F3
0203FF
05FD03
0109F7
0A0F03
FA0704
010301
050E0F
FD03FC
FF0202
03FB04
FF0809
0908FE
FF0000
04F702
0903FF
050B0A
FF0100
FFFAFB
06FAF8
0800FE
06FE08
010104
0AF4FA
FA0106
07FAFE
F80A06
FE0600
000C10
11EEF0
07FF08
FA02F4
F10D10
16E9E3
0DF8FA
F700EE
FB02FD
01FFFD
10F4F8
FA09F9
FDFCF0
E2171B
1EE4E0
FCFEFC
F61106
ECFCFB
0CF805
07EFF8
010207
FD02FF
0AF6F8
F7F5EE
12E6FA
FC0106
F90209
F110FD
F8F0FF
D8352B
FAFD0C
F306F7
0BE9E9
F11C1B
0909F4
24E0EE
0102FC
FB0C05
14F4EC
03FCF6
EA05F2
F11913
0200F7
FE0A03
FAF6E8
DF2028
0E0204
0AFD04
F612F9
F11813
050719
EE1B20
0A06FB
F31317
090C04
F0151C
0B00F5
F80607
02ECFF
02F30C
FE0802
F8161B
F70BFD
EF04F9
FD0305
080913
FEFC11
E61A22
040202
11FBF9
08040B
D41D41
0EFDFC
0EDCEA
17F4FD
EB1413
08F6FC
FFFAFC
E312FA
FB0911
FBF605
EF0703
06F7EA
030E07
ED180A
F8040C
02FDF3
F8121E
F40C0C
05FD00
FFF703
000F06
14020A
FD0A0A
020303
07FBF6
0BF3F9
F71506
08FC0C
02FFFF
0408F7
0501FF
EA181F
05FB03
01010A
F70C05
F90803
0D0907
040905
FF0101
FB080A
02FF08
0CFD04
FF0003
F802FA
040B10
FE020D
FF0100
FE06FD
0CFDFB
01FA03
0AFDFE
F30705
0400FC
05FC0B
0BF5F9
000C03
F6FEF5
E90508
07F8F9
FB0408
07F2E7
030103
FE0100
0E0202
0EFDFD
070907
FD0200
04F2F7
13E5EA
17EDEF
F80B0B
12EFF8
FBDAE5
15F3F4
F9F9FC
07F5FF
02FA11
11EAEE
1AFEFA
F90A07
010200
10F7F6
05F6FC
09FA00
0FEEF3
17E7E8
E62423
F70619
10F7F8
FDEFE3
CB2A26
FDFFFB
09F1F9
0DEBE9
D82F27
11FFF6
020608
F901F0
F7100E
19E5DF
02110B
040B00
EB1315
FC02FB
EF110E
F90E0C
040205
FCF9FC
F32116
11EBF2
FB0002
F31F11
F71D0A
04090C
0DF2FD
0803FA
EE1617
070C04
01EEED
EA090A
F809F1
FD0CFD
10050F
060715
F3FFF8
08FB01
F80510
08EDF1
F41509
FC0607
1AEEF3
FC1016
E51B2D
F50605
F70409
E31C0E
F41C1F
05FDFE
FE0F01
0EF6EC
F2160F
00F1FF
16F8F6
11FCF4
FB1008
0EFB08
0400FD
11FDF8
EB0E03
0601F5
F1090F
FAEF02
09FB00
04FD06
F80A0E
1CEDF3
EE1E23
050503
FC0700
21FA22
0A0202
040B09
F90600
FE0207
0507FC
0B0306
FD0306
06FBFB
F907FF
0DFAFA
FE0404
00FEFD
FE0EFF
070F11
FF0100
060400
030604
04F704
0203FE
FA0C06
FFFFFD
040004
000000
F9FFFC
E30408
E8FCFD
000000
010100
E904F7
EA110C
000000
09F9E3
09F6DB
EE06FB
000000
10FAE9
00F6F0
FB050B
020903
0CEDE5
1EE8D6
F6000F
F9060A
0BF7FC
07070C
07FD01
F91F07
00FC0F
F00C0F
0BFAF2
060BEF
19EDF4
FFF4EE
10E9E0
F8070A
060F16
06FBD6
0DE7D9
EA1F29
020202
16F7F1
09FAE2
0C000A
040500
F30911
1AF3F7
F90C13
0FEBF8
F31011
EF1415
F9101F
FBF9F5
110E03
F11008
000607
0C0523
F21C20
1301FA
09F5F7
03EAE6
19F1F1
13F500
17F5FE
0506FC
000600
F70C0C
25C0AC
0AF812
01FDF0
FB060F
1BEBE2
F5ECF3
EB05F7
EB131F
080618
1BFBD9
E5150B
F50DFF
F6FD08
F21617
D11F36
06FD06
09F7F3
F51AFE
EC060B
FC060A
10F8F6
02FE06
0EF8E7
FC03F8
11F8FD
00FFFD
E60F11
F8050B
15F5FC
0AF4F3
EC1710
00FE0C
07FFFB
12E4E5
F4232E
13FFF7
F21308
1DF6E0
F80E17
02FE04
FD0D09
FA1837
08F5F0
0509FB
F70DFF
05F900
08FDF5
020505
01FF01
030401
05FFFC
03FC05
FE0204
FAFAFE
000409
08030D
FF0100
06F705
0306FB
070200
FE08FF
F7090D
F7FF01
0AFCF9
000000
04F8F4
FA0002
05F3E1
000000
F40305
0DF4E9
F50800
000000
0EFCFD
29E1D8
10EAFA
000000
19E8EF
1BE3E3
00F909
F61C1C
15FBF1
03F2ED
22F2EE
FC1127
050802
FCECF2
1FE4E5
FCF90F
FE000C
11E2CC
26D8E4
0CE7E8
0509FF
0DF6E8
0E0005
10E3EB
F70010
00FB00
15E8EB
05FCF8
F90F05
050602
01F502
F40907
03FC0A
1BDEDE
060505
FB0805
0EEEF5
1FE3E3
FA00F3
E81B15
00F7FA
F6F9F9
010F00
030C0C
FFF7F3
F11604
ED0B13
1DFAFC
0CF9F0
080C03
060606
FB0A0F
160105
EC0D28
070B14
FFF9DD
FB0313
000E08
FF0F16
09E8D8
FAFA00
F30A00
FE0917
10F7F4
03FCC8
D32226
ED1513
16F3FF
0407F5
E0332B
E4241B
FCF9F4
08FAF1
0DE1F1
F9060C
F9FF0C
0C0904
10F2E9
00110B
12F504
13F2FE
F71C14
F80603
FFFC06
090005
D83933
FE0608
F90D0A
FEF606
F10C08
FB1A0F
0FF3FB
FCE1D6
FB090A
F6150B
0202F0
061523
090004
03FCFE
11F6EE
19E4F6
0E0AFE
FD0A04
0004FD
0C0C0E
0C03FC
FE0101
FD0304
01FB02
03FE09
070411
FF0000
0CFB06
0BFEF6
0C09FD
FDFD05
04F9F6
FBF7F8
FEF7F9
000000
13E7EC
F20004
F8F2F3
000000
F90103
1EE9D9
F0FF05
000000
21FCF3
11F408
3BD8E5
000000
11F9FB
10DECD
27DFE8
EB1B09
0EF703
00F1F9
26E6EB
DD1B2D
FEFAF6
020F1A
15E6E5
06FC21
EB0C21
13020D
19F1E2
FD1823
060902
10F9FF
0DF1F5
F30E1C
FEFE0B
0DFBF6
12F1F5
F810FF
F11213
010804
FDFCF1
FD0201
070703
F40C13
05F8F1
E22222
0C191B
FFF3ED
F21308
E71D1D
F4F4F7
08FEEC
03110F
EF0F1B
11DAD0
060800
00191F
E8171E
DF0905
EF0B15
01030B
EC1716
F91213
EB2928
13F4FB
0ADFCB
FD121E
E81D25
0BEAE2
07FB02
F30B13
F30A0B
080501
0600F2
07D8BC
030B04
EA1125
F30111
01FDF9
F20602
EE1A0C
FBF3F7
15F0EE
F5FBFF
ED0A14
F70209
F91502
E90811
000608
FB110C
02FFFD
00FAF4
050906
0CEDFA
020AFF
EC0503
FB0D05
FBF802
04050B
0FF6FC
01FCFD
0FE6F2
09E7F3
16F60A
FD1308
1FE6E1
14FC03
0FEFFB
F402FB
0EF1FA
0D081D
0B09FA
FF0809
01FAF5
0B0803
02FBFC
0802FB
FE0202
0D0A00
070106
0A0C0C
FF0000
0EFA07
07FCF9
0EFDFA
0906FE
03FA07
FDECF0
0CF7F5
000000
FCEFF3
FAF6FA
08FBFC
000000
EAF7FE
1EF1EA
1AF0E8
000000
0FFCF3
20FBFA
0E00FA
000000
0AFCFD
11E8C3
24EED7
070800
0A05FE
0E01E1
12F7ED
F20819
FBFCEF
0905EE
17DFCD
010024
FC0108
FC0411
1BE9E0
050D28
FEFCF3
090412
14EEF2
F41124
F5170A
05F700
19F0E5
E71A1F
0106FA
F41718
1DF1DC
FE04FA
FD0308
0DF3F6
10FDE7
E9150C
040318
FE0515
0BF700
DE171A
08F0DD
F80E07
F5180C
E71408
0BE7D8
FF00FB
F41913
01FAE7
0BE8D4
F40B06
F2180A
EA1311
070A06
E02027
060608
FEEEE7
EA1C17
E91726
03F5ED
FA03FD
F4121A
EE1824
040A08
EF0D15
FFFD01
E12722
E61D21
FEFCFC
F30000
EB0511
F11508
FDF4F7
FF161B
E91415
F0130F
E8141E
140BF7
0000FE
000708
F41616
F21F0D
08E5E2
F30B09
FA010C
080B01
F9FD0A
001005
11ECF6
06040C
03110D
FEFDFD
0FEAEE
0DF2F1
EB101D
F51F1F
17E5D9
0CD2BC
ED3032
F20C05
14EFEA
19F9FE
F70F0A
1105F1
0104FD
020B0A
FD0104
12F5FE
F60901
020B06
FD0E07
0C0B0A
000000
0F01FF
03F8FC
13FBF6
050104
0CFCF9
05EDED
15EFF2
000000
F20204
05F1F3
0EEBEC
000000
02F3F3
1CF9E2
01FBF2
000000
1301EB
27FE02
23FCF0
000000
0FE5E9
070EF7
49DDEF
06FEF8
05F4F5
E8F4E0
12F70E
0903FB
0EF0FB
09EADE
27F3DD
0C071D
FD03F8
FC02E9
18EFF2
0C050C
FDF8F9
FB0AFB
11F2E6
040D11
FF0204
00F7F7
06F7F7
EE1612
F90D1A
10EFF0
12F0F7
FA0603
040108
17F8EA
1AEFE8
FF02F0
11F8F0
FF1626
000F11
DD2127
FFF7F7
09EE00
060004
17FD06
1BF9FE
0FF7FB
040E01
24CAC6
01FCEC
F11E25
0CFF00
0501FA
04121D
FA0E0B
04F9F7
F50208
F20D0D
0C0A19
0AF0FF
04EDE9
DB2229
F2160E
FA070D
020809
01FD04
F31010
F61716
0104FA
F90F02
EA2523
090B0F
11E6F1
0AF0D5
EC1D2A
F21A1B
FC0003
FE05FC
E81721
FA0E0C
F50900
0B05EF
05F3EF
F00606
E90F18
0011FF
FD0A1D
FD0901
FFF80A
FCFF0A
10FE1D
050508
18ECEA
12FF0A
FE1730
060600
06F7F2
F7FEFE
0EF60D
020210
F01915
FC172C
02060A
FDFB00
FE0908
0A05FF
0BFAFE
0105FF
F90D04
0EFB02
FB100D
090602
000000
01FE08
13EDF3
07FFFB
060D05
08F7F6
0EF4EE
06F9F5
FF0101
FD0710
15E5EB
0AE6EF
FF0101
19E5EC
0EFEEA
0BFFFA
000000
0E0FF7
F619FD
0703E9
F50B0D
0503F6
05FDDE
EF0707
1CE6E9
1AFD05
FAE7DC
00F60A
08F3EA
10F8F9
07EEE0
15E4F3
0DF510
F40912
0EEEF1
12EAE8
21EAF4
FF0AF4
FF000D
1AEBF7
F70113
19FD07
F800F4
17EFF6
F9110A
FB0C0A
E9132A
0CF3FA
04FCFB
000E09
F305FB
14FAF1
F81303
0DE9F1
05FFFE
FA03FF
EA1818
03F9F4
141217
FA1922
D92A30
0F0B05
14E6F1
0BF5FB
18EDEB
10E6D8
090109
FAFE08
EA1210
F60305
0D0DFF
F901F8
18FAFA
EC2029
0AF6E2
08FDFC
06FAE5
DC231A
02FD0A
F60B14
09F0F0
0A1015
FA1221
FC050D
0AE9E1
F1FFF8
E42A2B
08FAFB
F1F3EF
FFFFF0
F10E0D
F8060A
0BF1EC
13F3F3
EA3034
11FAF5
F2FE02
0AFFF7
F61D10
FE0D07
F2FD0B
1AEEF0
011E1E
02F802
F7F3FC
1006F8
FC2C2F
070C07
EF0309
FE1911
FF191C
050C05
ED2A21
0106FC
F002F8
02030D
000E05
F6F9E2
FB0512
010806
0200FC
FB030D
05F2F7
08FBF5
FE0303
0AF808
FF04FF
FD1011
00FFFE
0BFA09
11F2EE
16EFED
040B0B
03FCFF
01F5F7
11F3F0
FF0101
FD0D0C
11E7F5
10DDE5
FF0101
19F1E4
15F2E2
11F1F3
00FFFF
E91F13
DF320E
FB3924
F01113
0009FA
05F8F0
0F1712
FE0105
0A0904
09FFF2
1DEDE6
ED05F9
FC01F2
F8E9FF
1BF1FD
E61D0C
F50C10
13FFF4
0BF0F0
030011
EF07F1
FD0612
000310
09FD06
01040B
08050E
1BF5E1
F6F5FE
0F00F5
15FB05
09FBFF
0FF3E1
16EADF
0DF4FF
ED0B0E
08FEF2
0FE4EE
0DEBED
120702
F81012
06FBF5
09F6FF
0F04FA
081210
00100C
0C050B
03FEF5
F90D11
05F4FA
F81C17
020806
1DF804
02F5F8
040A05
020505
11FDFA
E91F25
05E6FB
0103F6
05F7EE
E51A18
1AE9F2
08020D
FCF5FC
FC1632
060109
FB0504
08F0E9
F41724
F12115
0DFA03
11E5F0
11F4ED
090B0E
060C0A
01EEEB
FFF6EE
F11D1D
F9070C
FAF1FA
2BE8D7
FA251A
F90502
F30601
24F0EF
0B130A
0CF505
010B07
FC1912
13F8FC
FF02FA
F20D17
0FFBFC
03E805
05FE09
FA0F06
06E2EF
FFF5FD
020405
F9070F
FAEFDF
04F100
0B0507
0003F9
06FF09
14F5FD
1404F9
F6070A
01FB02
00FBF6
030C0C
FD0302
0DFB05
0EF6F8
12F3FC
070700
0500FF
F20208
01F4F6
000000
F20B11
FDFF09
0AF2FB
000000
03FDF2
0B04F7
020305
000000
F40CFC
F215FC
ED1AF9
FD0301
FDFCF6
01F60B
F90412
1FE2E0
13F502
FC14FE
04FA09
0AF3F5
07E7FD
11EBFE
12FE09
0600F5
F90906
14ED05
100407
0EF704
EE0CF7
0BECFF
14F5EB
0CF503
FBFFFE
14FAFA
10E5EE
00F0E7
FD161B
15E4EA
0C08F7
FDFFED
23EE05
000210
00F608
0EFADA
F8FC04
02F8F8
0203FE
10FB0D
0000F3
09EDE6
090109
23EAF3
0906FE
09F7F9
090700
1BF1F4
0205FE
ED1111
04080E
FB142A
FD0CF2
F20C1F
031009
FF0A03
FD0F11
F4090A
05F9EB
0EF4F8
E42328
F910FE
0E04FF
0DF8FF
EB0B10
EC090F
01010F
03EBE8
10F10A
07FCFD
041311
05F4ED
0CFBFA
E70002
0305FC
06E100
0BF4F5
F51412
03FB0E
FA03F1
12EEE6
11FA0B
0802F9
FDF2FD
13EEFE
FB0608
F8FF04
E61D19
1DEDF2
0CF3F8
FD1009
0CF5FA
19F9EC
12FAF2
06020B
000905
0BE8E5
11FFFF
020A10
F70A05
01F5D3
06F706
FE0A0C
02F8FF
0601FF
FDFB0A
F8060D
0EF7F6
F20808
FD0106
FB0606
0000FF
0DFF0C
08F602
0AFBF6
04FDFF
F50B0E
EE0D18
FFFBF7
02FEFE
F3110E
F30B16
0FE8F8
EF1215
FA0406
FD0308
1BE9ED
E41E1F
020807
0603FA
F32713
FE0004
FE03F6
F2FF14
050F1F
19EBEA
01F706
00F9FC
F40B12
19EBE9
15E904
15EDF2
F60B08
0A0405
0104F4
150305
0A0207
090708
E80A0B
1408ED
030B14
00FE02
0108E5
170B0B
0DF7FB
000608
03121C
0A130B
05F8EF
00F2F4
1F040B
030B05
0DF7E9
F9F4E8
07F60B
12F9F6
040407
01F5ED
FCF5F1
0AF1E6
10F205
03F4FB
F608FB
01F8FD
06FEEF
14EDF9
07FEED
FA040C
09180D
020403
05FCFA
050B12
0101FB
010009
FF0E0E
04FC03
0A02EE
0EF0FC
FA0C16
F2040F
02F6F1
05E4E4
FE1118
E9141D
09FDFC
EE0816
1001EE
F701F3
160109
00FC0C
F2150B
0801F4
01F903
09F0F6
02EDEB
FFEDF6
F2050E
07F8F4
02F1EB
F8FDF7
0C0D0D
05F4F1
0E0403
17F1F3
06F8F6
F30901
07FB02
2CD7CD
030201
03F1F0
13FD03
2BE7D5
080502
FCFAF9
18F1EC
1DE2F5
070604
08FEFC
03EDE8
0BEEF4
080D15
0AFBF8
0806FE
09F6F7
F90AFC
040102
FCF7FA
0BF0F8
07FAFD
F8090A
04F9FD
02FF07
11F4F7
010905
000D08
E80918
00FC04
03FDFD
F20506
12EDF3
0FDFEA
F80809
FCFE04
0E0C05
F50A1B
EA1619
02FCF1
030806
0809FA
ED1719
10FDEE
F3130F
0E0707
F9FF08
06F2FF
F91112
E9131F
07FAF1
17F504
FB08F6
000306
ED0C09
09F9EF
07FB01
000F1A
000D09
E20409
0F03F5
F6081D
FD020E
ED16EC
0EFFF5
FCF900
F60A0E
0117F2
090A05
09F4F6
F201FD
130709
08131A
02F4F4
F70302
FF0D2E
0CF2F5
F9FEF1
FBFB06
0410F2
0F00F2
0EFE00
F2020D
0BF5D1
18FDE8
0CF5F8
F8F809
FF0E05
07FDF6
0108FB
12F1FD
0803D9
10FF09
070504
14F4FB
02FD00
011C1F
0EF802
17E6F3
EF111A
061112
06F8F9
E70510
FD1927
F51D02
0EFAF6
E21C24
FC15F5
E41F1B
FC0308
F4161B
15F4F3
F50607
EE0600
ED0E17
ED0D0E
EDFE00
02F3F3
08EDEB
F8FFFC
001107
FE0AFB
0FE4E9
0BF0F9
01FBFE
01F508
08F6EF
18EBE8
E90F10
FB0609
1AE7E8
18FBFE
09FE04
11F0EC
00FFFB
16F802
09EBFB
0DF805
F40504
0EF9FC
12F7ED
0D020C
F70305
0A05EE
21E3DF
FD080B
0BE7F5
FE0C04
0DE6FB
FD060B
02EBF0
0AF704
0BEAE5
F901FD
070209
000C05
DF1A1B
F01012
02FEFD
F01214
09F8FF
EF040B
EC1416
EA0D0A
0F00FF
0B0209
F10F0B
01FC02
030403
F61A0D
FEFE02
090605
F9020C
ED170A
020203
01FB02
06FFFF
E31D0F
EF0A0C
06090D
F20107
F41217
FDFB05
FBF9FF
1EF0EF
08090F
0506FF
F00E00
0FF7F5
050208
FB1008
E70CEC
09F902
FBFF03
11F105
F40DE5
19EDF5
F8110D
E40D06
1107FB
FFF707
F607F0
F8120B
150C0B
18F702
00070B
09FCF2
20F1F1
06FDEB
FE0901
04FA05
EB0113
16F0DC
0907F9
11FD04
1208FC
04FDEB
0DF701
16F7F8
EC11CD
0DFFFF
010C0A
1001FF
E0232C
050B00
EE0703
02FB05
EB070A
08FE09
FCF6F3
01F2F8
FE261B
0AF3EE
FDF3F5
F8F4F1
080410
FF0905
FAFCFF
EB0E0F
12F5F8
E72413
0300FB
E72813
23D9E5
ED0216
0EEFF1
18ECDF
F31009
FB1B19
FA1210
10E2E2
F5FC04
F41E28
FD040E
FCF3FB
01EFF1
FB1C21
0E0E0B
0FF5F2
1EFD07
08FE0F
FC0C06
FEF6F8
2DDFEB
0CFD03
FA190A
02F6FD
11F804
18F5F0
160400
FFF2FC
03F5F4
12D5D6
02F7FB
0DE2E3
0D00F6
13F0FC
0A0401
00FC01
F80C05
F60C08
020100
F7120B
F70C0D
EA1414
FE090B
F60C0C
F203FC
FA0501
FD0310
F30F12
FD04FB
0B03FF
E7151D
F50E0C
FE0A06
010708
00FC07
FE0003
11F0E8
FB0305
060C07
010D00
11F80C
FD0A14
FB140A
F20811
F4170A
EF1412
FA1008
02FE09
0A0102
14FB0B
010814
FB050A
04F404
16F8ED
00FE00
FE110B
F1FCE9
04F0FD
08080D
040B0B
FEF5EB
0D0AF6
F8FD00
FC120D
050CFE
011316
01F9F1
F00703
0BF1EB
2CEAFC
06FFF5
0FFDFA
FE01F5
FC1BF3
0005F7
0A0408
08041E
F01003
0703F5
09F6F6
041B0B
15EDD8
FFF2FB
F60E17
DC2C16
0CF4E1
0E0B05
04091B
E41D0A
E5FEFA
020907
01FF08
FC0403
FF0A1E
F8FB0A
E60C0A
071524
2FCFD3
F70209
02F1EB
0F0E0C
17DFDF
12F8FF
F6080A
F5F9F8
0709F3
08FDFE
05EBDE
FC000E
FF0201
18EEDE
0FE6D9
FA02F8
02F4F5
060206
FFFAF7
FEFF06
E12A28
08F0F5
EA0C11
03FDFE
D5303E
0CFFFB
05F8FC
04FAF7
130D21
00F001
FE0904
0E1717
0AE20A
0EEDFB
02ECFE
0DF202
F9F70A
03FA00
10EFE3
010305
FB031C
11F5F8
ED00FE
0702EF
1BF3F3
0C0708
E8130B
040C09
0BFAF6
0A0404
020603
F50608
FD0307
F80006
FB0506
F61308
F01106
F00B09
0AF0F2
04F7FB
FB0C11
F10605
07FC00
F8010E
0DFCF7
FB0B0F
FE0405
05FAF4
0801F9
F31013
F7050D
FFF90B
F90805
FF0312
FE04FE
070816
08F2F2
FD0B12
05FF08
130BF9
F9180C
0A03F7
F90A06
13FA03
22D7E3
09010A
08FEFD
F602FC
FD01E5
FD080C
FB0C20
02FBF0
03FCF5
0EF0EF
010505
F8F3E2
0E0706
F5010B
ED191B
0BE4E2
061613
050906
00FAFB
0601F1
FE16FD
0301FA
1104FD
1CCCCE
0F0AD4
0BFA01
050815
FD0FE4
25E9D8
FEF0FF
070F1C
EC1A08
12F8F3
08FA01
08121B
F81511
03FDE4
F6FFF5
E81113
F41824
F5EEF9
F31705
F909FD
03FC0A
0A1D2B
F70504
01FFEE
0E080F
000DEA
FEFF11
F500FA
1DDFDA
2ACDEC
EC0E16
11EBF0
14CFE0
06F0FE
04F806
04FEF8
01F5FB
FF000A
0CFE00
E60407
F3EBEF
16D6E5
0AF7F6
E41E22
0F02F2
06EBF2
F50B09
F10910
FDF4F8
0DED10
F50A09
FC0603
22F4E8
06F301
010206
F6FF03
F30112
0101FF
FFFE02
E60D09
FCF810
04E9FC
0CFDF8
EBFAF5
0210F8
10F307
03F109
13EAE4
F50906
EC1517
F80D0E
090306
EF1A16
F6140C
040608
09F2F6
0205FA
0FE7EE
EF0F0B
10F8F4
07F5F4
03060B
F7FD04
0BF600
FF050A
F9100D
F900FB
FFFDFC
FD090A
0F0703
FE0001
02FDFA
0CF7FA
0D0C11
F6120A
0DF3F3
12040D
FAF6F3
FC0B0E
050006
0B0A00
F4F2F5
030707
14ECED
0C07FE
04FCE4
0806F9
1ADDE9
06F6EF
0701F4
F50507
170F10
F7FB0B
FAFE07
050A06
FB1219
0FF0E5
0AF1D8
0B0203
F90611
10F3CA
FBFDF1
0FFFFC
0A0202
0EE7DD
EE0E0F
04F7FC
100D12
1AD2E0
24DBBA
0209FD
FC0F0D
FDE8F9
25EFE3
08F3F9
F81C1F
0607F1
1CEF01
FFFC05
F50C24
FE0809
23F9E9
ED130D
080809
EE090D
0CF9F6
EA0F10
FBFBE4
070516
07010B
FF0A04
FAFDE5
0200FD
20ECF4
030400
FDF8F2
2EE4D8
D73540
01140C
02FAFE
11DDE0
0DF1F9
07FFFE
00FDEF
0CF7FC
1BDDE5
FB0D0C
FBF504
04EADA
FBEDFB
06F7FA
C83833
02FCE5
07F923
0BEBF8
FB0B16
F5FF0D
080A0F
090300
01FA04
EEF4E2
21FEE4
08F9FE
DF121E
FF1613
0504F8
08F3F5
F5FB0C
FE030E
11F4F2
14F2FA
00F3E2
07FE01
0CFD02
12F201
0903F0
FC0D09
FB0701
01010A
FF0201
000A02
000402
FF0108
FB0507
08F5FC
0909FB
FB0502
0BF5F8
F80B04
0DF8F6
0CFDF9
06FCF4
FF0602
F00D18
FE0700
FA0C00
E13444
0E070C
060103
0700FB
EA1016
1E0414
060C03
0406FD
E80907
1E040A
F2050E
FBFA04
1601FA
11F307
EB0C1B
16ECEE
F51409
F8100A
010F01
F8F0F4
010212
FCF902
020A16
0A0C24
07F70B
FBFAFC
050F15
0FFB0F
03F2DE
04F8F2
080B00
00050F
10EBDF
FFF0E0
080BF7
0BFA09
10DCCB
00EBCC
FC0606
0F0709
13F8EB
FEECE5
010E08
13F60B
03A4BF
F6F9F1
07FE0A
001A23
0610ED
F9160C
F30B01
130500
0D000D
FA1318
09FEF7
F503EC
F9FE10
06090A
0B04FA
F4FAF2
0F0414
1A030D
FE09F7
F30E02
10C7CB
070414
08F7FF
F10B11
20DFE8
FEFE05
12F1FD
EF0B03
12EFF1
FDFD02
19F002
05FDF0
0AFEFE
F80D10
080A0E
09F1F5
0ED2E9
FBFAE9
0FF2F8
F50C0E
030108
12F1F6
15E9F9
F40612
ECFEFB
1AEBD6
0DEAF7
FDF702
12E7E1
020AF6
0FEBF5
02FA06
EF171E
1B01F5
08F7F6
03FAEF
FB0613
0A01E8
05F7FE
FCF7F1
010A10
0CFD0D
11F408
F60802
FC090B
F11515
EF1712
0C00F7
060200
F2050A
FC0309
FF0000
000D09
07F7F4
F8140A
010100
F5130C
08FAFA
F900FF
02FAF4
0A1214
08FCF6
FE0811
FF0600
161926
09F1F8
F70B02
080600
F10E09
12E4ED
09F6FB
12F9F8
E70D02
0DF8F8
F9020E
01040E
FD0A0C
03F2F8
F8190B
01F5FB
0F09FB
080103
0EF504
08F509
F20C04
0BF903
05FCFC
08F108
F80711
14EDED
050AFF
0BF006
05FFF7
06EDF9
0FFDFF
F50D11
0DF7F8
0CFCF0
090812
150101
03F3DF
0EEFE5
FB0508
0D0907
0ADDFC
12E2DF
030610
FFFBF5
FBD0DE
03F4F4
E31E27
000307
FF17F6
030321
07ECEC
FF0D08
110407
19F30B
FAFDF8
110702
F9FC0D
28ECFB
03F9FB
060AFD
11F0F1
070A0A
040302
0600FF
FCF4F0
010A0A
060502
FCFFFB
16EE08
F60F14
19F3FB
F20C0B
0FEB00
FFF603
03FCFC
FBFBFB
FDF908
FC0C0B
0B090B
05FB03
10D4E2
F21617
00F4FE
14E8F9
080408
F91508
10FD03
03FBF3
000BF8
09F6EF
08F403
FEFAFE
F301E3
FA050B
00F703
FBF9EF
F00C05
F51806
040001
06F9F7
F9030E
FA111A
0A00FF
02F5F4
10F80E
050B0E
0503F9
EE151A
F21204
05FEFE
0EFEFD
030604
0DF6F5
F9070D
0900FF
0305FA
05F2FC
02FF06
12F8FE
FFFE08
F10E07
0AF7F5
0DF6F7
F00C12
0E0301
0DFC02
14FE05
F1050D
3DEEF8
FA0B0C
0704FB
10FDF7
F2FD02
11FC02
09F3FE
10FDF9
F0FFF8
12F9FA
0C02FA
F2170F
0AD9DD
FA07FB
0606FB
14F8F3
F1FFFA
EF1A15
0901FA
12F8F7
1AE9F1
010F0A
0608FB
18E9F0
0D07FB
13F608
FD0A12
0EEF08
10EFEE
F30C11
F71B1A
F905FD
1DE7CB
FD0416
FA0A17
14FE01
F6EFDE
D03C4B
FD1B0F
0703F3
0FF70C
2BAFA5
F3090E
0BFDEC
04E304
F00610
010F0F
1AE3E5
0A180D
0E1515
0BFC06
17EAF3
F31210
1A0009
F90511
0DF6F8
FB081C
FE0D08
FF030D
03F804
E6FEFC
020602
050FFF
FC0704
FBF9FF
00090D
0FFB08
FFFFF7
E31E1F
03FB09
0BFDFB
F11A1B
1BF803
05EFFF
FE0E09
FF0E14
FD0712
06F2FC
0BFD0D
FD0504
0CE4F4
F41001
FE0E0D
F80A02
10FE0B
F3F1F8
F40908
FC03FB
F20DFB
05F708
FB0102
F40602
FCFBEF
FD0709
F9FC05
03FDFA
E50D1E
1AEF00
030C07
020B0C
FD0F16
F409FE
0005F8
FB100A
17F309
04F604
0604FC
000000
F80306
00F700
000000
000300
000300
00FF00
00FEFF
000A00
00FA00
00F700
000001
001300
00FC00
000400
00FFFF
001100
00FE00
000300
0008F7
001100
00F500
0010FF
000E03
001600
00FE00
001200
0000FF
00F700
00F500
001200
0005F8
00EC00
001200
000300
000203
00F200
002100
000500
000B04
00FA00
00FD00
000800
0002F7
00F300
000900
00FD00
00FD00
00F200
000C00
0009FF
00FDFF
00FF00
000700
0000FE
0002FF
001000
00F900
00FCFF
00F904
000700
001500
00F300
00FFFC
00FB00
000000
00FDFF
00FC02
00FC00
000700
00EDFF
00FEF9
000100
00F300
0000FF
0010FF
00F400
000200
00FA00
0007F9
00FB00
00E300
000500
000A03
000000
000C00
00FB00
00F8FE
000B00
00FD00
00F700
0002FF
000500
00FD00
000100
0004F9
000300
00FD00
000100
0011FA
00FA00
00FA00
00F800
000DFC
000400
00FA00
00F400
000DFD
000000
00FE00
0006FE
000F00
000300
000B00
000A00
000AFF
000300
000600
000200
0008F8
001400
000500
0005FF
0008FF
000100
00F300
000100
0004F6
00FF00
000100
00FB00
0003FF
000000
000000
00F100
0011FE
000B00
0000FE
00FA00
00FDFF
00FF00
000400
00FD00
00FAFD
001300
00FBFE
00F100
00F800
000E00
000300
00FF00
00FFFE
00FA00
001500
000300
000300
001900
0007FF
000400
000400
001E00
000000
000300
00FC01
000000
00F700
001200
000C00
000100
000300
001000
0003FF
00FF00
00FE00
00FD00
00FDFF
00FB00
00FE00
000500
00F6FF
00F900
00FA00
000000
00F500
000C00
000700
001000
00FF00
000400
000900
000700
0003FF
000000
00EA00
000500
000A00
00F800
000000
00F800
0000FF
000000
000C00
00EB00
000100
000000
000500
000200
00EE00
000500
000600
000500
00FE00
000600
000900
00FA00
00FD00
00F900
000A00
00ED00
00FE00
00FB00
00FF00
00F800
000100
00FC00
00FB00
00F800
000200
000600
000400
00F500
0001FF
000400
000C00
00E500
00FBFF
000300
000700
001100
00FC00
000400
000600
00F700
0003FE
00FC00
000300
000000
0003FD
00FA00
000000
000400
0000FC
000300
00F800
000500
000701
000300
000700
00F700
00F9FF
00FC00
0003FB
00F300
000002
000600
000300
00F200
00FBFE
000000
00FE00
00FD00
00FCFB
000000
0002FE
00FC00
0009FD
000300
000200
00FD00
0005FD
00F800
000500
00F000
00FFFF
00FE00
000401
000900
000000
00FA00
000000
000400
0005FB
000100
002500
00F900
00FF00
001900
001100
000300
00F4FE
000700
00FA00
00F400
0005FE
00FA00
000F00
00FE00
00FFFE
000500
000B00
00F600
000700
001100
00F800
00FB00
00F6FE
00FB00
000700
000D00
0000FC
00FB00
001500
00EB00
00FEFF
00F800
00D400
00FB00
000600
00F900
000900
00F700
00FBFB
000000
000AFF
00FE00
00FFFF
000400
000900
000000
00FA01
001400
000900
00FA00
00F900
00F800
00F700
00F500
0001FD
00F400
000100
000300
00FFFD
00FB00
00F900
000800
000300
000200
00FD00
00F800
000700
00FD00
00FFFE
00EC00
0002FE
00FB00
001100
000800
00FB01
00FE00
000000
00F600
00FAFE
00F400
00FD00
00FE00
000601
000300
00FD00
00FF00
000300
000400
000500
000100
000603
00FF00
000000
00FA00
00F8FE
00FB00
00FCFD
00FC00
00FAFD
000900
00F8FF
000A00
000100
000100
00FE00
000A00
000502
000000
000100
00FC00
0002FF
000600
000C00
00F100
00F9FF
00F500
00FD00
000300
000BFE
00F700
0003FE
00F800
00F700
00FB00
000200
00F700
00FCFB
00FF00
00F800
00F700
00F7FE
000100
001100
00FAFF
0004FF
00FB00
000300
00ED00
00F5FF
00F800
000F00
00FB00
00F8FD
000600
001200
00F300
00FF00
000700
001600
00EB00
00F2FF
000400
000E00
000500
0001FB
00FE00
00F000
00EC00
00FFFD
00F600
00CF00
001500
00FEFE
00F800
001E00
00F500
00F6FF
000000
0007FF
000900
00F900
000300
000600
00FE00
000901
001100
00FB00
00F700
0009FE
00FD00
000100
000000
000600
00EF00
00EF00
001F00
00FFFF
00FB00
00FB00
00FA00
000DFE
00F600
00FB00
00FD00
000A00
00F100
000C00
00EC00
00F900
00F700
000C00
000C00
0001FF
000300
00FE00
00FC00
0008FD
000000
00FC00
00FD00
000600
00F900
000400
00FC00
00FDFD
00FF00
00FB00
00FB00
00FD01
000600
00FC00
000700
0002FF
00FD00
000EFA
00F600
0000FF
000500
000F00
00F900
0002FE
000000
000300
00FD00
00FDFE
00FC00
00FB00
000B00
0008FB
00FB00
0010FE
00F700
00F600
00FF00
000300
00FB00
000101
00F400
000800
00F000
0003FF
00F200
000300
000100
0004FE
00F900
00F100
00F200
0004FA
00FA00
000700
00FB00
0006FD
00F600
00FC00
00F400
00FC01
000600
00FD00
00E800
00F8FF
000800
002B00
00E600
000401
00FF00
001400
00EB00
0006FF
000100
001000
000600
000EFD
00EF00
00FE00
00E800
00F700
00FA00
00E600
000900
0009FF
00FB00
000700
000700
00FC00
00FE00
00FF01
000300
0000FF
00F700
00E900
00F800
000A01
000700
000700
00E900
0004FD
000300
00F700
000100
000000
00FD00
00F000
001C00
000B00
00FE00
00FD00
000B00
0000FF
000000
000600
000700
0005FE
00F800
000100
00F400
000200
000600
000A00
00FB00
00FBFD
000400
000200
00FD00
0007FE
00EF00
00FE00
000C00
00F6FF
00F900
000600
000800
00FC02
000C00
00FD00
000000
00FBFD
000000
00FA00
000300
000000
0009FF
000A02
00F900
00F900
000900
000BFE
00EF00
00F900
000700
0004FF
00EE00
000400
00FD00
00FD00
000900
0009FC
00F900
00FF00
000D00
000200
00EB00
000F00
000300
00F3FD
000000
00FF00
000600
00FF00
00FD00
000D00
000800
0003FF
00FB00
000100
000A00
0008FE
00F300
00F900
00F900
000000
00F800
00FD00
0001FF
00FDFC
000B00
00F600
00FF00
000E00
00F900
000A00
00F800
00FEFE
000A00
000700
00E400
000302
001400
000800
00E900
000DFC
00F700
000500
00F600
000A00
00F800
000300
00F800
0002FD
000000
00F200
00FC00
0006FD
00FF00
000100
000F00
001001
00FF00
000100
000600
0012FF
000000
00F500
00F700
00FBFF
000A00
001000
000B00
00FFFE
000600
000E00
000F00
0012FF
00FF00
000600
00FE00
0008FD
00F600
000100
000400
00FCFE
000500
000000
000100
00F900
000000
000700
000000
000200
000300
000200
000400
00F702
00FE00
000300
000000
0000FF
000600
000800
00F900
0009FD
000D00
000800
00F700
0008FA
000100
000200
000500
00FF00
000300
000000
00F900
000301
000600
000200
00F400
00F6FB
000700
000500
00F700
0004FF
00FE00
000200
00FC00
0005FF
00F000
00F100
000000
000700
00FD00
000F00
000000
00F500
000800
000000
001200
0006FF
000500
000500
000800
00FA00
00FD00
000500
00FA00
00FF00
000500
00FA00
00ED00
000000
000E00
001E00
00ED00
000101
000300
00FC00
000100
000C00
00FB00
00F500
00FA00
00FF00
00F900
00F200
00F800
0010FF
000A00
000C00
00F9FF
0008FD
000300
00F300
000A00
0011FE
00FF00
00EC00
001000
0001FF
00F300
00FA00
00F300
0000FC
00FF00
00FE00
00F900
000E00
00FE00
000A00
000600
00FD02
000D00
000A00
00F200
000FFF
001800
000400
00F200
000BFE
000B00
000800
00F500
0003FF
00F800
001400
00F700
000AFE
00FF00
000C00
000600
0006FF
000800
000800
00FF00
00F9FF
000000
0001FF
001100
0007FE
000000
00FB00
000000
0006FD
000000
00F800
00F000
0007FD
00F300
00F700
000600
00F8FE
00FE00
00FD01
000000
000203
000100
000000
00F900
00FDFD
000700
00F500
00FD00
000101
000200
000302
00FA00
00FA01
000100
000A00
00F400
00FE00
000000
00FC01
00F800
0004FD
00F300
000100
00FF00
0006FF
00FF00
000400
000D00
000000
000100
000BFE
00F300
00FE00
000600
000000
00F500
000F00
000000
000400
001200
000400
000000
00FC00
00EF00
000BFF
000E00
000B00
000A00
00FD02
000400
000E00
0010FF
000E01
000600
00FF00
000B00
000B00
000800
001100
000900
00E901
001100
00F200
00E900
000400
000700
00FE00
0009FF
0002FE
000A00
00F100
001B00
0004FF
000500
000200
00FD00
000300
00F600
000400
000700
000700
00F200
000500
000C00
0008FF
000000
00E700
00FB00
000300
001000
000000
000E00
00F501
00F200
00FD00
000C00
00F400
000000
001900
00FF00
0001FE
000500
000000
00F700
000300
00FA00
000800
000B00
000301
00F900
00FB00
000100
00FB00
00FC00
000600
000B00
00FBFF
000000
000800
00FF00
000600
00F600
00FA01
001100
000B00
00FC00
00FA00
00FC00
000601
000000
00F300
000400
0000FF
00F800
00F500
00FD00
00FB01
00F500
00FC00
000800
00FAFF
00F900
000C00
00FB00
00FF00
00F000
00FB00
00FE00
00FE01
000200
000E01
00FA00
0006FF
000600
00F700
00F800
00FEFF
000400
000800
00ED00
00FA00
00F400
001200
00E900
000600
000D00
000300
000D00
00FF00
00FD00
000600
00FE00
00F500
00F400
00F000
000800
000900
000200
001400
000300
000A00
000B00
00FE00
001500
000100
000800
000D00
002800
000300
00FC00
000C00
000B00
000801
00FC00
00EC00
00F200
0009FE
00F000
00F300
000100
0008FE
00F500
00EF00
001100
000801
00FE00
00FF00
00F7FF
00FFFD
00ED00
000F00
001700
00FD01
00FE00
000B00
00FC00
00FD00
00F400
000E00
00F900
00FFFD
000C00
00FB00
00F800
0009FF
00F800
00F600
000100
00F300
000A00
00E800
000500
000200
00F200
001600
000000
00F900
000B00
000700
00FB00
00FB00
000000
000100
000300
0001FC
000000
00FC00
000700
00FC00
00FF00
000C00
00FA00
0010FE
00FC00
000D00
001C00
000700
00FD00
000400
000400
00FEFD
00F800
000401
00FD00
0005FE
00FC00
0008FD
000300
000AFC
00F000
000501
00FE00
0005FD
00FB00
00FB00
00FFFF
000900
00F200
000D00
00F800
00FAFF
00F600
00FF00
000200
000000
00FD00
000100
00F200
000D00
00FE00
000E00
00F300
000300
000100
00FA00
00FB00
00FF00
000600
000800
00FD00
00F700
000D00
00FA00
000900
000200
000B00
000900
001800
0004FE
002100
000D00
000700
000200
00FB00
00F300
002400
000500
000800
00FD00
00FEFE
000BFF
003C00
00F600
000800
00F600
00FC00
000A00
001400
0021FF
00E900
00F500
001A00
0019FD
00FE00
00F5FF
000B00
000200
00FF00
00F400
001300
0008FA
000300
001700
000B00
00FF01
000700
00E400
001100
001600
000900
00F900
001000
0012FD
00FD00
00E100
00ED00
00F600
000C00
00FE00
000B00
00FC00
00FE00
002000
000300
000100
000B00
000100
00FF00
000400
000400
0002FF
000700
000601
000000
000400
000300
00FFFC
000000
0012FA
00FA00
0000FF
00FF00
00FFFF
000100
000603
000000
000100
000100
00FC00
000500
0003FC
00F300
00FFFD
00EC00
000200
00FF00
00FB01
00E400
0001FE
000F00
001600
00FB00
00F900
00FB00
0007FF
00F700
000100
000400
000400
00F900
000700
00F900
000600
00F400
000500
000000
000600
00F200
001400
00FC00
000C00
000500
000500
000400
00FB00
001900
00FD00
00FE00
000100
002A00
001200
000400
00F700
001300
000900
000300
000700
00FB00
000200
000900
00FA00
001D00
00F000
000F00
000BFE
000300
00FD00
000F00
001700
001700
00FF00
000700
0006FF
000800
000700
000A00
00F700
00F800
000800
001500
0006FF
00DD00
001100
000B00
00F700
00EB00
000C00
00FD00
000200
00EA00
00FF00
00EF00
00F5FE
00F900
00FE00
000E00
00F800
00F300
00FC00
00FA00
000AFC
000000
00F000
000A00
00F9FE
000700
00EC00
00F000
000AFF
000D00
000E00
000000
0004FD
001200
000C00
00FF00
000BFF
000800
000900
000C00
000500
000300
000200
000100
00FE00
00FF00
000400
00FC00
000BFE
00FF00
00F900
00FA00
0005FF
000000
000500
000000
00FFFD
000500
000901
000100
0003FD
00E900
000500
000400
000FFF
00FA00
0007FF
000300
000F00
000700
00FB01
000800
00FEFF
00FA00
00F600
000800
000300
00F800
000100
000D00
000A00
00F600
00FD00
000600
00FD00
00FA00
00F600
00EA00
000500
00F500
000900
000200
00FC00
000D00
000000
00FA00
00FF00
001800
00FF00
00F600
00F700
00EC00
000800
000B00
00EC00
001200
00F200
000300
00F700
001500
00FD00
0013FF
001B00
00F800
00F300
000900
0011FF
001200
00F300
000600
00F3FD
000A00
00F200
00FD00
0010FF
00F500
00FE00
001400
000401
00F400
00F500
001900
000701
00EF00
001A00
000300
00FCFC
00E000
000100
000200
00FBFE
00FD00
002400
000000
0004FB
00FD00
001400
000C00
000CFF
00F200
000100
000300
00FB00
001400
00FA00
000300
00FF01
001C00
00FF00
00F900
000301
001100
00F700
000C00
000600
001000
001500
00FD00
0000FD
000500
001000
000100
0007FF
000000
000100
001000
00FEFE
000000
00FF00
000200
00FEFA
000000
00FE00
000200
0004FE
00FB00
0003FE
00FB00
000800
00EF00
00FCFF
000900
000CFF
00F600
000700
000D00
000600
000C00
00F800
000600
000C00
00FC00
000800
00F700
001200
000000
00F100
000700
001400
000200
000A00
000400
00FB00
000A00
00F400
000800
00EF00
00FE00
00EF00
000000
000100
001400
000400
001000
000500
00F000
000800
00FB00
000200
000400
00F000
000700
000F00
001000
00ED00
00FCFE
00FD00
001300
000700
0009FF
00FC00
001600
00FB00
0008FF
000400
00FC00
00F200
001000
000B01
00EC00
00FE00
002000
00F700
00FF00
000AFF
00F900
000A00
00F400
000000
001100
00FFFC
00E400
000A00
001E00
00F6FE
00F300
001000
001700
00F200
00F700
001100
000C00
00FFFE
00F900
000700
001300
000800
000500
00EA00
000B00
0011FA
000100
00FC00
000900
0007FC
001600
00F900
00F6FF
0003FD
001200
00DF00
000600
0003FC
000500
00FC00
00FD00
0009FE
000400
000200
000800
00FDFE
000000
000200
000500
00FBFE
000000
00F800
000500
000DFF
000000
00FE00
000000
0005FF
00FF00
0005FD
00F400
000200
00FA00
0006FC
001100
001000
00F000
0001FF
000700
000C00
00EA00
00FA00
000200
000700
00FD00
00F600
000700
000900
001200
00F000
000F00
000E00
000F00
00FD00
000200
000900
00F700
00F800
000800
00F000
00FE00
000E00
000900
00FE00
002C00
00FD00
00FC00
00E900
000E00
00FC00
00D900
000400
000E00
00F100
00F800
0014FF
001A00
000D00
000400
00FBFF
001800
000200
000A01
000BFE
000700
000600
000FFD
0007FE
000F00
00FB00
001CFF
0002FE
000700
00F000
00F000
00FEFE
000900
00FF00
000A00
0007FD
000100
000400
002300
000700
00F800
000300
000C00
00FDFC
00EA00
00FA00
000E00
00F7F9
00FD00
002900
000900
0006F9
000200
000B00
000F00
0016FA
000D00
000200
001000
001200
000000
00EC00
001400
000C00
001100
00ED00
000000
00F4FC
000F00
00F300
000A00
0008FE
000000
001100
00FF00
00FD01
000C00
000800
000400
0002FD
000100
0005FF
000600
00FE00
000200
00FDFF
000D00
00FFFC
000000
00FF00
00FC00
0005FE
00F900
001100
000000
000101
00F600
000800
001000
001400
00F900
000300
00FB00
000B00
000000
00FB00
00FC00
000500
000000
00EE00
00F400
00E300
000B00
00F700
000600
00F100
000C00
00EB00
000A00
00E400
00E900
00F700
000300
00FB00
00F600
000900
00FD00
00EE00
001B00
000200
00FB00
00F500
002900
000100
00EE00
00EB00
002100
00ED00
00FD00
000900
000700
00F100
0004FF
0008FC
001000
000A00
001000
000F00
00FE00
000200
001B00
00F801
00F500
001000
001800
000800
00F200
00FD00
001100
00FDFE
00F600
00FFFE
000F00
000100
00F600
00FC00
001900
00FCFA
000F00
00EF00
001400
00F802
00F500
001300
002000
000AFE
000800
002100
001700
00FC00
000600
000800
001E00
000300
00EF00
000100
001600
0005FF
00F800
00EE00
001100
000AFD
000D00
00F100
00FE00
0007FF
000F00
00E600
001100
000A00
000700
00E100
000400
0001FF
000900
00FA00
00FD00
00FDFF
000500
0000FF
000100
000100
000200
00FF00
000C00
000501
000000
000900
000800
00FC00
000800
000500
00FF00
0009FE
000000
00FF00
001A00
000C00
000000
00FF00
001100
001100
000000
00ED00
00E200
000000
000000
00EF00
00E400
000100
000A00
00E200
00F700
00FD00
001300
00F800
001000
00F000
001A00
000300
001E00
00FA00
000000
00FB00
000300
00EC00
00FC00
000200
00FD00
00EF00
001700
000D00
00E900
00F300
000200
00FC00
000F00
00EF00
000800
00FC00
001700
001501
000B00
000A00
00FC00
0009FD
000400
000300
001400
00F503
00F700
00F800
00F500
00F800
00E900
000400
00F600
00FFFF
00D800
00FA00
00F900
00FA00
00DC00
00E300
001000
001CFC
00FA00
00F100
002700
0006FB
000300
001F00
002300
00FF00
000000
001C00
00FE00
0006FB
000100
000800
00F100
0006FC
00FB00
000B00
000D00
000901
00F600
000203
001600
000F00
00FF00
00EA01
001700
00F300
001000
00EB00
001200
00FEFF
000800
000C00
00F600
000B01
000D00
00FA00
00FA00
000800
000100
00FE00
00FC00
000001
000200
00FD00
000600
000AFA
000000
00FDFF
000000
0002FF
0007FF
000700
000400
00FF00
000000
00F700
000C00
000100
000000
000C00
00F300
001500
000000
000200
00D400
00F600
000000
00F300
00DB00
00F500
001B00
00F500
00F600
00EC00
000400
000A00
00F600
00E800
000900
000900
00E900
00E300
00EF00
000200
00F300
00F300
00EE00
000A00
000300
00F000
00F600
0006FF
00FC00
00F300
001000
00FCFD
00EC00
00F7FC
001300
00FA00
00E500
000502
001C00
00FE00
000600
000300
000600
00FD00
000700
0010FC
00EF00
00FF00
000E00
000900
000B00
00F402
000F00
00FE00
00F600
000700
000A00
000600
00F000
00FE00
000700
000300
00F300
00FB00
002A00
000CFB
00F800
000700
003100
0018FE
000400
00FF00
00DB00
0009FB
000900
000000
00EF00
000FFC
00FD00
000900
000D00
000A02
000200
00FC00
002A00
001100
000E00
00F300
001400
001100
00FB00
00F700
000700
001100
000200
000D00
00FC00
000A00
00F200
00DA00
00FB00
0013FB
000300
00FC00
00FF00
00FC01
000200
00FD00
000400
000CF8
000000
0005FF
00FF00
00F600
00FC00
00FB00
00FF00
00F800
000000
00E900
000A00
000300
000000
000200
00E300
00FF00
000000
00EA00
00FB00
00D800
000000
00FE00
00D500
00E000
000F00
00FA00
000600
00F800
000C00
00FE00
000900
00E600
000D00
001900
000500
00EE01
000300
00FF00
000100
00EB00
000600
0003FF
000000
00F300
000300
000900
000100
00F900
000600
000800
000600
00F802
001A00
000600
00F700
000FFC
001100
000200
000600
0002F9
001000
00E700
000000
0013FE
001500
001B00
000FFE
00FB00
001900
001500
001D00
00FC00
00EF00
000501
001400
00F900
000200
001200
000000
000000
000100
00D800
00F900
0018FB
000D00
00F900
001400
001B00
00F900
00EB00
001000
0019FA
000200
000D00
001300
000600
000400
000400
00FC00
00FB02
00F700
000E00
000100
000500
000600
00FD02
00FA00
001002
00EB00
00FC00
00F700
0012FE
00E700
00F900
00F600
0006FC
00FE00
00F400
000000
000902
00FC00
000000
000600
00FFFE
000200
0000FF
000000
000700
000000
000100
00FB00
00FA00
000100
000600
00FC00
000100
000000
00F100
000700
00FE00
000000
00FD00
00E700
00F100
000000
00F200
00FA00
000400
000000
00FE00
00FA00
00E500
000000
000400
000500
00F200
000500
000000
000300
00DC00
000100
000300
00F700
00E302
000800
00F800
00FB00
00E000
001700
000CFD
00F500
00F900
001700
000000
001400
00F100
00F900
000500
00ED00
000400
001400
000500
000200
000900
001B00
00EE00
00FD00
0008F8
001700
00FC00
000200
001100
000000
00E602
0009FE
000FFE
001C00
0001FE
002100
00FD01
000600
001600
0019FD
00F6FD
00FE00
001B00
0010FE
000CFA
000B00
000400
001D00
0014FE
00F500
000800
000C00
0007FD
00F900
000F00
001F00
000BFF
001500
000700
00EB00
0000FD
000C00
001600
00E300
000CFC
000100
000600
00FC00
000203
00EC00
000300
000B00
00FCF9
00EA00
00EA00
001800
001AFD
00E600
00DF00
002500
001501
00F000
00EE00
000600
000301
000300
0003FF
000600
00F700
000A00
00FF00
000300
000603
000000
00FE00
00F700
00F800
00FAFF
000000
000400
00F800
000100
000600
00FC00
00F600
000000
00F800
00EA00
00FE00
000000
00FD00
00F600
00EC00
000000
00EF00
000300
00D800
00F000
00FF02
000700
00F000
00F100
00F900
00EB00
00F201
00F600
00F600
00FE01
00F600
000800
0000FF
000C00
00ED00
000300
00FDFF
000900
00FF00
000800
001600
00F300
00F400
000300
000300
00EFFF
00EAFE
000000
000000
000400
000800
001F00
00FA00
000400
000A02
00F500
00FD00
00F600
0000FD
00CD00
00FD00
001F00
000100
000B00
0014FB
001600
00FF00
000700
000700
000300
00F300
00EF00
001B00
0015FE
000802
00FA00
00EC00
001300
0017FE
00F100
000100
001000
000A00
00E300
00ED00
001C00
001702
00FC00
000900
002600
0005FE
000C00
000000
00F900
0004FE
001200
001000
000D00
0001FA
00FE00
000900
000C00
000F00
00E500
00F800
001400
00FFFF
00F600
000100
00FE00
000301
001100
000B00
000000
000AFF
000C00
0004FF
00FD00
000901
000D00
00F600
000A00
0001FD
000000
00F600
00F900
00F500
00FFFF
00F600
00FE00
00EF00
000100
000800
00E900
00F000
000100
00E700
00F400
00FC00
000000
000B00
000C00
00FC00
000A00
00FE00
00EA00
001B00
00F400
00F301
00F400
000A00
000000
00FA00
00E900
00EC01
00F800
000100
00FBFE
00F300
00F200
000F00
000700
00F200
000E00
00F100
000E00
00F200
000600
001100
001600
00FD00
00FC00
000500
000CFE
00EAFD
000C00
00EA02
000100
000B01
001A00
000600
00FA00
000B00
002600
00FC00
00EB00
00FDFE
00EB00
00F601
000B00
000302
001200
000900
00F900
000A00
00EB00
000CFF
00F500
0007FE
00EE00
0015FF
00F500
000E02
00E500
000700
001000
000AFF
00E500
000100
002A00
00FCFE
00F800
00FA00
001900
000EFE
00E800
00F100
001E00
00FFFA
000100
000500
001800
000901
00FC00
00F900
002000
00F902
00F400
000600
001B00
000DFB
000D00
000300
001B00
0001FD
001F00
000500
000300
001000
000800
000600
000A00
0012FE
00FB00
000100
00FF00
00F801
000300
00F500
000400
000903
00FC00
000000
00FD00
00F900
000500
000100
000000
000100
000100
000A00
00F600
00F000
000100
00EA00
00F200
000000
000000
001F00
002D00
002000
000F00
000100
00EE00
000A00
000B00
00FC00
000400
000500
001F00
0004FF
000B00
00FB00
001500
000900
00FFFE
00F000
00F600
000900
000D00
000300
00F600
00FE00
000200
00F101
001400
00F400
00FD00
000100
00FA00
00F500
000600
0013FF
00F400
00EF00
00F300
0004FE
001100
00F8FF
00F700
000100
000600
000E00
00FD00
00FE00
000200
000200
000900
0003FC
00E600
000400
000100
000FFF
000400
001F00
00FC00
00FAFF
00F100
001501
00E500
00FAFC
00EE00
001600
000200
000AF9
00FC00
001C00
001800
000102
00E300
00EA00
000900
000900
00E200
00FB00
001100
0004FD
00F900
00DD00
002000
000AFF
000D00
00F800
001400
0003FC
000600
000C00
00F300
0007FB
001000
000700
00F900
0005FA
000900
00F700
00F900
00FE00
001100
00FE00
00EF00
000BFF
00FF00
00FE00
00F700
00FDFD
000400
000900
00F300
000500
000000
000200
000000
00F500
000200
000600
001000
00F800
000000
000900
000A00
00FE00
000000
00FC00
00FB00
000C00
000000
001300
001800
001900
000100
000D00
00F700
000B00
00E200
00F600
001500
001A00
001000
00EE00
00EE00
000000
000500
000A00
00F400
00FC00
00F700
001C00
00FD00
00EFFF
000000
00FC00
00F400
00F0FE
000100
001500
00F500
00FD01
00FF00
00F100
000800
000A00
00F000
000200
00FB00
00FC00
00F100
0002FE
00F000
00F4FF
00EE00
000D00
00FD00
00F6FE
00E300
00FC00
000F00
000902
001500
000900
000FFD
0001FB
000700
00FE00
001501
00F0FF
00F600
001D02
000100
000000
00F000
001500
001200
00F8FB
00E500
00F400
001100
000AFD
00E000
00F200
001F00
0000FE
00E000
00F000
001800
000AFD
00F900
00EA00
00F900
00FCFD
000100
00F200
000000
000701
001D00
00F800
00E800
0005FF
00FD00
00F300
00F800
000B02
000000
00EC00
00F100
000400
000800
00F600
00FD00
0000FD
00F500
00F800
000500
000800
00F700
000E00
00FD00
000DFE
000000
00FF00
00FB00
00F900
000800
000E00
001F00
00FC00
00FE00
000A00
001E00
00FC00
001000
001200
000200
00F500
001A00
000B00
001200
002700
00FF00
001300
000100
000F00
00EC00
00F900
000A00
001B00
00F800
00ECFF
00F200
0009FE
00FF00
00FF00
00F900
000C00
00F700
001A00
00E900
001302
00FA00
001600
000100
00FCFA
000300
000E00
00F500
0009FC
000300
00F400
000301
00FE00
000200
00EC00
00F600
000703
00F400
00F900
00FC00
00F8FE
00EF00
000300
00FCFF
0001FE
00F200
000700
000800
000100
00FB00
00FB00
0007FD
00FEFF
000400
0005FF
0005FE
0006FF
00F400
000A00
000C00
00FF01
00F500
001600
001E00
00FAFF
000700
00F300
000400
00F8FF
00F100
001500
000500
000101
00E900
00F800
000800
000EFF
00FB00
00F000
000700
0005FD
00FB00
000000
00F400
00FBFB
000200
00FF00
00E000
000400
00F900
00EA00
00E100
000300
00FF00
00F900
00EC00
000FFF
00F700
000100
000400
0004FD
00F000
0003FF
000100
000DFF
000000
00FC00
00EF00
000101
000700
00F500
00FC00
00F800
000700
000D00
001500
000300
00FD00
000A00
00FB00
00FA00
000700
000600
000000
001E00
001500
000700
000900
000900
001400
000700
000D00
000300
000800
00F901
001400
001D00
00FC00
00EAFF
00FB00
0007FF
000A00
00F300
000800
000E00
001500
000E00
00F700
0009FE
000300
001400
00FE00
000DFA
000E00
001300
00F700
00FA00
000600
00FB00
000600
00FBFC
001500
000E00
00F600
000A01
000200
00F100
00FD00
00FAFF
000200
00F600
00F900
00F8FE
000800
001000
000200
000CFF
00F300
00F900
00F300
00F9FD
00EB00
00FA00
0012FF
00F800
00F500
000000
000D00
00EDFE
001C00
001C00
000F00
00FDFF
001D00
000100
001600
000000
001100
00EA00
000400
000E00
000900
001200
001500
00F200
00F300
000000
000700
000500
00E800
00E500
00FB00
000602
00E900
00F100
001100
00FD01
00ED00
00F400
00F700
00E900
00F700
00F100
000400
000BFF
00FD00
00FD00
00F300
000700
000400
0009FF
00E200
000D00
00EA00
000D00
00F4FF
00FAFA
000000
00FC00
00F200
000300
000800
0001FE
002600
000F00
00FE00
0017FF
000000
000B00
001200
001000
00F200
00FB00
000D00
000900
000100
001200
00FF00
000A00
000700
000D00
000100
000C00
000100
001300
000C00
000900
000500
001600
00F800
000000
00F000
00FFFB
00FA00
001500
00F700
00FF02
000700
001E00
0002FE
000100
00FA00
000D00
00F500
001401
002200
00FDFE
00E900
000AFE
000E00
00FE00
00EB00
000500
00FF00
00D900
000A00
001302
000200
00FA00
00F700
000600
00FA00
000000
000E00
00F701
00E600
001400
00F100
0008FC
00FA00
002900
000800
0010FF
000B00
000600
00F400
00FDFE
00FE00
002600
00EE00
00F200
000600
000C00
000800
000500
000600
00F200
001D00
00FAFF
001400
00D500
001800
00F500
00EB00
000C00
000700
0006FC
00E700
00FA00
001900
000A00
00ED00
00FF00
002000
00FAFF
00EE00
00FF00
000300
00FE00
00F700
00EE00
000C00
000B00
00F100
000300
00F000
00F000
00F800
00FDFD
00EE00
00FF00
00DD00
00F900
00F901
0005F9
00FD00
000800
000C00
000600
0001FF
001600
001000
000C00
000800
000100
00FE00
00FA00
000C00
00FC00
00FD00
001300
000D00
000A00
000100
00FD00
00FE00
00ED00
000600
00FC00
000200
00F500
000000
000700
001400
000FFF
001300
000700
000700
00F6FF
00ED00
000B00
000900
00F800
00F000
000200
000A00
001B00
00F700
00FFFC
000600
000501
00FF00
000DFF
001400
000B00
000A00
00FDFF
000900
00F500
00CE00
0006FE
00F600
00F700
001700
00F8FC
000800
00F600
001C00
00FAFA
00F700
001B00
00F500
0006FF
000500
002500
00F200
000501
000E00
000F00
00FF00
0007FF
000500
00EF00
000C00
00FF00
001500
00FF00
00DA00
000C00
00F700
000E00
00D900
00FE00
00F700
00F400
00FF00
000A00
00E900
000100
000100
00E500
00E000
000000
000200
000600
00F200
001400
002700
00EF00
000500
00F800
003600
000000
00F500
000D00
00F900
00EF00
00FC00
001700
00E900
00F900
00F700
00F200
001000
00F500
00EC00
0004FD
001E00
00FA00
00F700
00FB00
00EE00
000403
000A00
000C01
00F400
000800
0005FF
000A00
000500
000100
000500
000EFF
000600
001700
00F500
00F400
000400
001000
00FF00
00FF00
00FC00
001000
000800
000200
00F500
0013FF
001100
000400
00FF00
000C00
000800
000B00
00FC00
0004FF
000700
00FF00
001200
000400
000400
00EB00
00E200
00F9FD
00FF00
000100
00FD00
000400
001400
000900
00FD00
00FDFF
00FB00
000100
000A00
001000
001300
00EE00
000700
000A00
000400
000000
000B00
001201
00ED00
00B900
00F900
000200
00FE00
001800
00E200
00F9FD
000200
002500
00ED00
00F8FF
000600
000400
00F600
0003FD
001200
000B00
00FA00
000AFE
001400
00F200
001300
000101
000400
000F00
00FE00
000800
00F600
00D800
00CF00
001200
00EC00
00D502
00F300
00F200
00FB00
00F500
000400
00F800
000C00
000100
00D700
00EAFE
002500
00FF00
00F100
001102
000900
001000
00F200
00FF02
000C00
000000
000300
00F902
000600
001500
000900
000600
000C00
00FAFB
000000
00F700
00F600
000800
00FF00
00F9FF
00EA00
000AFF
001300
000300
00FBFF
0011FF
000D00
00FD00
00F400
000500
00F200
000D00
00F500
00F500
000400
000900
00F800
000C00
000B00
00FB00
000300
001100
000300
00FDFF
000700
00F200
000200
000D00
000000
00F900
000A00
000700
00FE00
00FA00
001000
000A00
00FD00
00F401
001D00
00F100
00F400
000000
00ED00
00FF01
001500
001900
00F600
0004FF
001500
00F200
00EF00
00FE00
000000
00E800
00F600
00F7FE
00FA00
00FA00
000300
0004FE
00FF00
00D300
00DF00
001200
000000
000F00
00F300
00EEFF
000C00
000900
00F700
000101
001100
00F900
00E600
001000
000D00
000100
00E400
0005FF
000800
00F000
00FB00
001300
000C00
001400
00EB00
0005FF
00FF00
00DD00
003200
001000
00FC00
00D202
00F800
000400
00F700
00F900
00E700
000C00
00FA00
00F704
00ED00
000000
003000
000700
00EF00
00F000
000500
000A00
000B00
00F200
00FF00
001D00
00ED00
00F400
001400
000000
000900
00FB00
00FE00
0009F8
000300
00F800
00E800
000200
00F500
00F0FE
000100
0018FC
000500
00FD00
000600
000502
00FD00
0007FF
000500
00F200
000300
000A00
00FC00
000B00
00F300
00FE00
00F300
000300
001100
00FA00
000800
003000
00FC00
0001FF
000000
001500
00FC00
000A00
000500
000F00
00FD00
000700
000400
00F400
00F400
001200
000300
000003
001000
000700
000800
000200
000900
0000FE
000500
000300
000000
0003FF
000300
000800
000600
000400
000600
00F700
000800
00FF00
00FE00
00F200
00F400
001101
00FA00
00E500
000B00
000101
00F900
00E000
000E00
00F5FE
001500
001800
000900
000700
000200
000100
000B00
000E00
000600
00E900
00EB00
00F601
000E00
00EF00
00F200
0005FC
000C00
00D000
000500
00F8FF
000B00
00E200
00FB00
00F3FF
000A00
00E902
000600
00F600
00FA00
000200
001900
000500
00F200
00E801
00F900
00F300
000500
001000
00ED00
00F501
000C00
000D00
00E100
00F901
00FF00
00E900
000C00
00FD00
00F700
001300
00F900
00F100
00F800
0004FD
00F700
000700
00FF00
001400
00FB01
00F3FE
000800
0003FE
000F00
000B00
000700
00F900
000000
000A00
000200
000A00
00F900
001300
00F800
001200
000100
00FD00
00F500
000700
00FB00
000A00
000F00
00EC00
00F900
000A00
00FE00
000B00
00EC00
00FC00
00F700
001B00
000700
000A00
001600
000000
000100
001200
000300
00F900
000200
00F900
000000
0007FF
00FE00
00FA00
00FC00
000100
00EA00
000100
00FE00
000700
00F900
00F800
000D00
00F900
00F200
000DFD
00F300
00E600
00F400
00FB00
00F900
00FF00
00F200
00FB01
000400
00ED00
000B00
001FFE
00F600
000400
000100
00EF00
000200
000600
00E400
000800
00FD00
00FD00
00D900
000C01
000400
00EB00
000600
000300
00F900
00ED00
000100
00FAFC
00F600
00F200
001000
00ED00
000D00
00F200
00FA00
000100
000200
000000
000D00
00FD00
000000
00E200
001100
00F700
00E700
000200
000500
00F300
00F700
000900
00F200
00F700
000A00
000900
000500
00F700
00F900
001300
0009FE
000800
000800
0008FA
000E00
00FA00
00EF00
00FE00
000600
00FA00
000E00
0005FE
00FD00
00FE01
000800
00EE00
001000
00FD03
00FA00
00FA00
000A00
00F201
00FD00
001600
00F800
00FF02
000E00
000500
00FB00
00F802
000900
00E000
000D00
00F800
00F500
000B00
00F100
000200
000100
001100
00EB00
00F800
001C00
00F100
000400
00FF02
00FB00
001300
001100
0004FE
00F600
00ED00
000900
0009FE
00EE00
00EE02
000000
001000
00F500
00FD00
000D00
000CFD
001100
00E600
00F600
000FFD
00FB00
00F700
002600
001A00
00FD00
00F100
00B700
0012FA
00F600
00F400
001700
0012FD
00E900
00FD00
000600
0006FF
00EA00
002B00
000100
0004FA
00F600
00F600
000100
0004FE
00FE00
000B00
00FC00
000303
000000
00FB00
000400
00FF03
00F500
001D00
00FC00
00F8FF
001900
00EA00
00F900
00FEFB
001500
000900
00F600
0000F8
000700
00DF00
001300
0009FD
000F00
00F700
000D00
0011FB
000800
001400
000000
000800
001300
00FE00
000500
000CFF
000000
000D00
00F000
001003
000E00
0013FF
000400
00FDFF
000A00
00F100
00FE00
000701
000000
000100
000026
0000E8
000002
000019
000017
0000D3
000000
000081
000068
0000C5
0000F2
000000
000056
000039
00000D
00002B
000053
00003D
0000C8
0000CD
0000DA
00005F
000069
000041
000031
0000FE
000091
000079
000059
0000AF
0000DE
00004D
