0028BB57
00EC0BB0
0074C5CC
00270155
00224E4F
00AA2D0D
00198EE9
00E6000E
009300C5
00065462
0065D743
00BB25E9
004C9AF2
00C21010
00B9ACD2
00AB4518
00BCD731
0023813E
001203DD
00D01EF4
0034C3AF
00B5DB3F
00615A49
0059A2C4
00195360
00204E0D
00C456DB
00D7A6BD
00FBAA17
00C2E09B
0099BB3A
0016D3E5
0064ACC1
008769DD
002DC547
00AD5A1E
00151046
005A004B
0046EAF6
00DE18E9
0067D3B3
003653B1
00159837
00A3F8C2
001E1EF9
00A3B6B7
0021B766
00D8A6BC
0049D3D0
00E3B1DC
007F42A4
00A40928
00F2C2DE
001FE2C6
00D4DD33
00C81E2E
00402D25
00D342EB
00A82EF9
000EFBD5
00EFF4EE
00832748
00E8DCF0
00BDE901
002D29CC
005EE9FC
003FADE8
005A4681
00C3FDF8
005ABCF3
006140C4
0033B16B
00B53D12
000D040D
000BD915
00E2F715
001FB7A8
00D5301B
00E84641
00DF0D20
00F0FAF2
0020D91F
004744E3
00BBA6F4
00E02CE9
000DECF7
00E6D6E8
00E8E3AC
0064D125
00C04538
00D5B4C7
00AC90DD
000ECD56
0010A9E6
00FC1F3D
00AA54EF
00EC9ED6
009FA942
00DF295C
005A3559
001B5634
00BC67D2
00DBC0B4
00A7894A
00E4F8F0
002EBA27
00C5F0BA
00F5FE5A
00000043
00000011
000000BB
00000002
00000020
000000D7
00000018
000000DA
00000024
000000B7
000000B4
00000019
000000C0
000000D9
00000031
00000068
000000B7
0000003D
000000B7
000000D6
0000002F
000000EC
00000015
0000005C
00000037
00000097
00000052
000000BF
00000059
000000B3
000000C2
000000B0
00000051
000000B3
0000003E
00000052
000000F7
000000C1
00000099
0000000C
000000D9
000000CF
00000035
00000032
00000000
0000001E
000000FC
0000002C
000000DD
000000C9
0000004F
00000005
000000BC
00000068
0000FAF8
00FF1411
00000000
0000F5FB
0000FFFE
00FE0302
00000000
0000FDFC
000002FD
00FE0303
00000000
0000FBF7
0000F7FB
00FE0808
00000000
0000F6F9
0000F702
00FE0100
00000000
0000F8FA
00000101
00FE1109
00000000
0000F7F5
0000FEFF
00FE1007
00000000
0000F7F5
0000FFFA
00FE060D
00000000
0000F8F8
0000FBF8
00FEFE0B
00000000
0000F8F8
0000FDFF
00FE0A12
00000000
0000F4FB
00000001
00FE1009
00000000
0000F304
0000F903
00FE0901
00000000
0000F5F5
0000F807
00FE0A11
00000000
0000F6F4
0000F406
00FEFE02
00000000
0000F8F6
0000F9FF
00FEF907
00000000
0000F3FE
0000FFFE
00FE0004
00000000
0000F5F9
0000F4FE
00FE0603
00000000
0000F8F5
0000FEF7
00FE1103
00000000
0000F8F7
000003F6
00FE0914
00000000
0000F9F3
0000FCFB
00FE040F
00000000
0000F7F8
0000FCFB
00FE030C
00000000
0000F8F9
0000FCFF
00FE0314
00000000
0000F7F8
0000FBFC
00FEFFFC
00000000
0000F4F8
0000FEFB
00FE010A
00000000
0000F8F5
0000F705
00FE0810
00000000
0000FAFA
000000FF
00FE0F11
00000000
0000FAF7
0000FD03
00FE11FE
00000000
0000F7F8
0000FEFB
00FE0B0D
00000000
0000F8F7
0000FEFB
00FEFD01
00000000
0000F8F7
000001FF
00FE1208
00000000
0000F7F7
0000F7FB
00FF1205
00000000
0000F6F7
0000FC05
00FE02FF
00000000
0000F3F6
0000F4EB
00000804
0000FF01
0000F806
0000F9FA
00000901
00000000
0000FCF9
0000FCF7
00000404
00000000
0000F8F9
0000FFFC
00000604
00000000
0000F6F5
0000FAFD
00000500
00000000
0000F9F8
0000FBFA
00000602
00000000
0000F7F9
0000FAFA
00000503
00000000
0000FAF6
0000FBF6
00000700
00000000
0000F9F8
0000FCFA
00000605
00000000
0000F8F5
0000F8FE
00000306
00000000
0000F2FF
0000FA00
00000603
00000000
0000F3FD
0000F70A
000002FE
00000000
0000FB0D
0000FB06
000005FF
00000000
000003F0
00000103
00000704
00000000
0000F7F6
0000F5FD
0000FF0B
00000000
0000ECFC
0000FBFE
0000FFFD
00000000
0000EEF7
0000F8F8
000000FF
00000000
0000F7FB
0000FFF8
00000503
00000000
0000F9FC
000000FA
00000601
00000000
0000FAF9
0000FEF9
00000600
00000000
0000F8F8
0000FEFB
00000601
00000000
0000F9F7
0000FAFE
00000501
00000000
0000F7FC
0000FAFA
00000705
00000000
0000F9FB
0000FDFD
00000303
00000000
0000F8F6
0000FCFE
00000405
00000000
0000FAF6
000000F9
00000506
00000000
0000F9F5
0000FDF7
00000303
00000000
0000FDF9
0000FDFD
00000704
00000000
0000FDF9
0000FEFD
00000503
00000000
0000FCF9
0000FCF7
00000405
00000000
0000F8FA
00000200
00000702
00000000
00FFFEF7
00000D11
00000B0E
00000000
00000BF7
000005FE
00001814
0000FF02
0000F7F7
00000301
00000F0D
00000000
00000201
00000302
00000106
00000000
00000305
00000102
00000603
00000000
00000502
00000302
00000105
00000000
00000702
00000303
00000109
00000000
00000502
00000202
00000201
00000000
00000500
00000501
0000FD02
00000000
00000204
00000300
0000FE06
00000000
00000204
0000FD06
00000602
00000000
0000FC0A
0000FE0B
0000FC09
00000000
0000FF10
0000F90C
0000F907
00000000
00000E1B
00000503
0000FF08
000000F7
00001008
000008FA
0000F316
00000000
000006FC
0000F7F9
00000007
00000000
0000F505
0000F6FE
0000FD02
00000000
0000EF04
0000F807
0000FB0D
00000000
0000FCFF
0000FFFE
0000F30A
00000000
000003FF
0000FF00
000002FA
00000000
00000506
00000301
0000FDF6
00000000
00000404
00000401
000004FA
00000000
00000403
00000202
00000407
00000000
00000303
00000402
0000000E
00000000
00000503
00000203
0000000E
00000000
00000401
00000302
0000FE0C
00000000
00000402
00000301
00000206
00000000
00000401
00000302
00000207
00000000
00000102
00000202
00000002
00000000
00000302
00000302
00000508
00000000
00000401
00000302
000001FF
00000000
00000600
0000F7FD
00000605
00000000
00FF03F4
00000A12
00000F0C
00000000
00000505
000005FE
00001317
0000FF02
0000FAF9
00000201
00000D0C
00000000
00000402
00000302
00000403
00000000
00000402
00000302
0000FE0C
00000000
00000401
00000403
00000109
00000000
00000403
00000204
0000050B
00000000
00000602
00000101
0000FE07
00000000
00000402
000002FF
00000007
00000000
00000508
0000FEFD
00000407
00000000
0000FC00
0000FDFA
000002FA
00000000
000000F7
000002FB
00001205
00000000
0000F518
00000A04
00001713
000000FF
00000415
0000FF04
00000A00
000000FF
00000602
0000FDF9
00000AFA
00000100
0000EDFF
0000F2F6
00000302
00000000
0000F8F5
0000F6F9
0000F90D
00000000
0000E9EC
0000020E
0000F0FB
00000000
0000F9F7
00000C01
0000F6FF
00000000
0000F9FB
000006FF
0000FD06
00000000
0000FEEF
000001F8
0000FFFA
00000000
000005FD
00000200
000001F8
00000000
00000402
00000300
0000FBFB
00000000
00000209
00000306
00000108
00000000
00000407
00000405
0000030C
00000000
00000605
00000303
00000203
00000000
00000203
00000302
00000108
00000000
00000300
00000202
00000106
00000000
00000202
00000301
00000502
00000000
00000405
00000302
00000307
00000000
00000201
00000201
00000004
00000000
00000102
0000FBFC
00000402
00000000
00FFFAF7
00000811
00000F06
00000000
00000BFD
000005FE
00000F13
0000FF02
0000FBFB
00000300
00000E11
00000000
00000502
00000403
00000108
00000000
00000402
00000302
0000010D
00000000
000005FF
00000102
0000FD08
00000000
00000402
0000FE02
0000FF07
00000000
00000500
000002FF
00000008
00000000
0000FCFB
000004FB
0000F803
00000000
000005FD
0000FEFA
00000AF8
00000000
0000F3FC
0000FCE9
00001101
00000000
0000FB00
0000FFF1
000008F6
00000000
00000103
00000AFA
000017F7
000000FB
00000DE9
0000F9ED
000001FB
00000301
0000FBF7
000007F1
00000D05
00000301
0000E0ED
0000EDF7
0000F702
000000FF
0000F4FD
0000F4F4
00000706
00000000
0000F7FB
00000209
0000FD0E
00000000
0000EEE8
0000F504
00000AF7
00000000
0000F8ED
0000F60E
0000F902
00000000
000004F8
0000F400
0000F9FD
00000000
0000F1FD
0000FC06
0000FDFC
00000000
000004FA
000003FA
00000006
00000000
00000009
000000FF
00000300
00000000
0000000B
00000305
0000FFFC
00000000
00000206
00000404
0000FD05
00000000
00000401
00000402
0000FC04
00000000
00000402
00000202
00000106
00000000
00000303
00000302
0000FD08
00000000
00000603
00000303
00000006
00000000
00000402
00000302
00000306
00000000
00000402
0000FE04
00000804
00000000
00FF0BF8
00000814
0000030E
00000000
00000008
000005FE
00001713
0000FF02
0000F8F6
00000202
00000805
00000000
00000401
00000202
00000108
00000000
00000402
00000501
00000106
00000000
00000500
00000202
00000103
00000000
00000001
000001FF
00000208
00000000
000003FC
0000FFF9
0000FE06
00000000
0000F6FA
000000ED
00000304
00000000
0000FEEC
00000003
00001103
00000000
0000F1FF
000017FB
00000300
00000001
0000F703
0000FC0A
000018F7
000001FB
0000FA05
00000F0B
000021EB
000007FE
0000F1F4
00000E07
000004ED
000001FE
0000F1EB
0000FC10
00000406
00000601
0000ED04
0000E700
0000F402
000003FC
0000FCFC
0000F3F7
0000FF04
000003FC
0000E2F3
000004FD
0000E60F
00000000
0000FCEB
0000F305
0000F909
00000200
0000F7F1
0000EEF3
0000F405
00000504
0000FAF8
0000F81E
00000700
0000FC00
0000F5F3
0000FE06
00000301
00000000
0000F60A
0000F80B
0000F3FD
00000000
0000FE05
0000FE0B
0000F617
00000000
00000205
00000004
0000FB05
00000000
000004FD
00000204
0000FF07
00000000
00000009
00000202
0000FC00
00000000
00000400
00000202
0000FF00
00000000
00000400
00000402
0000050A
00000000
00000402
00000303
00000100
00000000
00000303
00000202
00000509
00000000
00000402
0000FBFE
00000700
00000000
00FF0608
00000913
00000308
00000000
0000FB01
000005FE
00000B15
0000FF02
0000FAFC
00000201
00000F0F
00000000
00000102
00000302
00000103
00000000
00000604
00000402
00000708
00000000
000003FF
00000600
0000FF06
00000000
0000FBFC
000005FE
00000408
00000000
0000FFF0
0000F9F6
0000FE05
00000000
0000EE00
000006ED
00000005
00000000
000006FE
000013FF
0000EA01
00000000
0000FC0E
00000C07
0000FDF4
0000FA05
000004F3
00001108
00000205
00000EFB
0000F3F7
00000F0C
000012F3
00001CEC
0000EDF9
0000F6F8
00000BED
00001204
0000F9FD
0000F5F7
000005F0
00000708
00000210
0000E8F8
00000801
000009F2
0000F50A
0000E901
0000F102
00000FFB
0000E104
0000FAFB
0000F7F8
000008FE
0000E8F1
000000FF
0000FDFB
00000006
0000EA09
0000E9FB
0000FB01
0000F502
000007F9
0000FF08
0000FA07
0000F80D
0000F3FE
000010FB
0000020D
0000FE05
0000FE16
00000808
00000714
00000000
0000010A
0000FD0C
0000FD10
00000000
0000F502
000003FE
00000102
00000000
00000006
00000006
0000FD0A
00000000
0000FD0B
000000FE
0000FA08
00000000
0000FFFE
000001FD
0000000B
00000000
00000303
00000202
0000FB02
00000000
00000202
00000303
00000303
00000000
00000302
00000303
0000FE07
00000000
00000302
0000FB04
00000501
00000000
00FFF604
00000C12
00000400
00000000
0000FF0B
000005FE
00000E0E
0000FF02
0000F9FB
00000203
0000090A
00000000
00000402
00000302
0000FE0B
00000000
00000503
00000400
00000409
00000000
0000FEFE
00000400
00000007
00000000
000007F7
000003F7
00000B07
00000000
000001E6
0000FAF5
000003FF
00000000
0000FEFC
0000F9F1
0000FEFD
00000000
0000FD04
0000FEFC
000019EF
0000F70A
0000FEF1
00001D03
000004F3
0000020E
0000FD02
00000EF1
000018FA
0000160A
0000F5EE
00001CE2
000012EB
00000A0A
0000F5F7
000024E3
00000EFB
000002FD
0000F6E7
00000BD2
000008E4
000011F9
0000F600
0000EADD
000003F7
000018FD
0000F0FF
0000E3F0
0000FCDF
00000FFA
0000E009
0000F2EA
000003EB
0000FBF7
0000D40A
0000F907
0000F3F5
0000FA08
0000ECF5
0000F104
0000F504
0000EE0F
0000FAEF
0000F505
0000ECFB
0000F40C
000004EE
00000211
0000EA18
0000F701
0000FE02
0000FC12
0000F6F8
0000FFFE
0000FF05
0000FBFB
0000F80F
00000000
0000FC07
00000608
00000A09
00000000
0000F70A
00000002
0000FF0F
00000000
0000F809
00000007
0000FE06
00000000
0000FC04
0000FF00
0000FF0D
00000000
00000005
00000201
0000020B
00000000
00000007
00000303
00000402
00000000
00000300
00000300
0000FC07
00000000
00000501
0000FC07
00000701
00000000
00FF090C
00000813
00000313
00000000
0000F902
000005FE
00000B16
0000FF02
0000F9FA
00000202
00000D08
00000000
00000402
00000401
00000003
00000000
00000BFE
00000100
0000FC09
00000000
000008FB
000001FF
00000602
00000000
000009F9
0000FAF9
0000050C
00000000
0000EFE5
0000F607
0000FE09
00000000
0000FC01
0000F4FA
0000000E
0000F706
0000F9F7
0000050E
00000CFA
00000308
0000F1FB
00001402
000017FE
000013EC
0000F108
000015ED
00001202
00000D02
0000F7FE
00001DEF
000009F2
00001B0B
0000F0F6
0000F7F1
00000CF4
00001A13
0000F3EE
0000FAF5
00000FE6
000013F6
0000EC06
00000805
00000CF7
000014FF
0000E514
0000E7FF
0000F507
00001BF8
0000DCFA
0000E9E4
0000FBF5
00000E09
0000D6F6
0000F707
0000F3FD
00000805
0000D1F3
0000E2F6
00FFF9F5
00000216
0000F6FC
0000FFFD
0000E1F2
0000050B
000006F6
000012FD
0000E402
0000F707
00000B0C
00000606
0000F212
0000FA06
00000CFB
00001708
000000F5
0000FE05
0000040B
0000F5F2
000002F1
00000001
0000F710
0000FEFF
00000B14
00000000
0000FE0A
0000FFFD
0000F51A
00000000
0000F30C
0000010C
00000006
00000000
0000FE08
00000206
00000004
00000000
00000301
00000204
0000FC06
00000000
00000402
00000302
00000109
00000000
00000501
0000F3FB
00000503
00000000
00FFFDF9
00000914
00000006
00000000
00000A07
000006FE
00001710
0000FF02
0000F9FA
00000301
0000060D
00000000
00000801
00000600
0000010E
00000000
000009FE
0000FFFF
00000905
00000000
000000F2
00000BFF
0000090B
00000000
0000FDFB
000002FC
00000C02
00000000
000004EB
0000F910
0000170F
0000FA00
000004F7
000007F3
00000703
0000050C
0000FFFA
000018EE
00000F0A
00001C03
0000F702
00001CFF
0000070B
00001FE5
0000FFFE
000010DC
00000F0B
00001DE9
0000F9F8
000000E0
00001504
00001708
000002F7
0000FADC
000012EA
00000616
0000F0ED
0000FDF1
000009F8
00000504
0000E904
00000A02
000008FD
000004F8
0000DE0E
0000FC09
0000F5E1
000002FC
0000F403
00000F07
00FFEEFB
00000B09
0000D205
0000F200
0000FD03
00000202
0000E704
0000F205
00FF0111
00000107
0000EF08
00000318
00FFE00B
00001519
00000AEF
00000624
00FFE908
00001A16
000016FB
00000013
0000E316
0000100C
00001200
0000ECEE
0000FFFC
0000030D
0000FD02
0000F915
000007EF
0000020B
0000FE0F
0000F404
00000C02
000000FF
0000010D
000007FC
00001012
00000000
0000F11A
0000FE01
0000FF1B
00000000
0000FB19
0000FFFC
0000FC08
00000000
00000305
00000201
0000020C
00000000
00000505
000004FF
00000503
00000000
00000404
0000FA02
00000502
00000000
00FFF10C
00000912
00000314
00000000
0000FFFA
000006FE
00001119
0000FF02
0000FAFA
00000000
00000608
00000000
000005FC
00000000
00000006
00000000
00000FFB
000002FD
00000506
00000000
000004EF
0000F705
00000C04
00000000
00000000
0000FBEE
000008FD
00000000
0000F5F5
000001F8
00000402
00000602
00000BF4
00001C00
0000FF09
000019EE
0000FBF8
000011F6
0000FCFB
00001BF0
0000F8FC
00001BD1
0000FFF9
000030E4
0000F0F0
00000BE4
000014EE
000020D4
0000F4FF
0000FCED
00000800
00002B12
0000F0F6
000002E6
00000FFD
0000090F
0000010A
0000F108
00000B02
0000FDF6
0000EE11
0000F00B
00FF08F5
0000F0ED
0000F405
00000205
00000A00
0000E800
0000E5F8
0000ED00
0000FC05
0000010A
0000DE0E
0000F101
0000FD03
00000C13
0000DF06
0000FD06
0000FD1A
00000C05
0000E510
000010F9
00FFE21C
00001108
0000FD14
00001512
00FEF509
0000030E
00000CFA
0000FA16
00FFE719
0000160B
000011F2
0000DFFF
0000F711
00000CFB
00001A06
0000FD05
00000708
0000FF10
0000FBF7
0000EC07
0000ED17
0000F903
0000F116
0000F41A
0000FF14
000000FC
00000205
0000F810
0000FB0C
00000000
0000F510
0000FF00
0000FE12
00000000
0000FD0E
000001F7
0000F90B
00000000
00000301
000003FF
0000FA05
00000000
00000701
00000303
00000600
00000000
00FF030A
00000A15
00000F08
00000000
0000070C
000005FD
00000C0E
0000FF02
0000FCF2
0000FC00
00000807
00000000
000000FA
00000900
00000509
00000000
000014FA
0000020A
0000FF10
00000000
00000002
0000050B
00000110
00000000
0000F5F5
00000913
000005FC
0000FF00
000003F6
00001DEF
00001AFC
000007FE
000001F2
00000DEA
00001EE9
00000EE4
0000020A
00001FD8
000019E0
000028F7
00000EFC
00000CFE
000014E9
000022DC
00000302
000000FF
00001FF2
000017EE
0000E9FD
00000DF8
00001DF1
00000405
000000FB
0000EEF8
000030ED
00000809
000004E1
0000ED02
00000EF4
00000601
0000110D
0000FC0D
000008F8
0000F50C
00001007
00000802
00000EFA
00001802
00000717
0000F20E
00000810
00000E20
0000EA19
0000F10D
000005FB
00001708
0000DAFD
0000FCFB
0000FCFE
00001616
00FFD81C
0000FE12
00FFE916
00000B09
0000EE07
0000E90B
00FEF416
0000FC0F
00000BF2
0000E611
00FFF409
000007FE
00001208
0000EC1B
00FFFE13
00000C03
00000907
0000F5FF
00FFFA15
0000F805
00000800
0000E9FD
0000F306
0000F110
000001F5
0000E622
0000EB09
0000FE00
0000FCFE
0000FE0F
00000117
00000000
0000F015
0000FB08
0000FD0E
00000000
0000FD11
0000FEFA
0000FFFB
00000000
0000FFFA
00000103
0000FC0E
00000000
00000203
0000FF01
00000302
00000000
00FF0709
00000A12
00000E03
00000000
00000C03
000003FC
00000F14
0000FF02
000004F3
0000FE00
00000603
00000000
00000AFF
00000906
00000B08
00000000
00000400
00000512
00000204
00000000
0000070B
000002FB
000008F3
00000000
00000AE6
00001901
00001FF3
00000CF9
000003DE
000009E9
000024E6
000018F4
0000F7F5
000010E3
00002FDB
000013E4
0000ED1D
000019F8
000022EA
00001EE3
00000913
000026FA
00001DE6
000022E4
000007FB
00000504
00001AE6
000006F0
00002108
0000FAF9
000009EA
0000F106
0000FB01
0000FEF6
000025F8
0000E90F
000015EF
0000F4F0
0000FC03
0000F000
000015F6
0000FC07
0000FB01
0000FCFA
00000C20
0000C813
00FF0400
0000070B
0000121B
0000DB0F
000004FB
00001422
000003EE
0000ED0C
0000EF1B
0000140D
0000FA16
0000EE05
00000908
00000504
0000DD0E
0000EC1F
00FFEE23
00000209
0000D513
0000EE1A
00FFEF14
0000E1FF
0000F2F4
0000E90A
00FFF00A
0000F4F7
00001FF7
0000EB19
00FFEC13
0000F203
00000F07
0000E316
00FFE120
0000070E
000020F1
0000E010
00FFDC0D
0000C30E
000003FB
0000EE0A
0000EF1A
0000FB00
0000FDFD
00000600
0000FB1E
00000000
0000F112
0000FC04
0000030C
00000000
0000FA0E
0000F80A
00000120
00000000
0000FBFA
00000008
0000FE03
00000000
000003FC
0000FCF9
0000000D
00000000
00FFF6F7
00000A12
000009FF
00000000
0000F602
000008F7
00001213
0000FF02
00000AEC
000003FE
00000D0B
00000000
00000301
00000608
00000301
00000000
0000FA0D
0000000C
000014F9
00000000
000008F3
00000F07
0000F7F2
0000FF02
000011FC
000024DD
000015F5
000024EF
00001AEA
000027E3
00001CF1
000011DF
000013F5
000020F1
000024E7
00000CEA
0000FEFE
00000BF3
000003F4
00000DF4
00001F1B
00001001
000024F0
0000F8E8
000022F5
0000FE00
000023FA
0000F5F8
00001BF8
00001AE6
00FF0EE0
0000F6FA
00000BFA
000007FC
00FF1FF6
0000E404
00001FEF
0000DB17
00FF090E
00000203
00000FE1
000007F8
00FEF205
0000F20B
0000DF07
0000D714
00FE0502
0000F60C
0000FB0A
0000D907
00FDFBF7
00001209
00000B1E
0000D61A
00FF000E
000016F8
0000DB03
0000E21B
0000040E
00000311
0000D025
0000E901
00FFFF19
0000E80B
0000F2EE
0000EB18
00FFEF1E
0000F3FD
000014EE
0000F70F
00FDE907
0000F700
0000F016
0000EE1D
00FFE71E
00000000
000008F9
0000EE22
00FFE612
0000E40A
00000D02
0000010B
00FFDC23
0000D30B
0000F80A
0000FDF2
0000DF25
0000F00C
0000F3FE
0000F70D
00000011
00000000
0000EF17
00000100
0000020D
00000000
0000F60D
0000FE01
00000311
00000000
0000FBFB
00000200
00000300
00000000
0000FFFA
0000FBF8
00000408
00000000
00FFF6FD
00000A0D
0000FE10
00000000
00000BFC
000008F1
00000D17
0000FF02
000005E3
00001AF3
000001F8
00000000
00000AF9
0000090B
000011FF
00000000
0000F810
00000002
00001201
00000001
0000EFF2
000019FA
00001BED
0000F10E
000012E6
000027CF
000024FA
000020F9
00002FEE
000006E8
000016EB
0000FADD
000010F4
0000F7F5
00000AEB
00001BF7
000009F4
0000EDF6
000006E8
00000306
00000E0A
0000FE07
00000B06
0000DBE1
000025F2
0000FEF6
00000CEE
0000EEE5
000012FD
000014EC
00FF17F1
0000EFEF
00000205
00000F12
00FE1AFB
0000EC17
00000EEC
00000E00
00FE1107
0000EE12
000024F6
000001F2
00FE0003
0000F90D
0000F3F9
0000F702
00FF030C
00000B05
000003F9
0000F6F3
00FEFC00
000004FE
0000140E
00FFF506
00FF0F09
00001227
0000F102
0000F414
0000FD08
00000505
00FFC8FF
0000E315
00FEE905
0000F8E8
0000EDFA
0000F518
000000FB
0000F0FC
00000218
0000FA11
00FFF709
000011EB
0000EA01
0000EA1C
00FE001C
00000B03
0000FAF6
0000FA28
00FFF226
0000DE18
0000EC0B
00001C08
00FFFB21
0000E50A
0000EDF2
000004E3
00FFDD1A
0000F803
0000F5F6
0000F50F
0000FC0E
0000FEFF
0000071F
00000707
0000FA20
00000000
0000F60E
0000F40F
0000F710
00000000
0000F3FE
0000FB09
0000F615
00000000
000002F3
0000FA06
0000FE13
00000000
00FFFA04
00000B12
0000F914
00000000
00000BFD
000009EE
00001408
0000FF02
000005DA
00001EEF
00001B04
00000000
00000600
0000050A
00001BF5
00000000
0000FD0B
00000D0B
000011F3
0000FB00
000008EA
00001A06
00001AFB
0000FC01
00000EF5
00001805
000019F1
00000CFE
00002702
0000F8FF
000020F3
000017EF
00000EF5
00000A16
00000BD1
000003F9
0000F70E
0000FDFA
000007E1
0000DD08
00000805
00000301
0000F6F5
0000D8DB
00FF21F9
000008FD
00000FD9
0000F0E0
00000407
00001BF7
00FFF9F2
0000ECF4
00000E10
00000319
00FEFE09
0000EB0C
00000CF8
00000AEF
00FEFA15
00000A0F
000015E9
0000FAFD
00FE0604
00000AFB
0000E715
0000020E
00FEF405
0000F5E9
00001EF8
0000F405
00FEEF0C
000005EF
0000FD0A
00FFED16
0000F60E
0000E70F
0000DA12
0000F82D
00001102
0000EBEB
0000C91B
0000E708
00FFFAFB
00000DED
0000E411
0000EEF2
0000F707
0000FEED
00000423
0000FD2F
00FF07F3
0000EAF9
00000B2A
0000F21F
00FEFF00
0000F903
0000EC06
0000F01C
00FFF622
0000E318
00000112
0000130E
00FFF41D
0000F7FB
000001E1
00000BF3
00FFED17
0000F301
00000F03
00000EF1
0000E91B
0000F608
00000123
0000F103
0000EE1C
00000000
0000DC1A
0000F005
0000E529
00000000
0000EB0B
0000F607
0000F21B
00000000
0000FFF7
0000FBFE
0000F713
00000000
00FFF304
00000E13
00000D07
00000000
00000909
00000FEB
0000021F
0000FF02
00001FE5
000018F9
00000D0A
00000002
000006F9
00000F09
00001100
00000005
00000AF7
00000B09
00000904
0000F206
00000408
000020F4
00002B02
00000208
00000DFF
000004F7
000010FC
00000B02
00001FFF
0000FDF3
000020E8
00000803
0000F700
0000050D
000009E4
0000F30E
0000F4F8
000002FD
0000F5F7
0000DBF4
00001A09
00000BFD
00000100
0000D6EA
00FF3502
000027EF
000005E7
0000DFE9
00002522
00002E0E
00FE00F4
0000F3F4
0000291E
00000B15
00FEFF0D
0000F7FC
000013F2
00001BF6
00FF14FA
00000E0C
000008F8
00001312
00FF060C
000000F7
0000F3F4
0000F507
00FFFE00
0000FEF3
0000FBFD
0000FD1C
00FEF412
0000090F
000013F6
0000E803
00FFEA10
00000A01
000002FD
0000DC19
00000D0C
0000F9E0
0000DC01
00001E07
0000F5FC
0000EAC9
0000F01E
00001D0B
0000F9F3
0000FBC3
00FFE337
0000021A
000004F8
000007EA
0000F417
0000EE17
00FE0D03
0000F812
0000EB08
0000FA10
0000F90A
0000010C
0000E8FE
00001018
00FEF421
0000FB03
0000F7E3
000019FC
00FFF10C
0000F209
00001309
0000FF02
0000F8FB
0000F508
0000F505
000000FF
0000FC12
00000000
0000D928
0000EFF9
0000011E
00000000
0000DD18
0000FD09
0000EB1F
00000000
0000F506
0000FB08
0000FC0B
00000000
00FF02F8
00000C0E
0000070F
00000000
0000F604
00000FEF
00000913
0000FE04
000011F2
000008F6
0000010B
00000006
0000FB03
000007FB
0000000B
0000FC00
00000306
000014FA
0000F20B
0000EFFF
00000A02
00001EF4
000024F5
00000BFE
00001804
00000BEC
00001AF4
0000180A
00001EF7
0000F701
00001EF6
0000FB09
0000FEFC
00001BEB
00000FFE
0000E0F0
000015FB
0000FBF0
0000F307
0000C6F6
000018EB
00001B0C
000008EE
0000DFF7
00FF1AFB
00001EF5
0000F2F5
0000F0F1
00000D0F
00001DFC
00FEF50C
000004FE
0000390B
00000B04
00FEF7FB
0000F6F6
00001800
000038F9
00FF1300
00000DF1
000013F0
000000EF
00001A07
000005F2
0000FB04
000017F7
00FE0BF9
0000F401
0000F805
00001BF9
00FDF0FD
0000F501
000011F6
0000F4FA
00FEF108
00000E16
0000F2E8
0000EC10
00FF050B
0000FBCD
00001BE9
000002F3
00FF0EF5
0000EFD3
00001717
00000B19
000004E0
0000FBD9
00FFF31B
00000D1D
0000F8EB
000011EE
00000016
0000EC22
00FF0716
0000FDEF
0000F8FD
00000716
0000061A
0000100C
0000E6FE
00000A06
00FFF614
000012FD
000006F6
00001BF4
00FFF014
0000FF0B
000016F6
0000FAF4
0000F32A
0000F808
000005F2
00000605
00000C1C
00000000
0000EB22
0000EC0D
0000041B
0000FE03
0000D72A
00000604
0000F032
00000000
0000FC03
0000FCFC
0000FD0E
00000000
00FFF9FB
00000C12
0000FB0D
00000000
00000406
00000AF7
0000FE16
0000FCFF
0000FC07
000000FB
0000020A
000000FF
0000F406
0000FF01
0000FE07
0000F8F8
0000F10D
00000FFF
0000F705
0000EFF8
00000CFE
00001310
0000FDFD
0000FFF7
00FF0909
000014F0
000007E9
000017FE
00001914
000013FE
0000FEF5
000012F7
00000CFC
000020E9
0000F9F2
0000DFF2
000005F5
000010F8
0000F5FF
0000CFF6
00000609
00001104
0000EF08
0000E7EC
00000C0E
00002005
0000FFF6
0000FA04
000014FA
00001E03
00FEF4FA
000009E9
00003D08
00000C05
00FE09FB
000009FB
000004EA
0000220C
00FE12EE
0000FA09
000014F6
00000BF9
00FF0AFC
00001A0D
0000FEF1
0000061F
00FEF5F7
0000140E
0000DA21
00001202
00FEFAFF
0000EDFF
0000ED11
00000808
00FEF302
0000FFF8
000029CF
0000F334
00FEFF08
0000FAD6
000013C9
0000FA10
00FF08F7
0000F0DE
00000B07
00000506
00FF12F0
0000F6CD
0000002E
0000110E
0000FDED
000004E8
00FFFE02
0000FE12
00FFFA0B
0000090C
0000EFFC
0000FE18
00000703
00000B0C
0000F4F7
0000FA0A
00FFFB0C
0000F3FF
000005FB
0000140A
000004FB
0000FB04
000012EC
0000FEF1
00000B00
0000FB0B
00000AF9
00000200
000027F9
0000FC00
0000EF42
0000F8FC
0000FF10
0000FA08
0000DF31
0000FDFD
0000FF04
00000000
0000FEFA
00000004
0000010C
00000000
00FF040C
00000911
0000F90C
00000000
00000A03
000002F7
00000A1A
0000FC01
0000EB0D
0000FB05
00000D12
0000F9FA
0000F206
0000FAF1
0000FA12
0000F4FD
0000E908
000002F3
0000F7F8
0000F3FF
00000E0C
00000A09
0000E40B
0000F5FA
00FF16F4
000016ED
00000307
000007FE
000013F8
00000EF5
000004FD
00000702
000005E9
000015F6
0000FEF8
0000EBF7
000002EA
00000CEB
0000000A
0000E2FA
00000B05
00001AE9
000001F8
000002F7
000003F7
00001FF3
00FF09FD
000009FD
000007FC
00003EE3
00FF05FD
0000FB03
00001918
000035E1
00FEF4EC
000007F7
0000FFF2
00001206
00FE0CEB
0000F9F5
000007F8
0000FE0A
000008F1
0000F0FB
00000600
0000F0FF
00FF00F8
00000C0A
0000DC0C
0000010A
00FF0AF2
0000031C
0000E026
00000713
00FFE904
0000FE02
000013F6
0000001E
00FFEA0F
0000F9DF
000028FB
00000E1F
00FEFA03
0000F5E7
00001F16
00000100
00FFFBF5
000006E1
0000F519
0000FA26
0000FBE7
000004F1
00FFF802
0000F635
0000F3E1
0000F918
0000F4FD
00000707
0000FCFF
000017F4
000009E9
0000E10C
00000D09
0000F605
000008FD
0000050A
0000FFFB
0000F3FF
000013F5
000006EF
0000FFFD
0000FC0C
0000F5FC
00000AFB
0000150C
0000F800
0000FB04
0000060C
00000E03
0000FC04
0000FE18
00000103
00000704
00000000
0000FC08
0000F501
0000030A
00000000
00FF0A0B
00000B11
00000F11
00000000
0000000E
000000FA
00000717
0000F603
0000F1FE
0000FAFD
00000A03
0000F5FD
0000F605
000001F3
000005FE
0000F4F5
0000E905
000001F8
000002F6
0000F4FE
0000FE12
0000FB00
0000E902
0000F3FF
00FF0BF2
000009F7
00000F12
000000F3
00000DE2
000000F6
0000FF0C
000000F2
0000F5F0
00001206
00001A00
0000F1EC
0000FDF4
0000FD09
0000070E
0000F501
0000FF04
0000FFFA
00000FFF
000007FB
0000FEF8
000030EA
00FF0803
000015FD
000012F7
000037E1
00FF04F7
000003FD
00000316
00003FE0
00FE0701
0000F9F5
0000161A
0000120C
00FEFFFC
0000F9F8
0000EF16
0000E60D
00FEF603
0000F1FA
00000C18
0000F11C
00FF0CF8
0000F4ED
0000020A
0000ED09
00FF040D
0000F8E4
0000000D
0000F619
00FFF603
0000F8F7
00002BF3
0000F116
00FEF2FC
000000E8
00001A0B
0000F507
00FEE80B
000008EB
00000B25
0000D615
00FF00EF
000000D5
0000F516
0000FB0A
00FF03FF
0000F906
0000E717
0000EE1A
0000F6EF
0000FCF8
0000E906
00001AF9
00000A0A
0000F40B
000003F4
0000FB0E
00000304
0000F701
00000FEB
0000FA02
0000140A
0000F803
00000FF0
0000FFF1
00001EF9
0000FB02
0000FEF1
0000FDF8
000005FF
00000200
000000F7
00000E01
000007F3
0000F600
00000604
00000EFE
00000701
00000100
00000F02
0000FFFD
00000B03
00000000
00FFF0FA
00000B0E
00000B06
00000000
00000CFE
000003EF
0000011A
0000F301
0000FEF9
0000FA00
00000210
0000F4FD
0000F703
00000409
0000F601
0000F6F4
0000FAFD
00000020
0000FFFD
0000F601
0000030D
0000FBF6
0000EA0A
0000F007
000005EF
00000208
0000FD02
0000FC00
00001BEF
0000F6F7
00000213
0000FDED
0000F906
00000B05
0000F206
0000E0F9
00000CFC
00000A04
0000FC0C
0000F2FB
00001BFB
000019F2
00FF0210
0000FA06
0000F4F1
000008FE
00FFFFFD
00000402
000009FD
0000FB13
00FE11FA
000006EF
0000F713
00002117
00FEF300
0000FBEC
0000060F
00002227
00FDF6FE
0000F0E6
00000019
00001825
00FEFBF1
0000EEF1
0000E512
0000F32D
00FE06F1
0000D1ED
0000F028
0000C71C
00FEF708
0000E8F2
0000EC25
0000E601
00FEF1FA
0000F0FD
00001809
0000F10A
00FF0B04
0000FBFC
00001B14
0000EE2C
00FE00FE
000000D7
00000A12
0000E61F
00FF05FB
0000FDF1
0000F303
0000FB14
000009FC
00000104
0000EB05
0000FCFE
000005FF
00001016
0000EFF4
000005FF
000014FD
0000FA16
0000FCF4
000008F0
0000F7FE
0000F40E
0000F7EC
000018F3
000013FD
0000FFFF
00000AE7
0000FDEE
0000F8F3
00000002
000004FB
000003F7
00000302
00000900
00000CF9
00000CFC
00000602
0000FE00
00000801
000002FC
0000FE03
00000100
000012FF
0000F800
00000107
00000000
00FFF907
00000612
0000FF0C
00000000
000004F9
000004F8
0000FF19
0000F3FA
0000FDFB
0000F902
0000FD0B
0000F5F8
0000F408
0000FE05
0000F907
0000F7F8
0000FF11
0000FF14
0000F4FC
0000F7F9
0000F80F
000004F3
000000F9
0000EFFF
0000F710
00000713
0000F614
0000F1F0
000007E9
0000F509
0000EE01
0000F1E7
00FFF701
00000B07
0000F106
0000FAFA
00FF160F
000018DD
0000FCFD
0000FD09
00001EEE
000024DA
00FF0800
000000F8
000003DF
000003FE
00FF1C06
00001707
0000FCE1
00000F19
00FE09EF
0000100D
00000607
0000F40A
00FE050C
0000F9F4
00000CF8
0000170F
00FEF200
0000ECEE
00001BF1
00001613
00FDF702
0000E9EF
0000F522
0000FB1A
00FEFDFA
0000E8FB
0000ED16
0000ED07
00FEECF7
0000F1F9
000001EA
0000F014
00FEFE0C
00000215
0000F91E
00001720
00FF0603
00000A08
0000DB23
0000ED19
00FE0B06
00000500
0000E815
0000F60D
00FFF20B
00000E09
0000EE03
000022F0
0000FAF8
0000040B
0000F917
0000F7E5
0000FDFF
00000FF7
0000FB01
000002F9
000011F4
00001026
000000ED
000011F5
000008FC
0000F50B
0000F8E7
000003FD
000008E9
0000FDF6
000009FA
00000AF8
00000DF8
000004FD
000006F7
000007FA
0000F609
00000EFD
000008FF
000007FE
00000206
00000400
00000201
0000FC04
0000070B
000001FC
00000D03
0000F5FB
00000801
0000FC00
00FFFDFF
0000080D
0000FEFE
00000000
0000FE10
00000109
0000F717
0000F2F0
0000FAF6
0000FAFB
00000306
0000F6F4
0000EE10
000002FC
0000FC0B
0000FCF4
0000FE10
0000F220
000006EF
0000FCF0
0000F004
0000EBFB
000007F2
0000F7E9
0000F6F6
0000FFFB
0000F4F0
0000E0EB
00000201
0000F9FC
0000F909
0000DDFB
00000AF9
00000904
0000F512
0000F901
00FF0DF2
000020EF
0000F410
0000020B
00001DF3
00001CF8
00FFFB06
0000FBFE
00000CE7
0000FCF6
00FE10F2
0000FC10
0000EFD5
0000F4FA
00FE01FC
0000060A
000015D5
0000F8FC
00FEFDFB
0000000E
000010CC
0000171B
00FFF4F1
0000EAF5
00002AE2
0000160E
00FE04FF
0000EDF3
00000F06
00000017
00FE0500
0000D9FD
0000041F
0000F708
00FEF206
00000501
00001404
00000112
00FEEF00
0000181D
0000FE17
0000EA28
00FFFBF1
00000708
0000EF2E
0000F203
00FFF502
0000F810
0000FF1D
00000A11
00FF0611
00001313
0000F71E
000023F6
00FFF718
00000BF1
0000F0FB
0000F3FC
0000F9FC
00000E0E
00001400
0000FCFF
00000AEC
00000705
0000FBE3
0000FB06
00000CF0
0000FEEF
0000FDF0
0000FCFD
00000901
0000FBF0
00000DED
000008FB
0000FF0D
0000F5F8
000002F4
000006FD
000000FA
0000FFFE
00000DF8
00000EFA
0000F700
00000300
000007F8
000007FF
000009FF
0000FBFF
00000700
000003F6
000007FB
0000FB00
00FF070D
00000E0C
00000F0E
0000FB00
00000F05
0000FD10
0000FC0E
0000F4DF
0000F8F8
0000F60A
000000FF
0000F7F9
0000EAFD
0000F9FC
0000FEF6
0000FBFF
0000E90C
0000F816
0000FDF3
0000FBFA
0000FFFE
0000F70B
0000FBFD
0000EEF8
0000FE12
0000F511
000002F4
0000DFFE
0000F2F7
0000FA11
0000F8FD
0000E0FD
000005EC
0000FD0E
0000F711
0000EF0F
00FF1802
000017F0
0000F0F7
0000FE0B
000013F8
0000F5EC
000006F8
0000020D
000020E7
0000F3E2
00FE0FFD
0000FB02
000003DB
0000EA00
00FE0700
0000FCFB
00001DD5
0000FAEF
00FFFC04
0000E70D
00001FC8
00001214
00FFF802
0000FAFF
000011DA
00001701
00FEF803
0000EBEB
000021DF
00000D06
00FEF4F3
0000DFFA
00001807
0000FA03
00FEFBFD
0000F3FE
00000304
0000FD05
00FFF9F3
00000A0A
0000F621
0000E402
00FFFF0A
0000F60E
0000EE1B
0000DA10
00FF0916
0000FF10
0000EA04
0000EB14
00FFFF15
0000F7F6
00000219
00000AFF
000008F7
00000AEB
0000FA0D
000010E4
000000F5
000013F5
0000F80C
0000FBE8
000000F4
00000AE5
0000F6F7
000003ED
000004FC
000002ED
00000AEE
0000F4FC
0000030D
0000F6EF
000018F2
000008F6
0000FCFC
000004F1
0000FEF5
00000EFB
0000FAFE
0000FDFC
0000F400
00000EFA
000002FC
0000F801
00000304
00000FF8
0000FCFD
00000200
00000600
000011FC
00000602
0000FB00
00FF0F03
0000110A
00001109
00000100
00000F11
0000FBF6
0000FD0B
0000F4EF
0000FBFA
0000FA0A
00000D0A
0000F708
0000F6FC
0000F905
0000F7F1
0000FB01
0000E2F6
0000FC15
00000C00
0000F5FF
0000F309
0000030F
000004F5
0000EA03
0000EEF7
0000FD00
000004EE
0000E20C
0000F1FF
0000F4FE
0000F2F8
0000E503
0000F3F5
00000709
0000ED0E
0000EF08
00FFFFFF
000001FB
0000E21E
0000F900
000008F3
0000EEFB
0000EF10
0000F109
00FF05F9
0000EBF1
00FF12FF
0000EA06
000009E1
0000F5FF
00FE0B0E
0000E304
000027E8
0000F20D
00FEFC05
0000F103
000012CD
0000EB19
00FFEE0D
00000408
000013C8
0000F015
00FFFB05
0000FAF7
000025DC
0000FDFC
00FFF610
0000FFFC
000000DB
0000F204
00FFF10E
000018F6
0000131E
0000FBF8
00FFF6F0
000010F4
0000F413
0000090A
00FF0502
000001FE
0000F20A
0000DE09
00FF00FE
0000F0F9
0000FD11
0000EEF8
0000FF01
0000F3F9
0000E710
0000FEFC
000003F1
00000804
00000105
000009ED
000016FF
00000ED9
0000F406
00000EF2
000009DF
0000F8E3
00000AF9
00000300
00000401
0000FAED
00000CFF
0000FFFD
00000A05
000003F0
00000BF7
000002F7
000003F2
0000FAF0
0000FEF3
00000A00
00000AF0
000006F6
00000108
00000600
0000FDF9
0000FC00
00001203
0000F8FE
0000FAF8
00000205
000009FE
00000902
00000200
00000500
00FF0D01
0000060E
00000DF9
0000FE00
00000910
0000FAEE
00000415
0000F5F0
0000F4FB
0000FD0A
000005F9
0000F805
0000FA00
0000FA05
000000F2
0000FF00
0000EB05
0000FBFD
0000FEF8
0000F006
0000F8FA
0000F902
000007FA
0000E805
000000FF
0000EEFB
000000FD
0000EA01
0000E904
00000300
0000EEF2
0000ED0A
0000FB00
00001011
0000EF02
0000F6FC
0000F1F8
0000F70F
0000EC09
000003F4
0000F40A
0000FB0C
0000F3FD
0000F706
000003F8
000001FA
0000FE12
0000FD00
000016D6
000005EE
00FFF60B
0000F411
000020E9
0000FA02
00FFEE0A
0000FD10
000011E9
0000F705
00FFEE0F
0000090D
000013DF
00000313
00FFF50F
0000F907
000001E5
000010EE
00FFFBFB
0000F40E
00001BDF
00001AF4
00FF03F4
000009F5
0000FC19
0000F3E7
00FF0504
0000FFF3
0000E428
00000EE1
00FF0004
0000F1FE
0000E80E
00000BF2
00FFFA01
0000ECE8
0000FC0D
0000E9FC
00000A07
000008E9
0000F4F9
0000FEEE
00000105
000015DF
0000FE01
0000FA01
00000004
0000FADD
0000F2FA
00000108
0000F7F3
0000FBDB
000002EF
0000FB02
0000FFF9
000003E8
000016EC
000011FA
00000CF6
0000FEF0
00000DF4
000009ED
000009F0
0000F8F0
000002F9
000009FB
000003F9
000002F2
00000001
00000D08
00000CFE
000004F5
0000010C
00001104
0000FFFD
0000FF03
000009FE
000012FF
0000F2FC
00000400
00FF0012
0000030A
0000FBF5
0000FB00
0000F710
0000FBF4
0000FAFC
0000F9F1
0000E9F3
0000FB01
0000F6F8
0000F906
0000FF1D
0000F6F5
00000604
0000FC07
0000F108
0000F00D
000000F2
0000EE09
0000EC14
0000F9FA
0000F2FC
0000EC04
0000FD07
0000FBFA
0000FEF1
0000F104
0000EE06
000003F9
0000F9ED
0000FDFF
0000F616
0000040E
00000300
0000FEF8
0000E015
0000040C
0000020C
0000FB04
0000EEF8
0000F811
0000EC07
00000109
00000E07
0000F8F8
0000020D
0000FF1C
00000307
0000FFDF
0000F503
0000FE0E
000011FA
0000FAFB
00000116
0000F3FF
00000AEC
00000C0C
00FFEE1F
0000FC02
000014D6
00000F1E
0000F41C
00000201
00000FDE
0000120C
0000FD01
00000CF6
000009FC
00000B09
00FF0EE8
0000FFE7
000005F5
000000F9
000014F0
000003F4
0000F30A
000002E7
00000BFA
00000DF1
0000EE15
0000FFF4
0000120B
00000DE6
0000F809
000006FB
00000E15
00000FE5
0000F500
0000EFFC
00000300
000006E1
0000F40A
0000FE06
000009F4
000001E1
0000EDF7
00000404
00000FEC
000010DA
0000F3FF
0000F7FB
0000F8EF
000009E1
000018E3
0000FFF5
000001E8
0000F8EE
000004F0
000004F3
0000FBED
0000FAED
0000FDF5
00000AF3
000006E8
000005F0
00000300
00000200
000004F4
000003F3
0000FD0E
00000C05
0000EFF1
000005FB
00000905
000003FF
000002F3
000006FE
00FF0906
00000B15
000002F5
00000000
000004FE
0000F6F5
0000030D
0000F8F5
0000EEFC
0000FCFC
0000010F
0000FF08
0000F912
0000F5FC
0000070F
0000F8FB
0000E505
00000400
0000FB01
0000E800
0000EC0B
0000FF03
0000FCFE
0000F3F9
0000F7F9
0000F901
0000FDFD
000000F5
0000FC05
0000FD04
0000FEEC
0000FDFE
0000F702
0000FA21
0000F7E9
0000F410
0000F321
0000090D
0000FDF8
0000F611
0000F00C
00000209
0000FDEF
0000F116
0000F401
00000F03
0000F613
0000FC12
0000EE07
000004F9
0000F918
0000FFFD
0000F509
000004F7
0000FB26
0000F6E7
00000D00
000008F7
0000F40E
0000F2F2
0000F7F8
00001404
0000F515
0000FFFA
00000BF7
00000101
0000F50D
000009F5
00001207
0000EB02
0000FC00
000008F5
0000FA0C
0000FE00
000021F1
0000FCF4
0000060B
0000F8FB
000007EA
0000F6FA
0000FDFE
0000E409
000003EF
000010EE
0000FA06
0000ED0C
000008EA
000003F3
0000010A
0000FC08
0000FCFF
0000FCF2
0000F9F7
000001F6
0000FBF4
00000AE9
0000FDFE
000004EF
000000F7
000008DD
0000FAEF
0000FCF7
000004F1
000005DA
00000AEB
0000F8E8
000003EC
0000FCE7
000011EB
000002E1
0000F3F1
000002EF
000009EC
0000FEFC
000002EA
00000AF4
00000BFB
0000F60C
0000FEF2
00000FF7
00000304
00000F09
000002F5
000009FD
00000003
00000108
000005F1
000008FF
00FFF804
0000020E
00001203
00000200
0000F905
0000FBF9
0000111D
0000F7F0
0000EFF7
0000F8F7
0000FC00
00000007
0000F306
000005F7
0000FAFD
0000EFFD
0000F806
0000FB0A
0000EC01
0000F1FD
0000F30A
0000F2FB
000000FA
000001F4
0000FE0B
0000F301
00000805
000000F4
00000D0D
0000FFF4
0000F702
00000504
0000F8FD
000002FB
000002F8
00000307
00000406
0000FFFD
0000FBF5
0000FB05
0000F513
0000F101
0000F7FA
0000F90A
0000F31A
0000F301
0000FA00
0000FC06
000003FA
0000EC04
0000F404
000005EF
0000F809
00000000
0000060B
0000FBF9
00000AEE
0000020B
0000FC15
0000FE0F
0000FAE8
0000FAFC
0000F711
0000FE14
0000F3F0
0000FC0E
00000009
00000912
000007FD
0000F50D
00000A08
00001507
0000F80C
000003FF
00001BFC
0000FF06
0000FE10
0000FA05
00000DF4
0000FA06
00000607
0000FC03
0000F9FB
00000108
0000021B
0000FA00
000004F5
00000A00
0000F9FA
00000005
0000F1FE
000009F3
000001FE
00000810
00000C08
00000CEA
000008F7
000008F0
0000FFFC
00000FE2
0000FFF6
000003FB
00000505
00000DE6
0000FCE7
000002F9
0000F102
0000F8F1
000006E8
0000F5FD
0000F6F0
000007F3
000005EB
00000509
0000F805
000011F5
000008EF
0000F111
000008FB
000010FB
00000200
0000060A
0000070E
000002FD
0000F400
000004FE
00000A08
00000803
00FF00FB
00000113
00000601
00000001
0000FC02
000008FE
0000FE10
0000F9FC
0000F6F9
0000FAFF
00000206
0000F907
000001ED
0000F601
00000B0F
0000E901
000003FA
0000F500
0000030A
000000FE
0000EF16
0000FCF9
0000EDF8
00000106
0000ED20
0000FD0A
00000209
00000D04
0000010D
0000090E
0000FF03
0000FB0B
0000FF06
00001516
0000FC05
00000707
0000FCFF
00000C0A
00000709
00000307
0000F7F8
00000405
0000010C
0000FB03
0000FDF9
0000FC15
00000100
0000F5F3
000003F0
00001019
00000106
000000FB
00000104
0000090D
00000703
0000F6FD
000010FB
00000215
00001100
0000F20D
000005FD
0000FB05
00001010
0000FA0D
0000F0FA
0000F813
0000FC06
00000203
00000012
0000FF10
0000F506
0000FC07
0000180D
0000FF0B
000007FE
0000F501
00000208
0000F813
00000801
0000FB03
0000FE06
0000011C
0000FCFF
0000F204
00000C0F
00000220
000009FA
0000010B
0000FEE6
0000FC0E
0000FCF8
00000707
0000FAF2
0000011A
0000FF04
00000CFF
000010EE
0000061C
0000F5EF
00001203
0000F8F5
00000505
0000F6FD
000011FB
0000F7E5
00000EFD
00000AFF
000009EE
000006E9
0000FBFF
0000FEF2
000001F0
000008F6
00001B07
000010F2
00000EF6
00000802
00000115
00000709
000005F9
0000FFF4
0000090F
00000311
0000F7FD
000006EE
0000FF11
00001300
0000F901
00FFF7F2
0000FE21
00000C0F
00000000
0000EE09
0000FDF2
00FF0B0E
0000F403
0000F909
000004ED
00FE1AFF
0000EBFE
0000F8F7
0000F90B
00FE0F13
0000EDFB
0000FAF9
000005FD
00FE0803
0000F9F7
0000FE00
00000508
00FE01FC
000006FC
0000F6FB
0000020A
00FE160C
00000505
0000F60D
00000402
00FEFE00
00000C01
0000000F
0000080F
00FE1310
000002F8
0000F506
0000FB0C
00FE0612
0000F6E9
0000F702
00001206
00FE0C06
0000F3F1
0000FA17
0000FF07
00FE0901
0000F9F0
0000F9F2
00000809
00FE1410
00000C00
0000F903
00000110
00FEFE05
0000FFFD
0000F4FD
00000B03
00FEFC21
000000FA
0000F508
0000F90D
00FE0F08
00000A02
0000F5F7
0000FF06
00FE0113
00000A03
0000F702
0000FA06
00FE01FE
0000FA02
000019FA
00000206
00FE0906
0000FF05
00000FF9
000005FD
00FE0310
0000F602
00000A01
0000F9FC
00FF0D14
000000EC
00001505
0000FF02
00FE011C
000001F4
000007F5
000013F4
00FF1419
00000AFB
000011D8
00000FFA
00FE120F
00000702
00000DDE
0000F700
00FE080A
000008FD
0000FEFE
0000F5F7
00FEFE15
00000BF5
0000F7F7
00000DF2
00FE0C10
000014E0
000006F1
000009F9
00FE0814
0000F9ED
0000FEFC
00000DFD
00FE0403
0000FAF7
00000AF7
000008F3
00FE1302
0000F4FA
00000DF7
00000CF2
00FE0715
0000FCFA
000004FD
000006FC
00FF0E04
000001FF
0000FF0B
00001006
00FF0A1E
00000000
00000A0E
00FBFB00
00130FFF
00000000
00F4FA00
00040700
00F81902
00000000
00FCFB00
0003FE00
000E0C01
00000000
00F2F500
00FF0000
000F0504
00000000
00F4F300
00FDFE00
00110B02
00000000
00F2F400
00FDFF00
00000B02
00000000
00F4F800
00FAFB00
00100FFD
00000000
00F5F500
00000200
000810FF
00000000
00F5F500
00FEFC00
000F1305
00000000
00F5F700
0001FF00
000A0601
00000000
00F3F600
00FA0600
00040A03
00000000
00F1FE00
00FB0300
00F704FE
00000000
00F8F700
00FA0701
00FC0A04
00000000
00F5F400
00FEFB00
000E0200
00000000
00F6F500
00FAFA00
00090B01
00000000
00F0F800
00FA0500
00000505
00000000
00F6F600
00FA0200
00110804
00000000
00F6F400
00030000
00FB17FD
00000000
00F4F500
00F8FD00
000E17FF
00000000
00F6F600
00FE0400
00110D04
00000000
00F6F500
00FB0500
00001200
00000000
00F4F500
00010000
00081405
00000000
00F4F700
00FDFC00
000D0C03
00000000
00F8F500
00FDFF00
00010E01
00000000
00F5F600
00020200
00070BFE
00000000
00F4F500
00F80100
000B0201
00000000
00F3F600
00FD0400
00011605
00000000
00F5F600
00020400
00FD0304
00000000
00F5F500
00010200
000908FF
00000000
00F5F300
00FDFC00
00F90200
00000000
00F6F500
00FB0000
00FA0602
00000000
0002F5FF
00FF0900
00051AFD
00000000
00F5F0FF
00F5EF00
00060700
00FE0500
00F7FF00
00FCFB00
00060700
00000000
00F7F800
00FFFD00
00040800
00000000
00F8F600
00FDFB00
00020900
00000000
00F7F600
00FEFC00
00030800
00000000
00F6F500
00FDFA00
00060700
00000000
00F9F700
00FAFB00
00040700
00000000
00F7F600
00FEFD00
00040800
00000000
00F6F600
00FCFE00
00030800
00000000
00F6F300
00F9FF00
00040600
00000000
00F3FA00
00FC0100
00040600
00000000
00F7FC00
00000500
00070400
00000000
00F6FA01
00010C00
00050800
00000000
00FAEC00
00080B00
00110B00
00000000
00F8F7FF
00000300
000A0A00
00000000
00EBF500
00020000
000B0400
00000000
00F2F400
00FAFA00
00010400
00000000
00F5F500
00F8F800
00060500
00000000
00FBF600
00FAF700
00060800
00000000
00F3F300
00FEFA00
00060700
00000000
00F5F600
00FDFC00
00030700
00000000
00F5F700
00F8FC00
00040800
00000000
00F6F600
00FDFC00
00020600
00000000
00F5F500
00FCFE00
00030700
00000000
00F5F500
00FDFA00
00040900
00000000
00F6F400
00FCFB00
00040800
00000000
00F3F400
00FDFB00
00050600
00000000
00F4F400
00FAFB00
00050900
00000000
00F6F500
00FDFB00
00020800
00000000
00F6F300
00FBFC00
00030700
00000000
00F6F500
00FBF9FF
00040900
00000000
00FCF707
000E0C00
00FD14FF
00000000
00F2F0FF
0006FC00
00142400
00FD0600
00F1F700
00050300
000B1900
00000000
00040300
00040300
000A0D00
00000000
00010300
00040300
000A0C00
00000000
00040300
00040300
00031300
00000000
00040400
00040200
00020F00
00000000
00040200
00030300
00081300
00000000
00050200
00060200
00081200
00000000
00030400
00050200
000D0B00
00000000
00020300
00010700
000D1100
00000000
00FD0900
00030900
00011300
00000000
00FC0900
00FD0200
00F1F500
00000000
000E1800
0007FA00
00030A00
0009F900
000E0900
000EFB00
00F80300
00000000
00100200
00FFF600
000A1000
00000000
00FEFE00
00030200
00101400
00000000
00FD0900
00FC0600
000F2300
00000000
00FF0200
00060300
00001C00
00000000
0000FD00
00FEFF00
00FF0900
00000000
00040300
00000200
00030D00
00000000
00030200
00040100
000B0C00
00000000
00040300
00040200
000E1200
00000000
00030300
00050300
00081300
00000000
00060300
00030300
00010E00
00000000
00040300
00040400
00000C00
00000000
00060200
00050300
000D1000
00000000
00040200
00060300
00041300
00000000
00040100
00030300
00040F00
00000000
00030300
00050300
00051100
00000000
00030400
00040200
000B0C00
00000000
00030300
00FE0101
00090400
00000000
00F403FE
000A1100
000A06FF
00000000
0009F702
0006FC00
001E1D00
00FD0600
00F7F300
00030300
00161400
00000000
00040300
00040300
00FF0E00
00000000
00020300
00020200
00031200
00000000
00030400
00030300
00021400
00000000
00040400
00030300
00091100
00000000
00040300
00030200
000B1200
00000000
00040100
0004FF00
00070C00
00000000
000A0300
00FFF800
000B0F00
00000000
00FA0400
0007F800
00FDFD00
00000000
00FE0600
0000F600
00131200
00000000
00E80D01
0000F500
0015FE00
00010000
00060A00
0008DB00
000EE900
00FF0000
00FCEA00
0005E200
0012E600
00010000
00FFFE00
00EDE600
0007F100
00000000
00FDF200
0001FC00
001EFC00
00000000
00F6F600
00040D00
00F70400
00000000
00FFF800
00130800
00021900
00000000
00FD1400
00090200
00FB2200
00000000
00FD0000
00060000
00081400
00000000
0002FF00
00010300
00FF0A00
00000000
00030400
00020100
00010F00
00000000
00FE0200
00030200
00081300
00000000
00000300
00050300
000A1300
00000000
00030200
00030300
00001500
00000000
00020300
00040300
00070E00
00000000
00020300
00040300
00061000
00000000
00030400
00040300
00FF1400
00000000
00030100
00040200
00FF1200
00000000
00040300
00040400
00040D00
00000000
00030200
00F2F902
00060800
00000000
00F50606
000A1200
00080EFE
00000000
00FEF901
0006FC00
00151F00
00FD0600
00F7F500
00050300
00111700
00000000
00030200
00060300
000E1400
00000000
00020200
00040300
00070D00
00000000
00040400
00030300
000B1000
00000000
00070200
00FF0200
00000F00
00000000
00050300
0004FF00
000C0E00
00000000
0002FC00
000BFB00
00001100
00000000
0005F900
00FFF400
00190700
00000000
00E9EF00
00FDEB00
00140500
00000000
00FB0200
00F6DD00
000EFE00
00000000
00FB0D01
0012E600
00130900
0006FD00
0002F9FF
000DEAFD
0012FEFE
0001F700
00EFD700
00FEFAFF
00101B01
0000F300
00E4D300
00ECEA00
0002ECFF
00000000
0001ECFF
00F7EB00
00FC04FF
00000000
00010800
0008F800
00071203
00000000
00ECF000
00F80700
00180D00
00000000
00F70600
00EE1000
00092501
00000000
00F80E00
00EF0E00
00F52D00
00000000
00F30600
00FB0500
00031200
00000000
0003F300
00010000
00061400
00000000
00FD0500
00000000
00080900
00000000
00FF0200
00030100
00030F00
00000000
00FD0200
00010200
00FE1300
00000000
00040200
00040300
00030B00
00000000
00040100
00040300
00FE1400
00000000
00030200
00040300
000B1100
00000000
00040300
00040300
000B0C00
00000000
00060200
00050200
00090D00
00000000
00040200
00F7FF00
00030500
00000000
0008F503
000A1100
000A1A02
00000000
0003F303
0006FC00
00142400
00FD0600
00F2F400
00040300
000B1500
00000000
00010100
00040300
00000D00
00000000
00040300
00040200
000D0D00
00000000
00050200
00020200
000C0D00
00000000
0000FF00
00010000
000D0F00
00000000
00FD0000
0000FA00
000A0C00
00000000
00F9FB00
0000FE00
00060A00
00000000
00FBF300
00FAFD00
001B0E00
00000000
00F2E800
0011F800
00120FFF
00FF0000
00F8F101
0004EEFF
0026FE00
0009FA00
00F7FF00
0014F400
0024E3FE
000DFA00
00F5EA00
0015DAFF
000CF6FB
00000400
00F5E7FF
00F8D500
00040401
00FBFB00
00E41000
00F7F2FF
00021000
0004FB00
00F90EFF
00FBFD01
00110404
0007F700
0004DE00
00F80F00
00F9ED03
0001FD00
00F5E7FF
00F72100
00F40302
0004FD00
00F61600
00EA0500
00051601
0003F400
00FFFC00
00FE2400
000C0E00
00FB0000
00F20700
00030400
00091900
00000000
00F90500
00F20300
00F00F00
00000000
00FCF300
00FB0200
00F81100
00000000
00FFFF00
00040000
00060E00
00000000
0003FD00
00040100
00050C00
00000000
00FD0100
00030200
00090B00
00000000
00010300
00040300
00060B00
00000000
00030200
00050300
000C0B00
00000000
00030200
00040300
00000C00
00000000
00030300
00030300
00000C00
00000000
00020300
00FFFE01
00040300
00000000
0000FBFC
00071100
00021A03
00000000
00000603
0006FC00
001B2400
00FD0600
00F9F900
00050300
000B1900
00000000
00040300
00040300
00041300
00000000
00040200
00060000
00031100
00000000
0002FE00
00090000
00050E00
00000000
00F7FC00
0006FD00
00020E00
00000000
00F2FA00
00F8FA00
00060B00
00000000
00F7F700
00020000
000D0F00
00000000
000BFC00
001BF400
00F8FE00
00FF0000
00FEF500
001A0000
000E0000
00FC0500
0000F3FF
00090500
0014FFFF
0014F100
00EDFAFF
0011FAFF
0014F3FF
001DE000
00F8EA00
0008CA01
00FED0FC
0013D900
00E20802
00F7B500
00F9D600
000AE700
00FDF700
00E6DC00
0004C101
00FEDD00
00F12900
00F6EC01
00F2D805
000EEA00
00DD0C00
00EDF5FF
0003F902
0004FB00
00E6E6FF
000718FF
00FEE5FE
00FCFE00
00E62500
00F71BFF
00E903FE
00F90600
00FB1D00
000D2400
00EC0AFF
00F20900
00F70300
000EEC00
00020B00
00FC0600
00FB0A00
000CF900
000C2001
00000000
00FCFF00
00070900
00090C00
00000000
00F8FA00
0006FC00
00060B00
00000000
0002FD00
0002FF00
000A0B00
00000000
00F9FD00
00FF0000
00FB1100
00000000
0003FB00
00000100
00030600
00000000
00020100
00020300
00FC0D00
00000000
00040200
00050300
00050F00
00000000
00030300
00030300
00000E00
00000000
00010300
00FEFBFF
00080500
00000000
00F2F3FC
00091000
000A15FE
00000000
00040002
0006FC00
001D2000
00FD0600
00F5F800
00040300
000B1600
00000000
00040200
00040300
00081500
00000000
00040000
00050000
00060F00
00000000
00FFFA00
0005FD00
00021000
00000000
00FEF800
0003FB00
000B0E00
00000000
00FBF900
0002FD00
000A0E00
00000000
00FFFA00
00070200
000D0D00
00000000
00FDE8FF
0000F7FF
0015FFFF
00F20700
000BEBFF
000E0B00
000707FE
00021400
00030602
001B0100
0015FEFE
0013F100
000BF1FF
0015DCFF
000EF4FF
0011C200
00DFD701
000CB5FC
000CD0FB
0005CD00
00F2E3FF
00F8A8FC
0008E3FA
000DE200
00F9E200
00ECB4FC
00FDD0FF
000DF000
00EEF800
00E1B6FE
0002C2FE
0000E700
00F50F01
00F4DDFE
00F9D7FF
00F3D600
00F0EC01
00EA28FF
00F5F8FF
00F80200
00EC1600
00EC3300
00F1F3FD
00F10900
0000DC00
00FF10FF
00E00E03
00F11200
0006E800
00000A00
00E81903
00E70600
00FDF800
00031500
00F60B00
00FFFF00
00FEF100
00FA1100
00F41C01
00000000
00030A00
00091500
00141400
00000000
00F8FE00
0003F800
00050700
00000000
00F9F800
00FFFD00
00060D00
00000000
00F8F900
00010100
00FC0800
00000000
00FB0500
00010000
00FF1200
00000000
00010300
00030200
00FF0F00
00000000
00050200
00040300
00080F00
00000000
00000200
00F8F9FF
00070700
00000000
00FCF407
000A1100
00081A01
00000000
00FBFE00
0006FC00
001F2100
00FD0600
00F3F700
00040200
000F1B00
00000000
00040200
00030200
000E0E00
00000000
0006FF00
00010000
00020E00
00000000
0004F600
0000F900
00070D00
00000000
0004F400
00FE0100
00070800
00000000
00F100FF
0002FD00
00FA0D00
00FF0000
00FBF9FE
00F8F700
00FF1F00
00F80000
00F5CDFF
00180700
0004F8FF
00020F00
0002EC00
00FDFFFF
000C1200
0002FC00
0003FDFD
0007DEFF
000B1801
0007D100
00EADE02
00FEE8FD
0011F7FE
0017AC00
00EECE00
00E9DD00
0001E800
0013AE00
00DAD900
00E2DB02
0019D701
0011CB00
00ECDAFF
00E9F0FF
0006CAFF
0009D300
00E3EDFF
00E9D8FC
00FDD702
0012D300
00CEFCFF
00E2D8FE
0010D801
0002E200
00DAF101
00ED0300
0003F2FD
00FE1600
00E0E5FF
00E40000
00F0FC01
00030800
00FCFA00
000FF6FF
00EEEFFB
00011400
0001FC00
0015F2FF
00F21105
00EA1700
0009F900
00FA21FF
00001E03
00F30A00
000FF500
00130800
00F6FC02
00FFFE00
0007F500
00EFFD00
0004F900
00000100
00F70000
00FC0700
000C0900
00000000
00F6F100
0000FA00
00060D00
00000000
00F3FC00
0001FC00
00040A00
00000000
00F60D00
00000200
00080D00
00000000
00000300
00040300
00020D00
00000000
00020400
00030200
000A1100
00000000
00000300
00FFFE00
00060700
00000000
0008F9FC
00091200
00010503
00000000
00F8F801
0007FC00
00202500
00FD0600
00FAF700
00040200
00151900
00000000
0007FF00
00060100
00041300
00000000
0009F900
00FFFD00
00071200
00000000
00FFF600
000DFB00
000A1000
00000000
00F70300
00050600
000D0000
00000000
00030600
00012501
000E1500
00FB0000
00021A00
000D0AFF
00042100
00020C00
00FBD2FE
001D14FE
00181F00
000A1400
00FAFE00
000A04FD
00030BFE
0003E300
00EBF202
000902FC
000C17FD
0017C700
00F2EB00
00EFDCFD
000E09FD
0020E500
00EEC400
00F5D800
0009E9FE
0003D900
00E8EC01
00E4E500
0005E7F9
00ECDB00
00F30C01
0002D700
0000CFFF
00F9CA00
00D50101
00F1EFFE
000BD2F8
0004D300
00EEFCFF
00EE0100
00F1E402
0007F500
00D504FF
00F0F1FF
00F8FAFF
00060C00
00E7F102
00F70F00
00F40302
00010F00
00F20B00
0013F300
00E91309
00012800
0007FB00
000A2501
00F30809
000B1400
001E0000
0006F301
00E61203
00F51200
00150900
00F1D1FF
0006FA02
00F51300
00081800
00FA0D00
0003E800
00F70300
0001F900
00FFF100
0005FE00
00000000
00050200
0006F700
000B0C00
00000000
00EFFF00
00FE0500
00071100
00000000
00EF0D00
0002FF00
00FE1400
00000000
00FE0100
0003FB00
000A1200
00000000
00020300
0005FE00
00070B00
00000000
00060400
00F2FEFF
00060400
00000000
0001FD07
000B1100
00110602
00000000
0002F402
0007FC00
00112000
00FD0600
00F0F800
00010000
000B1900
00000000
0002F900
00FE0000
00010E00
00000000
000EF600
00FEFC00
000B1000
00000000
0004F700
00F4FE00
00120600
00000000
00F1F000
00F80600
0012F900
00000000
00001E01
0009F5FF
001C0900
000F0300
00FE2401
000501FE
001308FF
00130D00
00F5DE00
0018F9FC
00FE00FD
000EF300
00DAFF01
0016D5FC
000701FE
0023E800
0008EE00
00F8E0FF
001404FE
0016E000
00F1FBFF
00F4EEFF
0007FCFB
0027E800
00F9E5FF
00FAE500
001ADBFE
00F9FA00
00FCF501
00FB1900
0016F9F8
00DFD900
00F00501
00ED1102
00F5D9F9
00E8BF00
00F7ED00
00FDFEFD
00FCD800
00E9CC00
00F1EAFF
00E61E01
0006FDFE
000EF400
00D9FDFF
00EE0AFF
00F0F403
00190200
00DD0305
00F61700
00F70903
000C0B00
00F11103
0018DD00
00FC0306
00042300
00161A01
00252601
00F2250E
00F8F000
0017E100
00FE0800
00E80806
0013F9FF
000CF000
00EFEEFF
00E81500
00F6EB00
001E0B00
0007FE00
00FE0701
00F50F00
0009F400
00E6F700
00F80E02
00F70C00
00F70100
00F82600
00FA2000
00000000
0003EE00
00F4F800
0005F500
00000000
00F2F500
00FEF100
0003F900
00000000
00F90300
0000F100
000AFE00
00000000
00020100
0003FE00
00070B00
00000000
00000300
00FAFFFF
00050400
00000000
00EFFC01
000A1000
00001B01
00000000
000AFB00
0006FC00
00202300
00FD0600
00F8F300
00F8FF00
00110F00
00000000
00F9FA00
000A0000
000C1100
00000000
000DFF00
00030B00
000C1A00
00000000
00031300
00050700
000C1400
00000000
00F4EB01
00063D00
0013F500
00000000
00100EFE
0010FAFD
0025DF00
00050800
000116FE
000AF0FE
000CF2FD
000BE500
00FD23FF
001CE4FB
0021FCFD
000EED00
00F6F0FE
00FDF5FF
001F04F8
000CE300
0008EF00
00100700
0009EAFA
0012E700
00F60600
000CF2FF
0021F8F7
0006DB00
00F4FF00
00030902
0027D8FC
00FBF400
00F8E0FE
00E81300
00FBFD02
0003D3FF
001D0200
00FFF6FD
0010D0FC
00E7DC00
00121C00
00EB14FF
00F9EDFE
0004F6FF
000CFE00
00D71D03
00FFF5FD
00FF1100
00FDF600
00E21303
0001FAF9
00081500
00E5EB03
00FA0B02
00FEFB00
00FC2700
00E6FF06
00FAF200
00E31B0C
0005F7FF
00FB2401
00FE18FF
00FE0C12
00F3FCFF
000C0100
00F2FD00
00FD0601
0006F3FF
00200100
00EC0700
00FC0008
000F0F00
00120401
00F20C00
00F5EE03
00F6F500
000CFB00
00E505FF
00E70205
00F71700
00030300
00E22500
00F01E01
00FF0000
00FBCA00
00000200
00051E00
00000000
00F3E400
00F90D00
00020F00
00000000
00FB0600
00FEFC00
00021200
00000000
0000FC00
00010500
00020E00
00000000
0000FD00
00F8FA00
00040500
00000000
00050705
00091000
00FC1A01
00000000
00F9F401
0004FB00
00102600
00FD0600
00FEE5FF
00FEFE00
000B1700
00000000
0004F800
00080900
00120800
00000000
00FC1A00
00021600
00080A00
00000000
00002300
0000F100
0009F500
00000000
0004E600
001C12FF
0017EF00
0010F800
001CEAFC
000900FE
0010D9FD
0010FE00
00EE04FD
0006F3FE
002CDEF9
0007E900
00E03601
00F20C00
0015EEFE
0018E100
00EB0601
0016F000
000F00FF
0024F400
0012E5FE
0001F2FE
0015EEF7
0006F600
00380900
0003F7F9
0013EEFA
00F0CD00
00E623FF
00F2EBFD
0018FCFB
00D9E101
000FECFE
00F6E400
0009F605
00E3CAFF
00190200
00E7EA00
000EDC03
00FADB00
00143400
00CFF803
000AFC04
00F30100
00152000
00D9FF03
00F70604
00FA0400
000CEAFF
00FDFF02
00FE0E02
00031800
00F10504
00FB0300
000E1707
00F50D00
00F91105
00DE0B03
00FA0C0A
00FB00FF
00F01E00
00E31800
00FD1E06
00F9FBFD
00F4F400
00F30101
00EF110E
0000FE00
000FF200
00EF0E00
00F6120E
00F9F700
0020FD00
00ED1F00
00FA010B
0018FB00
001C0000
00DD3100
00ED0008
00B21200
0006DA00
00F12400
00E61F03
00FDFC00
0007EF00
000F0600
00F52C00
00000000
00EFF500
00FEFF00
00070800
00000000
00F80F00
00FA0800
00F91B00
00000000
00FDFB00
00000C00
00080A00
00000000
0003FC00
0001FBFD
00010F00
00000000
00EFFEFE
000A1000
00020800
00000000
00FCF8FE
0009F800
000E1C00
00FD0600
0002E000
0003FC00
00101300
00000000
0001F700
00070E00
00060A00
00000000
00F62700
00FF0900
00210300
00000000
00040700
000F0501
0008F000
00FF0200
00090000
001FEEFE
0021F900
0020F700
002A02FE
0020F0FE
0029E9FC
000DE700
0019F6FF
000509FE
0016F3FC
0001FB00
00FA0300
00E4ED00
0011F3FC
00120D00
00192601
00120100
001BF4FE
00EF0300
0021DDFD
00EAECFE
0006F6FB
0003F400
0038EFFF
0002D9FD
000BF5F4
00F9DFFF
00FBF5FF
00FAE2FF
0021FDFF
00E4F801
000CFBFF
00E9F700
000204FE
00E5E500
0010E300
00230AFF
00F1F404
00F61600
00F4FB00
00EA0A02
00051203
00073400
00F41B00
00F8E603
00FF0005
000B2801
002A0F00
00E90505
00E718FF
000B1600
00FE1602
00EC1E03
00F10AFF
00E81400
00DC1C08
00F5FDFF
00030703
00E70900
00FD0C00
00CB2501
00F0120A
00FE0300
0003F000
00EFE900
00031A0C
0009FE00
00E52200
00F7FC00
0001110D
0002FD00
00FFDD00
00ED4C00
00F71A0A
00EE0E00
00121900
00144200
00F20F0B
00C70700
00060D00
00091500
00F23504
00F71400
00F4EE00
00F4F600
00002700
00000000
00EEFB01
00FB0300
000D1900
00000000
00F91500
00FC0400
00042200
00000000
00FDF700
0004FF00
00FD1200
00000000
00FEF100
0001FA00
00FE1100
00000000
00030207
000D0900
000B0E02
00000000
00F50401
000BF300
001F1E00
00FD0600
000AD6FF
001BF400
00050600
00000000
000CF400
000D0D00
001D0700
00000000
00F42F00
00FD1100
001E0D00
00000000
00FF02FF
00140100
00260400
00F40F00
000BF4FF
0022D1FE
0021FA00
00150700
0033F0FF
00F8F2FF
0022DDFB
00FAEF00
0007D500
00F70500
0020DAFE
00190800
000C1EFF
00EC07FF
001BDEFC
00061C00
001713FF
00FE1C01
001D11FE
00DF0C00
0023EAFE
0009DFFE
001DF9F4
00FCE3FE
0020CCFE
0002EBFD
0008E6F4
00EEEEFD
000000FF
00161800
0014FB03
00DDFC01
00080FFF
0010F5FF
000CFD08
00E2FC00
001E2400
00FBEFFD
00F3070A
00021000
0001F100
00F73100
00F215FE
000F1800
0003EB00
00060103
00FB0F07
00F30D00
0005EB00
00000A03
00FD1204
00092200
000A0F04
0002F302
0006ED05
00F4F6FF
00DEFA03
00F3FB04
00F40501
00DDE1FE
0003F700
00042700
00F0FC09
00071C00
00FF19FF
00EBEE00
00F52105
0037FC00
00E3FD00
00E60400
000C1408
00140400
00EDF5FF
00F84200
00F91F03
00EB2000
00FB0A00
00245500
00FE2805
00EC0900
00F7E900
0019F900
00F32E04
00F81F00
00FBF500
00EFFC00
00F92D00
0000FC00
00051A00
00061200
00024100
00000000
00FC0400
00F31300
00FF0B00
00000000
00E7F700
00FD0F00
00F32700
00000000
0002ED00
00FA01FF
00FB1600
00000000
00FFFE05
00081100
000C0802
00000000
00080801
000AF000
00131700
00FD0600
0017C8FF
0023EC00
00200700
00000000
000DF800
000CFF00
0026F800
00000000
00F91E00
000F1501
001DF900
0000FD00
00FB11FE
00062001
002E0500
00000700
0011EDF9
00170A00
00290200
00030300
001108FF
00EAFB00
002AF7FC
00010100
001AF400
00F41600
0014DDF5
00F10F00
001809FF
00EB06FD
0008DCFC
00E42200
0017F005
000A0DFE
0001F700
00F60500
0028E9F8
000714FC
0012E4FB
00FCED00
0009CFFE
00F7F4FE
00F6F504
00EFE3FE
001B0E00
00FF1900
0015FC06
00F506FF
000C1500
00100CFD
00F6EE07
00FC1A00
00FCFA00
00040CFC
00EEF003
00132F00
00FD0800
00F4F101
00FBF802
00F70AFF
0026F100
00F5C3FE
00001B07
00F000FE
00E4E800
00F30700
00F5FF03
00D70600
00F61904
00022101
0006F604
00EAFFFF
00DB2805
00062102
0000FB05
0010FDFE
00F42D01
00FA0CFF
000CF4FD
00F3DDFF
00FD2703
00ED2302
00010AFB
0006FD00
00F35302
00DE1CFF
00100903
000D0200
00FC11FE
00F05100
000B270A
00F31300
00FA3C00
00061E00
00011408
00FAEC00
00EFE600
0013D900
00EE2003
00EF0600
00120E00
0007FC00
000232FF
00F40C00
00013E00
00ED0300
00E84400
00000000
00DA1E00
00EE0400
00E43D00
00000000
00EB0C00
00F80B00
00FD3500
00000000
00FCF200
00F90000
00F71A00
00000000
00F6F905
000F1000
000C0701
00000000
00F6F4FF
0013E500
00022300
00FE0600
0025CDFF
001EE900
00231300
00000300
0010F800
0017FB00
0013FA00
00000900
000A0D00
00152201
00240600
00F90F00
00131301
000B07FF
00460100
00040C00
000E0DFE
0008EC00
00110DFD
00FD0800
00150500
00E6F6FF
00150EFD
00EC1900
0014FC00
00FC1800
001602FB
00EB2A00
00FEFDFD
0003FFFF
00071600
0008FF00
0005E5FE
000C04FF
000A14FE
000100FF
0024E7F5
001A04FF
0004FEFC
00F80800
0013EC00
001212FE
0008F606
00F0F0FE
00253300
000F03FF
00FEFAFF
00FFEEFF
000A1C00
002406FF
000D0CFD
00161F00
0007F101
00F2E401
00010007
00FA0900
00FBE500
00EADE00
000A0F02
00FDDCFE
00F0EA00
00F0E002
00F21604
00FDF100
00F7D500
00E4F5FF
00E7270A
00F9E200
00FE1A01
00F80B01
0007FA01
00F9D1FF
00F71A01
000A0CFE
0005F603
0003CBFE
000C0300
00120501
0002FA03
00FED1FE
00F92B0C
000C2301
0004EB00
0012F700
00011701
00EA1E02
00FC0809
0020F300
00FB49FF
00F72D00
000D270A
00120400
00F33D00
00F21B00
00F72003
00FDF500
00F6DA00
0005F100
00F72C04
00EE0500
000AFD00
00FA0D00
00062A00
00F70B00
00060700
00F9FE00
00FC2800
00000000
00D62800
00EDF400
00062F00
00000000
00D91500
00FE0C00
00EC3400
00000000
00F70300
00FEF901
00FB0F00
00000000
00FFFA03
000D0800
00010603
00000000
00FA07FF
0015EA00
00102300
00FC0600
000FDD00
000CE600
00090D00
00000400
00FAFE00
000EFC00
00100B00
00000300
00001500
000A0500
00F50300
00F80A00
00FA0AFE
000FF000
0029F800
000D0600
00F70EFC
0008D1FF
0016F1FD
000F0700
00111401
00FFDFFF
001605FF
00FE0600
000FF4FF
0011DEFB
000209FF
00D70400
001303FF
00FAECFC
00FF1C00
00EEF800
000BE7FF
00FEEBFF
00FF2701
00E908FF
0004F1FA
0026EAFE
00F8FF00
00EAFEFE
0019F200
002403FF
00F80402
00FEEFFF
004A1400
000E0EFD
000BF2F9
0001F5FE
0012FD00
002D03FF
000DFDF8
0008EB00
0007E0FF
00F9FEFF
000CF305
0003E900
00F4D600
000EF500
0016F6FF
00E7FB00
00F8FDFF
0021FF00
0006FAFF
00ECFD00
000CE500
00E42200
00F81201
001BFE00
00F9BE00
00E91C00
00F7100B
0011AFFF
000FE7FF
00FAE6FE
00FEE002
00F3B6FE
00160801
00090F01
00FFF1FE
00FECBFE
00033903
00081000
000ECA01
0005F500
000E0001
00E82901
00FE1404
0019E700
00081200
00FB2800
00091E04
00200B00
00ED4100
00002200
000D0B04
001AD500
00F5F700
000DE200
00FC2501
00FC1900
0009F900
00F2F200
00E95F01
00F00B00
0008F200
00FE0400
00093500
00000000
00E72C00
00ED1100
00FC2B00
00FC0700
00D52E00
00000400
00F45001
00000000
00F80100
00F50602
00FB1700
00000000
0000EEFF
000C1100
000D2105
00000000
0008F902
0010FB00
000F1F00
00FBFE00
0005F301
00FFFF00
000D1300
0000FE00
00F90500
0004FB00
00060300
00FF0000
00F10A00
00090700
00FD0000
00F6F700
00FDF6FE
000A1000
0004FC00
0003F700
00F902FF
0025DDFF
0004FA00
0008FC00
00132001
000AD8FE
00F60403
00070B00
0019F100
0014DFFB
00FC0202
00EE1300
0004EA00
0000DF00
00031100
00F4EDFF
00F9DCFF
00FDD8FE
00FB0F01
00F1DDFE
000CF300
0017F9FE
00FBFF07
00F6ED00
0022FBFE
00170200
000C0606
0006D8FC
003A1A00
0001EC00
00F7F106
0016F2FE
000BF100
001607FF
0009F900
00F91200
0004CC00
0006FAFF
000DF4F9
001508FF
00FCF100
00FC0A00
0001EAFC
00142A00
00E61900
00F90D00
0001FC08
00F42400
00EA2E00
00F40C02
00010EFD
0003DB00
0021B100
00E80F01
00EC20FE
00F2A1FC
00259400
00F4FD00
00F9EBFB
00F6AFFF
001DDD00
00F70CFE
001AD7F9
0001BEFF
00EC2C05
00191EFF
0007E4FF
00040E00
000A0301
000F3C01
00011100
00211F00
00FA0D00
00133500
00FB06FE
000F0800
00FB1A00
00E6FC00
000A25FF
0000DF00
000EED00
0005D600
00061E03
00FA1400
000BEC00
00FAE400
000E2700
00F30E00
00090800
00F8FD00
00152000
00FD0000
00EC6801
00EBF800
00021500
00F60D00
00D54000
00FBFD00
00061100
00000000
00FEF500
00FBF6FF
00FF1300
00000000
00EE03FA
000B0D00
00040CFF
00000000
00FCF500
0004F600
001A1B00
00FCFD00
00EF0001
00FC0000
000E0E00
0001FD00
00F90B00
0005EB00
00040D00
00FDF800
00E4F000
000201FF
0003F700
00F6E700
00FCF0FF
000814FF
00FB0200
00F8F900
0008F600
0021EDFF
0000FB00
00080000
001702FE
000DD6FE
000408FD
00112400
0026CDFC
00FFDFFD
00FCFDFA
00FE1000
00F4E9FD
000DF5FD
000808FF
00F4FAFE
00FFF202
000BDCFB
000B01FD
0001DBFE
000EFB00
0022DBFF
000DFD01
0007EDFE
000E17FF
003AD400
0013EBFF
0005CFFC
00273900
002DFAFF
00FEF301
0000DEFB
0006E800
0004EC00
000EE101
00FC17FE
00FBF800
00FCFB01
0007EDF8
00F711FF
00FFF100
00F2F6FF
00FC0BFE
000913FF
00E41C00
00FF0B01
00FCF4F7
00E72801
00E24800
00141101
00F1070B
00EBDBFF
001C0C00
0009FF00
00EF04FD
00F6BFFE
003AD100
00091700
00FA1CFD
000CB0FB
00230F00
00E81DFE
0007E8F7
0012EB00
00F62702
00073602
00F8F4FC
00101700
000F01FE
00F63303
00FCE0F9
00023C00
000AF200
00132A00
0001FC03
00190EFF
00FFDB00
00D36200
000BF7FA
00F8FC00
0014CC00
00FF1000
00090C01
00FE0300
0016F100
0000EE00
00020000
00F81000
00F90200
00FC0600
00091200
00F70000
00FD0B00
00F81000
00070800
00F30900
00FB2400
00FA0200
00F90C00
00000000
00F90400
00FEF7FD
00FC0D00
00000000
000900FA
000F1000
00FF0B02
00000000
00F700FE
0000EE00
00192100
00FD0100
00EF0101
00FAFE00
00171100
00FEFE00
00F20F00
00FF0000
00050C00
00FBE700
00EBF600
000905FF
000B0600
00F6EA00
0007FD02
00030FFF
00F61200
00F40600
00F7E4FB
0008FA00
00071201
0001F700
0012E6FB
0001E2FE
00142004
001B0500
0005DEFB
000D0C00
000E0CFD
00F4FCFF
0000FEFE
00060901
000DFD02
00EEE8FE
00ED0302
0012F7FF
0007FF00
0000DAFD
00F3DF00
0033F1FE
00F1EC05
00FDDBFE
00091AFF
003DF600
00FDEEFB
00F9C0FE
001C2E00
00321100
00FCE802
00FEE1FB
00182D00
0000F800
00F7FBF6
00F20BFC
00E93A00
00D6F201
00F9F2F9
00F900FF
000D1C00
00DA0C01
00130604
00F1F1FF
00140F00
00ED0101
00FBFB0A
00FCE5FC
000C1200
00F20501
00FEFC08
00E3C7FA
00310600
00EDF300
00FF0D01
00ECCBF8
00172B00
00EFFA00
00FA10FD
0004B7FD
000F2100
00BF2600
00F30103
00F5DCFF
00ED1AFE
00E90700
00F903FA
00F41E01
00E9FD03
00DD1F00
000AE700
00EA30FF
0000EB01
00200900
00000603
00E720FF
000CCB00
00F92400
00F811FE
00FD1B00
0013B200
00FAF900
00160B01
00050600
0014E300
00FDF900
001FFFFF
00FA0000
00FDE500
00000300
00030500
00FB0000
00FEF500
00F90300
00FC0100
00F70000
00FD0700
00030100
00050300
00000000
000A0400
000901FD
00070400
00000000
00F2F6FF
000C0E00
000B0902
00000000
00FDF501
00F90100
00071A00
00FD0200
00EF0700
00F61C00
00080F00
00FCF000
00FB1BFF
00021500
00F40900
00FAE200
00F6F7FF
0006FE00
00F90D00
00F5F400
0004F400
00F1E6FF
00F01200
00F00D00
00F4FAFB
0008F100
000CF1FF
0002EC00
0004F500
00FE17FF
00ED1504
00FCD300
00FBE3FF
00002E00
00020BFD
00DFF7FF
0005EFFD
00021800
0004F0FB
00FED0FE
0000EFFD
00050000
0009EE05
00F1D5FD
0001FC03
00171A00
000BF8FF
00F9D500
00121700
00052100
00F7E508
0003D8FE
00F92B00
00152B00
0006FCFA
00EDF5FC
00122400
001E3C00
0009FE04
00E6EAFC
00052200
000B3600
00FBE4F5
00EE09FF
00E72D00
00DC3500
0011F9FC
00CFEDFC
00E73100
00C91A00
000406F8
00E5DDFD
00F84300
00F30700
00FEF80A
00EED3FF
001D0D00
00F93100
00FA0107
00D3F9FE
001A1900
00E74B00
00FD0902
00EBCFFE
000A1700
00D92400
00050001
00EFE800
00F00600
00F30D00
00F50200
00FEFDFF
00E8D902
00FA0700
00F5F7FD
00FC4C00
00FEB9FF
000DFE00
000AF4F8
00D33400
0009B700
00FFF900
0007FA00
00F02B00
00F2CF00
0011FA00
00FF0000
00FAF200
000EE600
00EAFE00
00FCE800
00FDFE00
0001F800
00FDFD00
00FB0B00
00FE0000
0009FC00
00F90000
00F20500
00F60000
000A0000
00F80100
00000E00
00FF0000
000BFE00
0007FDFF
00FD0600
00000000
00F301FC
000E1200
00FA0804
00000000
0000F603
00FD0300
00051A00
00FAF600
00FE06FF
00F61B00
00020B00
00FADF00
00E21D00
00F6F400
0004F800
00F6EF00
00EB0EFF
0006E800
00F10AFF
00F1FD00
0005E900
0000EDFF
00FF18FE
00EBFB00
00FB1202
00090900
00FE1900
00F4E200
0002FFFE
00F61CFF
00051200
00F0C400
00F6F9FF
00060B00
0010F8FE
00F2DE00
0014F9FD
00120500
0006DBFE
00F8D8FF
000EF301
0028DC00
0007E1FB
00E9E2FF
00F009FF
000E0E00
0016E7F4
0007EAFF
00050200
00FE2D00
00FFED00
0006E701
00082D00
00011A00
0008E5FB
00F40400
00141D00
00211E00
00F4E8FC
00F0F6FE
002D0E00
00121900
00EFECFA
00F508FF
00094B00
00FF2200
0005F6FE
00FFECFE
00EC0100
00F60200
00F3FB07
00FDDCFE
000DDD00
00032200
0009F6FB
00DEEB00
00052F00
00174D00
00FCFA07
00E4D000
00D92600
00F03500
000AF6FD
00F4E900
00F13401
00070500
00F50200
00E80800
00F90001
0034C100
00EA1AFF
00F10300
0009EF01
00FED600
00F7FEFF
00F10E00
0014BD01
0004ED00
0008F0FE
00EA3700
000BCD00
0009F700
0003FAFE
00EE0C00
00F6D900
0007FF00
0011F8FC
00FBE500
00FF0100
00F5FB00
00F3F700
0000F400
00F1F300
00F5F600
00F40D00
00FD0000
00FA0400
00FDFC00
00EA0700
00FF0000
00000100
00F1FE00
00FD0B00
00000000
00090400
00FBF9FE
00FC0400
00FC0000
00F603FF
000B0C00
00050A03
00000000
00F9F6FE
00FBF700
00110900
00FBE400
00E70DFF
00F3FC00
0006F600
00F8E600
00DB1200
00F4E200
00FB0201
00F3EE00
00E1FA00
00F3FA00
00F5F1FF
00F1E000
0002DBFF
00F2F9FF
00F8EFFE
00EDE700
0007F9FE
00FB01FF
00F3EAFE
00DFF600
00F91CFE
00FA1DFF
00FEDDFF
00DCF000
0014EFFD
000CF700
00ECFBFF
00FAF400
0009D7FC
002000FF
00F6ED00
00FDFA00
001AECFE
00180A01
000DE3FC
00EBEB01
00EFEF00
000C0C00
0008E3FA
00E6EE00
00FCF8FF
00F02300
0009E204
00EE0701
001EF3FE
00170300
00F900FB
00F41A00
001CF9FF
001D0600
00F7ECF8
00FA0300
002AF000
001D1C00
00F9E801
00F508FF
002D2D00
000C3200
0000FE03
00F304FF
00FA2300
00072800
00F9EC09
0005FBFF
0012EF00
00041500
00EFF308
0000FF01
00F91E00
00FF3900
00F9DEFD
00F8E900
00F73200
00FF0D00
00000407
00EBFD00
00FA0C00
000E0F00
00030E03
00050B00
0001FD01
002C0A00
00FA1C09
00F5FB00
00F8E900
00FEF200
00F4FEFC
00041500
001CC400
00FBF100
0010EEFD
00050600
00F9C300
00F6F500
000A05FD
00FCDD00
0009FB00
00040000
00050801
00FAE100
0000E900
00FBFD00
00E81000
00F1EB00
00FDF600
00FEFD00
00EEFE00
00F6FD00
0001FC00
0002FB00
00EAFE00
00FF0000
0000FE00
00FCFB00
00F60400
00010000
00030200
00FBFAFD
00F50100
00FB0000
0004FAFC
00180D00
000709FF
00FB0000
00FF07FF
00FDFD00
000D0500
00F8DC00
00F1F4FF
00F8F800
0005F700
00F7EB00
00DCF300
00EFEB00
000FE8FF
00F1EB00
00D2E2FF
00F7F000
00FCE5FF
00F2F300
0004EEFF
00FD0C00
000BE700
00E50200
00061E00
00F61F00
0000E6FC
00D90300
00FF01FE
00F82001
00F5FBFF
00DB0500
00FADE00
00050600
00F50AFE
00EC1700
000AD603
000EF3FF
00EFF4FE
0000FB00
0005F7FD
00FDFCFF
0009F005
0001F900
00FA04FE
000E1500
000CF5FC
00EFE900
0015EFFE
00F838FF
0005ED05
00EFEE00
0017F0FE
001707FF
00E5FD08
00F11901
001FD0FB
00060B00
00EEF603
000A0D00
001BED00
0008F700
00FEFC04
00F50B00
0030FA00
00170600
00F1FD04
00EF0000
00190800
00F71A00
0010ED01
00F9ECFF
00F8F900
00092500
00FADAFF
00EEEFFF
00FC4101
00F01EFF
00F1F600
00E4EA00
00FA0F00
00D02800
0000FCFF
00DE1D00
00FCFF00
00E33300
00EC1E0B
00D80300
00100800
00150B00
00040AFE
00FCFC00
0000F600
0013D300
00FB06FB
001BE000
0008EE00
000EE700
0002FEFB
000AD700
0009EA00
0003ED00
00F717FF
0007DC00
000BEDFF
00FAFF00
00EC0B01
00F2DE00
0007EBFF
00FC0000
00EAFF01
00FDE200
00040700
00020000
00EDF600
00FBEE00
00F3FB00
0008FF00
0004F700
00FFF900
00F7FB00
000A0100
00F80400
00020000
00070200
0003FE01
00FAFF00
00FE0000
00F90706
00190B00
000A0E01
00010000
00FB0902
00F90100
0007F900
00FCE100
00FCF0FF
00F3FA00
0004F300
00F3F400
00E7D8FF
00F2F300
00FAE6FF
00EFF200
00D9C8FF
00F50000
0007E9FE
00E9FF00
00F4E100
00FD1600
00FBF200
00DC0D00
00FB13FF
00F30D00
00FEF400
00DA1000
00F9F1FF
00F70E00
00F4FFFE
00DE1400
000CE4FE
00060B00
00E9FC01
00EC1400
0005CFFD
0006FE00
00EC0600
00F8F700
00F9E104
00E60700
00F8ECFE
00F5F700
00EF1D00
00EF1800
00F8E7FE
00ECE900
0005EDFD
00EB3300
0002FDFE
00EC0100
0018F8FF
00F41C00
00EE040B
00EF1F00
0018E7FD
00E0FF00
00F01F07
00F93B00
000EDDFE
00ED0300
00071B01
000411FF
002AD6FF
00F3E800
00F51704
00FA00FF
00FACFFF
00E60E00
00020E01
0013D2FF
00101300
00FC1900
000CED06
00FBD5FF
00F51700
00062D00
00F9EC06
00EDE200
00FE0400
00D64300
0005F9FC
00E10000
00FA0900
00EF1300
00FCFB01
00F21200
00E41E00
0001EF00
00F906FC
00080900
0003E600
0019DF00
00EEFCFC
0019D300
0001FC00
0008F100
0004F0FB
0001D600
0013F400
00FC0500
00F7FCFF
0003DA00
00F6F200
0001F800
00050100
00FBDC00
00F4F4FF
00F7FA00
00F9F3FF
00FADF00
00FFF900
0002FF00
00F9F400
00FFE400
00FA0100
00030200
00FBF600
00FAEC00
0002FA00
00F80200
00EEF900
00040000
000DFE00
0008F3FC
00FDF900
00130000
00040704
00091200
00040A00
00000000
00F20801
00FBF100
0001F900
00F5E900
00F1FAFF
00E7F000
0000F000
00EFFC00
00F7E400
00F40900
00F9EE00
00F0FB00
00E6E000
00EF0600
00FDF300
00E31200
00FCCB00
00E90B00
00FFE2FD
00D90E00
00EE0CFF
00000600
0006E9FD
00E00C00
00F1FF00
00F8F9FF
00F5FD00
00E00B00
00FEEC00
00FAF8FF
00F101FF
00F30300
00F3D8FF
00FA0600
00F6F6FF
0007FE00
00F0E300
00F20000
00FEEAFF
00FD0200
00F603FD
00F812FF
00F3F505
0002ED00
0011F3FA
00F90600
0006F803
00F1FE00
0013F7FD
00F41800
00FD0B00
00F02000
0019FDFD
00FDE100
00F7220A
00F62400
001EDFFD
0000E200
00F9150D
00F12500
00FAD9FF
0017D000
00F01303
00F02200
0019E9FF
000B1100
000BFDFA
0007FF00
00062C00
00EE1200
000AF2FF
00F9DA00
00E94701
0005EE00
000BEBF6
00F8F300
00D62100
000A0D00
00FE0903
00E5FB00
00021700
00EDEF00
00FE0FFA
0003F200
00DDF300
00F9EA00
00E90A00
000EE800
00EBE600
00FCE200
00FC09FE
0004DD00
00EEEE00
00F00300
00F5F7FF
0001D500
0015E500
0005FD00
0007E9FF
0001DA00
0001E6FF
001BF600
000DF5FF
00EFDB00
0003E8FF
000EFB00
00F0EDFF
00F0DF00
0011FB00
00FFF900
0005F400
0001E100
00030300
0016FD00
0001F6FF
0001E700
00F6FE00
000B0000
00F0FB00
0008FA00
000AFF00
00F8FBFB
0000F400
000B0000
00F3F902
00080F00
00FF0202
00F90000
00F2FF02
0000FE00
0004F800
00F6E800
00EDFE00
00EBF900
0002F700
00EE0200
00F21400
00FCF300
00FCF8FF
00E90D00
00F4F600
00EEFB00
00F6F2FD
00DD1100
00E9EA00
00F60B00
000414FF
00DB0900
00EC0E00
00031700
00F708FD
00E70800
00FBFEFF
00FD0700
00FB02FC
00F4FF00
00EDDA00
00001100
00F4FEFE
00010000
00E5F302
000FFFFF
00050700
00FE0600
00DDEAFD
00F21200
00FCFD00
00080B00
00FAF5FE
00ED2BFF
00F8E500
00061500
00EC0E01
00F80AFF
00FD05FE
00F41200
00000400
00F60800
00EA2208
00E71000
000AF2FF
000F0D00
00EC1C01
00F11F00
0012E5FC
00110C00
00E21D08
00001800
0010CFFE
000CE600
00EAF800
000E0500
00F7FBFF
00000900
0001E700
0001E300
0000E3FF
00F90900
00FFF5FA
0009E700
00F70B00
0004EB00
00FDE900
0015F200
00DB1700
00FBF600
0005FFFC
0008EE00
00F2F900
00F3F800
00EA1BFF
000BED00
00E5EA00
00EBF600
00EE04FF
0001EB00
00DEF000
00EDFC00
00FCF6FF
0004E100
00FDE100
00FCFF00
00F4E4FF
0017D400
00F6F300
00F2FE00
0000EBFF
0001D600
001CE7FF
00F5F400
00F8ECFF
00E7DB00
00FCE6FF
000CF400
00F3E700
00F4DE00
0011F600
0006F700
00FBE6FF
0005E100
0008FF00
0007F900
00F3F500
0000E500
00F70200
0011F800
00F5F100
0008F100
000D0000
00060201
00FFF000
000B0000
0001FBFD
00050C00
00130A00
00010000
00ED0B00
00F70C00
000CFF00
00F2EA00
00F8FB00
00F9ED00
0002EDFF
00EB0300
00F31CFF
0000F3FF
0006F701
00E50000
00FA0B00
0005F100
00F8F7FF
00DB0400
00FD0700
00F8F500
00FD03FD
00E8F800
00E51C00
00F81F00
0001FFFD
00F9F600
00F81C00
00FC1100
00F2F5FB
00FBFF00
00F10200
00F51B00
0002FFFF
00F41300
00F3F100
00F50A00
00FD08FF
00F81900
00E3FE00
00E21400
0002F8FF
00F31500
00ED0100
00020A00
00F30500
00F91A00
00E1FEFF
00F0FB00
00F71302
00F81C00
00F60CFF
00090C00
00FE1E03
00F10F00
00060200
00070000
00F41501
00E81300
00EFF2FF
0010F300
00FD0E04
00FD0700
00FBF700
0006FA00
00EF0A02
000DFB00
00FC0600
00E50F00
0001F0FD
0005EF00
00ED0000
00050300
001AE7FE
00FEEC00
00FB1000
00FCE300
0009EAFD
00FAF900
00F81100
00EBE300
0009E2FF
000CED00
00F1FD00
00E3F300
0008EBFE
00F9EF00
00F3F400
00F6EF00
00FD00FF
00F5E900
00E6F000
00F6EA00
00EFE300
0008D900
00F8E900
00F4FE00
00F0F300
0006CF00
0002ED00
00F60900
00EFF400
0000CE00
0014E3FF
00E2FE00
00F5ECFF
00E8DA00
00FCE200
000A0100
0002FD00
00F3DC00
000DEE00
00F80800
00F5FA00
00FFDF00
0008F500
00020A00
00FAF200
0008E400
00FFF900
0016FD00
00F8EF00
0004EE00
00020000
00FAFAFE
00F7EE00
00130000
00070802
000B0C00
00FA0F00
00010000
0003FF03
00F40300
00060001
00E9EC00
00EEF8FF
00F3F300
0002F5FE
00E9F700
00F11DFF
000203FF
00F908FF
00E1FB00
00010C00
00FB0F00
00F01002
00EA0200
00F11100
00FB0A00
00FD05FC
00FFF200
00F01000
00F71400
00FE0CFE
00FBF300
00EF2A00
00070500
00F40BFF
00010500
00060500
0001F800
000D06FF
00010600
0002E900
00F20E00
0002EFFE
00F60800
00EC2500
00F30C00
00FFEEFF
00F91400
00F31D01
00FA0200
00F00800
00FA1500
00FA03FF
00EAFF00
00091800
00091000
00F9FB00
00051700
00111F00
00FF1700
00F9F100
00061D00
00F72500
00FA1400
00EFE3FF
00FD0C00
00F23501
00FB0600
00F2ECFF
00FA2900
00EA1E00
00090000
000DFEFF
00F41700
00F51100
0014EA00
00F9FE00
00091600
002007FF
0005E800
00F40900
00F60600
0015EAFF
0003F700
0000FF00
00020800
00FC09FF
00FDF900
0000FE00
00FF0C00
00FCFFFF
0006E800
00DFEA00
00F82300
00F40FFF
0003DE00
00F1E300
00082A00
00030700
000CCB00
00F9E900
00FB1F00
00030100
0006CE00
00FEE700
00012400
00EDFE00
00FCD600
0007E300
00F11100
00ECEBFF
00E4DF00
0001E5FF
00130200
00FCDF00
00F4E300
000AF300
00170200
00F9F100
00FFDF00
000DF200
00070600
0004F200
0008DF00
0007F600
000E1600
00FD0200
00F7E800
00F9F700
00071101
0002FA00
000CF800
0008FA00
00F61C00
00FEFE00
00000000
00EC06FF
00F50800
00040900
00F2F400
00EDFB00
00EB0300
00070101
00F00600
00F2FFFE
00F62800
00F81502
00E90700
00FB03FF
00EF3200
00F11100
00FF0100
00000D00
00FD1C00
000101FF
0000FF00
00F12100
00FB1D00
00FE0E00
00090000
00EF1900
00161D00
00FE1C01
00FD0500
00F81D00
001EF900
00060F00
00FC0400
00FBF400
00141100
00002B00
00010B00
00FD1100
00040F00
00FE1100
00FC0800
00F91800
00FD1C00
00031100
00F8FA00
000609FF
00021900
000E2300
000A1100
00000400
00102300
000F2E00
00F51100
0006F600
00003400
000909FF
00ED0800
000CFF00
00F31A00
00112200
00F50700
00FAFC00
00052200
00031301
00FDFB00
000B0700
00FB1000
00F0FC00
00FBFC00
00180100
00FD0600
0002E800
00FBFA00
00F40B00
00F90300
001AF400
00070800
0006F400
00F12700
00F3F600
00F20200
0004E100
00F81F00
000DF000
0001F100
00ECF8FF
00FD1F00
00E8FE00
0004EC00
00E6EB00
00083400
00EA0300
000BF800
00F2E300
00FA2701
00EBE800
0014F000
00F9DB00
00071500
00FEFD00
000BEC00
000FD800
00061000
00F60100
000BEA00
0012E600
0010FC00
00F4F3FF
0002F000
0006F000
0016DD00
00FDF000
0009EB00
0007F600
000DEC00
0007FA01
0001E800
0009EF00
0022F800
0015F602
00F3EC00
0012F400
00FEFDFF
0011E200
00F7F800
0002F204
00021A00
00080301
00000000
00EBFBFF
00FD0400
000E1800
00E2ED00
00F8F500
0000F5FD
0017FA01
00DF0F00
00EA0600
00FF09FF
0012FA01
00EB0500
00FBFBFF
000E1000
00000205
00F40A00
00020F00
000608FF
001AF805
0003F700
00EF0700
000610FF
0017FA06
00FF0600
00F61100
00030E00
00151003
0006FC00
00032500
00090500
0009FF01
00FDF400
00F2FA00
000B0401
0008FAFE
00F2EB00
00F20200
00061601
00171600
00EFF100
00F53A00
00FF1601
00FA0E05
0002F500
00EF1100
00060C01
00F90502
00151C00
00F91000
0004FC00
00051BFF
00011A00
00F40000
0001F300
00081005
00FB0400
00F91A00
0005F700
00080902
00060200
00F30300
0003F3FF
00060DFF
00000500
00F8F900
000B02FF
00070AFE
00F80600
001CEC00
00F50000
00FF2104
0009FE00
0010F000
00F90001
00000605
0000FA00
0001FE00
00FEFF00
00F81F06
000DEB00
001DFD00
00F2F901
00021900
0006EE00
00F5F900
00FBF700
001008FF
000CF100
00F7E200
0007F000
000109FF
0012F000
0002E300
000FF500
00031202
0004F200
0003FA00
000DF700
00001304
000FF100
000AE200
000CF2FF
000F0C06
000EE900
0017E800
00190200
000C2201
00F8EF00
00FAF400
000B0601
00FC2008
00FFE600
000EED00
0014FDFF
00042401
00F4ED00
0015F200
001FF8FE
00F91DFD
00FAE900
0011FA00
00FDF8FD
000D0FFF
00FCEC00
00FDFE02
000D0200
00051504
00000000
00FAFD00
00EFFE00
001F0AFC
00000000
00F7FE00
00F90100
001300FC
00000000
00FAFE00
00F8FF00
0013FF00
00000000
00F3F700
0003FF00
000C0001
00000000
00F2F900
0001FF00
000506FD
00000000
00F3F900
00F9FB00
00020400
00000000
00F7F900
00040200
0016FCFA
00000000
00F3F800
00FE0100
00000DFD
00000000
00F2F800
00FDFD00
000A0901
00000000
00F4F900
00F7FF00
00FF0FFE
00000000
00F3F900
00FDFE00
00FEF9FA
00000000
00FEF800
000FFE00
000D07FE
00000000
00EEF900
000EFE00
00060EFD
00000000
00F1FC00
0004FE00
0002FB00
00000000
00EFFB00
00F9FE00
00030EFD
00000000
00FCF500
00FBFC00
0017FDFB
00000000
00F6F900
00FFFB00
000A0CFF
00000000
00F3FA00
00FDFF00
000C0102
00000000
00F2FC00
00FA0000
000008FD
00000000
00F2F800
00F8FF00
0005FC00
00000000
00F5F900
00F5FE00
001305FF
00000000
00F2FA00
00F5FF00
001402FF
00000000
00F0FA00
00F9FD00
000A0FFD
00000000
00F3F900
00FFFE00
00FDFDFE
00000000
00F3F800
00F80300
00160BF9
00000000
00F3F900
00FDFC00
0001FC01
00000000
00F5F900
00F60200
000303FB
00000000
00F2FB00
00FCFF00
0013FCFA
00000000
00F3FA00
00F7FF00
000E0DFB
00000000
00F2F900
00F80100
00090500
00000000
00F3F600
0006FF00
001109FF
00000000
00F60100
000D0200
001208FA
00000000
00FF0000
00E8FC00
00100A00
00060000
00FFFD00
00F50100
000C0B00
00000000
00F4F700
00F5FE00
00070B00
00000000
00F3F900
00F9FD00
000B0C00
00000000
00F2FD00
00F2FC00
00010C00
00000000
00EFFA00
00F7FE00
00030B00
00000000
00F6FD00
00F5FE00
00030C00
00000000
00F2FA00
00F6FE00
00050B00
00000000
00F3FB00
00F3FF00
000B0C00
00000000
00F8FB00
00FAFC00
00070C00
00000000
00F6F900
00F9FC00
00060C00
00000000
0004FA00
000CFD00
00010C00
00000000
0008FA00
0000FA00
00FD0C00
00000000
00F5FC00
00FEFE00
00000900
00000000
00F0F900
0000FB00
000F0A00
00000000
00ECF900
00F7FA00
00FB0C00
00000000
00F3F900
00EFFD00
00060C00
00000000
00F4F500
00F2FC00
00060B00
00000000
00F0FA00
00F4FE00
000A0B00
00000000
00F5FB00
00F3FE00
00020C00
00000000
00F3FA00
00F1FD00
00040B00
00000000
00F4FA00
00F0FD00
00030C00
00000000
00F5FA00
00F4FE00
00060D00
00000000
00F2FA00
00F5FE00
00030B00
00000000
00F4FB00
00F0FF00
00030C00
00000000
00EFF900
00F1FF00
00060C00
00000000
00F3F900
00F5FE00
00070C00
00000000
00EEFB00
00F1FE00
00080C00
00000000
00EFFB00
00F5FE00
00080C00
00000000
00F3FB00
00F5FD00
00030C00
00000000
00EFFA00
00060100
00030B00
00000000
0004F300
001C0600
00FE0F00
00000000
00F90C00
00FE0700
00190C00
00070000
00F6FE00
00040400
000A0800
00000000
00020100
00020300
000E0A00
00000000
00000300
00040300
000F0400
00000000
00000100
00020300
000F0200
00000000
00FF0200
00050300
000E0300
00000000
00000200
00010200
000E0800
00000000
00040200
00020200
00060900
00000000
00040200
00000300
000C0800
00000000
00050100
00070100
00050300
00000000
00070000
00100000
00000800
00000000
000FF900
00160700
00060200
00000000
001BFF00
00040700
00190600
00F50600
000C0200
00FB0800
00101000
00000000
00F90000
00FE0700
001B0E00
00000000
00FDFB00
00000200
00090200
00000000
0003FC00
00050200
0013FD00
00000000
00FD0700
00FE0100
001A0100
00000000
00F90300
00000100
00F80700
00000000
00010100
00FE0300
00010600
00000000
00030200
00010300
00050800
00000000
00000400
00020100
000A0200
00000000
00030200
00030200
00070700
00000000
00020200
00040300
00FF0100
00000000
00FF0300
00020300
00100800
00000000
00020400
00020300
00050300
00000000
00010200
00020300
000B0800
00000000
00000300
00020300
00060600
00000000
00FD0200
00020300
00000500
00000000
00010200
00FF0200
00FD0A00
00000000
00000300
0007FD00
000B0B00
00000000
00FB0100
00190500
00FEFB00
00000000
000C0300
00FE0700
00130F00
00070000
00F8FC00
00040400
00110800
00000000
00000200
00020200
00080800
00000000
00010200
00040400
00060600
00000000
00FE0000
00000300
00000B00
00000000
00000300
00000300
00FD0800
00000000
00FE0300
00010300
00050500
00000000
00000200
00FF0300
00070100
00000000
00060100
00FC0400
00070800
00000000
000BFB00
00F80500
00F80200
00000000
00F80100
00F4FB00
00081100
00000000
0026F400
00050200
00150600
00010000
0017FF00
00050F00
00F90E00
00FF0000
00000300
00FF1100
00F20000
00000000
0006FD00
00F90400
00FEFD00
00000000
0001FE00
00F60500
00100600
00000000
00E5F900
0013FB00
0001FF00
00000000
00ECFA00
0007FE00
000FF800
00000000
0000FB00
00030300
00180100
00000000
00F80300
00FD0100
00030100
00000000
00000000
00000400
00F90500
00000000
00030000
00010300
00FB0500
00000000
00050200
00040400
00070900
00000000
00040100
00080300
00120500
00000000
00030200
00030300
00080800
00000000
00010200
00010200
00030800
00000000
00040300
00010200
000A0600
00000000
00010300
00010300
00070A00
00000000
00010300
00050200
00020800
00000000
00010200
00020300
000F0900
00000000
00010100
00FCFD00
00060C00
00000000
00020D00
00190700
001809FE
00000000
00010700
00FE0700
00161000
00070000
00EFF900
00040300
00100B00
00000000
00000400
00020300
00070400
00000000
00010100
00020200
00030600
00000000
00030300
00010200
000D0400
00000000
00000200
00000300
00FE0A00
00000000
00FF0200
00FA0300
00040800
00000000
00F90300
00F50400
00030300
00000000
00F8FC00
00FA0400
00F70D00
00000000
0005F700
00E6FD00
00FF0B00
00000000
00FE0600
00F7EF00
00F60100
00000000
000CDF00
00061000
0001FA00
00F90600
00ED0400
00F6F200
00F4F800
00000200
00E70100
00FCF800
00FBF500
00000100
00E9EF00
00EAEE00
00F1E200
00FD0000
0001F400
00F1F600
00F70100
00000100
00050200
0016F700
001DFD00
00000000
00F1F100
0013EC00
00FD1100
00000000
00F9EF00
001DEF00
0014FC00
00000000
00FA0100
000EEE00
0012FA00
00000000
00020100
0004FB00
00090300
00000000
00E90000
00FA0200
00F30200
00000000
00050000
00FC0400
00F00C00
00000000
000A0100
00050300
00F40300
00000000
00040300
00020300
000A0800
00000000
00FF0300
00030300
000D0800
00000000
00030300
00040200
000C0900
00000000
00000400
00010300
00020300
00000000
00FE0100
00020200
00FF0800
00000000
00000200
00020200
00010700
00000000
00FD0100
00FFFE00
00040A00
00000000
00000300
00190600
00110600
00000000
00FD0300
00FE0700
00180B00
00070000
00F1F800
00020300
00120D00
00000000
00000300
00020300
00FE0200
00000000
00000300
00020300
00070700
00000000
00020300
00000200
00FE0B00
00000000
00000200
00FF0100
00FD0300
00000000
00F90000
00F70200
00010A00
00000000
00F2FF00
00F10300
00070500
00000000
00ECF700
0004FA00
00010C00
00000000
000CF300
00F50F00
00F9FD00
00020000
00F6FE00
0001F200
00EE1200
00F80600
000FEA00
00F5FF00
00DF0600
00FC0A00
00F90500
00F9ED00
00F8E700
00FC0600
00DEF600
0007E900
00FDEF00
00FF0400
00FEF700
00FEDD00
00FBEE00
00F70300
00F30000
00FEDF00
000FE300
00F80000
00F40000
0006E800
00FADE00
00FD0000
00E00300
0007D900
00FAF100
00000000
00FDF300
00FFDA00
0000E600
0006FF00
0005FC00
002DE000
0001F700
00000000
00F5FF00
0008EE00
00FEF700
00000000
00FDFF00
0008F300
00FFFC00
00000000
00F30200
0006FF00
00080400
00000000
00F9FF00
00000500
00FA0900
00000000
00FB0200
00040400
00FE0500
00000000
00060100
00000200
00050900
00000000
00010100
00000300
00FE0400
00000000
00FE0200
00030200
00020700
00000000
00010300
00030300
000E0100
00000000
00020300
00000300
00FE0400
00000000
00010300
0001FA00
00060A00
00000000
00F9F400
00190600
0007FCFE
00000000
000F0600
00FE0700
001E1100
00070000
00F6FD00
00010300
00060200
00000000
00040300
00020300
000E0800
00000000
00FD0300
00010200
00090300
00000000
00FC0100
00010200
00010A00
00000000
00FC0200
0000FF00
00060200
00000000
00F3FE00
00F4FF00
0005FE00
00000000
00FAF600
00ECFC00
0003F800
00000000
00F5F100
00FA0500
00F8E800
00030000
00FEFD00
0003F800
00FBF300
000A0300
00FA0900
00F9EF00
00F9E300
00F71E00
000BF200
00F30000
00F80C00
00DC2900
00FBF100
00ECF500
00ED0C00
00FD0300
0006EE00
00EDCD00
000BFA00
000EE800
00F6E800
00FFDF00
00EAFD00
00ECEC00
0001E700
00FFDD00
0007D800
00F7F700
0000F000
00FBCC00
00F5EC00
00FF0300
00E50000
0002CB00
00F3DAFF
000A0600
001AE200
0004C800
0004EB00
00FCFA00
0017EC00
0007DA00
000CD9FF
000EFA00
00F20500
00F2EF00
000CE800
0009FA00
00FFFF00
00F5EF00
001AF400
00000000
00F2FB00
000BEF00
00FEF600
00000000
00FB0000
00FAFC00
00070A00
00000000
00FEFF00
0004FF00
00FB0300
00000000
000EFE00
00FF0200
00090600
00000000
00010500
00FC0300
00040800
00000000
00020200
00020300
000D0800
00000000
00000300
00020300
00FC0400
00000000
00FD0300
00010300
00070700
00000000
00000200
0003FE00
00040900
00000000
00FFFD00
00190600
0010FE01
00000000
00FA0500
00FE0700
00130600
00070000
00FAFC00
00020300
00020600
00000000
00010300
00FF0100
000A0200
00000000
00FA0100
0001FF00
00070000
00000000
00FAFD00
0000FE00
00010400
00000000
00F8FF00
00F70000
00FE0300
00000000
00EAF800
00F50600
00FB0800
00000000
00EF0200
00E3ED00
00010700
00000000
00F6E000
00F1FD00
00F30A00
0012FE00
00EBF300
00F3FC00
00EEF900
00130300
00050B00
00050200
00FC3100
00FE2300
00E51100
00E60100
00F71400
00EA1700
00FBC900
00ECF600
00F41200
00FA1600
00F7F800
00E6FF00
00EC1000
00FC0200
00F60300
00D9E300
00EC0200
0009EA00
00010100
00E2E000
00DF0300
0001EE00
0015E700
00F5EE00
00DDE900
00F3F900
0016E800
0013D100
00FDE800
000DF300
0001EC00
0012DE00
0006E200
0015F500
00F0FF00
00FCDD00
0011E000
0010F700
00D12300
0012E600
0004EB00
0001F400
00F1F600
00190200
00F80100
00FC0000
00FC0000
00F60000
000CFC00
00000000
00000000
0012EB00
000EFB00
00000000
0007F900
0001FF00
00160300
00000000
000BFC00
00090200
00FE0900
00000000
00030200
00020200
00100300
00000000
0004FF00
00010400
000A0500
00000000
00050200
00040300
00110A00
00000000
00FE0300
00020300
00040100
00000000
00000300
00FFFD00
00080A00
00000000
00070700
00160700
000E06FE
00000000
00F7FC00
00FE0700
00130A00
00070000
00F5FC00
00020400
00020800
00000000
00030000
0001FF00
000C0600
00000000
00FEF900
0002FA00
00030000
00000000
00F5FC00
00FFF700
000C0200
00000000
00F40100
00FAF700
000AFB00
00000000
00EDF600
00F8FC00
000AEA00
00000000
00F3F300
00EEF300
0017E900
00090100
00F3E100
00010000
00F6FD00
000D0B00
00EA0300
0001F300
0003FB00
00E51100
0001F900
00E20500
00F90F00
00E91B00
00070800
00E80400
00E91700
00ED1A00
0002EE00
00F0D700
00F40E00
001F1A00
0000D900
00EBF900
00EE0B00
00F4F600
00E4FA00
00F80B00
00F5F300
00FFE000
00E9DE00
00E9FB00
00FDF100
00F8DA00
00F6E900
00ECF000
00EDDE00
000EE400
00F3F900
0002E800
00E8DC00
0007E700
0009DF00
00F4E600
00FCE500
0015EE00
00052500
00E3FA00
00E9E800
0009FC00
00DA0F00
00F32300
000BE700
0021F300
00080300
00FC1900
00030000
0007F000
00E9FB00
00011B00
00F1F500
000B0300
00020500
00EE0800
00FE1100
00000000
00190300
00F5FD00
000C0800
00000000
000BFD00
00FBFD00
00180400
00000000
000BFB00
0013F900
000D0300
00000000
0008FC00
00080100
000A0800
00000000
00030100
00040400
00070700
00000000
00FE0300
00020300
00100900
00000000
00FF0200
0003FD00
000A0B00
00000000
00FE0100
00180700
001304FE
00000000
00F80A00
00FE0800
00150C00
00070000
00F0FD00
00020300
00020C00
00000000
00FAFC00
0001F900
000E0700
00000000
00F7F800
00FFF200
00030900
00000000
00F2F600
00FFF900
00050400
00000000
0000F500
00FDFE00
00F7F200
00000000
00EBF400
0013FB00
000DFF00
00010000
00EFEB00
00EAFE00
0008FE00
000E0800
00F1F100
00E0FD00
000DF500
00F6F800
00FFED00
00E41500
0006E500
00D40D00
00FA0700
00DF0100
00F0FC00
00CD1300
00051100
00E5EB00
00F20800
00E80E00
0009F400
00DCE200
00D9FA00
00090F00
00F9EA00
00F7F700
00F8EC00
000CFC00
00F40A00
00E7F800
00E9D4FF
00FDED00
00FCE900
00E7F300
00EBE500
00F9E000
00FEDC00
00F7E900
00EAE800
0010E300
00FACD00
00F2F400
0011EE00
0005FB00
00FFDE00
00F6F800
000BE500
000BF500
00063800
000A0E00
000CD300
0020E000
00E92C00
001E2F00
0006FAFE
0026F400
00EB0300
001B1000
000BDBFF
00020300
000AE300
00F30600
00FE0700
00060600
00070F00
000FFE00
00ECF600
0017FF00
000DFF00
00FBFD00
00050600
00FF0000
0011F800
00FAFE00
001A0300
00000000
0011F800
0003FA00
00230300
00000000
001CF900
00FFFF00
00160500
00000000
00000200
00000100
0013FE00
00000000
00FD0200
00FF0400
000B0500
00000000
00060200
0000F900
00020A00
00000000
00F8F300
00190700
000E02FE
00000000
00F90D00
00FE0800
00150700
00070000
00F4FC00
00FF0500
00080600
00000000
00FBFA00
00FFFF00
00000400
00000000
00FCF700
00FDFF00
00070D00
00000000
00F0F800
0000F000
00FB0B00
00000000
00F0F400
00F7F400
0004F500
00000000
00F0EF00
00E5D800
0014F600
00010300
00F7D800
00F3ED00
00FDEB00
00E10800
00EEE200
00DBF400
0002DE00
00E1EF00
000F0200
00D61C00
00F4F500
00EB0D00
00EFF900
00E60B00
00EDFE00
00BD2600
00040B00
00E7F300
00FC0000
00FA2E00
0002F500
00E6D000
00FA0D00
001B0D00
0016D700
000ADB00
000E0E00
00F90A00
00F70E00
00F8E200
00EC0B00
00E2CD00
00FDFE00
00E7F900
00FC0400
00EAC200
0002DD00
0011DE00
0001E300
0009E800
00FED300
000EFC00
000DD700
000AF300
0017E100
00FF0E00
0006DF00
00FBF500
00191F00
00002300
0009ECFE
00140400
00160A00
001D3200
0017FC00
00110100
00E8FD00
00220100
00030C01
0003EF00
00FE0F00
00FF1500
001012FF
00ED1100
000AFE00
000C1A00
000C0900
001DFD00
00F60800
0010ED00
0008F700
00050000
0018FD00
0020E700
0016E600
00F70000
00070000
00170400
00FD0F00
00000000
00170800
00FF1100
00081800
00000000
0016FC00
00F50900
000B0A00
00000000
00FA0100
00000100
000F0B00
00000000
00020200
00FAFE00
00050B00
00000000
00040600
00190700
00080000
00000000
00FD0000
00FD0500
00210A00
00070000
00F8F400
0000F800
000BFF00
00000000
00FDF800
0000F300
00FEF100
00000000
00FA0000
000BEA00
000CF600
00000000
000CFD00
0008F900
000EFD00
00000000
00E00400
0026F500
00F10C00
00000000
00F7F400
00D7E800
00F00800
00FAFF00
00EFCD00
00EF0300
00EA0E00
00CEFB00
0010EF00
00D20700
00DDF500
00E90200
00FD1B00
00F3F700
00E2FF00
00D91700
00EEFA00
00FD0100
00E00700
00C44800
000CF700
00F6F100
00F3F600
00E31000
001CF800
0012E600
00F41701
0000FD00
00EBE900
0014DD00
00F2FD00
00F0E100
00F70700
00F9FA00
0002F800
0000B500
00013700
00030000
00FEF600
0008C700
00140200
0010DF00
0006FBFF
001EE000
0018E000
000AF100
0002EAFE
0002E800
00EEF600
00F70000
000CDC00
001CE300
00193A00
0001FD00
0016E401
000F0C00
00F74200
0015F600
0006F502
00000A00
00EC1300
0006EA00
00100902
0007F800
000C1900
001EE600
00FFFE00
00F50500
00F70000
00002900
00180900
00090D00
00FE0D00
00FAE200
001CF500
001CF000
00F8F000
002B0000
000D0100
00000000
00F20300
00151000
0022F900
00000000
00180500
000BFE00
0023FC00
00000000
00100100
00FA0400
00FE0700
00000000
00F90B00
00020000
000A0400
00000000
00050200
00FEFD00
00020800
00000000
0001FD00
00190700
000205FE
00000000
000F0600
00FB0000
00170C00
00070000
00E0F200
0000F500
00051000
00000000
00F9F200
0004FA00
00F90600
00000000
0000F200
001EEE00
0003FD00
00000000
0014F400
00EF0400
00FA0500
00000000
00E90500
00FB0400
00FA1200
00FF1A00
00D2F400
00E8F300
00DC2900
00E60500
00EED000
00DE0A00
00CD1200
00D6FD00
0015A100
00FC1800
00F01100
00D41700
000C0B00
00FD1A00
00FCF300
00E24200
00F0FE00
00030F00
00EB1000
00E92B00
00112700
00F5E100
00ED0600
00FA1100
000AE100
0009D900
00E61B00
0013EE00
0007DC00
0000F800
000DF400
0002DC00
00111000
00FD0400
00F2E500
00FBEB00
002A1500
000BED00
000AF5FF
0007FF00
0023EC00
001CE200
0002E400
00261500
00EEF900
0004FB00
0014DC00
0017E200
00160000
00031E00
00FEF900
0010C400
000D35FD
001A0600
0011F7FF
000FDB00
00FF1900
0004F300
00120703
00F1F700
00E50100
00FD0600
0010FCFD
0003FC00
00E22B00
000FB800
0011F3FE
00FF0900
000B1200
001BEE00
000910FD
00FC0A00
00EF0700
0026E300
001BF8FE
0015DE00
00FF1700
00190B00
0023F900
00040100
00F31000
000A0D00
0035EE00
00000000
00120700
00FE0400
00111100
00000000
0010FE00
000D0800
00190D00
00000000
00FDFC00
000A0500
00050900
00000000
00F70300
00FFFF00
000D0800
00000000
00F9F300
001C0600
00100DFF
00000000
00050400
00F40500
00240D00
00070000
00E6FC00
00FE0400
000A1900
00000000
0002E700
000D0200
00010700
00000000
0006FB00
000E0500
00F12300
00000000
00F20300
00FF0900
00F01600
0007FF00
00F5FC00
00DF2D00
00F20D00
00E63700
00EC0C00
00EF2800
00DE0A00
00DE1B00
00F4FA00
00F50B00
00E90B00
00D90300
00EACD00
00FD0300
00FAFE00
00EF1300
001A2400
00061300
00EF1400
00FA0500
00EA1400
00FB0600
00E50E00
00DFF700
00F93300
00E5F300
00F00600
00EDF200
0010ED00
00EA0700
00F31700
000AF300
00F2E500
0024F200
000906FF
00F6FF00
00E60D00
0006F500
00FBEF01
00100A00
00140400
0000F500
0004F702
00291900
0010EA00
00F0FC00
0004FE02
00231400
001BEF00
000B0C00
0013DCFE
00FB0300
00FEF800
00221000
000BE600
0013E600
000F1900
00121500
0014F7FF
0004D700
00F92700
000B0400
000EF100
00FBE400
00F3FF00
00FE0900
001C0600
0011FF00
0010F400
0019B100
0013EAFB
00F10D00
00F31D00
0037C700
0011F1FC
00FBFF00
0004FE00
002A0400
001D0CFC
000AFB00
00061000
0006FE00
0026EEFF
001DFA00
0002EC00
00031300
00140900
00FF0000
00170500
00010000
0008F700
00000000
00140500
00040000
00270600
00000000
00FFFB00
00020200
000EFC00
00000000
00F9FF00
00F8FF00
00110600
00000000
00FAFF00
00100800
00120B00
00000000
000F0800
00E90A00
00171500
00070000
00D3FA00
00ED2100
00F20500
00000000
00F50100
00071100
00FB1E00
00000000
00080200
00011100
00F00D00
0003FF00
00E71100
00FE0D00
00F42400
00100400
00F30000
00D13300
00013100
00FA2D00
00F12100
00FEF400
00EC1500
00D51100
00EF1A00
0004E600
00E51F00
00E71A00
000CEA00
0008D200
00DD0500
00100500
0010FF00
00070000
00001500
00EDE600
00091800
00E80C00
00F21000
00CDF200
00F72E00
00F0EE00
00DFF8FF
00EFE200
00021700
00120100
00F81CFE
000ADF00
00F3DF00
00FE1000
000C16FE
0006E500
00FDF200
00EEE500
001CFC01
0012EC00
00FBF800
001BE100
00150BFF
0016DC00
00EBFB00
00FCEC00
00FFF7FF
0014B700
0002E400
0004FD00
0014F6FF
0030EE00
00150301
001AEC00
0009DC00
0007F700
00F7EBFD
001C0F00
00FAE7FD
00D9E500
00F21901
0009E800
00F6E9FF
00F90900
00290000
000CE900
0017FE00
00E01E00
00F4DD00
0015D700
001B01FE
00090700
00F0EF00
0032F100
0029F9FF
00041000
0007DE00
0024F300
0024F702
00150900
00F1F500
00E70E00
0019EEFD
00080C00
00F50000
00F9ED00
00060C00
00000000
00200A00
00050A00
0029EE00
00000000
00050300
000FF300
0008FC00
00000000
0000EB00
000BF900
0019FC00
00000000
00EE0400
0007FD00
00120000
00000000
00F4FD00
001A0700
0011F9FE
00000000
000AF800
00E10B00
001B0E00
00070000
00C70C00
00E72E00
000A3100
00000000
00FB0F00
00FD1C00
00E92B00
00000000
00030900
000F1700
00E71100
00030A00
00F22300
000B0B00
00EE3200
00031800
00E0FF00
00092600
00F93D00
00021600
00051B00
00FDE300
00EA4400
00EF1100
00071500
002DD400
00D72500
00F73300
000FE600
00F9EC00
00D60F00
0019EB00
00152C00
00FFEA00
0002F200
00D6DA00
00F01500
00080600
00D91400
00ECF000
00FD3100
00F0FE00
00F602FE
00E4D800
00184400
00270E00
000710FD
00F2E900
0000F600
00F71800
000909FF
0017FC00
00F11E00
00F8F400
000AFB00
00092700
0009F600
00F5DC00
000F03FE
00E5E600
00F80D00
00F60000
000AFB03
00F2D100
001AB000
00FFF800
000E1100
0008DD00
0018EB00
001AFB00
000EE500
00F5EE00
0022E400
001B0E00
00F700FF
00F90100
002D0A00
00EAE100
00F0FF00
00CB1D00
002EEC01
002DC800
00F90C01
00E40200
0034D700
002ACA00
00120DFF
00FF0300
00040D00
0021CF00
00240800
001A0A00
000C0F00
000CCF00
0028EEF8
00FC0100
00CFFF00
00D20C00
00260804
00F21300
000B0800
00DA0100
0018F600
000A0100
002EEE00
00FFF900
0039EB00
00000000
0015E300
0006F200
003BF200
00000000
0011E600
0008F600
002BFC00
00000000
00F30100
00FEFF00
001F0200
00000000
00F1F700
00140900
00130501
00000000
00F8FB00
00DB1500
0023F200
00070300
00DF2800
00F32200
00021900
00020000
00E61600
00FA2700
00F71C00
00080B00
00FB2B00
000E1000
00021A00
000B0900
000C1E00
00F70B00
00F24600
000E1400
00060E00
00FF1D00
00EE3D00
0000F300
00002500
00FDEF00
00EE4400
0016E800
00FE0400
0018EF00
00DF2400
001D0A00
00EEDA00
00020400
000D22FE
00F2F500
00082000
0004EA00
00FB0300
00EFDC00
00F10A00
000E2900
00F01300
000BF200
00151E00
000A1100
00F500FF
00FED800
002B4D00
00020400
000A00FC
00FDFC00
00020A00
00E91300
000103FF
00230500
00EDFB00
00FAED00
00100200
00FF0400
00F10300
00F4DC00
00F5F800
00D70B00
00FA0600
0013E700
0011FAFE
00140500
00FBF900
00EBE4FF
0015EF01
00F8FE00
0005EE00
0018E300
000AFB00
00D5E900
00FAE300
0002FD00
00FBE400
00DCE300
002AFD00
000A0D00
00F1FE00
00AF1300
003EE5FF
0024D100
00ED09FF
00E32200
0024C900
002EC900
000EECFC
00062200
0020F300
001AD800
000DF301
001C1700
0003E900
0010D300
000EF1F7
00031100
00C41A00
00EC0000
00120EF9
00000400
00071400
00FEFC00
00040800
000B0400
0007FE00
0000FA00
0021FE00
00000000
0035DC00
00F8F300
00280000
00000000
0019DB00
000CFC00
0028EF00
00010000
0005F800
00FCFA00
001AFF00
00000000
00F20600
00120B00
000B00FF
00000000
00010C00
00E21600
0019FC00
00060100
00EB2400
00EB0D00
00070400
00070000
00F10400
00F31900
000D0800
00FF0B00
00F11A00
00FF0900
0007F700
00040600
00091700
00FC1700
00EB3300
00041400
0007FB00
00EA2F00
00E72900
00140000
00103A00
00FA0100
00F42500
0008EE00
00050400
00FFE300
00020C00
00FD0100
000AD200
000AF800
000CF801
00FAE900
00EC1300
001AF300
00FFDBFF
0010F500
00012900
00F53F00
00FCF900
0005EC00
000D0C00
00091000
0003E3FE
00F6F200
00167A00
0006FE00
0000FEF9
00F60800
00FC1300
00F12000
000102FD
00ED2E00
00E2FE00
00FA0400
00070002
00ECFE00
00EBE500
00020300
000306FD
00000000
000EDC00
000D1100
00FBFEFD
0003F400
00E31900
00F1E200
0010F500
0015FF00
00D3EB00
0023F000
000601FD
00D2EF00
00E42A00
00FB0E00
00EDE600
00D0E000
00180D00
000EF500
00EAFC00
00A71200
0026FA01
0031ED00
00D8FA00
00D81700
000EC300
0032D700
0015EA02
00EB1000
00FE0000
0019EE00
001BF100
001CF500
00EADD00
00110500
00160A03
00F2F600
00DF1D00
00EA0500
00160701
00080900
00F20800
00E50700
0031EEFF
000B0000
00EBFE00
000AFB00
00200D00
00000000
0032E200
0019EC00
0028FB00
00090000
002ED600
0008FD00
003BF100
00000000
0004FC00
00FC0100
001E0000
00000000
00F80100
00170800
00100AFD
00000000
000EF900
00F00E00
0019FA00
00FF0000
00FD1400
00EEFF00
0015FD00
00000000
00F0FD00
00F30E00
00140500
00FA0500
00FE1200
00050C00
000BF100
00FCF600
000C12FF
000F2600
00F30B00
00FAFF00
0003F6FF
00F03700
00F22500
000A2600
00092000
00FAF900
00FA2701
00F22100
000DEF00
00F3E700
00FD12FE
00FB0900
00F6C600
00F90000
001006FE
0011E400
00F2F700
0007DE00
0003E300
00FCFB00
00FCFA00
00F00D00
00FDFF00
0000F000
00F43500
00000B00
00F308FF
00F40600
00024C00
00F61600
00FE00FF
00FE0D00
00EA1200
000E0F00
0001FDFF
000E0800
00E90700
00E70C00
00F80AFC
00100600
00E80400
00180A00
0007FE01
001A1900
0022E000
00000A00
00FBF1FB
00130800
0013E000
0007F400
00080403
0006F600
00C30700
00240B00
0018FFFB
00CEE700
00B53200
00000900
00F50300
00D1E000
00062A00
0017FD00
00E40F00
00B5F600
002ADCFE
002A0E00
00E80A00
00DEED00
0026DBFC
00240900
00FFF9FE
000FF100
00F91900
001F1100
0005F002
001AF000
00E60100
00050900
00221403
00FAE500
00DC1A00
00FEFB00
000007F8
00030900
00E21700
00E70000
000815FF
000CFF00
00FB0600
00FEF200
00080C00
0000FF00
0052E100
00F9EC00
0011FD00
000F0100
0042D900
00FEFC00
000DFB00
00000000
00FAFE00
0005FF00
00150400
00000000
0008FF00
00170700
000107FF
00000000
000B0900
00F5FE00
001FFB00
0003FD00
0003F800
0005F500
001B0400
00F90600
0005F000
00E40C00
0010F900
0005FF00
00ED1000
00051500
00F6F600
0005E700
00082C00
00002800
00FFEE00
00F8F100
00FA0500
00034700
001C4300
000C1800
00F52F00
00FDF600
000BFF00
00091A00
00E9F400
00F2E300
00FC1BFF
0007FE00
00F9DF00
00E6FF00
000706FF
00FCEB00
000EE300
00EAF800
00FA0402
00F7F100
00F61700
00DB1900
00050701
00070D00
00061100
00DD4800
00F308FA
00F80C00
00143500
00D53800
00EB0BFF
00E7FE00
00ED1000
00050000
00E705FD
0004E900
00FDF800
000DF900
00FE05FF
000FD700
000F1400
0006EC00
001019FF
0001EB00
001DF100
00140C00
00FE11FE
001DD800
002DD200
001CFB00
001EFCFC
00FAE600
00EC1E00
002E2100
000A01FD
00D2EA00
00010700
00310E00
00F0E101
00C9C100
00212700
0024F900
00E9EF00
00DAE400
003AF5FF
0033F200
00EB0600
00EDE600
001AE101
002FD500
00F8F8FF
0015B900
00EB2800
000C0100
000AF0FB
000CCA00
00B73100
001B0400
000D12FC
0006DC00
00D31700
00230700
00051201
00F40500
00F02800
00EC0D00
00F51B00
000E0000
00F8F600
00030400
00F30B00
0000F400
0001FC00
0013F200
00F90D00
000AF700
0022FA00
0003FF00
00F7FF00
00000000
0005F800
00FFFF00
00120600
00000000
000C0500
00160A00
000603FE
00000000
00FA0400
00FAFB00
00180F00
00060300
00FCF800
0001FB00
000C0600
00030300
0002EE00
00EE1300
0008F900
00F9F100
00F8FE00
00FF2100
0006F900
0003E800
00033300
00FBFF00
00FFE900
0003F000
00FE08FB
00F22A00
00062100
00EB1200
00E91C00
00ECF900
001D1C01
00FD0E00
00FCF800
00E8E900
000D1802
0002E900
0008E800
000CDE00
001800FD
0015EA00
000FD900
00F5FE00
00F80DFE
0002FD00
0000E400
00C64200
00020203
00F9F900
00FB1400
00DC4300
00F00803
00F1F800
00070500
00E24400
00FFF5FE
00F0EC00
00322A00
0005F100
00F9FE01
00EFED00
00280200
0008F100
00FB1901
00F3F600
00220500
0013FE00
00F911FF
00EFED00
0015EF00
0017F500
001409FB
00E2F300
001B0900
0017EB00
0011E7FD
00F8F700
00E91E00
001E0800
000CF0FE
00D9D700
00211D00
0006FF00
00F6EA03
00E1E400
00332400
0022CE00
00EFFD00
00CEF200
0019E500
000FE300
00EBFB00
00EDF600
0027D6FE
0019E900
00F50001
0007D600
00080D00
00ED4C00
0017F1FC
0019C700
00D33100
00142300
0003ECFD
000A0700
00C01B00
00F80D00
00F90B01
00050100
00E71C00
00EDFC00
00F51200
00FEFC00
00E70400
00F9FB00
00ED0B00
0000FA00
00EE0C00
00FEF300
00EEFC00
0000F200
00030200
00FBFE00
00FAF500
00000000
00000B00
00F60B00
00090700
00000000
00F60500
00170500
0002F900
00000000
00FC0300
00F20D00
00230A00
000B0100
00F2FA00
00FE0C00
00101100
0006FA00
00F8F000
000A0800
0011FB00
00F0ED00
00EBF700
00153500
00FAFF00
0006EC00
00112D00
00F80E00
0003EF00
0014F200
000A0D00
00F83200
00FA0D00
00061000
00F9FC00
000B0000
00110402
00EEF900
001AE600
00EDFC00
0016E802
0005D800
00F9DA00
00F4F600
0010F500
00F3F100
00E1EC00
00DD1C00
00110200
00E8F500
00FADC00
00E72F00
00110DFD
00FA0D00
00FAF600
001D0900
000003FD
00FAFB00
0012E400
002B1B00
00FFF9FC
00F2E700
001BFD00
00350F00
0007EB01
00E2E200
00360700
003A0F00
00F515FD
00E8EF00
0023F100
0033E600
00FE0201
00E8ED00
003CEA00
002FCC00
000BFBFF
00D9F700
0033E800
000AFC00
00F2FCFD
00F5F400
00060C00
00170200
0001FBFE
000BDB00
00180800
0048E900
0002FA00
00DCFF00
0019FA00
003FD700
000C02FF
00EDEF00
001AF700
0015F000
00E5F700
00F2E500
0004F3FE
000B0900
00F40400
0028ED00
00E82A00
00FB3200
00F30FFE
0018D500
00D12500
00E92000
00FCEE02
001CF400
00DB1100
00DF1500
00F205FF
0006FA00
00D9FE00
00E7FA00
00E0F800
00FB0000
00FCFC00
00F4FF00
00010100
00FFF800
00F70800
00FAFB00
0009FA00
0000ED00
00FD0500
00FAFF00
00060100
0000FD00
00FF0400
00FEFE00
00060600
00000000
00FFFF00
00170800
001605FE
00000000
00070900
0000FC00
00170B00
0000FE00
00F50300
00FA0900
0009FF00
00FAF200
00010300
00FF0600
00080900
00F2F100
00120000
00141D00
00F40E00
00FFF900
00011200
00FD1F00
0001F200
0000FA00
00071500
00070A00
001BEE00
00F10700
0001F8FF
000FEE00
00FD12FF
00E3FC00
0001FB00
00F01200
0007FA00
0000EF00
000AF800
00EF2700
00060300
00FE0300
00E90000
00BE3D00
000217FE
00F91100
00FBEB00
00F91700
00F00D01
00F10C00
00FBF400
0022F300
00F819FB
000B0300
0017F800
00151500
00F902FD
00F9C800
0003ED00
001F3300
00F40200
00D8D800
00F42800
00201900
00F2EE02
00EC0100
0046DE00
0030F200
00FC09FC
00FC0B00
0021DE00
0012F500
0002F3FB
00ED0500
00F80E00
0025F800
0006FE00
00180300
0020F300
00350100
00FFF200
000F1200
0026C900
002BFC00
00FCF8FF
00081200
0021EC00
0016FF00
000002FD
00FCEF00
001B1A00
00DE1000
0010E9FE
000EEC00
000F1700
00D2FF00
00F8E300
000CF100
00E91900
00F21D00
00040700
0039F900
00E31500
00EB0900
00F901FF
0018F100
00DA0900
00F90300
00FF1100
00F9FE00
00F7F400
00F6FF00
00E81100
00F80200
00EBEE00
00F8FD00
000BFF00
00FCFC00
00FDFB00
00FF0000
00FDF700
0000F700
00FCFD00
0001FE00
00FDEF00
0000FD00
00030000
00FF0F00
00FE0300
0000FC00
00030500
00100700
000AFD01
00000000
0008FB00
0018FB00
001C0700
00E6FC00
00FB0800
000C0F00
00031300
00F0F000
001B0200
00F90800
000C0900
00E90400
00190500
001D0900
00FD1B00
00EB0300
00FF0C00
00F00A00
00F50A00
00DF0700
00FE0500
00FEF700
00F60B00
00E3F900
00F6FAFE
0013F000
00091F00
00FDE700
00FBF700
00F32800
00FFF402
0006FE00
00F41000
00E33A00
0002F7FC
00031500
00D91200
00F63F00
00FD1101
00051400
00F3E500
00E93500
00F11BFF
0007F200
00E5D200
00111300
00FF2300
00FEE600
00D51200
00091B00
000A0402
00EBD800
00D0F900
00274500
00EBE801
00EFEA00
00D62D00
00292600
00E30902
00FDFE00
00210400
002FFF00
00FE0800
0003FA00
0034D800
0022EF00
000905FC
00FF0C00
00150200
0013E800
00F405FE
00293100
000EF200
0029DE00
0008EFFE
001D1700
0030C600
000EEA00
0001FA00
0008FB00
001FFB00
0018EA00
00FFF8FF
0012EB00
00140800
00FEF800
001BE2FD
00F8FD00
00001A00
00040800
0009EA00
00110A00
00011C00
00FFFA00
00F30100
00090600
00CA1500
00FAFC00
0000FD00
00E90600
00EB0D00
00F40300
0007F000
00F00100
00EAEF00
00F90C00
00030300
00F5F100
00EEEC00
00F80200
00F4FB00
00F8F600
00F50100
00FD0B00
0001F700
0000FC00
00F7FA00
00000600
0004F700
0000FC00
00000300
00F30600
00FE0600
0000FA00
00050100
00110C00
000B10FE
0000FA00
00060B00
000F0000
00190000
00DAF400
00ED0900
00050B00
00030F00
00F0EB00
000B0A00
0001FF00
00FB0B00
00FFFA00
00FF2200
000CF500
00061C00
00F30100
000D0900
00130100
00F31500
00F3FC00
0012FC00
000FE800
00F51400
0003F300
00F8F900
0015F500
000DF6FF
00FAF500
00ED1500
00FF1800
0002FE00
00170600
00E92600
00F31A00
000BFB00
00111E00
00F1FE00
00DC1500
00F70EFD
00FF1500
00F60700
00F01400
00FA16FD
00FDED00
00E3EC00
00100400
00FB16FE
00E0E800
00DC0C00
00FD1700
00FCF8FC
0000E200
00CF1F00
00261100
000BEEFD
00F91400
00E51200
00022300
00F805FB
00000F00
00E40D00
00120D00
0001FAFD
000E0C00
001B1200
001AED00
00F6FBFF
00FE0C00
0009FE00
0005F900
00EC16FE
000A0D00
002CDB00
00F8EF00
00FC10FF
00040500
0005D300
000EBF00
0010FE00
0025EC00
000DED00
001BE300
00020000
00FFE700
0018FF00
00000C00
00EF0000
00EB0E00
001F0600
00C92100
00FEF3FF
00F22700
00FF0C00
00E32300
00EEE800
00D81800
00F1FF00
00E71300
0003FB00
00E51800
00F20A00
00FCF200
0012F500
00E7FB00
00D6FC00
00F91100
00FF0D00
00ED0200
00F2F500
00FC0D00
00F2FD00
00F7FB00
00FFEB00
00FE1900
00010F00
00FFFC00
00F9FE00
00FE1900
00030200
00000100
00FB0300
00F40800
00000200
00000000
00F70000
00161600
001412FE
00000100
00FE0B00
00F30500
001A0400
00EDF500
00F10600
00FF0100
000C0600
0005F500
00F70800
0007FE00
00EC1500
0003F500
00E91E00
000FF400
00FC1200
0005F300
00080A00
000C0000
00EF1600
0009F400
0006EC00
0009EF00
00F218FF
0015EF00
00FFEB00
001CED00
000DF9FF
0007F600
00FF0900
00080500
000DF400
000D0A00
00EC2F00
00F70500
000C0500
00FE1000
00EF0100
00FEFA00
00061502
0005FB00
0008F200
00FDF900
00071D01
0002EE00
00E4F700
000CFD00
000407FC
0000DF00
00DD0200
0023FE00
0013F802
00EDE600
00CD2C00
0020E600
0009F8FF
00211500
00BB2300
001EF400
00130700
000B2F00
00E80B00
00FDE500
000700FD
000E1000
00E50100
0017CF00
001000FF
00022E00
00190300
00EDEB00
000A0C01
00EB1400
0013BC00
00F4FB00
00F92200
00F90400
0003E600
0016EB00
000CFD00
00E9E700
000CF800
000A0300
0004F600
00FFF400
0015F800
00040C00
00FBFA00
00110800
00070300
00D82F00
00F5EAFF
00CF2300
00F11200
00F30500
00E70300
00D80F00
00F5FE00
00F31700
00F71000
00E11400
00F7FF00
00F4FD00
00040B00
00E60600
00EEFA00
00F8FE00
00F9F600
00E9FE00
00F9FE00
00FC0C00
00FEFF00
00F30500
00F9FA00
00FB0400
00F10900
00FCF900
00FD0100
00FE0300
00F20200
00FEFE00
00FA0200
00000000
00FC0700
00001700
00FAFA00
00170400
00F80900
00000100
000A0000
00EA0600
00130D00
00EFF800
00F2FC00
00FEF100
00FAFA00
0005F000
0004FB00
00F50800
00FC0B00
0009ED00
00F61A00
0006F500
00F20F00
0006F000
00F00F00
00F0FE00
00EA1800
0013F500
000BED00
00EEFF00
000216FF
000DF900
0010EE00
00F8F700
00F6FFFF
0009F300
0016F900
00FEF900
00FFFE00
00FE0300
00EA0900
0004E500
001C0100
00F20F00
00F4F400
000AFC00
00120CFE
0009FF00
0001E700
00EDED00
000FFCFF
00FC0700
00E40D00
00F9FE00
00FF0002
000FF200
00E6FF00
000BED00
0003FC02
001AEA00
00F01C00
0007FC00
0009EC01
00230E00
00D31100
000BF000
0012ED00
00190800
00ECED00
00DF1200
00090001
0017F900
00E61000
00FAF600
00FB0FFC
00F90E00
00160B00
00E5FF00
00FD0BFF
00E80D00
002BA700
00C21400
00030700
00F80600
0016BB00
00F62500
00F9F900
00D8F000
001E0800
00FD0700
00FAF900
00E30D00
0006FB00
0000FC00
0018FE00
00D61F00
00F60500
00F90F00
000EF200
00D10E00
00F21600
000E0400
0000FE00
00CF0E00
00F00000
00FE2600
00F80E00
00DD1000
00ED1000
00012E00
00F21300
00E5F600
00DD1000
00F61800
00F31400
00E8F800
00F4EE00
00F61600
00FA0F00
00EF0C00
00F6FB00
0003F900
00FF0200
00F60C00
00FEEE00
0006F800
00F40400
00FD0100
00F9FB00
00EEFE00
00FB1700
00000900
0006FA00
00190000
00FE10FF
0000F800
00020600
00F30900
00130100
00EEF700
00F9FF00
000C0400
0006FE00
0009E700
0016F800
00EB1400
0009FC00
000BED00
00ED0C00
000E0100
000F0B00
0012F500
00FA0B00
00050500
00090CFF
0006F900
000BEC00
00EE0500
00001900
0005F800
0006F500
00FD0500
00EB1D00
0000F600
0021EB00
000AFC00
000500FF
00F0FB00
002AD000
00090700
00160400
0005F900
00FEF500
00FD0300
000402FE
000F0D00
00F8FD00
00FCE100
00FF1EFE
00270B00
0001E200
00EDFC00
00070FFC
001AFC00
00F9F800
00FCFF00
001401FF
0002EE00
00F80000
000C0800
000DFD00
00110500
00DE1300
00240000
000EE7FD
00130E00
00DA0000
000B1200
00FCEE01
00F91D00
00F8FB00
000B1900
00F801FE
00DA0B00
00ED1B00
00011700
00F50F00
00EC1600
00FAF700
00E90200
00022200
00E82D00
0017EB00
00FB0400
00F91700
00DD1000
000DF200
00FA0A00
00140200
00DC1500
00FEFB00
00FCF800
00FD0F00
00D61300
000EFD00
00010F00
00F11200
00D41400
00E71100
000B0800
00F80C00
00CF2200
00E3FB00
00F3FF00
00E20800
00D40B00
00E42600
00F6FB00
00DF1100
00E2E900
00E22700
00F20700
00E90900
00E5FA00
00EAEA00
00EF1700
00EC1500
00ED0E00
00010500
00F7ED00
00F31800
00F30E00
0000E600
0002F100
00FCFF00
00F70A00
00FDF600
00F1FF00
00F91300
00FB0800
000C0000
000FF500
000906FE
00000000
000A0000
00F9FB00
0015FF00
00FBF200
0008F800
00E91400
00060300
0012EB00
001BFD00
00F51600
0008FE00
00020000
0007ED00
00FF0900
00F60500
0007F900
000AFD00
00F5FF00
000406FF
00F60600
00FFED00
00FBF100
00EF0CFF
00F10100
000B0000
00FFEF00
00EC0800
00FDF600
0009ED00
0031E800
00F412FF
0018F400
0015DB00
0001FE00
000805FE
0017F800
0010E900
000FF700
00F00BFE
001FEA00
00F6EC00
00040300
0013F8FF
0020F800
0007EC00
00EFFB00
002D0E00
00080C00
000EE500
00051100
002D0401
00E81300
00130400
00FA0D00
00160B00
00F30500
00F70900
00FC1A00
001208FD
00FF0C00
00010600
000B0400
000D0601
00EF1400
00030100
0014E900
00011B00
00EC0F00
00150B00
000B2000
00F82B00
00F10700
00180A00
00F80A00
00E91700
00FA0900
0002EF00
0003EF00
00F01A00
00EB1700
0001FA00
001CF500
00E71000
00F20300
00FD2100
00160100
000AFC00
00F40300
000AEC00
00E71500
00FA0A00
00E41B00
00F61100
00F2FD00
00F90F00
00CF1100
00F2F600
00F10400
00F10C00
00C60600
00D61B00
00E90900
00E11D00
00D7EC00
00DA2D00
00E50200
00EE0A00
00E3F800
00EFF000
00F7F300
00F51000
00EA0D00
00F3FB00
0008E900
00F61400
00F31400
00F4F600
0005FC00
00000900
00F51300
00FCEE00
0004FB00
00FC0B00
00F91200
0005F200
000C0200
00001400
00000100
0007FD00
00FA0200
001DF600
00FAF400
0006FD00
00FB0A00
00F9FF00
0007FD00
0005E500
000C0700
0006F600
0003FF00
0004F200
000D0000
000106FF
00000100
0015DC00
00F6FA00
00010500
00EC0A00
000AF800
00ECE000
000302FF
00EDFB00
0018F600
00F7EE00
00FF0C00
0006F300
0004F300
00FCEA00
00F52600
0009F900
0001ED00
0000EB00
000014FF
000BF400
000BF300
0005F500
00FF1801
0011EF00
00080100
00F4F800
00110500
0010F400
00EE0300
00F9EC00
000205FF
00F61E00
00F9F700
000DF700
000716FF
00011800
00FD1100
000E0500
00160F00
001B0900
00E70E00
00F2FB00
00281000
00270700
00F11100
00130800
00020BFF
00231000
00FB1D00
0008FB00
00000E00
00122500
0012FD00
00F10E00
00EE4000
00131900
00180800
0006F800
00F22700
000F1A00
00F7ED00
00F40100
00EE1400
00160F00
00160000
00F81C00
00F81C00
00070C00
00F91900
000F1400
00081D00
00F20A00
00FBFC00
00111C00
00002D00
00E41900
00ED0900
00F11000
00090B00
00DD0D00
00E1F900
00F90500
00F70800
00D60000
00D71000
00F31D00
00F0F800
00EAF500
00E02500
00F51500
00DD0C00
00EEFF00
00E4FF00
00F70600
00FB0B00
00EB1300
00F3ED00
0001E200
00000C00
00EE1500
00F90100
000AE900
00F80900
00F40600
00FDED00
000BFA00
00050400
00F10E00
00F9F900
0017F600
000505FE
00000000
00FD0F00
0006F600
0018F500
00F7F200
00180700
0013FB00
00141200
0008FF00
00F9E900
001BEF00
001BFB00
00FE0000
0008F700
0000E200
00150400
00F91000
0012D100
00F2E800
000E1100
00080000
000FE600
00FCE800
00FDFC00
0007F900
000DDF00
0007F800
0013F400
000CED00
0017FC00
001DFD00
001302FF
000CF100
00F7E500
000FFC00
00140300
0009EB00
0008F700
00FFF900
0007FAFE
0002FB00
00FD0900
0016EA00
001106FF
00F50300
00F60900
001DFC00
001C0DFF
00011400
0006FC00
00180500
0003FF00
0004FD00
00FB1F00
0018EF00
000E1500
0017F500
00FE1700
0011FE00
001518FF
0016F700
000B0B00
001A0800
00101300
0004F900
00142B00
00140F00
00FB0700
0009FD00
000C2100
000B1100
00F71B00
00FE0900
000C1200
0012FE00
00FE2E00
00031500
0003F100
00270200
00081A00
0007F500
00F90D00
00172500
00FB0B00
0011FB00
00E42800
00FF2B00
00F80B00
000CFF00
00F50200
00211D00
000B1600
00FB0900
00EE0900
00100800
00FF0E00
00091300
00DD0400
00090700
00ED0900
00F60B00
00D11900
000A1C00
00F6FD00
00E91B00
00DD1800
00FA2000
00F50900
00EF0A00
00F10000
00F6FC00
00FDFB00
00F51D00
00F6F900
000BE800
000AF700
00F20600
00E50E00
0015DF00
00160800
00F3F900
00E7FE00
0002FF00
00100A00
00F5F700
0007FD00
00210200
00FF0B00
00000000
000E0300
00F5FA00
001911FE
00F8F600
001B0400
00F0FC00
000C1B00
00FDFC00
0014F400
0006F800
00FF1601
00F01100
00F4E700
0001F200
000A15FE
00EC0700
0004E100
00040400
000D1401
00F60600
00F7DA00
0007FC00
000916FE
0001F800
000AEB00
00130C00
000218FB
00FC0100
001DF800
00040300
000716FA
00F1DE00
0003F300
00090100
00080DFD
00DDF500
0003EF00
001B1C00
00060500
00EEFA00
0028F700
000A0F00
000C03FC
00F7FA00
00EC0100
00120A00
001308FE
000E0500
0003FC00
00011000
001914FE
0000FF00
00FEF800
000B1600
0015F902
00FAF100
00FCF700
00070800
001509F9
0008ED00
00FC0A00
000D0A00
000A04FF
0007FD00
00040E00
00000A00
00060403
00FEF800
00F92300
0006FA00
0009F9FC
00000600
00F11F00
0006FC00
000A00FD
00FD0100
00FD0F00
00F7EF00
0014F203
00E31300
00041C00
0005F200
001BFE02
00F91000
00F21A00
00F1ED00
001BF701
00FD0D00
00E01D00
00FE0900
0018F8F7
00050800
00DD1300
0000EF00
0018FAFD
0003F200
00F3F700
00F2F400
001901F8
00F21600
00EC0100
00F20000
001307FB
00DE2200
00DF1500
00FFFE00
002008FB
00EF0900
00F5FA00
00000400
000D00FF
00F11300
00F1FB00
00F71000
00190304
00ED0B00
00F30300
00EC0A00
000A0403
00EB0900
00FEF500
000A0900
001000FB
00F11400
00FF0600
00020800
001E0700
00000000
00040300
0000F7FA
00000410
00000000
0000F2F8
0000FF02
00000200
00000000
0000FBFD
0000FDFD
000012FF
00000000
0000F2F4
0000FCFB
0000040A
00000000
0000F2F4
000001FF
0000FB08
00000000
0000F3F5
0000FCFB
00000A00
00000000
0000F2F4
00000101
0000FA06
00000000
0000F0F4
0000F9FF
00000908
00000000
0000F0F6
0000FDFC
0000060E
00000000
0000F2F4
0000FDFB
0000FC03
00000000
0000F1F2
0000F8FD
000000FE
00000000
0000F0F0
0000F9FB
0000000A
00000000
0000F1F4
0000FBFC
0000FC00
00000000
0000F0F5
0000FBFC
0000FD01
00000000
0000F2F4
0000F9FC
00000D05
00000000
0000EEF0
0000FAFE
000010FF
00000000
0000F1F1
0000FBFB
0000FAFE
00000000
0000F6F4
0000FFFD
00001202
00000000
0000F2F4
0000FBFB
00000B10
00000000
0000F3F5
0000FFFD
0000060A
00000000
0000F4F2
0000FDFE
0000FD03
00000000
0000F2F3
0000F9FD
00000812
00000000
0000F3F4
000000FC
00001102
00000000
0000F6F4
0000F8FE
00000102
00000000
0000EFF3
0000FCFF
0000120F
00000000
0000F5F4
000001FD
00000600
00000000
0000EFF4
000001FC
0000FF01
00000000
0000F2F4
0000FF01
00001211
00000000
0000F3F4
0000FCFF
00000701
00000000
0000F3F5
0000FDFD
0000090F
00000000
0000F3F4
0000FBFE
0000FC10
00000000
0000FEFF
0000050A
00000600
00000000
0000F2F4
0000ECF3
00000D07
0000FD00
0000EFFB
0000FBFA
00000C07
00000000
0000F7F7
0000FBFC
00000A04
00000000
0000F6F7
0000F7FD
00000A04
00000000
0000F5F7
0000FBFC
00000A04
00000000
0000F5F7
0000FBFC
00000A03
00000000
0000F1F7
0000FBFC
00000904
00000000
0000F2F8
0000FAFB
00000A04
00000000
0000F3F7
0000F9F9
00000904
00000000
0000F4F6
0000F7F7
00000B03
00000000
0000F4F3
0000FAF8
00000A03
00000000
0000EBF1
0000FCF5
00000601
00000000
0000F7FB
0000FAF7
00000402
00000000
0000F9F8
0000FFFD
00000804
00000000
0000EFF2
0000F5F4
00000200
00000000
0000F0EF
0000F3F4
00000902
00000000
0000F1F1
0000F4FA
00000703
00000000
0000F6F4
0000F9FC
00000904
00000000
0000F3F3
0000FCFC
00000904
00000000
0000F5F5
0000FBFE
00000A04
00000000
0000F9F8
0000FBFD
00000A04
00000000
0000F7F7
0000FBFC
00000B04
00000000
0000F3F6
0000FAFD
00000A04
00000000
0000F5F7
0000FCFB
00000B04
00000000
0000F8F7
0000F9FC
00000A04
00000000
0000F2F6
0000FBFA
00000904
00000000
0000F4F7
0000F7FB
00000A04
00000000
0000F2F7
0000FBFC
00000A04
00000000
0000F5F6
0000FCFC
00000A04
00000000
0000F5F7
0000FBFC
00000A04
00000000
0000F6F6
0000F8FB
00000C05
00000000
000002F4
0000110E
00000D07
00000000
0000FA00
00000803
00002018
0000FCFF
0000F3F7
00000602
0000120E
00000000
00000504
00000702
00000105
00000000
00000504
00000703
0000FF06
00000000
00000704
00000702
00000303
00000000
00000304
00000603
0000FF05
00000000
00000505
00000603
00000105
00000000
00000807
00000804
00000704
00000000
00000406
00000603
00000902
00000000
00000201
000002FE
00000502
00000000
0000FEFC
000001FE
000003FD
00000000
0000F6FB
0000FDFA
0000F8F8
00000000
00000705
00000C03
0000F5F4
00000000
0000080A
00000B01
000004F6
00000000
00000303
0000FEFB
00000100
00000000
0000F8F8
0000F6F9
0000F9FB
00000000
0000F4F5
0000FCFD
0000F8F0
00000000
00000405
00000300
000000FA
00000000
00000605
00000401
0000FEFE
00000000
00000406
00000603
00000403
00000000
00000504
00000803
00000001
00000000
00000503
00000603
00000801
00000000
00000604
00000603
00000804
00000000
00000504
00000703
00000903
00000000
00000504
00000703
0000FF02
00000000
00000504
00000603
0000FF02
00000000
00000504
00000603
00000104
00000000
00000504
00000603
00000105
00000000
00000605
00000603
00000502
00000000
00000704
00000603
00000105
00000000
00000504
0000F9F5
00000A05
00000000
0000F9F2
00001210
00001200
00000000
000008FF
00000803
00001E1A
0000FCFF
0000F7F8
00000502
00001208
00000000
00000403
00000603
00000705
00000000
00000504
00000503
00000206
00000000
00000504
00000603
00000504
00000000
00000605
00000502
00000601
00000000
00000806
00000401
00000702
00000000
00000605
00000502
0000FBFF
00000000
00000909
000002FE
0000FF02
00000000
00000400
000008FE
00000906
00000000
0000F7FB
000000FA
00001615
00000000
0000ECE8
00000101
00001A18
00000000
000008FA
00000301
0000140F
00000000
00000705
0000140A
0000FC04
00000100
0000EDF1
000001FE
000005FE
00000000
000001FF
00000201
0000FC05
00000000
0000F3F2
00000201
000003FA
00000000
0000F9FF
00000907
000002FC
00000000
0000F6F8
00000705
0000EEF1
00000000
0000FF01
000001FE
00000000
00000000
00000E0A
00000602
00000701
00000000
00000405
00000803
0000FF02
00000000
00000303
00000803
00000A03
00000000
00000604
00000603
0000FF02
00000000
00000705
00000603
00000904
00000000
00000404
00000703
00000501
00000000
00000504
00000603
00000203
00000000
00000504
00000603
00000905
00000000
00000405
00000703
00000304
00000000
00000504
00000603
00000902
00000000
00000504
0000FAFA
00000A05
00000000
000006FA
0000110F
00000209
00000000
0000F5F9
00000803
00002217
0000FCFF
0000F6F9
00000502
00000E0E
00000000
00000504
00000603
00000501
00000000
00000505
00000703
00000400
00000000
00000604
00000402
00000504
00000000
00000505
00000200
00000000
00000000
00000808
00000002
00000601
00000000
0000F7FD
00000307
0000FEFF
00000000
00000C0F
0000F3FD
0000070A
00000000
0000FBFA
000001FB
0000060E
00000000
00000301
000004FA
000008FD
00000000
0000EDF5
00001807
00001A14
00000000
000007FA
00000401
0000FD01
0000FDFF
0000DCDF
00000B0E
00000509
0000FCFE
0000F2ED
0000E6F1
0000F400
0000FF00
0000F9F6
0000F3F7
0000F906
00000000
00000200
00000808
000000F4
00000000
0000E9EA
0000FB00
000005FD
00000000
0000FCF9
0000F3F5
0000FF01
00000000
00000708
0000F1F5
0000EDF6
00000000
0000EFF0
0000FCFC
000002FD
00000000
00000906
00000401
000005FC
00000000
00000405
00000503
00000203
00000000
00000103
00000403
00000804
00000000
00000303
00000603
00000504
00000000
00000204
00000603
00000A03
00000000
00000604
00000603
00000401
00000000
00000604
00000703
00000300
00000000
00000304
00000603
00000A01
00000000
00000603
00000502
00000206
00000000
00000405
0000F4FB
00000B05
00000000
0000F005
0000120F
0000040D
00000000
0000F709
00000803
00001B15
0000FCFF
0000F7F6
00000502
00000C0E
00000000
00000504
00000603
00000404
00000000
00000404
00000703
00000A05
00000000
00000403
00000301
00000207
00000000
000000FF
00000001
00000302
00000000
0000FE02
0000FB02
00000003
00000000
0000E8F3
0000FC04
00000005
00000000
0000FB09
00000806
00000D0F
00000000
0000F3F3
00001C16
0000110C
00000000
00000C04
0000F8FB
00003123
00000101
0000FE05
0000120E
00002E29
00000506
0000EDE5
00000A0A
0000FD00
0000FF00
0000D2DB
0000FA00
00000302
00000605
0000D4DE
0000D9E2
0000ECE6
00000402
0000EFE2
0000DCE8
0000FE05
00000603
0000FB00
0000F1F6
0000FBF1
00000101
0000EDF2
0000EFEE
0000EEF1
00000100
000000F9
0000EAF2
0000F7EF
0000FE00
00000602
0000F8FD
00000809
0000FBFD
0000FDFD
00000304
00000608
00000000
0000F4FA
0000F7F9
0000F0F5
00000000
00000305
0000FDFD
0000FDFE
00000000
00000004
00000402
00000400
00000000
00000403
00000502
0000FE02
00000000
00000101
00000602
0000FF02
00000000
00000504
00000602
00000203
00000000
00000504
00000603
00000804
00000000
00000504
00000603
00000706
00000000
00000505
00000703
00000501
00000000
00000804
0000F2FA
00000805
00000000
000004FF
0000120F
00000905
00000000
0000F503
00000803
0000171A
0000FCFF
0000F7FA
00000502
00000B0C
00000000
00000504
00000603
00000502
00000000
00000505
00000905
00000006
00000000
00000603
00000B07
00000A06
00000000
0000FDFF
00000808
00000C04
00000000
0000F5FF
0000F2FD
00000505
00000000
0000E5F4
00000506
00000504
00000000
0000FBFA
00001619
0000EEF5
00000000
00000500
0000291F
00000907
0000F9FC
0000FE0B
00000B07
0000F5FC
0000100E
0000FFFD
0000F7FF
000010FE
0000211D
0000E7F1
0000FFF6
0000040F
00001B1E
0000D4D4
0000DFEA
0000F902
00001112
0000E8EA
0000D6E2
0000FBFE
00000106
0000EEF0
0000D9D9
0000F5E6
00000D0C
0000DEE3
0000DFE1
000002FC
00000A07
0000E6F9
0000EFEB
0000EEF1
00000203
0000E4F0
0000F1EE
0000EEE5
0000F9FC
00000A0C
0000FA0B
0000ECE8
0000F3F6
000002FF
00001513
0000080B
0000FCFE
00000002
0000140D
00000307
00000000
00000201
0000F8F8
00000404
00000000
0000F7FC
000003FF
00000902
00000000
0000FD00
00000400
00000503
00000000
000000FF
00000502
0000FCFD
00000000
00000201
00000502
000003FF
00000000
00000504
00000602
00000703
00000000
00000605
00000603
00000500
00000000
00000505
00000603
00000803
00000000
00000304
0000F400
00000705
00000000
000005F5
0000140F
00001206
00000000
000000F8
00000803
00001513
0000FCFF
0000FCF9
00000602
00001207
00000000
00000606
00000703
00000000
00000000
00000F09
00000A04
00000501
00000000
00000201
00000B09
00000B06
00000000
00000C0C
00000706
0000120D
00000000
0000FE04
0000F901
0000150E
00000000
0000F201
0000F6FC
0000170A
00000000
0000EFEF
00000106
00001214
0000F4F7
00000B10
00002A28
00000A09
0000FAFB
0000FD06
00001216
0000211F
00001816
00000618
00000B00
0000140F
00001815
0000CFCE
00000109
00001D15
00000F12
0000D4DC
0000F6F9
00000E0F
00001013
0000D5D7
0000E2E3
00000404
00000C12
0000E6F2
0000DAD1
000000FB
0000000A
0000F3EC
0000D7CF
0000FAF7
0000F7FD
0000DADF
0000CBE9
0000E1E2
0000F8FA
0000D3EB
0000EC00
0000ECD4
0000E8F5
000006FF
0000EFFA
0000D9E0
0000EDFC
0000110A
0000FB01
0000F3EE
0000F5F6
000003FD
0000F5F7
0000F2F8
0000FEFE
0000FB01
0000E7ED
0000F1E9
00000000
0000060B
0000FDFC
00000E0F
00000000
0000FAFD
000000FE
00000804
00000000
000000FB
00000602
00000401
00000000
00000003
00000502
000008FE
00000000
00000202
00000603
00000501
00000000
00000603
00000603
00000101
00000000
00000504
00000603
00000602
00000000
00000504
000000F7
00000905
00000000
0000FBFD
00001210
00001205
00000000
0000FFFC
00000803
00002115
0000FCFF
0000F3F8
00000402
0000110E
00000000
00000504
00000805
00000204
00000000
00000B08
00000503
000003FF
00000000
00000B07
00000907
00000A0A
00000000
00001511
0000FF02
00000D0C
00000000
0000FD01
00000306
00000B00
00000000
00000600
00000202
00000D11
0000F6F8
0000FFFA
00000305
00000512
0000FC00
000005F9
0000FB06
00001E16
00000203
0000F3FE
00001D1E
0000000A
000000F8
0000F5F1
000004FE
00000F02
00001A1C
0000F2FA
0000E1ED
000006FE
00001D1E
0000D7D4
0000F0FF
00001A05
00000C0C
0000D0D0
0000FBF8
00000507
00000B0C
0000DDCC
0000E6DE
0000FCF9
00001C1E
0000D2D1
0000D5D6
00000F03
00000F0D
0000C7D6
0000DAF0
000005FC
00000806
0000D0D9
0000DDF4
0000EFED
0000F705
00001513
0000FF02
0000D8E7
0000EF09
00001907
00000D08
0000E5EB
0000F9FA
00000B0C
000000FC
0000F3FA
0000ECF1
00000805
00000F12
0000F5EA
0000FDFE
00000906
0000E0DB
000006F6
00000000
0000FB02
0000F9F4
00000708
00000000
00000100
000003FE
00000700
00000000
0000FEFE
00000602
00000304
00000000
00000503
00000703
00000401
00000000
00000504
00000503
00000004
00000000
00000404
00000603
00000304
00000000
00000403
0000F700
00000B05
00000000
0000FEFC
0000110F
00000D06
00000000
000009FB
00000903
00001C16
0000FCFF
0000F7F9
00000704
0000140A
00000000
00000A07
00000907
00000A03
00000000
0000110D
00000604
00000E0D
00000000
00000504
0000150F
00000F0B
00000000
00000804
00001812
0000140F
00000000
0000070B
00000D0C
00002012
000000FE
00000803
00000812
00001818
0000F200
000001F7
00000F1F
00001B28
0000000E
0000FDF7
0000181F
00000C15
00000A06
0000EEF7
00000F10
00001516
00001711
0000E2EA
0000EFFA
00000E0A
00001B1A
0000F2F5
0000F4FB
00000B0E
00001411
0000F7EC
0000E7EA
000001F9
00000708
0000D1D3
000005FF
000000F4
00000E0F
0000CECF
0000EBF4
0000F5F1
0000F902
0000E0E1
0000F5FC
0000FAF8
00000304
0000CCD1
0000DBF3
0000FF07
00000A02
0000CEE1
0000E4FA
0000F7F1
0000FA01
0000FC14
00000A0D
0000D8EF
0000FC0D
0000150C
00000A00
0000F0DF
00001410
00001D0E
0000E6EB
0000E7D6
000001FD
00001510
0000E2DF
000007F6
0000F7F9
0000FF00
000001FF
0000E9F2
0000FF00
0000FAFD
0000EDE9
0000F7F9
00000000
00000B04
00000204
00000E10
00000000
0000F7F7
00000302
00000D05
00000000
0000FAFC
00000400
00000D04
00000000
00000705
00000603
00000302
00000000
00000605
00000703
00000A03
00000000
00000605
0000F9FA
00000A05
00000000
0000F2F2
00001310
0000FF0C
00000000
0000F705
00000903
00001915
0000FCFF
0000F4F8
00000401
00001107
00000000
00000502
00000501
00000302
00000000
00001C15
00000702
00000E0E
00000000
00000F09
0000FFFB
00000D06
00000000
0000FFFC
0000FFFD
00001B09
00000000
00000B04
00000C1D
0000170C
00000607
0000FBFE
00000C1C
0000FBFB
00000114
0000EBF2
00001C16
00000806
0000001C
0000F6EF
0000150C
00000F14
00002B2B
0000DEE8
0000FE07
00001111
0000140E
0000EAE4
0000EFF2
0000050F
0000352A
0000EAF3
0000EEE8
00000E1B
00000F0A
000004FA
0000FAFD
00000D0B
0000FE07
0000F1EE
0000F0F5
00000605
0000F5FD
0000EEF0
0000E7EF
0000F504
0000EDF3
0000E2E4
0000ECDF
000006FF
00000205
0000CDE2
0000D4DA
0000FDFB
00000002
0000CACB
0000EAFC
0000ECF3
0000FB0A
0000ECFC
0000F700
0000E1E3
0000050B
0000FBF8
0000070F
0000EBE1
0000F4F6
0000120E
0000E4E6
0000E6F9
0000FD07
00000805
0000EBE2
0000E0E4
0000130B
0000110F
0000FAF8
0000F8FB
0000F2FC
00000307
000000EA
0000DED6
00000000
0000FEF6
0000EAF0
0000F5F1
00000000
00000708
0000F3F7
00000D06
00000000
0000FCFA
000000FF
00000404
00000000
0000FEFE
00000400
00000803
00000000
00000503
00000503
00000601
00000000
00000504
0000FAFB
00000A05
00000000
000005FD
0000140F
0000020A
00000000
0000F6FD
00000802
00001417
0000FCFF
0000F6F7
0000FBFA
00001211
00000000
000000FD
0000110A
00000D08
00000000
00001F1A
00000805
00000702
00000000
00000806
00000B0D
0000120B
00000000
0000F9F8
00001008
0000100F
000000FE
00001005
0000141F
00002525
0000F302
000005F9
00002128
00001F16
0000090F
0000FBFD
00001B21
0000152D
0000212D
0000F5F4
0000EFFA
00001C1A
00002129
00000807
000001FD
0000080A
00002821
0000E9EE
0000FA09
00000A17
00001E16
0000F6F9
0000F6EA
00002D21
00000E13
0000FCF4
0000EBF5
0000101D
00001512
00000806
0000EBFD
00000A10
0000F0FC
00001A06
0000D3F0
00000B11
0000181F
00001006
0000CDD4
0000FEFA
00000A15
0000E3F2
0000D3CF
000001FC
00000917
0000E2E2
0000F101
0000E6FA
0000F704
0000E9F8
0000FCEE
0000EEF1
0000EEEC
0000FAEF
0000E6EA
0000E6E4
0000DDE9
0000190B
0000E4D3
0000F7EC
0000020C
00001F12
0000E6E7
0000E3FC
00002820
00000801
0000EDE7
0000ECDF
00000405
00000B0D
0000D2D8
0000E7E7
0000EEF5
00000501
0000E8EE
0000CEDE
0000FEFF
0000FCF9
00000104
0000FBFE
00000000
0000F8FA
0000FBFF
00000404
00000000
0000FB00
000000FC
0000FC02
00000000
00000303
00000301
00000201
00000000
00000504
000000F8
00000904
00000000
000008EF
00001210
00000B03
00000000
00000202
00000501
00001714
0000FCFF
00000A01
0000FEFD
0000130A
00000000
00000F0C
0000130D
0000140E
00000000
00000F0C
00000704
00001109
00000000
0000010B
00000C0B
00001913
00000000
0000FF13
0000322C
0000221A
0000100B
00001302
00001E15
00002931
00001413
0000FBF8
0000240F
00002A2E
0000111C
0000C3D8
0000271F
00002320
00000B18
0000F7F4
00001920
00001F25
00001E16
00001717
0000110C
00FF2725
00000708
00003637
0000F700
00001211
00000406
0000E4EC
0000EADD
00001F1F
0000F0F2
00000301
0000EEF2
0000170F
0000F5F8
0000010D
0000DBDF
00000105
00000100
00001208
0000A4C0
0000F1FA
000003FF
00001114
0000C7D9
0000F300
0000040C
0000050C
0000DBDF
0000E6F4
00000111
0000EDEB
0000DDD4
0000FB15
0000DCF2
000005EC
0000E7EE
0000F304
0000D6D3
0000D8D6
0000E4ED
0000E4E5
0000C4D3
00000BF8
0000EBDE
0000F4ED
00000004
0000211B
0000E4DF
0000F3F3
0000FAFC
00000703
0000DBE5
0000E2D9
00002611
0000181B
0000D4E4
0000D6C8
0000B6CD
00000606
0000FFF6
0000F0E3
0000FAFC
00000301
00000605
0000E3F4
00000000
0000E6E6
0000FFFF
0000070A
00000000
0000F8FB
0000FEFB
00000402
00000000
0000FF00
00000200
00000200
00000000
00000302
0000FFF9
00000603
00000000
000006EE
0000110E
0000100C
00000000
0000FAFC
00000C06
00001310
0000FCFF
0000090D
00000806
0000211A
00000000
00000A04
0000120C
00000303
00000000
00000E09
00000C09
00002A1B
00000000
0000120C
00001911
000007FC
0000FDFF
0000070E
00003930
00002727
00001D15
00002422
00002729
00003023
00002E24
00001009
0000140C
00002D24
0000030F
0000F3ED
0000F3F2
00000414
00000D0E
00002E23
00001104
0000180F
0000E7EA
00003E2E
0000F7EF
00FF131D
0000D4DD
00003A3C
0000FA0C
00FF0911
0000EDE8
0000FCFB
0000E9E4
00003130
0000E7E5
0000071E
0000D0D1
00001B1F
0000FEFA
0000F3F2
000000F8
0000F513
0000F0F9
0000DBD9
0000D8DF
0000F0F8
0000F7F8
0000FD00
0000D8D8
0000F4FF
00000D0A
00000818
0000EBD5
00000108
00000807
0000CBD3
0000F8EA
0000F6F1
0000E7F4
0000DFD7
0000E8F3
0000EFF7
0000CDCE
000003F1
0000DCEB
0000F7F7
0000DAD7
00002110
00000D02
000000FA
0000FAFB
0000EFF2
0000DEE0
000005F6
00000900
00000F09
0000F0F8
0000FCE9
0000EAE7
00001307
00001E0A
0000E1DC
0000D4DA
0000F5FA
00000F06
0000EACF
0000F7FA
0000E9F2
000000FD
0000FD03
00000000
0000F2F2
0000F8FA
0000FDFC
00000000
0000EEF3
000000FA
0000FE01
00000000
0000FFFD
00000702
000007FD
00000000
00000103
0000F5FB
00000703
00000000
0000F5EF
00001412
00000810
00000000
0000F506
00000D05
00001D18
0000FCFF
00000B06
0000281B
0000FEFE
00000000
00001B12
00001F14
00001815
00000000
00000C02
00001113
00001F12
00000000
0000FD00
00002115
00002C20
0000F4F4
00001C18
00003025
00002A1D
00001F13
00003023
00001608
00002A24
00000D0A
0000181B
0000D4E2
00001A21
0000120F
0000EEF7
0000CEDA
00001003
00000502
000001FE
0000DADE
00000110
0000D3DD
00003D49
0000E7EC
00001716
0000CFE5
0000221B
0000FD14
0000071D
0000F0EB
0000FCFF
0000F8F7
00002616
0000E7E1
00000612
00001F23
00001D13
0000DDE3
000009FE
0000EDFA
0000FAF9
0000EAFB
0000ECF5
0000E7E7
00000B05
0000EFFC
0000FA05
0000F3E6
0000F100
0000E5EF
0000120F
0000F2FC
00000403
00000C10
0000F3E8
0000F906
00FF09F7
0000FCF7
0000C0BB
0000DFE5
0000F3DE
0000CED8
0000F5ED
0000090A
0000EAF7
0000C8CF
00001712
0000EFFE
0000F1FC
0000F6F8
0000DCD8
0000F4EE
00000204
0000160D
0000EFF9
0000EAF4
0000F8EA
0000E9E5
0000F8EF
00001008
0000EEE2
0000EDF3
0000F1F6
00001514
0000E1E4
00000103
000002FC
0000F1F6
0000FE01
0000FDFD
0000FFF6
000001FE
0000E9EF
00000000
0000EAED
0000F4F4
0000EDF2
00000000
0000EDF3
0000FAF7
0000EDF1
00000000
00000503
0000F7FB
00000000
00000000
000009FB
00001210
00000502
00000000
000004F8
00000D05
00001B14
0000FCFF
00001A12
00002F20
00002728
00000000
00001412
00001F12
00001E1E
00000000
00000E01
00001516
00002316
00000400
0000180D
0000211F
0000412A
000000FC
00000E1A
00001B2C
00002B2F
0000150B
00002D2A
0000DDED
00FF252C
00000E0E
00001813
0000C7D7
00001E0E
00000D02
0000E1F1
0000EAF0
0000080B
0000D9E1
00001C19
0000F3FB
0000E1DF
0000D0E1
0000444C
0000F7FF
00001519
0000DAEA
00001713
00000E16
00000A10
0000DDDD
00001218
0000F506
00001004
0000E8E3
00000B14
00000F20
0000F9FA
00000909
00000108
0000FEF6
00000A02
00000719
0000E3EE
0000E5E3
0000FCF0
0000EAFB
0000261F
0000EFF1
0000ECF7
00000512
0000F5FB
0000E1CC
000003FB
0000ECF0
0000E8D1
00000D10
0000030F
0000F0E2
0000C1C1
0000FAFD
000001FE
0000FEF8
000004FF
0000FD0A
0000F9F5
0000EFDE
0000151B
0000EDF6
0000FD05
0000F4E7
0000FCFB
0000DDE4
00000A09
0000F7F9
0000E2E1
0000F4F3
000001FF
0000F1EB
0000FEFD
00000505
0000F4E1
00000E06
0000F1FE
0000241D
0000E3E1
00000203
000009FF
00000C0A
0000F2F1
0000FFFF
0000F4ED
0000E9FA
0000EAEA
00000000
0000CED9
0000EFF5
0000E5EC
00000000
0000E7EB
0000F2F8
0000F1F0
00000000
0000FEFE
0000FBFA
0000FBFB
00000000
0000FDFE
00001411
00000609
00000000
0000F405
0000160B
00000307
0000FD00
00002D1F
00002A1A
00001E1B
00000000
00002118
00002619
00001D16
00000100
00002519
00000C1F
00001C14
0000FEFA
00000B1A
00001210
0000553B
000003FF
0000161A
00001212
0000231D
0000FDFE
00003032
0000D9E4
00FF3636
0000FF0D
00000005
0000DEF3
00001313
0000E9F5
0000CDDB
0000EAE3
00000801
0000DEE2
00001606
0000050C
0000E0EC
0000C2D8
00003543
00003630
0000F8F1
0000C3C6
00004231
00002330
00001304
0000D0D3
00003038
0000F90E
000004F4
0000E0E6
00001409
0000232C
0000150A
0000150E
000002EC
0000090E
00000310
0000060A
0000F6F7
0000E8ED
0000180D
0000F800
0000F2FD
0000E5F9
0000F4E8
0000F604
0000161A
0000DCD9
0000EDDA
0000FD01
00000401
0000D2E6
00FF0D0E
0000FBFE
0000D6D5
00003523
0000140F
000005FB
00000F06
00004639
000011FF
0000FCFB
0000FF02
00002218
00000601
00003125
000007FE
0000F5F6
00000C04
00001110
0000EBE9
000001FC
00001000
00001505
0000F8E5
0000F7F4
0000FFFA
00000B05
0000FB01
0000251B
000001F3
00000300
0000070A
00000304
00000208
000001FF
0000F3F5
00000809
000004FD
00000000
0000CCDC
0000F3F5
00000409
00000000
0000D4E3
0000FEFE
0000EAF3
00000000
0000F9FC
0000F8FE
0000FEFE
00000000
000006FA
00001512
00000DFF
00000000
0000FD09
0000170B
00000807
0000FCFF
0000272C
0000120B
00000200
00000000
0000FE04
00001409
00000406
00000200
00001103
0000101C
0000FAF8
0000FCF6
00000616
0000261F
00002B20
00000903
0000FD1A
00001F24
0000160E
0000FA03
00002C3E
0000F7F2
00001F0E
0000F805
0000ECF8
00000901
00FF261E
0000E4EE
0000E8EF
0000110C
0000E6E5
0000C9D6
00001815
00000E12
0000D4D6
0000BBD4
00004038
00002523
0000EEE3
0000C8C3
0000322E
00002B3B
0000FCFD
0000E4F1
00005A52
00001114
000005FE
0000EFF1
0000200D
00002C3D
00000709
00001A14
00000105
0000FAFA
0000161A
000001F8
000002FE
00000A10
00001117
0000EAF2
0000ECF1
00000112
0000FBF1
0000F5F2
00000802
0000E1DE
0000F0F2
0000050C
0000200C
0000D7E6
000002FC
000000FA
00000507
00000103
0000FE08
00000404
00003530
0000FC05
0000FFFC
00001905
00000A17
00001E19
0000F3FF
00001A12
0000F4FA
00000A0B
0000EEF9
00001B12
0000F9F3
00000707
0000F7F5
00001E15
0000E8DF
0000F3FB
0000F9F6
00002717
000005FF
00002C1A
000004F5
00000A04
0000FC02
000002FD
0000FFFC
00000402
000002FC
00000F11
00002022
00000000
0000E6F3
0000EFF2
0000FE03
0000FBFF
0000D1E0
00000906
0000F1F8
00000000
0000FCFC
0000FAFF
0000FBFE
00000000
000002ED
00001310
0000F90C
00000000
000005F7
0000140A
00000405
0000FBFF
00000F09
00000905
0000FA03
00000000
0000FCFE
00000904
00000303
000006FE
0000E9E6
00000D14
00000103
0000FAF2
00000301
00001521
0000F9F5
000000FA
00000F0B
00002714
000004FC
00000A0A
0000282F
000001F8
00000602
00001517
00000700
0000231C
00001113
0000F0F3
0000D4D0
0000150B
0000F7F3
0000BBC8
0000FDFF
00000B07
0000D9D4
0000D4DF
00002420
00002D2D
0000ECE6
0000E5DB
00004039
0000444F
0000FF0B
0000EEE9
0000553D
00001418
00000705
0000060A
00000804
0000212A
00000F0B
000005F8
00001113
0000FE05
0000090C
0000111A
0000FE09
00000702
00000505
00001A1B
0000DDED
0000FA03
0000F1F6
0000D2DB
0000DFE5
00000D00
0000E9E8
0000EFF6
0000422E
0000F203
0000FEF7
0000F806
00002718
0000020B
000000FF
00002117
00001A12
0000E0F0
0000030E
00002117
000006FF
0000181A
00001100
00001E18
0000FAF5
00001C1D
0000FDFB
00001212
0000F8FE
0000130A
00000BFD
000001FD
0000F6F1
0000F0FA
00000715
00000000
00001505
00002417
000018FF
00000902
00000606
00000405
0000160E
00000603
00000709
00000004
0000392C
0000FBFC
0000E8F3
0000FC00
000005FF
0000F7FB
0000DFE8
0000FEFE
0000FE02
00000000
00000101
0000FAFF
00000302
00000000
000000F5
00001210
00000210
00000000
0000F6FF
00000904
00001213
0000FCFE
0000FBF3
0000FE01
00000209
00000500
0000F1F7
0000F800
0000FBFE
000004FB
0000E2E9
000008FD
0000FBFD
0000FEF5
00000305
0000171E
0000E8E7
0000F6F2
00001A13
00003C20
000003FA
0000110C
00002E29
000005FF
0000FBF8
00001418
0000160F
00000A0C
00001308
0000ECEE
0000C5C9
00001D19
00001E0C
0000B9C7
0000F3FE
00001D20
0000F9ED
0000D9E5
00001C1A
00004A48
0000FDFB
0000F000
00002D39
0000605D
00000504
0000EDFA
0000352E
00003F37
0000F5F9
000004FD
00000AF3
00001211
00000F01
0000E6EE
00000B06
0000FB0B
00000EF9
0000E5EE
00000F19
0000E4F0
00000DFF
00001916
0000CFF0
00000010
000006F4
0000E5F6
0000D9DF
00000C0E
0000E1EF
0000E6FC
00002616
0000F606
0000ECE7
00000B05
00004020
00000211
0000EDE9
00001421
00003629
0000D3ED
0000F909
00001E18
0000FCFA
0000E6F3
00001306
00000805
00000803
0000E0F5
00000006
0000DFE1
000010FE
00000306
00000A07
00000303
00001307
0000DCE7
00000907
00000900
00001A0E
0000FB08
00001313
0000FDF9
00001C18
00000C0E
0000201B
00000301
0000F9FE
00001211
0000322A
0000F7F9
000001FC
00000E0E
00001D19
0000FBFB
00000306
00000503
00000B06
00000000
0000FEFE
0000FCFB
00000503
00000000
000002FB
00001311
0000080E
00000000
000006FD
00000502
00001814
000000FC
0000F5F5
0000FC01
00000B0C
000004FE
0000F7FA
0000FE03
0000FB03
000002F9
0000E2F3
00000505
00000303
000000F7
00000FFE
00000C09
0000E3E3
0000F7F4
00001C0C
0000180C
000005F8
00000F06
0000232E
000005F6
00000F18
00001311
000006F7
00000BFD
00000D1A
0000EAE9
0000D6DA
00000C08
00000802
0000D7D8
0000EB02
00001615
0000ECE2
0000E7F3
00001219
00004B44
0000EFEA
0000E7F0
0000242A
00005147
0000FEFE
0000F3FC
00001B14
0000573C
00000B00
0000FDF2
00001C1C
00001916
0000FAFB
0000FDF3
0000EDF6
0000C8E7
0000FDF7
000001F8
00000D12
0000D6D8
00000E03
0000F204
0000150F
0000E1D9
000001F9
0000E6EB
0000060A
000003F7
0000DFEB
0000E4EA
00004327
0000CCDC
0000E8E2
0000FB03
0000211C
0000C1DB
0000FAE3
0000281F
00001915
00009DC1
00000B03
0000F602
0000EAE9
0000D7EE
0000FDF3
0000E2F1
0000ECEC
0000D6F0
0000110A
0000EEF1
0000FDF0
00002419
000009FC
0000EDEE
0000FE02
0000F1F6
000008FB
00000605
0000150F
0000F4F6
00000E19
0000FFFD
00001515
0000FBFF
00002B1D
0000FAFC
00000709
0000F800
00000CFF
00000002
00000102
00000811
00000E12
0000F1F6
00000803
0000150E
00000905
00000000
00001010
0000F3F6
00000A09
00000000
0000F5F7
00000F0E
00000A01
00000000
00000104
00000401
00001814
0000FFFB
0000FAF4
0000FDFF
00000408
000002FB
0000F7F6
0000FB07
0000FCFD
000002F8
0000E5F1
00000B07
000003FA
000000F9
0000FDF4
0000F5F7
0000EBED
0000F5F2
0000FD0C
00001505
0000F9EF
00000A01
00001918
000001F8
0000F3EE
00000803
000014F3
000008F8
000008FF
0000CFD2
0000E6EB
00000C09
0000F8FE
0000E6E3
0000000D
0000220E
0000F5EF
0000F4EF
00001219
00002719
0000FB00
0000FD00
00000E0A
00000E0F
00000704
00000201
000003F6
00002B1D
0000FA0C
00000209
0000FCFB
00001F10
000009F5
0000E4E7
0000040D
00001913
00001010
000000F1
0000E5F0
0000E5ED
00000B08
0000CEDA
0000E9F0
0000C3D0
00000F01
0000DDD6
0000EEF1
0000F4F8
0000EFF9
0000CEDA
0000240F
0000D3E7
0000FFF1
0000E6E7
0000352F
0000CAD4
0000FBFA
0000FF0C
00001217
0000C2D0
0000F3FE
0000E5F4
0000F0FC
0000F0F0
0000FB08
0000E6F0
000008F5
0000F1EE
0000FA06
00000205
00000802
0000150F
00000E20
0000FCF5
0000F9FB
0000140C
0000090D
0000EDFA
0000FFFA
00001A14
0000181A
00000302
00001D12
0000F0F8
0000180A
00000102
0000140D
0000FFFF
0000040B
00000709
00000E0A
0000FC06
00000B15
0000F9FE
00000805
00000405
0000070E
00000000
00001412
0000FF01
00000A03
00000000
0000F204
00001110
00000E0D
00000000
0000F503
00000501
00001412
0000FFF8
0000FCF4
0000FDFF
0000000C
000001F9
0000EBF5
0000FE02
0000FDFD
000000F8
0000EAFC
00000906
0000FEFD
0000FDF9
000007FE
00000208
0000F4F1
0000F0EE
00000BF7
00001106
0000ECEC
0000F7F4
00001610
0000FCF1
0000F2F2
0000F4F0
0000FCF2
000005FD
0000FCF8
0000E9E6
0000F6FD
00001718
000002FE
0000FDEC
0000F9FC
0000352A
00000CFB
0000FA00
00001324
00000312
00000EFE
0000050F
00001906
00000E19
00000C1B
00002321
00001707
00000C06
00000FF9
00000C0E
000004FB
0000160D
000003F9
0000F0F4
0000141F
000009FF
0000FEEB
0000F7F9
0000E9F4
00000101
0000FB00
0000EDDE
0000EBEE
00000712
0000EEE8
0000E4DB
00000F17
00000902
0000FCFE
0000C4D1
0000FE02
00002020
0000F6F4
0000CDEB
0000E9E5
0000ECF8
00000B0D
00000002
0000F0E8
00000F10
0000F3FB
0000FA01
0000F6F1
00004329
0000F3EA
0000EF05
0000391B
0000FDFF
000002F6
00000504
00002119
00000F07
0000180C
0000F3FD
0000FC04
00002513
00000E0D
0000EFF5
0000F7FC
00000203
00000E1E
00000001
0000FDF4
000003FF
0000120B
00000104
000000FD
000002F9
00000C04
00000E0E
00000807
0000FFFF
00000C0C
00000B08
00000502
00000001
00000306
00000401
0000090A
0000F406
00000C06
0000FAFC
0000090A
00000E0C
0000090F
00000000
0000F9FF
00000403
00000F11
0000FEF5
0000F2FB
0000FEFE
00000B05
000000F8
0000ECEF
0000FCFF
000004FD
0000FEF8
0000E9F9
0000F8F6
00000101
0000FBF9
0000EFF9
0000F2EC
0000F9F6
0000F0EF
000006F8
000005F7
0000EEEC
0000E2E3
0000FD00
000004F6
0000FAF2
0000DEE0
00001D0B
00000F11
0000E5E7
0000F6EF
00000B0D
00002F33
0000F5F5
00001002
0000071E
00004247
000006F7
00000B03
00000A1C
00002A29
0000FD06
0000EAFE
00001915
0000190C
0000FCFE
0000161D
00002512
0000190A
0000000B
00001D1B
00000CFD
00001209
000006F8
0000110D
0000171C
0000F6F3
00000F0C
000006FA
00001010
0000E8F9
00000207
0000E6E7
0000DFEE
000001FD
0000FEF4
0000F5E3
00002220
00000908
0000E8EB
0000E7F1
00000B0E
00000001
0000E2E9
0000E5FE
00000F02
0000F607
0000ECF6
0000F3F3
0000F602
00000A02
0000FCFF
0000FE05
00000005
00003619
0000F0E9
0000FE02
000012FF
0000FAF9
0000E8F8
00000D09
00003620
0000F5F8
00001C0C
00001109
000006FE
0000F7FC
00001616
000000FF
0000F409
00000C03
00000F0E
0000FE01
00000CFB
00000907
0000FF00
0000F4FC
0000FDF4
00001101
00000909
00000004
0000070B
00000B03
0000F7F6
00000205
00000302
0000FBFA
0000FD01
000000FF
00000907
0000FBFC
0000FB06
0000FDFC
0000F602
0000100E
00001106
0000FBFB
0000FF0C
00000303
00000D10
0000FDF3
0000FCF5
0000F9FA
00000300
0000FFF8
0000E3EA
0000F9F9
000006FC
0000FBF8
0000DAEC
0000F0F4
0000F8F9
0000F8F7
0000F101
0000F9FB
00000401
0000E9EA
000002F6
0000F3F4
0000F2F8
0000DEDF
0000FFF5
00000501
0000EAE3
0000E1E3
00001502
00000304
0000D7D6
0000EBEA
00001518
00001118
0000FAE4
000006FD
0000101A
00000E0A
00000501
00000E0C
00000C29
0000060D
0000F607
0000E9FB
0000121B
0000ECF4
0000FC18
0000090A
0000160E
0000FEFD
0000F70D
00000C04
00001C0A
0000EEEE
00000D08
00000C05
0000FBF4
0000E4EF
0000FAFA
0000F3F3
00000B22
0000F009
0000FEFF
000001F8
00000E0A
00000102
000006F7
0000E3DA
0000191B
00001113
0000E7F0
0000DFEC
00001928
0000E0E9
0000E6F6
0000CFEB
0000EADE
0000B2CB
0000F606
0000E4F3
0000F0EB
0000EFF0
0000F5FD
0000EBE8
0000100D
0000180C
0000F607
00000B04
000003F7
00001F13
0000F20A
00002217
00002112
00001A0D
0000FCF4
0000140D
00000EFF
0000080D
0000FB0A
00000804
00000F17
000004FE
0000FF02
0000F7F9
00000502
00000E07
0000EFFA
00000404
0000FDEC
0000160C
0000FC08
0000FF02
0000F3F7
0000180B
0000FD06
0000FB01
00000202
0000150C
0000FC0A
00000002
00000200
00000803
00001414
0000FEFE
0000FD02
0000211A
00001704
00000101
00000DFD
00000202
00000A08
0000FAF3
0000FAF2
0000F5F5
00000502
0000FDF7
0000ECEA
0000F4F5
0000F5F6
0000FAF8
0000D1E2
0000E9ED
000000F6
0000EDEE
0000E7F3
0000F9F7
0000F7F5
0000E3E6
0000E4E4
0000F2F6
0000F0ED
0000DFE1
000001F9
0000F9F2
0000EDDE
0000E4E6
000004FF
00000101
0000E4E1
0000F3F1
00000821
0000FD04
0000E7E5
0000FFFA
0000F601
0000E6F0
0000F7EE
0000F4F5
0000FD0A
0000F0E9
00000305
0000EAF5
00000D23
0000EAE9
0000F602
0000F2F2
00002416
0000ECE1
00000C0F
00000701
00002809
0000BEC0
0000F6F2
000007FE
000003F7
0000C7CF
00000CF1
00000406
0000F814
0000D8F9
000008F4
000003FF
0000F1FE
0000E702
0000FEEA
00000E0E
00002221
00000708
000000E4
0000FC01
00000213
00001109
0000F4FF
0000EEF5
0000FBF5
0000D5E0
00000309
0000F0F6
0000EDF2
0000EEF5
00FF0106
0000F8F4
0000E9F2
000003FD
0000F70F
00000E0A
00000608
00002119
0000F706
0000140E
00000E08
0000110F
00000B19
0000FFFE
00000F09
0000FE09
0000120F
00000405
0000FD04
00000F07
00001214
00000507
0000FA01
00000201
0000FE01
0000FA00
0000FFF1
0000100B
00000D10
00000206
000000FA
00000A06
000001F6
0000F4FB
00000602
0000F4F9
0000EBFF
00000507
00000C08
00000402
0000F4FE
00000A07
0000F6F4
00001610
00000E0B
0000FFFE
00000508
00000100
00000609
0000F9F2
0000EAEB
0000F1F2
000005FE
0000FAF7
0000E2EA
0000F1F4
0000FAFF
0000F9F9
0000DFED
0000EBF4
0000FBF6
0000E6E9
0000EAF9
0000EBF1
0000FCFB
0000E2E3
0000F6F5
0000FAFF
000003FC
0000E7E6
0000F1E9
00000A08
0000E5E3
0000E7E7
0000FAF9
0000110A
0000EAE3
0000FAF7
0000FBFB
0000F300
0000F0F4
00000B08
0000EAEA
0000F6F7
0000FEF7
0000FDF9
0000EFFD
0000F7FE
0000FDFE
00000901
0000FE10
00000A00
000009FC
0000F6F5
00001605
0000F7EC
0000F613
000000FA
00001304
0000F1DF
0000F803
00000D07
0000FFF5
0000E6DF
0000FAE8
00000A06
0000F606
00000012
0000F1EA
0000FCF9
00000C18
00001318
0000FB01
00000F04
0000141F
0000ECF3
0000FEFE
0000F8FB
00000103
00000C0B
0000F605
0000EDF4
0000DDE5
00000B13
0000F20B
0000EDF2
00000701
0000FD00
00000704
00000C09
0000FBF3
0000FC02
00000306
0000110F
0000000B
00000C07
00000302
000001FD
0000F601
0000FAFA
000000FA
00000304
0000030B
0000010E
00000708
00000008
00000A10
0000281F
00000E16
0000FD01
00000F10
00000F0A
00000904
0000F7FF
000003F9
000003FF
00000204
00000207
000000F8
00001206
00001305
0000FC05
0000FCF9
00000D07
0000FFFA
0000FD01
00000605
00000302
0000FFF7
00000A05
0000F7F8
00000504
00000508
0000F8FC
000005FD
00000000
00000106
0000F5F2
0000E3EF
0000F2F1
000007FF
0000FAF6
0000ECEA
0000F1F7
0000FAFE
0000F0F0
0000E6F1
0000F4F8
0000FBF3
0000E2E5
0000E7EE
00000002
0000F5F6
0000E4E5
0000EBEE
000007FF
0000F2F1
0000EFEF
0000ECF5
0000FF02
0000FBF3
0000FDFB
0000DBEE
00000603
0000E4ED
00000703
0000E5E4
00000D12
0000FAF6
0000FF00
0000E3EA
0000FBFF
0000ECED
00000801
0000060C
0000F9FF
0000F3FA
000008FF
0000FB03
0000FBFA
0000F609
0000F8F9
00000615
0000F9EE
0000EF07
0000EBF0
000015F9
000003F3
0000FEED
0000FCFD
0000FDF2
00000100
0000FDE3
00000C07
0000F90E
00001221
0000F9EF
00001007
00000D19
00001415
0000FDFB
000000FD
00000311
00000102
00001017
00000B05
00000608
00000303
0000FE0F
0000180E
0000F8F5
00000405
00001418
0000110C
00000A04
00001915
00000DFC
0000110D
0000F9FB
0000F6F9
00000F0B
00000204
0000FCFC
00000F06
00001B13
00000705
000003FF
0000F9F9
00001319
00002316
0000FBFB
0000E6F1
00000705
00000408
00001B1B
00000004
00000E0A
0000EFF4
0000FF0C
00000305
0000FB0A
0000FA01
000000FB
00000305
000004FF
0000040A
00001205
0000F7FC
00000F02
0000FC03
0000FFFA
00000407
0000F6F7
00000104
00000508
00000801
0000FBFB
00000806
000004EF
0000FE09
00000903
0000FF00
000003F1
0000FDFC
00000604
0000F6F2
0000F0E7
0000F7F9
000009FE
0000FAF8
0000F8F7
0000EEF7
0000F1F3
0000ECED
0000EAEC
00000208
0000F6F6
0000E3E3
0000E9F2
0000F701
0000EDF1
0000F5F4
0000FAF0
0000F0EE
0000F7EE
00000A06
0000F0FD
0000F4F3
0000F1F1
00000703
0000E9F1
000002FC
0000F8EF
0000F7FC
0000FAFB
00000C07
0000F0EC
0000FEFC
0000EDED
00000500
0000F6FC
0000F7F5
0000FCFF
0000010C
0000EFF4
0000F8FA
0000F4FE
0000FD08
0000130D
0000F9FF
0000FD01
00000702
00000501
0000F2F8
00000BFA
000008F9
0000F9FD
0000EBF5
0000FCEF
00000807
000006EE
00000401
0000030C
0000FD04
0000E7E4
00000F07
00001323
0000F1EE
00000806
00000A06
00000607
00000005
00002927
00000100
00001818
000002FF
00000302
0000FFFF
00000104
0000EDF1
00000D10
00001410
0000FF02
0000FEFC
0000FF05
00000203
0000190E
0000F9FF
000006FF
0000FBFB
0000F000
00001003
00000DFF
00000D09
00000B05
00000301
00000310
0000120A
00000604
0000F4F5
0000110F
0000FCFC
00001214
0000F4F5
00001019
0000E9F0
00000F0D
0000FE03
00000A07
0000F9FF
00000700
0000F4F6
0000F800
00000406
00001B0A
0000EAF1
000003FF
00000608
00000303
00000C06
00000202
0000FAFF
0000F500
000002FC
0000FD04
00000605
0000F7F3
0000FDFE
0000FD09
00000001
000000F7
0000F5F7
0000010D
0000F2F1
0000E8E7
0000F1F7
00000706
0000F7F6
0000F0F6
0000E8F3
0000F6EF
0000E7E9
0000F1FE
0000E9F9
0000EDED
0000F4EF
0000E4E3
0000EAED
0000F0EC
00000B06
0000F2F0
0000EEF2
0000F0EB
00000D07
0000F402
0000EBF8
0000E3EE
0000140C
0000F7FF
0000EB00
0000FAEF
00000C08
000002F7
0000E8F9
0000EFF3
000002FF
0000FFFE
0000F8F2
0000F1F1
0000FFFE
0000FFFE
0000EAF6
0000E6ED
0000FAFE
0000FDFF
0000F2F1
000001FD
0000110C
0000FEF7
000006FE
00000202
0000FE00
00000BFC
000001FB
0000F8F9
0000FEFF
0000F8FC
000007FE
0000FFFB
000001FF
0000FAF8
00000101
0000FAF4
00001009
0000120F
000002FC
00000D05
00002215
0000F9F2
00000A07
00002E2F
00001209
0000FD05
00000005
00001107
00000604
00000804
00000103
00000A05
00000303
00001E13
00000B08
00000900
00001109
0000FEFC
00000907
0000FF03
00001109
0000FEFE
00001711
00001317
0000140A
0000070D
00001313
0000190F
00001410
00000405
00000D06
0000FB0A
00000203
00000C04
0000FAF6
0000F9F6
0000EBF2
0000F3F8
0000FE00
0000F8F7
0000FE05
0000FD04
0000FE06
0000FEF3
00000609
00000700
0000F6F6
0000F3FC
00000105
0000170C
00001408
0000FFFD
0000EFF9
0000F1F6
00000904
0000F60B
00000106
0000F3FF
0000F9FB
00000901
0000FDFE
0000FFF2
0000F5FB
00000406
0000F7F6
0000E6EA
0000F0FB
00000B06
0000F7F6
0000EBF5
0000F8FD
0000FC03
0000EEED
0000ECF4
00000004
0000FE07
00000701
0000E6E3
00000405
0000F4F3
00000403
0000E0E1
0000FCFD
0000F3FA
00001B11
0000EBFD
0000060C
0000F0EF
000003FD
0000FD02
00001717
0000EEF7
00000E07
000003FE
0000FC03
0000F6FC
00000B06
0000FDF9
0000F803
0000FBFF
0000FAFB
0000160C
0000FCFA
0000FBF6
0000FAFB
00000B0F
0000080A
00000A05
00000D08
000004FA
0000180C
0000FF06
0000F4F8
00000804
0000FE04
0000030A
0000F0F3
00000305
000003FB
00000E06
0000F9F7
0000EDF4
0000080C
0000F800
000002FF
0000090C
00000904
0000FDF2
000003FD
00001D19
00000EFE
00000703
000003FF
00000B0B
00000DFE
00001215
00000903
00000DFE
000009FC
00000503
0000F4F6
00001614
0000160B
0000140A
00000301
00000D12
0000120D
0000FDF9
00000C08
000005F7
00001109
0000FEF7
0000130B
0000FA03
00001002
00000407
0000160F
00000207
00000B0E
00000B08
00000A07
00000E0E
00001813
0000FC0B
00000906
00000606
0000FC04
0000090A
00000605
0000010A
0000170A
0000FC05
00000708
00000C0A
00001002
0000FEFF
0000FE02
00000A01
00001112
0000010D
0000EBF4
0000150A
00000004
00000F15
0000ECF2
00000BFD
00000C0C
0000F30B
00000000
0000EBEF
0000FBF7
00000D12
0000F5F3
0000FBFE
0000FFFC
00001A0F
0000EAEB
0000F2FF
0000F2FD
00000C19
0000F8F7
0000F7FA
0000EFFD
00001915
00000102
0000FDF7
000004FB
00000610
00000E0B
0000EAEE
0000F6FF
00001213
0000150D
0000EBF9
00000D0A
0000111B
00000D0C
0000F600
00001210
00001A06
00000A09
0000F8F5
0000070F
00001518
0000F5FC
0000FFFB
00001C17
0000181D
0000EEF5
000003FF
00001216
000004FE
00000505
0000FAF9
00000907
00000BFE
00001610
0000F4E7
00000C0B
0000100B
00000101
0000F4F0
0000FB05
0000FDFE
000001FC
0000F4F1
0000FB06
0000FB08
00000C02
0000F7F6
000003FF
00000809
00000B0A
000002FB
00000D0D
0000FA10
00000202
00001D15
00000200
00000304
0000100B
0000160E
000005FF
00000D15
00000904
00000905
00000002
00000D01
00000607
00002D25
0000F702
00000E09
00000906
00001A12
0000FD06
0000FF11
00000D08
0000100D
0000FC05
0000140C
0000130A
00000107
000005F9
0000000B
00000804
0000FF0C
0000F5F0
0000F606
00000403
0000070E
0000FD00
00000205
00000808
0000080E
0000FD01
00000B08
0000F4FA
0000F3F0
0000060F
00000106
0000F3FA
00000C05
00000D0A
00000509
0000EFF3
0000110D
00000F11
00000702
0000F5FA
00000A0F
000005FF
00000A0F
0000F5FB
0000F6FA
00001117
00000913
00000000
00000D03
00FFFEF2
00041D1C
00000000
0001F8F5
00FFFFFA
00FD110E
00000000
0000FBF6
0001FD01
00010E0A
00000000
00FFF6EE
0000FDFC
00FC1117
00000000
00FFF6F0
0000FDF3
00FE0B0C
00000000
00FFF6F0
0000FDFB
00030806
00000000
00FFF6F2
00FEFDFC
000B0403
00000000
00FFF6F3
0000FDFD
00060F12
00000000
00FFF6F1
00FFFDFB
00030903
00000000
00FFF6F1
0000FDFB
0003090F
00000000
0000F5EF
0002FB02
00001108
00000000
0000F3F3
0001F9FF
000D0A13
00000000
00FEF6F3
0002F806
00010A14
00000000
00FEF7EB
00FFF8FF
00061015
00000000
00FEF6F0
0000FE00
000A0E0A
00000000
0000FBF6
00FF01F5
00080B05
00000000
0000F9EF
000202F9
000A070C
00000000
00FEF4EE
00FEFD01
00FD1005
00000000
00FFF5F4
0000FD00
00FE1010
00000000
00FFF3F2
0000FDF6
00FD0C0A
00000000
00FFF6F2
0000FDF8
0008090A
00000000
00FFF6F0
00FEFDF8
000B1017
00000000
00FFF6F3
0000FDFF
00090501
00000000
00FFF6F0
00FEFD02
000A0E16
00000000
00FFF6F1
0000FDFC
00FC0E0F
00000000
00FFF6F1
0000FDFB
00050902
00000000
00FFF6F2
00FEFDF6
00021015
00000000
00FFF6F1
0001FDFD
00040606
00000000
00FFF6EE
0001FD00
000B0300
00000000
00FFF6F3
00FFFDF8
000C1207
00000000
00FFF6F1
00020102
00000E0B
00000000
0004F900
0000090E
00070901
00000000
00FFFAFE
00FCF0E2
0000030E
00000308
0000F9FC
00FEF7F4
0000020F
00000000
0000F4EF
00FEF6F4
0000020A
00000000
00FFF5F1
00FEF6F4
00000210
00000000
00FFF5F3
00FEF6F0
0000020F
00000000
00FFF5F2
00FEF6F3
00000212
00000000
00FEF5F0
00FEF6F4
00000213
00000000
00FFF4F5
00FFF6F5
0000020E
00000000
00FFF4F0
00FFF6F5
0000020D
00000000
00FFF4F2
0000F6FA
00000209
00000000
0001F3F5
0000F701
0000020C
00000000
0004F1FE
0003F70A
0000010A
00000000
0004F502
0001F905
0000030B
00000000
00FFF1EA
0000F409
0000FF18
00000000
00FDF3F5
0001F3FE
0000FC12
00000000
0000FFF3
0000F5F8
00FFFE05
00000000
000100F1
00FEF7F4
0000FD0C
00000000
0000F9F0
00FEF7F6
0000FF0F
00000000
00FFF4F2
00FFF6F3
00000010
00000000
0000F2F3
00FEF6F4
00000110
00000000
00FFF5F1
00FFF5F6
0000020B
00000000
00FFF5F1
00FFF6F6
0000020C
00000000
00FFF5F1
00FFF6F7
0000020D
00000000
00FFF4F2
00FEF6FA
0000020E
00000000
00FFF5F0
00FFF6F5
0000020A
00000000
00FFF5F1
00FFF6F7
00000212
00000000
00FEF5F2
00FFF6F2
00000211
00000000
0000F5ED
00FFF6F4
00000212
00000000
00FFF5F2
00FEF6F0
00000210
00000000
00FFF5F5
00FEF6F5
00000213
00000000
00FFF5EE
000102FC
0000030F
00000000
00FFFDF9
00000315
0005120A
00000000
0006F805
0000F900
00021020
00000409
00FFF6F3
0000FA03
00000711
00000000
00000101
0000F906
0000040E
00000000
000002FE
0000F905
0000040B
00000000
00000200
0000F904
0000030B
00000000
00010200
0000F904
00010405
00000000
00000201
0000F904
0000030B
00000000
00000100
0000F802
00000410
00000000
00010005
0000F804
0001020C
00000000
000101FF
0001F70A
00000202
00000000
00020406
0001F709
00000308
00000000
0004FE05
0002F70A
0001F7F6
00000000
00030324
00FFF9FA
0001040E
000000F4
00020105
0000F8F4
00040609
00000000
0000FD03
0001F5EE
000305FA
00000000
000106FC
0000F3FB
0000FE08
00000000
00030909
0000F701
0002021E
00000000
000200FA
0000F603
00030412
00000000
000103FD
0001F7FF
00FF0104
00000000
00010102
0000F803
00FF0008
00000000
000101FF
0000F704
0000010C
00000000
000101FF
0000F802
00000206
00000000
00010201
0000F907
0001030D
00000000
00000201
0000F905
0000030D
00000000
000002FF
0000F904
00000304
00000000
00000204
0000F904
00010409
00000000
00000200
0000F904
0000030E
00000000
00000201
0000F903
0000030F
00000000
00000201
0000F904
0000030D
00000000
00000204
0000F904
00010408
00000000
00010200
00FFFF04
00000107
00000000
00FCF705
00020C19
00011313
00000000
0004FDF8
0000F900
00031123
00000409
0000F6F3
0000FA05
0000070D
00000000
00000201
0000F904
00010414
00000000
00010200
0000F907
0001040D
00000000
00000200
0000F904
00010405
00000000
00000202
0000F904
0001040C
00000000
00000200
0000F803
0000030B
00000000
000000FF
0000F7FF
00000206
00000000
0001FE04
0000F6F8
0000040A
00000000
000205FC
0000F6F3
00FFFBF4
00000000
000009FC
00FFFFE4
00020B00
00000000
00070E13
0000FAF1
0000FA0A
00000000
0005081C
0000EFEE
00FCF3FB
00000000
0002F2EA
00FFF2F1
0001EEF9
00000000
0001ECFC
0000FEF2
00FFF50B
00000000
00FEFDF4
000003F8
0002F414
00000000
00FF0BE6
00000314
00000906
00000000
00FFFEEB
0000F60D
00031718
00000000
00020716
0000EFFF
00020A16
00000000
00FF02F9
0000F6FB
00000406
00000000
000106FE
0000F801
000004FF
00000000
00010302
0000F802
0000010F
00000000
000101FF
0001F806
00010411
00000000
00010201
0001F904
00000511
00000000
000101FF
0000F904
00010409
00000000
00010200
0000F904
0001040A
00000000
00000200
0000F904
0000040E
00000000
00000200
0000F905
00000410
00000000
000002FE
0000F905
0000040B
00000000
00000200
0000F904
0000040A
00000000
000002FF
0005FD02
00000104
00000000
00FCFBF8
00020D17
00021104
00000000
00FCFC06
0000F900
00011120
00000409
0001F6F3
0000FA03
0000070E
00000000
00000101
0000F904
0000030B
00000000
00000201
0000F803
00010413
00000000
00000200
0000F904
0001030E
00000000
00000201
0000F906
00000305
00000000
000002FE
0000F9FE
00000304
00000000
0001FDF9
00FFF7F5
0001030A
00000000
000000F5
00FFF8EC
00FFFFFF
00000000
000200F2
00FE00D8
00FF02F6
00000000
00000DF6
00FCF8D8
00FCFDF5
00000000
0006190E
0000E9EA
00FF03F3
000000F6
0000EE11
00F5F3E7
00FFFAFA
0001F6F9
0003EBDE
00FCF0F4
000314F3
0001F3F6
00FEE1EB
00FFEBEF
0003F2F9
0000FFFE
00FF01E9
00FDE4EC
0002FC0A
00000000
000011FE
0002F908
000B0A02
00000000
00FEFDED
0001081D
00FC0C04
00000000
000018F9
00020C19
00022E2C
000000FF
00000C0B
00020412
00022B2E
00000000
00020801
0002F603
00000711
00000000
000104EE
0000F8FF
00010907
00000000
00010900
0000F8FE
00FF0108
00000000
000202FC
0001F603
00FF01F8
00000000
00010100
0001F801
0000010E
00000000
000001FF
0000F801
00010305
00000000
000002FF
0000F907
0000030B
00000000
00010203
0000F905
0000030B
00000000
00000202
0000F905
00010409
00000000
00000200
0000F904
00010409
00000000
00010200
0001FEF6
0000010A
00000000
00FE0108
00020C16
00FD0F10
00000000
00FFFC04
0000F900
00011120
00000409
0000F6F7
0000FA07
00000718
00000000
00000100
0000F905
0001040B
00000000
00000201
0000F805
00010306
00000000
00010000
0000F904
00FF0204
00000000
00010200
0000F7FF
00000211
00000000
000102FA
0000F6F8
00010507
00000000
000207F2
00FFFEF2
0000050F
00000000
00FD08EB
00010601
00000805
00000000
0005FCEE
000107ED
00FE06F9
00000000
000509F2
0004FFE5
00FBFEF1
0000FFF3
00FEFCEA
000308FA
00F7F7D5
00FFF6F9
00FFD804
00FEE4F2
00F704D7
00FFFC02
00F9E502
0006CFF8
00FC150B
0001F8FA
0003EA0E
0004EAFD
00070E05
0001FAF9
00FE1006
0003D412
00FFF004
0000F7F8
00FBF3E6
00030219
000BE806
0000FD00
00FFFEE9
00000E2A
0001EAFB
0000FDFD
00022111
00010F09
00031104
0000F6F5
00000401
0002262D
00FD1501
00000000
00010BFE
00010A06
0001160A
00000000
00030003
000005FF
00020C0C
00000000
000105EE
0001F9FC
00030305
00000000
000107F3
0001F6FB
00010303
00000000
00FFFCF6
0000F6FE
000100FD
00000000
000201F7
0000F7FE
0001FFFF
00000000
000001FD
0000F8FF
00010103
00000000
00000203
0000F904
0000030E
00000000
00000200
0000F903
00000410
00000000
000002FE
0000F903
00000405
00000000
00000200
00FF00F8
00000108
00000000
00FC00FE
00020C19
00060C00
00000000
0004FAF8
0000F900
00021023
00000409
0000F6F2
0000FA05
00FF060C
00000000
00000102
0000F804
0000030E
00000000
00000100
0000F502
0000030E
00000000
00FFFCFD
00FFF502
00000313
00000000
0000FEF9
00FFF600
00000109
00000000
000003EF
00FFF9F4
00FFFF06
00000000
000208EB
00FC04F8
00FEFD0F
00000000
00FD00FA
00FFF2EF
00FFEBFD
00000002
0001FEE9
00010E04
000111F4
000104FD
00FD0DE5
00012900
00FC13E8
00FEF7EC
00FD1505
00042E05
00F714E7
00FFE2CE
0004EC13
0004ECE7
00F1D5D0
0000E1CE
0009E71F
00FBC1E9
00FCDED4
0000F6DB
0005BFED
0005D212
0007D3E8
00FFF6D2
00FE0220
0009BD06
000AB8FB
0001F3F3
0003F50F
00FDE306
00FDDC0B
00FFF8F8
0000F6D9
00FCFD16
00FFABEB
00000105
00025922
00FF0E0D
000AE410
000107F3
00012A1B
00012216
00FE050D
00030605
00020101
00FDF4D6
00020809
00000608
0004020E
00FF0CEE
00032210
00000000
0003FBF9
0002F604
00010001
00000000
000204F0
0000F2EF
00010105
00000000
000103F7
0000F500
000103FF
00000000
000106F8
0000FD01
0001080D
00000000
000006F6
0000FD03
00000A04
00000000
00000202
0000FA05
00000602
00000000
00000200
0000F904
0000040F
00000000
00000201
0000F903
0000030E
00000000
00000200
000301FF
00000107
00000000
000B03F5
00020C1C
00021319
00000000
0000FF03
0000F900
00021120
00000409
0000F5ED
0000FA04
0000090F
00000000
00000103
0000F804
0000050D
00000000
00FF00FA
00FFF501
00000505
00000000
00FEFAFA
00FFF401
00FF0408
00000000
00FDFCF6
00FEFAFB
00FF020B
00000000
00FD08F1
00FEFDF1
0000030A
00000000
0000FFF1
00FC06ED
00FEFD12
00000000
0002FBFB
0003FCF3
00FDFAED
00010207
000004E6
00F73709
00FC1200
00020A02
00051B03
00F42FEC
00F51CFA
0000F5EA
00011CF0
00FA14E5
00F61BE3
00FED4B0
0007C4F4
00F7D4E7
00FDE4D7
0000E3B9
0001CD05
00F0AED2
00F5EADE
0002F4F1
0001AFE6
00FAB4D3
0006E1DA
00FFF4FF
0001CD00
00F7A2CD
00FFA3D9
00FEE803
000AE705
00FED0E0
00F4A3EB
00FFE3E3
000BE3E2
00FF0313
000CC102
0001FB15
0001390A
00011B33
0002CDF1
00020509
00FE0FD2
00FD130A
00061715
00011115
0001FDEF
00040802
00071BF8
000107FF
0000F4F3
00030B14
000507FE
000000F9
0000E5EF
00FF03FA
00021811
00000000
00000CFB
0000120F
00000901
00000000
000203F7
0000EEF1
000106FE
00000000
000207F1
0001FE01
000001FE
00000000
00010F00
0000FA01
00010504
00000000
00010806
0000F905
0001080E
00000000
00010501
0000F905
00000609
00000000
000002FE
0000F904
00000404
00000000
000002FF
00FE01F8
00000108
00000000
000BF5F9
00020C1A
000A0A0F
00000000
0006F9F8
0000F900
00021120
00000409
0000F6F3
0000FA05
0000070E
00000000
000000FF
0000F704
00000303
00000000
00FEFFFB
00FFF601
0001050A
00000000
00FCFBF6
00FEF0FC
00FF0306
00000000
00FA02F3
00FEFCFC
00FF050A
00000000
00FF10FA
00FDF7FA
00FEFF06
00000000
00FAF1E3
000306F7
00021C19
0001FE02
00F8ECDF
00042BFD
00F807F8
00FF0D15
00FEFEEE
000044F1
00FB3904
00FFFFF9
00F92601
00FF15E2
00023C04
00FFE1C4
000409FB
00FC26DB
00FE20E8
00FCCDA2
0000D9FC
000006F0
00F81AF0
0000DBAB
0002C5F4
0009FFE8
00FCF7D9
0000E5DE
0003BBF1
0008E104
00F8D2DE
0000D8FC
0005B2F0
00FCCAEB
00FECFED
00FFD2D1
0000DDFB
0004C6D2
00F8ABE2
0000E1F1
0003D9F5
0004F40C
00F9D104
00FFFB1A
00FE06F5
0002FEEC
000EDD0E
0001FC0A
00FE3501
00FFFBE8
0008DCE4
00010C0C
00011BF4
0000F7EA
000D2208
00001518
0000EA01
00031316
000C2C0A
00020401
00FEF2F2
000307F8
00000AEB
0000FFFC
0000F2EC
00FF0EEB
0002F6EC
00000000
000307FA
000116F4
000009FF
00000000
000103F7
0000F6F5
00030807
00000000
000317FE
0001F701
00010108
00000000
000106FE
0001F7FE
00010400
00000000
00000002
0000F800
00000301
00000000
00000500
0000F804
0001040D
00000000
00000200
00FF01FF
00000105
00000000
000807F6
00020C19
00090805
00000000
000100FA
0000F900
0001101A
00000409
0000F6EE
0000FA03
00FF0808
00000000
0000FFFB
0000F603
00000407
00000000
00FDFAFC
00FFF7FF
0000040F
00000000
00FBF8F7
00FDFCFD
00FF0208
00000000
00FC17F5
00FE0D09
00FDF5FE
00000000
00FA0E07
00052013
00FF111B
00010000
00FE1EFE
00F81300
00011E1C
00FF0411
00FAEED3
00FD2CF4
00011F19
0000141D
00031701
00FB35ED
00FF2913
00FEF9DC
000510F4
00FB40ED
0003440E
00FEDCB3
00050BF7
00FC2BDE
00F02BF6
00FEFAD2
0004E4FD
0004EBFA
00ECF3E7
000102DC
0001DEFE
00FB06F9
00F1E9D7
000101DA
0000F914
00FEC8F3
00F3C7DA
00FFEDD4
0007C5FD
0000E6E8
00F3DCEB
0001D6CF
0000D505
0000EB09
0001C5F5
0000F406
0008DFF1
00FAEAEA
0003CC0A
0000FA0F
0004E707
000314EA
000AD512
00000B10
00013D01
0005F7FA
000A0205
00001F10
000328FB
00071F22
00131B04
00020A16
00FDE3EB
00040717
000A0A06
00010EFE
00FEEE08
00FFB8EA
000A03F8
00020B12
00012409
0006F9FC
00F9DAF2
00020007
0000ECFF
00FFF2D9
0000FFFB
000000FE
00010A02
00FEEFEA
0000F604
00000000
00040BF8
00FFF4F7
0002FE09
00000000
00040A0F
0000F5F1
0001070A
00000000
0001FCFF
0000F8FE
0001020F
00000000
000001FB
0000F703
00010414
00000000
00010205
000203FF
00000006
00000000
0002070B
00020C1A
00FC0F04
00000000
00FF030D
0000F900
00031026
00000409
0000F5F1
0000FA00
00010806
00000000
00FFFFF7
0000F702
00000411
00000000
00FDFAFA
00FFFAFD
0000040A
00000000
00FBFDF2
00FE0B01
0000000D
00000000
00FE1CF6
00FEF6FE
0000FDF6
00000000
00051809
00F607E5
00FFFC0E
00000104
00FE2B09
00F628F5
00FAF9ED
00FF0615
00FF00DF
00EF11EC
00F702F4
00FE04FD
00FA2BF2
00F0F9C0
00FD19FE
00FB05E6
0000F6E1
00F808DC
00EE34F2
00FDF6CE
000005FC
00FB08DC
00031AFB
00FF00DE
0003F604
00F7D0EA
00F8ECDC
00011713
0004F609
0002FB15
00F918F0
000008DA
0004EF0D
0002DBFF
00F7BCDD
00FFE4B7
00FFCF0A
00F7E305
0001CAE5
0000D4D7
0000CDF5
00FE180F
000DE703
00FCEE02
0006DC00
0004220A
00FAD9F7
0000FE0E
000DCEFA
0007140A
000AF317
00031308
00072E06
00FE02EF
00190202
0002250D
00054B15
00065235
00133117
00040002
00FCEAF8
0002090C
00142214
000012F4
0000F0EB
00FCD6EC
00051B04
0001FAED
00000DFD
0000DF01
000600F1
0001FA0E
0000FBE7
00FFE7FE
0007FB10
0000040A
0004F3F5
00FF1A13
00000E12
00FF00F5
000101E8
0001FB0A
00FFF803
00000000
0003010B
0000F7FD
0001FE01
00000000
00020111
00FFF9F3
0000070B
00000000
0000FEFB
0000FB01
00000008
00000000
000001FC
0001FFFE
00FF0009
00000000
00F80105
00020C1A
000A0B17
00000000
0003FD08
0000F900
00021021
00000409
00FEF4E7
0000FA01
0000080E
00000000
00FFFFF2
0000F702
00000409
00000000
00FE01FF
0000010E
00000B0C
00000000
00FD1A0A
00FF1310
00010912
00000000
00FF06E5
00FF1B32
00FDF5F1
00000000
0003020A
00F9FFEA
00FBE5E7
00000814
00FE1F08
00F902F2
00FDDEF5
00FEEDE5
00FF5329
00EFE8D1
00F9E5FA
00FC0AEE
00F803E6
00FBFCF1
00F413F4
00FD06DE
0003D6EB
00FC1609
00F402E0
00FE07D2
00000309
00FEE4F6
00E915F8
0001F5DB
00FF1017
00FFE00C
00F3DADC
00000BE7
0003E2E4
0005FC19
00FB20E6
00FDE5DC
00FDDF0F
00FEF306
00F8D2E3
0001D8F6
0000FD17
00FDFD0F
00FDEBFA
00FFEE00
0001E702
0006081E
00FFE0FD
0001071C
0001E9F8
0008FA05
00F9F708
00000818
0000D4E6
00010BFD
0012DEF9
00011925
0010240D
00060B02
001BFE0F
000100F2
00065114
00062E24
001B0BFF
00000C01
00FDF7FB
0005DBFE
00130307
0002FEF6
0003E60A
0001E71C
00060AFF
0003E504
000406FB
0001F90B
0002F3FE
0000EB05
00FFF5F6
00FDF8FC
000BFA0C
00000303
00FDF4E6
00032421
00051D18
0000FEFF
00FFD9D7
0000FB1C
00010424
00000000
0003FB09
0000F913
0003FF27
00000000
0002FB16
0000F3FB
00FEF706
00000000
000001F3
0001F803
00000512
00000000
0001FF05
000101FF
00FFFC07
00000000
00020403
00020916
00FD0E15
00000000
0000FAFD
0000F9FD
00021027
00000409
00FDF0EF
0000FAFF
00020609
00000000
00FEFEF8
0001FE0B
0001020B
00000000
0001100E
00FF0D18
00000409
00000000
00FD2B1C
0002F9FE
0001EEF4
00000000
00FEFAEE
00FFF206
0001EFE8
0000FCFC
00F9DBDD
00F7EC01
00F3DCD1
00FF0104
00FFF5F2
00FC08F4
00F4D1DE
00FAE0E1
00014529
00FD0509
00FAF3F0
00FEFCE1
00FE0114
0001F601
00F51BF3
000019E5
00FCD7FD
0000C0EF
00F50DEF
000208E0
0001EA08
00F1FBF9
00EE0FEE
0004E8C2
00011D1A
0001E0F8
00F7F1EE
0005F6DF
00FAFDEC
0001CEFF
000EFDFD
00FFC3CF
00FD0C27
0006E1FC
0007DBF9
0004DBFE
00041E2F
000D0804
0010FD12
000205F6
00020723
0008E21E
00020D05
0000FC0B
00FDE8FD
00FFE70B
000F321A
00FF0823
0012D014
00081E03
00FD0205
0001011B
000D270B
000CFF29
0017FC0B
00000A00
000C2A0D
00FF240D
000D2F1A
00FA03FE
00FEECF8
0003CBFE
000FFF0D
0000FC03
0002BEDC
0003F305
000B0A0E
0003E50F
0000ECFD
00021D1F
0010FC06
0001FEF4
00FD0103
00041924
0005F308
00011409
00FEEDFD
00011626
00051416
0000FAFD
000004E9
00FDEB12
0000FB3B
00000000
0002FF0D
0000ED06
0002F81C
00000000
0002F210
0001EF12
0003FF26
00000000
0000F7FA
0001F611
00FF010C
00000000
0000FCF3
000002F8
0000FB12
00000000
000302FC
00020C1A
00060B00
00000000
0003040B
00FFF7F7
00020F25
00000409
00F9E4D4
0000F8FA
0001000E
00000000
0000FEEF
0001FF11
00FFFD07
00000000
00011C1F
0000030D
0000F900
00000000
00FE14FB
00FF0801
0001F3DE
00000108
00F708F8
00FCDEDB
00FC0FF6
00FF04FE
00F5DDEA
00FEF4F7
00F1F9E8
00FBF9E5
0007DFEC
00F310F9
00F0DFDB
00FBFCF8
00FF0309
00FEEC0C
00FC00FF
00FF110D
00FF3C28
0001060A
00F810E4
000001FE
00F2C1E8
00FADCE0
00FB31FB
0004F1CE
00F6CFEA
00EEEFE7
00F525EE
0001FADD
00FCF107
00FEFAF4
00F91102
0001ECE2
0001EDFB
0000F50A
000B1F14
00FEE4F4
0001F3F3
00FFD317
000203FF
00010E10
0003FD0E
000BF906
00111805
00011B38
00001811
000CDCF2
000EED0F
00011048
00FF1D1F
000BF00F
000E1904
00FF1024
000C160C
000A3117
00FD10FD
00030C16
000F2F0B
0006FC01
000E190A
000200FD
00FAE209
00054E21
00053015
00030EF3
00FCEEFB
0001CEE3
00091419
00030208
00FF270D
0003FB12
0016211E
0000F0FE
0001DDE3
00033746
000D0810
00050FF7
00021704
00FF3937
000E1A19
000118FA
0000100A
00FF1C15
00042526
0000011C
0000D6F2
0000F605
00FD021B
000000FF
0005F40D
00FFF00A
00FFFC0D
00000000
0003E318
0000F707
0002002E
00000000
0000F001
0000F005
00FFF112
00000000
0000F2F5
0004FAFB
00000512
00000000
00F9FAFF
00010612
00FC03FF
00000000
0003FA05
00FFF3EC
00000E22
00000409
00F9D4C0
00FFF2ED
00FDFEFA
00000000
00FFFBF2
0001FF0E
00FE01FB
00000000
0001221F
00010D18
00FF0705
00000006
00FB0EFA
00F91BF9
00FF0AF0
00FF1517
00F5FAFC
00F5F0C6
00FC0EFA
00FE1115
00F7D9F5
00FF0AF6
00F0EFE2
00FA06F6
0002CDD9
00FD1905
00F6DBE1
00FF040C
00001D0C
0000E305
00F9ECD0
0000122C
00FA0E1A
0005120D
00FE1901
00000A0E
00FBECF6
00FADBE5
00F7F5E4
00FEECDC
00FADCE4
00FBF2EE
00FCF7E9
00F7FEDC
00FA050D
00F8151F
00F9F3F5
0005DBF1
00FDF000
00F60905
00FEFC0C
000105F5
00FF1B11
00F6DC04
00110317
00FD0E12
00FFFBFD
00032319
000403FA
00FF0516
00FDD9D0
0002ED02
00031210
00FC0603
0006FF03
00FF0408
0008FE10
00FF1636
0011FEFC
000B1101
000009FB
00FD05F3
000004FC
0005EF14
0002F908
00FDF0F0
0005CEEC
0002381E
000711F7
00021709
00000419
0002EAEE
000D1907
0000F2E8
00FC13ED
00020710
00120520
0000FFF6
00FBF6EB
00013C45
00081D17
00032902
00001307
00FD4562
00102029
00FD17F7
00FFF4E7
00FF05FF
000B3332
00FE0E11
0000E805
00000203
00001D15
000100FD
0003072A
00FFED16
00001B30
00000000
00FFD712
00010417
00000011
00000000
00FFEFFF
00010310
00031722
00000000
00FFECEB
000003FA
00000921
00000000
0000F900
00020C1D
00071015
00000000
0008FF08
00FFF3E4
00FF0425
00000409
00F5CDC0
00FFEAE5
0000FE02
00000000
00FF01F3
0000F807
00FDF3F8
00000000
00012420
00040F15
00FFFAEE
00000007
00F51005
00032E1E
000001E1
00FF0E12
00F611FE
00FD140D
00F600EF
00FE140C
0004F707
000607E5
00EE02EE
00FD1000
0003C8F6
0006170E
00E6E4D9
00011E10
0005FDFA
0003F113
00FAEBEC
00001230
00FBE503
0003060F
0001E903
0004F708
00EAF8EA
00F804F4
00F1B9DF
0006F600
00F3EAF2
00F70DFF
00FD0BEE
00FCE3EE
00FE072C
00FFFF19
00FD09EE
0000F1F5
0001F01F
00FC1F00
000DF1F7
00011416
00FEEBF9
00050503
0006DCFA
00010E2F
00FFFA07
0004E6ED
0003E1F7
00F806FF
00FD0AEA
00FABDED
0010001B
00F5FCF9
0004EE01
0011F61B
00080201
0000160B
000D3420
00031B2A
00060CF1
00FBF4F4
000E2818
00031722
000D13F8
00F9F5FB
00062A2D
00F80CF6
0009FAE6
00FFEBC6
000D2923
00042023
00F81103
000304E4
00025A3F
00FCFE28
00FB0C0A
000004F1
00FB2613
00022947
0009251C
00042016
0002431A
00FE101E
000C1315
00FCEEED
00FEE8D7
0000D5D1
00172511
000004F3
00FF0A10
00FEFCF4
0000382B
0001FA0B
0002193D
00FFEB03
00012B47
00000000
0001FB20
0000F808
00062C3D
00000000
0002FF0E
0000030E
00042033
00000000
00FFF5F0
00FD01F8
00000A1C
00000000
000CF6F6
00020D19
00051206
00000000
00FE0303
00FFEDDB
00031420
00000409
00FBD3D0
00FFE5ED
0000020A
00000003
00FFFBE8
0000F6FA
0000F101
0001000F
00001E07
00041622
0002FAF9
00FF060D
00F62409
00FE2204
0001EEFD
00FE1117
00FC2E0A
0004EDE4
00F515F8
00FE1D0E
00FD1C0A
00FFF3F5
00F22A02
0001291C
0003BC0F
00FD0822
00F829FB
00003847
00FFD5E7
00FE0200
00012C11
00FFFEFF
0000D2F1
00FF1603
00FD2108
0000EE07
00E614F4
00FBFC0E
00FFEFEE
0001060C
00FAF1F5
00FC2415
00FBF4F3
00F7F5FC
00FE2639
0000DD08
0002DE06
0000FCDA
00FF0406
00F317FD
00FD1702
00FE0E20
0001EFF3
0002EDE6
0004FE15
00FCF3F9
00FFDCEB
0004E0EA
00FD1803
00F4DBE9
00FFF2E0
0007E805
00020F13
0000E5FC
0001F1E4
0003F4EC
00123B33
00FFEBD4
00002B0C
00060E0D
00020CF7
00FBCCC8
00FF11F9
00FBE1F9
000021F8
00FED5C8
0004EB17
00FB010F
0002F9E7
00FBDFBF
00112822
0005180A
000003E4
00FFFBDF
00071E30
00FB1629
00FE1219
0001F9E7
00024A37
00021E2C
0010221C
00000F0C
00FA501F
00011817
0001321C
00FEEFEB
00FFD6C6
00FF01F4
00002521
0001FEFA
00FFFA05
0000070F
00003B19
0002F70A
00010F0A
00FEF101
00FF1B2C
00000000
00051A37
00FFEFF5
00022626
00000000
0002090E
00000210
00041C30
00000002
0001FE04
00010208
0000051A
00000000
000901F1
00020710
00010B13
00000000
000701FE
00FFF2E2
00031425
00000406
00FEE0E1
00FFECEC
0000FB12
00010008
0002FAF7
00FE0500
0001FB09
0001FA04
0000240C
00FEFA17
0002F512
00FF0301
00FF0C0B
00020102
00FBFBF5
00FC020B
00F8240E
00FED0E3
00FBFFFC
0000110B
00FA3515
00F9ED07
00002808
00FF1602
00FEBC05
00F2BCFA
00F82719
00FD2124
0003EDF4
0002DCF7
00064122
0000F3FF
0008C9F6
00FE0705
00FF2E1A
0002EB19
00F2E6E4
00F60DF8
000F0301
000A0009
00F5EFEA
00F52911
000A0CFF
00FAECEF
00001022
00FAD603
00FDEBFF
00FA0FEE
000400FC
00FFFE02
00090BF6
00FED7E6
0001CBF4
00FF04FC
0005FBEE
00FADDE0
0001E3ED
00FFF3FC
00F4F5FC
0001E6FB
00FCE807
00FF09FB
000EF006
00FFDDFE
00021ADB
00012D19
000D1D0E
00FCF1EB
0000C7C5
0002441D
00101415
00FBBEA6
00FEF8F6
0000F9EA
00FDF5F1
00FDC7B1
0001F21C
00FE0D18
00FA05DA
00FDDEA8
00014435
00FF1A1A
00F7F5D4
00FEF6E9
00FDE709
00062625
000D2116
0000EFE4
00FF0F06
00FF1A31
00001908
00FF171E
00FC5F1E
00031B20
0005120C
00F8CEF3
00FFF8E5
00FFE4D9
00093A17
0000070E
00FE04EF
00FEFBED
00017F4D
0002F40C
00FE05ED
00FEF80F
00013032
00000000
00041D2A
00000318
00021D1F
0000050A
00042534
0000F708
00063D48
00000000
0001FA00
00060703
00000F1D
00000000
0004F1FF
00020D19
00031F09
00000000
000600F9
00FFF7F4
00020D25
000005FF
0008DFF2
00FFFDEC
00000E0D
0001FE00
0004F400
000006FA
00010108
0000F7FD
000113F8
00FFF70B
0000EDF0
00FFF6EF
0006F602
00011809
00FFF0FD
00FEEF05
00011E1B
00FCE9E9
00F9F5E8
0000FE06
00023E2D
00FBDE02
00F92901
00FC1DF7
00FCC3F1
00F8C7E2
00FA1402
00FC171B
00FEE6F2
0002BDF1
00002510
0000DD0F
0007C9E5
0005D6F2
00011F0A
0002E402
0004D2F5
00F8E9F0
00110E0A
0002EAFD
00FADED9
00F909FC
000E00F9
0004D8EB
00FB0A0D
0002D603
0007FF05
00FDE6E4
000111F7
00F9ED02
00FAF2F7
0003EF11
0003AAF0
00FEFEEC
00FCF6FB
00F7040F
0001DFE7
00FFFC19
00FFE4FC
00FD2D3D
00020D23
00001F0E
0004F1F8
00FF2427
00013223
0008030B
0006E908
00FEF6E5
0001B4AD
000A190A
000F1312
00F0C1B6
00FEBC9F
0004FE10
0006F4F1
00FABFBC
00FDCD07
00050C0E
0000D7E5
00FBD2B0
0002292D
00040E29
0000D4EB
00011C00
0000F802
00064220
000D1C05
00002331
00FB0DFC
00011824
00071203
0001161F
00014104
00FFF80A
000D2115
0000DBF5
00FDFCD6
0002E7D4
0001201E
00000110
00FEF9E4
00FFEDE4
00F9371E
0002FB10
00FF0AF9
0000F9FF
00FE1113
00000000
00076965
00FFF2FB
00001312
00000B10
00043244
0000F6FC
0000060C
00000000
0000EEF7
0005FB02
00000D15
00000000
00000005
00020A19
00060C0E
00000000
000306FE
00FFF5FB
00010B20
00000203
0008F20B
00010108
0000091D
0000F6F6
0001070F
00FFF8E8
0002011F
00FEF4FE
0000E9DF
000004FE
0000FDFE
0000E3F6
0001F2F9
00FB170D
0004F8F9
00FFFB02
00F8010D
00FB0005
0002060A
0001F704
00FB2211
00F7EFF5
00001602
00FE2611
00F5D9DB
00F5EAE8
00FD16FC
00FE0B1F
00FDFFF2
00F7E9E1
00021A0A
00FCFE0B
000CE4F8
00EFD5E4
00041509
0000FBF4
00F9CC02
00F8D2C8
0007F5EC
0008EEF3
00F5F2FC
00FDC5D8
0003EEEA
0000CEE1
00FF1C1B
00F7EFE4
0003E4E7
0004CFD8
0000FCF6
0002FCF5
0003D0F3
00FDF3F8
0001F1FC
0005E705
00F1F8F3
00FD0903
00FEFB05
0003DC04
0005F4F4
00FEFB13
00001416
000B0D01
0006EAEA
00020320
00023D46
0009061C
000D0912
00FED7E7
000220F1
0004FC0E
000719FA
00F1C7CF
0000CBE5
0008F41B
00FD16F8
00F8B3A5
00040139
00FE181A
00FCF6E3
00FBE6D8
00033027
0005303A
00F4E3DD
00060722
00F8F1FE
00074835
00FAFFE0
00FC3940
0004DAE8
00003E18
000100FF
00F8091B
0000E5C3
00007040
00010402
0000F804
00FFE1B6
0000141D
00F513FD
0002F9F7
00FFEFF0
00FFF0ED
00FDF908
0001FE13
0001F8F8
00FFF707
00FC0F00
00000000
00010DFF
00FF0519
00FEFBFC
0000070C
00011927
0000FA01
00FE00FF
00000000
00010402
000000FC
00000818
00000000
0008F8F1
00020B1A
00FE0D05
00000000
0002FCFC
0000EEF8
0002101C
0000FC03
0007FCFC
0000F809
00010A12
00FEF7FB
00FF1010
00FEF8E3
00000A0A
0000E9E7
0001F9EC
00FE0CFA
00FB04FC
0000E1EA
00FF0008
00FC1C07
00FE0DF2
0000020F
00F2E6F9
00FF0DF7
00FD2B0C
00FFFEF0
00F7ECF7
00FF1EE1
00063908
00FE0E13
00FAF5E7
00FD1DE8
00F80F16
00FEFC12
00020AF8
000014EF
00031E14
0002FDF4
0008D403
00F9EFEE
00F503F6
00FCECE3
0002BEF7
00FADADF
0006FE04
00F8D8D5
00F6F116
00F9FCDF
0005DEEB
00FFB6CA
00FC2419
00FC2901
00FCEEF3
00F5B1EF
0001152B
0001FC01
00F5F1EC
00FAFD01
00002A2F
000408FD
0001F300
0001F105
00010D2D
00081618
00080C14
00FEE300
00001211
0001E506
00050916
00F5CCE9
00FF1F0B
0008E018
000C0FFA
00F9CEE7
0001FEED
00020414
00FA16FC
00F9B5CD
0001202B
0002F70D
00041C0C
00F9ADC1
00041B3A
00022824
00FE06FB
00F5E0C1
0004261F
00FC0E0A
00050708
00051723
00090F0D
00013F0F
00FCCFF5
00FC2E36
0008EAE2
00011BF4
00FFEE02
00FD1A1A
00FEE1C8
00002220
00FA0FF7
00001022
0000CEAB
0001FFFD
00FE0111
0002FD07
00FFDEE8
00FFF3F6
00FEFAF0
0000FF00
0001E9E6
0000F803
0000F1ED
00FFFF00
0001FEF4
00FFF800
00FDF6F9
00000000
00FF0308
00FFF6FF
00FDFDFE
00FF0000
0000FF00
0004F7FA
00FF0005
00000000
0005F9FC
00010916
00021103
00000000
000A0202
00FF000B
00011B29
00FEFD04
0001FF04
00001422
00021114
00FDF4FA
00FD1FFB
00000EFD
00000808
00FFDEE2
000007ED
00020B0F
00010B0E
0000EBF0
00FE0206
00FCE8F6
00FF0B0C
0000090F
00F7070C
00FF0BF9
00FD00ED
00FFF504
00F1F5EE
00FD3F06
00FE141D
00FFE3F7
000005F3
00003B02
00FE0101
00FDFD05
00FC0CF4
00051A08
00010708
00FFE8DB
0009C7F0
00FE02FC
00FE0DFC
00F5DDDC
0002C8FF
00FF1108
0006FEF8
00FEDCCE
00F5F5FE
00002224
0009EFED
0000D1E1
00FB392E
00031443
00FCE2F4
00F3DBE6
00FE2324
00022C3E
0008E7FA
00F3E8D8
00001021
00013541
00F1DAF4
00F80BF9
00FE332D
00032842
0009FFFC
00FAEFF4
00002D36
00032B2D
00FCFC05
00F0C4E5
00023733
0001220F
00F70400
0000C7EC
00FF1002
00003D2F
00051AFB
00FFC1E6
0001F818
0002574B
001011FA
00F2D1C7
00012416
00022E2B
00040FFF
00FEF5E7
0000E113
00021927
00FCFA00
000117F7
0008C8F7
00000DFC
0002F5F9
00043B41
00FCB6C3
000202FA
00FCF1F8
00FF1828
0002DB9D
000000E9
00F508FF
0001192E
0002E2BD
00FFF9F0
00F700FF
0001F5F5
00FEE0D8
00FFFAF7
00FBEBDE
0000FDFE
00FFF3F5
0000F6F9
0001FCFF
00FF0000
0001FCFA
00FFF602
00FD0105
00FF0000
00FFFDFB
0000F7FB
00FE0303
00FF0000
0000FF01
0006FB00
00010107
00000000
0008FB08
00030C18
00000E0B
00000000
0007FC0D
00FFFE16
00020B25
00FFFAFC
000409F0
0000181F
0002FB0F
00FFE6EE
00012E04
00000BFC
0002FC0B
0001E6F2
000214FB
000307F0
00FE0C0C
00FFFBF5
0002F4ED
00FBEA00
00FB13FF
000007FE
00042103
00040217
00FF160D
00FFEBF2
00F71AF0
00FD251B
00F90CFD
00FFD0E3
00050FF6
000114FB
00020000
0000E9F2
00F9080C
00FEE602
00FBD8F0
00FFF5D2
000DD9FB
00FBCBE8
0000D5E8
00FDFBD3
00F7EF09
0004EC18
00FDD4F5
0005ECD4
00FB03F5
00031233
0001CCEB
0004F1E9
00FD3C23
0003FE24
0011E1FC
00010BF4
00F8160D
00000D26
0000D4F1
00FE01E5
00FAF913
00011D2E
00FFD7F2
0003070B
0002434B
00022832
0001F0F9
00FEE2FF
00020F12
00FF180D
000AE9F7
0000D0F7
000003CD
00011924
000FE709
0005C508
00FF2F2E
00012D4E
0002F1FF
0002C0DC
00002A2B
00022E47
0000FAFD
0001EEDA
00083D36
00020A22
00030AFA
0001FAFE
0005F701
00FCC6D8
00080F02
00FF0419
0009A3EE
00FEE0D9
0008EFF9
00FDF416
00FFBCDF
0001F0EA
00F6F2F9
00FE1B47
00FFF1AE
000102E9
00FCF2F7
0002081A
0001EAD0
0002FEF7
00FD01E9
0001EEE8
00FFF5F8
0000F7FC
0000FBF6
0001FAF6
00FEF7F5
0001F4F8
0003040A
0000FF00
00010501
0001F501
000000FC
00FF0000
00010100
0001F701
00FE0209
00FF0000
00FF01F8
0006FAF9
00000001
00000000
0009F802
00020C19
00001218
00000000
000AFEF7
0000F306
0002FA09
00FEF1E8
000406FC
000005EB
0000F20D
0000E5EB
0000261A
00FEF4E1
0002FB12
0000EAE4
00011201
00030000
00FDFF00
00FEF6E2
00FEDFE0
00FDFF07
00FBF6FE
00FFF5E1
00F9ECE9
00FAFB04
00FAEEE8
0000F8ED
00FD1DFC
00FF0F27
00FFE5FE
0000EAFD
00FDF3EE
0000F600
00FBFB09
00FFF302
00F8C4F4
0002FCFE
0003E900
00010D02
00FDC7D7
000BEAFB
00F8E3F8
0001FAE9
00F7F2F5
0001D8FD
0003E1DD
0006F3E7
00F9E4F0
00020123
00FCD6F5
00FFFDF4
00F3F4E6
0000DF16
000DDEF5
00010F06
00F0FDEB
00010437
0002DAFB
0004FB00
00F8E001
0001292F
0002DCF0
00FF000A
0000252B
00032A2F
00F2E8FC
0001DE09
0002242D
00031D1D
00FCED08
00FFCBFA
00FF15F2
0002001A
00FBF704
0009CE12
00FF2720
00012B3D
00FAEAF7
0005D9FF
00FF383E
00FE0A04
00FEF9F5
0006F3F6
00030C17
00FC251B
000D2E11
00FCFD13
0001D818
00FEFA06
0004381A
00FBF8FC
0001A6E0
000001F9
00F50AFD
00FF0216
0002C5DF
0000F5E8
00F5F201
0000FE13
0000F1A6
000002F1
00FD140E
0000EEE5
00040CE9
0001FAF8
00FF080B
0001EEE7
00FFF0E3
0001FAFC
00020F12
0001F1EC
00FFF9F7
0001F8F8
0001FAF6
0001FCF9
00FF00F0
0000F5F9
0000FD04
00FF0000
000002F7
0000F2FC
0000FFFA
00FF0000
00010103
00030103
00010004
00000000
00FFF40E
00040C0B
00060811
00000000
000302F8
0000FB0E
00040010
00FEE7D3
0006FAE6
00FE08EE
0003EEF1
0000E6EE
0000FA03
000002F2
0003EDFF
0000F7F1
00000BFF
0000F601
00FBF8EF
00FFFAFC
0000F6F8
00021C11
0000EDFA
0000F6F4
0001EC14
00032B18
00F5ECEF
000107FF
00F70801
00FE3016
00FBF1F7
00FF0402
00F1EADB
00031B0E
0000FF09
00FF1515
00F9BDE9
00FEEDF7
000302F3
00FF08FD
0005BCF5
00FEF2F5
00FAEBEE
000101F5
00FAE709
00010316
000AE4FE
0001E6EA
00F6E6DD
00022829
00FDE7F4
00FEE9E5
00EEF6F6
0001030C
0005F5FE
0000F90B
00EBE0E9
00010E2C
000AF1FB
0004FF18
00F9D8ED
00010701
0004F205
00FB031B
00FB04EA
000006FF
00FDED0E
0000E517
00050904
00031C19
00F1F101
0002D9FF
00FD00F9
00052927
0005C8E7
00FFCA0C
0001432E
00F92A0B
0000E804
0005EEF3
00FC2213
00FF2628
000ED802
00FF1F1B
0001F41A
00FD3C2A
001124FF
00FC0A08
0003F11A
0002FE03
00FFFCFC
00FD01E9
0002C7FF
00FEEDC0
00FF0E08
00FFE7F1
0002E0F2
00FEE9DF
00F2EAF7
00FFE8D4
00FEF8D3
0000F1EA
00FE0AFE
0000ECDF
0001F2F0
00FFF4FB
00030609
0000EDE4
00FDF4E5
0000F800
0002F8F2
0000EEE8
00020601
0000F7FB
00FFF9F6
0001F2ED
000100F4
00FFF901
0001FAF3
0001FBF5
000201FC
00FEF501
0001FE03
00FF0000
00000102
00FCF7F8
00FF00FF
00000000
000808F8
00010C10
00010C0C
00000000
00FF00FE
00FEFCFD
00FFF7F7
00FFE5D2
0003F8EA
00FF0AFA
00FDF3F3
0000EFF5
00FFE4EA
000108FB
00FFF0F1
0000FFFD
0001F3F9
000104FF
0001E3EC
0000FD0A
00FFF4FA
00FD1E11
00FEEE02
0000010F
00FCF709
00FE1009
00FBEC02
00011314
00FCEDEF
0000190E
00FFF4FF
00FF110A
00FE02F7
00070906
00030204
00FF1911
0006BFE4
00030BFD
000A1811
00FF01FD
000CCFF0
00060D01
00FEFCF6
0001FE03
0001F019
0004181B
0006F3F9
0002F0F7
00EDCBEC
00042B35
0007F908
0003FEFE
00F3E5F7
00091C37
0005EAF4
00010A1B
00EDFEE3
0005F330
00080118
00042A41
00F7D9D8
0006F916
00021D19
00FDFF12
00F6DCDB
0004E3E0
00040A00
00FFF911
00FFE8CC
00041406
00080805
00FDCCEE
00FE1E16
00011CFA
0003D1F3
00FECDD8
00FA2912
00FF3E22
0001E9F9
00FFF5DE
00FB0F03
00FD4C43
0002E1F2
00FEFCF1
00FE051D
00FD1C18
0006060C
00FE120A
0001F613
00FFF1FA
00F3FC0C
00FE071E
0001E2F3
00FEEDD1
00F5EA01
00FCE3CE
0002F500
00FFF6F8
00F2E3F4
00FFE8D2
00FFEFE8
00010311
00FFEBF8
0001E9DB
0001F7FD
00FEF2F8
00FEF1F8
00FFECE1
0001F8E7
00FFF5FB
0001F3F1
0000EDE5
0000FCF2
00FFF6FF
0000F6ED
0000EEE5
00FFFEF9
00FFF903
00FDFAFB
0000F1EB
000001FE
00FFF804
00FFF9FC
00FFFE00
000000FC
00F8FBFD
0001FDF7
00000000
000509FF
00010B0C
00020E0B
00000000
00FCFBFF
00FFFBE3
0001F708
00FFE6E2
000500FF
0001FAF3
0003FA00
00FFF702
0000E5EB
00FF16F9
00FCF6ED
0000000E
00FEFDEE
00FE070A
00FBEFF7
00000B13
00FDE5EC
00FF0701
00FEF1FA
00000C17
00FDE80A
00FFFBF6
00FBE6F8
00FF1111
00FDFDF7
00FAF6EB
0001ECF1
00000606
0000FE04
0001F705
00000504
00000E00
0001C1DD
00FF0118
00FD0C06
00FF0CF7
0008D0F8
0007F60B
0006E8F9
00010F07
00FDF0F9
00FE0414
00FFEEF9
0000FEF8
00F0EEF9
00FF01FF
00FEE0EA
00020AFD
00F5F0F9
00030A21
000001FF
0001152A
00F5EBF1
0003E1F2
00142911
0002123A
00F1C9DC
0004F2E3
0002181B
00020D2E
00FDD4DD
0000EFB5
0002020A
00020628
0000F1D6
00FE1EED
0004CD08
0001E605
00012418
00FD1105
0000D7F8
00FFDCD8
00FC5C41
00FD01DB
0006CFE6
0000F7EE
0000341B
00FD1008
00F9110C
00FEFAEA
0001141C
0000EFE5
00FC1A12
00FDEFEE
0000DEFD
00FEF8F7
00FB180A
00FCEDE0
00FDF1F6
0002E8E8
00F70818
00FCE8D8
0002F0F9
00FEF406
00FFFB07
00FEE5D2
00FDE7EC
0000FC05
00FBE4F1
00FFE9D8
00F9F1F3
00FFF3F6
00F9E8EF
00FFECE1
00FBF1E6
00FFF6F6
0002F1EC
0000EDE5
0000F9F6
0000F7F8
00FDF5F0
00FFECE4
000000FE
00FFF7FE
00FEF7FB
00FFEDE9
00FF01FD
00FFF904
00FEF7F6
00FFFDFD
000000FA
00FB0107
0002FAF5
00000000
00FDFDFF
00010B10
00060808
00000000
00030010
000008F5
00FEF9FF
0000EAE2
000508F9
00FFFFFC
00FCF7FA
0000FD0D
00040D22
00FEFAF5
00FC000B
0000031A
00020B0E
00FFF50A
0000F5FB
00000E19
0005F3EF
00FFFE0D
00FF1513
00010E17
0000E706
00FE08F7
00FB0606
00FF0E0C
0000FCF6
000009FE
00FD0001
0000F8F6
00FFE100
00021610
00F903FD
000001FF
0005D801
0002F80E
00FF070B
00020F0E
00FEE2F4
0001F016
0000FE05
00011513
0005EDF2
00FB1A15
00FFFCF9
00021C25
0009F90B
00FCFFFB
000B0500
00031315
00FCED09
00010D05
00091D21
00011110
0001FBFB
0001090D
00150F26
00001429
00F5D5CD
00030311
00160617
00FF0E24
00F4C4D4
0000FDE8
000CED0C
00FEFE08
0001F4F8
00001202
00F8D4FB
00FEE4DB
00FDE6E8
00FE0703
0003D9F9
0000EEE2
00F73A11
00FEE7E6
0004F7EB
00FFF9F1
00FF2B1F
00FDF5F4
00F81D13
00FCEFE9
0003E7F9
0000F3F3
00FD260B
00FCEFEA
0001EAEF
00FFF1EB
00F904FD
00FDEFE5
0003F9F7
0001F3FB
00FEEEF9
00FDE9DD
0001F0EA
0000F204
00FBDFE4
00FDE2D6
00FFECF2
0000F902
00FFE1ED
00FDE8D0
00FCEBDE
0001EFF8
00FFE0E5
00FFECDE
00FEEBE4
0000F0F4
0006ECF4
0000EDE5
0001F7F2
0000F2F0
0003EFE9
00FFEEE6
0000FDF8
0001F1FA
0006F0F6
00FFEEE8
000101FA
0002F2F4
0003F2F1
0000F6F6
00FFFFFA
00FD01F9
0001F3E9
00FFFE00
0000FCF8
00020812
00010203
00000000
00060700
00000EFD
0007F90C
00FFEEFB
0004FEFA
00FFFCEE
0001F5EA
00FFFE16
00001C21
00FDEFF2
0000F903
00FE0411
00FE1311
00FEF9F1
000606FB
00000809
000112FE
0000F6E8
00FB0706
000008FB
00FEF106
00FF2102
00FE11FF
0000FBF6
00FF0E0E
000016FB
00F600FA
0000F7F9
0002F701
00040E2B
00FE1700
00011119
0002DB12
00FDFA0F
00030A0B
00021A1D
00FDFA0D
0001F920
00FC02F4
00021721
00020DFB
00FFFF00
0000151E
00021A1E
0001FEF8
00FE01FA
0006151D
0000161A
00FE1C15
00010EF8
00072D33
00FF1301
00FE0C00
00FDEBFC
0005180D
00FF150B
0000E5ED
00FFF3F9
000C030F
00FE0508
00F8FAF1
000001F8
0004FC03
00FEFAF9
00FC0C18
00010902
0000EDF0
00FFF2ED
0003FA20
00000005
00F0D5E3
00FFF3EA
00001A1C
00FFECE5
00FBCAE1
00FFFAF7
00FF1B08
0001E7ED
00F2D6E7
00FDF0EB
00FEECF6
0003F0F1
00F8DDEA
00FEF1F0
0000EFFC
0001E4EE
00FAE7F3
00FFEFEB
0007E8F6
0000E5EE
00FDD4F0
00FEE6DB
0000F5EE
0000ECFF
00FEDFF6
00FEE0D3
00FEE9ED
0002F509
00FDE8F0
00FDE0CA
00FEE8ED
0001F109
0000E7F5
00FFE7D5
0001EFD9
0000F309
00FEEAF1
00FFECE1
0000F1F1
0003F910
0006FBF8
0000EFE6
0000F6EB
0002FD0B
0000FBF0
00FFEDE6
0000FAF6
0002F3FE
0001F5F8
0000F6F0
0000FBFF
00FBFC03
00FCF1EA
0000FFFF
00010AFC
00030816
00020106
00000000
00030B04
00FF120B
0008FF14
00FEF1FE
0007070D
00FFF907
00FDE407
00FEFE06
00FE0C00
00FE0802
00FFFB08
00FF010B
0003140E
00000FFE
00FE0312
00010B06
00011509
00FF07F7
00F604EE
00FFFDEE
0000F7F7
00FF10FF
00050101
0001F0FB
00FF1F1E
00FD0BFE
00040C02
00000200
0001F714
00FFDFF5
00FA0CF2
00010F10
0000C1F5
00FFE716
0000F9F0
0001100A
00FD181D
0001F6FC
00FEFE08
00011714
00FE2F1D
00010701
00021511
00010D12
00F901FB
00FD15F6
00FE1219
00001008
0001150B
00FF1B1A
0000171B
00001C0F
00FA10F6
00000D13
00FF2B27
00001619
00FCDAE3
00FF0508
00042C1C
00000B11
00FDEEF7
00011517
00FE1A0F
00000005
00FD00FB
00010907
00010909
0000E9E8
0002061B
00FF0505
00FA02FC
0000E9E3
0000F71E
00020903
00FAE7EF
0001F2EE
0001FAF3
000002F2
00FEF504
00FFF3F6
0002F8FC
000109EF
00F9F5E9
00FEE8F1
0000F2E6
00010D0D
00FDFE0D
00FEE6E6
0001E5EE
00001119
0001F506
00FDDCCC
0000EDDE
00FEFF08
0001F8F7
00FDDED5
00FFEBDD
00FE0515
0003F701
00FEE3DC
00FEE1D6
00000A06
0000EFE4
0000EADE
0002E9DC
0000F5F5
00FCDDE1
0000EFEA
0000EFE6
0002F1F5
0008E7E7
0000EEE6
0002F3F3
0003F702
0004F0F0
0000ECE4
0001F5F0
0002FC17
0003FB09
0000F1E9
0000F5F1
00060502
0002F4FC
0000F9F5
00FB05F7
00FF1327
00010207
00000000
00FD0301
00FF090E
0002F813
00FFF204
00090210
0000F511
00FFE917
0000070D
0002F7F8
00FE1922
00090922
00010C08
00FD1EFB
00001D24
0004FD14
000116FD
00031004
00FF2312
00061709
00000204
0005191E
0000230C
00FD0C0C
0001F8FC
0001061C
00011A12
0002170D
0002030C
00FDF80D
0002EE0E
00031008
0000050C
0000C7F2
0003EB0C
00062126
00000B0C
00FD0B0F
00000C00
0001100F
000009FF
00FC22FF
00022519
0002130F
000100F4
00F90406
00012314
00FF1E1A
00001305
00FB0D05
00001B0F
00FD1E11
00FF1513
00000EF5
00011C1C
00FA0803
00000C14
00FDFFF0
00010C08
00002A14
00000609
0002F502
0001120F
00031613
00FFF5F6
00021412
00000809
0003F4F8
0000FBF4
00FD101A
0000FF0D
0001E3EF
0000F1F1
0002E412
00020001
0001E40C
0001FB01
00FFF303
00041118
00FFDA0F
0000F9F8
0001EDE4
00040212
00FED606
0000ECFD
00FCF7ED
00FF0B0D
00FEE3F1
0000EBF9
0001F0F2
00FE2920
0003FD13
00FFF5FA
0002EAE3
00012216
0003E7F0
00FFF2FA
0002E4E0
000104FF
0003E3EE
00FFF2F5
00FDDDD7
00000600
00FE0400
00FFF1EA
00FEE5EB
0000FDF3
0004F1FD
0000F6E6
00FFEFE8
0002E6EB
0002F8EF
00FFF3EE
0003F5F7
0003EC09
0008F7FB
0000F2EB
0001F3E4
0000EF0F
000CF30A
0001F3E9
00FCF3E8
00FEFB06
0004F1EF
0001FEF7
0003FCFC
00031236
000106FF
00000000
0005F706
00FC05EA
00091508
00FFF2F9
00000E1D
00F9FEF8
0007090A
00010D0C
00FFEF00
000308FF
00FE0AFE
00011600
00FF03FE
00FB050B
0005FB00
00010EFB
00FE1AFA
00FB050C
00FCF2F2
0000FBFD
00FF00FF
00010809
0001FD0D
00010511
0000FF0F
0000FF14
00FC00FE
000102F5
00FFF529
0002EF17
000D0D0D
0001F2F7
00FFD4FD
00FFFD0F
00F9040D
00FFF6D9
0000EE04
00001B04
00040A0C
0001F9E2
00012837
00FF1619
00FEFA10
00FF00F5
00FD000A
00000DFC
00060E10
00FF1B17
00001A02
0007FDFD
00FF150D
00FE1D19
000104F6
00FFF5F6
00032510
00FE06FD
000301FF
0005F10E
000F0C20
00FEFCF9
0000FCF8
0001F90C
00060F08
00FFF1FA
000001FF
00FAFE02
000D050A
0000EBF9
00FC06FA
0005070E
0004211E
0000EBF6
00FDECF1
00040107
00052411
0000F0EF
0000F205
00FE0AEF
00112B10
00FEEEDC
0001F8F5
00090EF9
00051517
00FFE5E4
00FEF5FB
00FE08F1
0002140E
00FEEEFF
00FEE4E5
000402EF
000F0D18
00FFEBF7
00FCF0D4
00FE01F1
0001070D
00FEEFF6
000102F0
0006FEFF
000E171B
00FFFDFA
0001E9E4
000000EC
00011E0B
00FEF5DB
0001DCE0
000205F3
000D1317
0000F3E1
0002FFF3
00FE0604
0008151F
0001EDDE
0000F9EA
00FC04FA
00FD191E
0001EFEF
00FFFCED
00F702F1
000D1C13
0001EAE5
00FEFBFB
00F2FDF6
00011716
0000EFEE
0005EEF1
00FB0A0B
00042226
00000000
00FFFF07
00F0EDF3
000E1004
00000000
000204FE
00FAFE00
0015140A
00000000
00FCFAFE
00FDFAFA
000BFF04
00000000
00F4FDF9
0001FAFC
000DFE12
00000000
00F4F9FA
00FCFCFF
000D1009
00000000
00F9FDFA
0003FE04
000EFC04
00000000
00F7FAF7
0002FAF7
001505FE
00000000
00F7FAFD
000303F7
00FD040D
00000000
00F8FAFC
00FFF604
00FF1313
00000000
00F9F9FB
00FEFAF9
000E0609
00000000
00FAFBFE
00FCFA06
00090E04
00000000
00FE0402
00010309
00171617
00000000
00F5F7F8
00000C05
00121018
00000000
00F4F7FA
00FBFA09
00120D01
00000000
00F6F5F4
00020007
00120604
00000000
00FE0003
0000F600
0004FC01
00000000
00F9FE01
00FAFD02
00121015
00000000
00F6F9F8
00FEFEFB
0010FC0D
00000000
00F6FEFC
000204F7
000EFCFC
00000000
00F6F7F6
00F8FBFC
00090E02
00000000
00F7FAF9
0001F7FD
000B0605
00000000
00F7F7F8
00FCF6FD
00FF0503
00000000
00F7FAFD
00F7F8F9
00FFFB0F
00000000
00F5F9F9
00FEFAFB
000E0110
00000000
00F7F9F6
00FDF7FD
00080700
00000000
00F4F6F7
00F7FEFF
0010030A
00000000
00F6FAF8
000204FF
00090A13
00000000
00F8FAFA
00F8F8FC
0008140B
00000000
00F7FAFA
00FCFD01
0015050D
00000000
00F7F9FC
00FC06F5
00FE15FE
00000000
00F6F9FB
00FBFBFC
00100104
00000000
00F40705
000B100B
00171313
00000000
00FFF6FC
00EAEAEB
000DFD06
00020500
0000FB07
00F6F2FD
0007FD05
00000000
00F8FAFA
00F9F9F5
000BFF04
00000000
00F7FEFB
00FAF7F6
00090300
00000000
00F9FAFB
00F5F7F6
000A0003
00000000
00FCFBFE
00F9F7F4
000AFB02
00000000
00F6FFFB
00FAFBF8
00080100
00000000
00F9FDF9
00F6F8F6
000DFA02
00000000
00F9FAFC
00F6FCFB
0008FA03
00000000
00FCFCFB
00FFFDF9
000BFB01
00000000
00FE0703
00FDFBFF
000D0004
00000000
0000040E
000D1308
00070300
00000000
00081408
00050608
0003FD04
00000000
00F7F0F9
00FEFA00
00080B09
00000000
00F4F4F6
00FD0301
000D130A
00000000
00FD0402
00F7F7FA
0006F800
00000000
00F90200
00F7F6F9
00080503
00000000
00FBFEFF
00F5F8F9
0008FFFF
00000000
00FAFCFA
00F6F7FE
0006FDFF
00000000
00FAFEFD
00F6FCF8
00080001
00000000
00F8F9FC
00FAF8F5
000AFCFF
00000000
00F8F9FA
00F9F7FB
000CFB04
00000000
00F9FCF7
00F7FAF7
000BFBFF
00000000
00F800FB
00F8FDF4
0009FC03
00000000
00F6FCFB
00F8F5F9
000BFB02
00000000
00F7FAFA
00F7F7F9
000BFE02
00000000
00F9F7FB
00F8F2F9
000A04FF
00000000
00F8FCFB
00F8F7FD
0008FA04
00000000
00F9F9F7
00F5F7FC
000CFD01
00000000
00F8F9FD
00F9F8F4
000B0101
00000000
00F8F7FD
00FFFDFC
000C0304
00000000
00FC0EF7
0011160E
00150A0C
00000000
0002FEFD
00FFFBFD
00170E11
00030501
00FEFD01
0004FFFF
000A0306
00000000
0000FE02
0004FF00
00030B02
00000000
00020402
0002FE00
0005FDFD
00000000
0002FF03
00030000
0003FCFE
00000000
00020101
0004FFFF
000905FC
00000000
0002FC04
0003FDFF
000C0000
00000000
0000FF02
0003FC00
0002F901
00000000
00040304
0001FDFD
0007FC0A
00000000
00040204
00050907
0001F903
00000000
000B110C
000A090A
00060409
00000000
00100812
000F2014
00FE010D
00000000
001C211E
0003FD01
000A100B
00F7F7F8
00070E0F
00FCFFF0
00101A0D
00000000
0002F6F7
000101F5
001600FE
00000000
00000AFF
0001F6F0
000A0EF6
00000000
00080C14
00040700
00160305
00000000
00011006
00FDFB02
0010180A
00000000
00FF0303
00FF0705
0007FB02
00000000
00030705
00020103
00FE03FD
00000000
00030403
0001FE00
0003FD00
00000000
00060603
0003FDFF
00060902
00000000
00030304
0005FF00
00070306
00000000
00060203
00040101
0006F801
00000000
0003FF00
0003FF00
000F08FC
00000000
00030303
000202FF
000CF901
00000000
000401FF
0003FC00
00010307
00000000
00000401
00030100
00060409
00000000
00000104
0004FD01
0003F904
00000000
00040402
000200FF
0009FF07
00000000
00020001
00FD0000
000D0302
00000000
00F7FEF6
0012110F
00070E01
00000000
0005120D
00FFFBFD
00110B15
00030501
00F701FE
0005FF00
000F060C
00000000
00010102
0004FF00
00040304
00000000
00020202
0005FF00
0005FA01
00000000
00030205
000301FF
000CF806
00000000
00020000
00030100
00020BFD
00000000
0004FF00
000301FE
000AFFFE
00000000
00000002
0000FDFE
0002F9FE
00000000
00060506
00FC05FF
0000F901
00000000
00000A0C
00F70203
00F8EEFC
00000000
00FB0002
00FDFCFB
00FBFD05
00000000
0028251B
000A090E
00130813
00FF01FF
00171318
0007FBF8
00FAF1F5
00FF00FF
00FE1206
00F4F9F1
000403F6
0000FE00
00FAFAEF
00F606FB
00FAFE04
00000000
00FCFFF6
00FD02F4
000302FC
00000000
00F7F1F1
00100C08
00F70804
00000000
00EAF901
00020608
0007010B
00000000
00040906
00FE0305
0009150D
00000000
00F2FAFC
00F7FBFC
00FC0307
00000000
00FC0404
00000003
00F6FBFE
00000000
00060305
00010101
00FFFDFA
00000000
00080709
00070304
0005F500
00000000
00080606
00050302
00060D05
00000000
00020203
00040000
000AFCFD
00000000
00030105
0003FD01
000C0B0C
00000000
0001FE02
0004FF00
000EFE06
00000000
00030102
000300FF
000B0406
00000000
00050003
0003FF00
000B0405
00000000
0002FF01
00030200
0006FF07
00000000
00030102
00000B07
0006FE01
00000000
00050205
00120E11
000606FE
00000000
000CFB0A
00FFFBFD
00150E07
00030501
00FAF800
0004FF00
0013FE05
00000000
0003FF02
0003FFFF
000A0906
00000000
0001FD03
000400FF
000C02FF
00000000
0001FD02
00030001
0009F807
00000000
00020101
00030000
0002FD05
00000000
0000FE03
00FEFC00
0002FE02
00000000
00FA0601
00F8FAFC
000AFA04
00000000
0002FCFF
00F4FAF5
0004EBF6
00000000
00010A04
00F3F5F1
0004FBF6
00000000
00FF0908
00F2F2FA
00FEF3F0
0000FF00
00121203
00FE0400
00FFE9F0
00FAF9FB
00F8FCF3
00F8F2E6
00FFF605
0000FBFA
00F008FB
00F9FCF3
00011106
00FDF6F7
00FBFDF4
000207F7
00F20BFB
00FFFDFF
00FB00F1
00FDF4FF
00010DFC
00000000
0009F906
000A0809
000E2306
00000000
00EFFBF6
00010607
00100EFD
00000000
00FE0A0A
001A120F
00160F11
00000000
00F9050B
00071009
0016150F
00000000
00F80C04
000C070C
00011000
00000000
00F801FF
00FCF6FB
000B1102
00000000
000F0B0A
0000FDFE
00FEFEF7
00000000
000D0A0C
00050101
0005F4F6
00000000
00080605
0005FF00
0002FF04
00000000
00030002
0004FC00
000DFC05
00000000
00050102
00040100
00070708
00000000
0000FF02
0003FF00
00040505
00000000
00040203
00040100
0006FC01
00000000
0001FD02
000301FE
00080A00
00000000
00020102
00FB0601
0006FD02
00000000
00FE050F
00120E0E
0017080D
00000000
00100C11
00FFFBFD
00110808
00030501
00F8FBF8
00040000
0010FC0B
00000000
00020101
00030201
00070706
00000000
00020004
000400FF
000CFF00
00000000
0004FAFE
00020201
00030506
00000000
00FFF9FF
00FF00FF
000C0103
00000000
00FFF800
00FAF8FB
00050101
00000000
00FB08FD
00EDEFEF
001002FB
00000000
00EDF5F4
0007FF00
0003F5F8
00000000
000A1405
00FBFC02
0002F2F4
00010001
000716FA
00FB0609
0007F300
00F9F6F8
00F8F909
00040805
00F0ECD5
00FCF8F3
00F700FE
00F203FF
00EFECEB
00FBFBF7
00F6F6E5
00FD03F8
00F805FA
00F805FC
000C0B00
00051102
00040C09
00F4FCFC
00FB09EA
00081306
00050CFE
00F7F5FB
00E8F5EC
0005FE00
00131106
00FDFCFD
00EBFBF0
000F0719
00F6010A
00FFFCFD
00F90B01
00FC0706
00081A0A
0002FCF8
00FDF701
00231D1C
0007F8FD
00000501
00EDFC03
0010140D
000A0D07
00000000
0005110D
0010110E
00091002
00000000
0002060A
000C0A08
00140D1B
00000000
00070A0B
00070402
00030203
00000000
00FBFAFE
00060100
00060B0C
00000000
000C0706
0003FF00
0001FC03
00000000
00000201
0002FEFF
00060801
00000000
0000FFFE
0004FF00
00010904
00000000
00030100
00040200
000F0304
00000000
0004FFFF
0003FF01
0006FAFD
00000000
00050102
00FE09FB
0008F7FF
00000000
00FE0FF9
0015130F
000B1014
00000000
00F9130C
00FFFBFD
001B070A
00030501
00FBFCFA
00040001
00090B01
00000000
00020104
000300FF
00080404
00000000
00020101
0002F7FD
000CFD03
00000000
00FDFAFE
0003FCFF
000BFEFF
00000000
00FDF2FD
00FEF2FE
0006FAFD
00000000
00F6E6F4
00F6F4F6
0006F9FF
00000000
00F7F900
00EEE0ED
00FEFEF4
00000000
0005F701
000101F8
00FF0004
00000200
00090701
00FB01FB
00FE02FC
00030604
0005FC06
000B01FB
00FCF7ED
00FCFCF7
000E0EFA
00050CFE
00FCF1F9
00EBE2EA
0005170E
00FDF7FE
00E0E5DC
00FEF0F8
00041714
00EDFFFF
00F9FDEC
0008FDFD
00030708
00071209
00E806FB
00EEF2F7
000BF905
00031A0B
000904FD
00F7FA00
000B0501
00F90AFA
00FC1102
00FD0100
00F7F6EC
00010808
00EF0504
000A0A05
001F1913
00F1FE04
00F010FE
00FE0201
00FF0E17
0003000C
000E12F9
00060C08
00F6120C
00FAEFFE
00FC14FF
00040404
000D1914
00020202
0011120C
00000000
00FF0E0A
00100A0A
0005050E
00000000
00010202
00FBF4FB
0005FA02
00000000
00050607
00070302
00030D07
00000000
000A060B
0000FDFC
00090006
00000000
00FEFCFC
00FDF9FC
00080702
00000000
0006FF06
0003FC00
0007FC09
00000000
00010001
0003FEFF
0007F607
00000000
0002FE02
0003FF01
000B02FB
00000000
00020101
00FF0AFC
000AF7FE
00000000
00FF0D0F
00120F0E
000C0C06
00000000
000F0506
00FFFBFD
00150F14
00030501
00FA01FE
00040000
000BF80D
00000000
00020002
0003FCFF
000C0BFE
00000000
00FFF8FD
0002F9FE
0008050B
00000000
00FCECFA
0002FC00
000AF80A
00000000
00F6E8F9
00FBE7F6
000CF6FA
00000000
00EEE2E8
00F4F3F8
00060303
00000000
00FDF6FD
00E7FCED
00FFFF06
00000000
0001020A
00060C08
00EFECF3
00081208
0000F0F6
00FFFE08
00F1EBEC
0005000A
00100300
00F8FCED
00F1F1E9
000C0407
00F705FE
00E9F5EA
00E9FDE9
000100F9
00E3F7F8
00E5F1DC
00F9EDF5
0002FEF7
00E90EF5
00D3F4E7
0001EFED
00FF0000
0006010A
00D6F9E1
0004F8F1
00030609
00090B08
00EDEAF5
00E800F6
0001EC06
00111812
00EDF3FB
00F000F9
00FBEBFA
000B1910
00F9F2FB
00FCFEFB
000E0302
0007F8F9
00060109
00F8FA00
00110DFF
00E5E8F5
001606F7
00130A0C
000F0B03
00F1F0F8
00040210
00100C0F
00FC0400
00F80404
001013FC
00090B08
00FE00FE
0002090A
00F6FBF1
000E0709
00000000
00040204
000E0706
0004FFFE
00000000
0004110F
00030002
0016FD08
00000000
000B0C0C
00090405
0001FB02
00000000
00060204
0004FFFF
00100A0A
00000000
00060304
0001FFFF
0010FE03
00000000
00080406
00050001
00100204
00000000
00000000
0003FF00
00080805
00000000
00040003
00FF05FB
000BFCFF
00000000
00F90D00
0013100F
00121212
00000000
00070BFA
00FFFBFD
000F0E13
00030501
00FBFDFC
00040000
000F0B0A
00000000
00000102
0002FCFE
00090308
00000000
0002F9FF
0001F9FE
000CFA05
00000000
00FBECFA
00FFF8FE
0008F6FD
00000000
00F3E3F9
00FAEAF9
000DF60C
00000000
00EADFF4
00FDFA00
000E0202
00000200
00F80200
00FA0E02
00070D0C
00050B03
00F6F1F6
00FE09FC
00F5F307
0004F901
00F6F6EC
00F50DF5
000E030E
00EBEFF6
00FDF4F0
00E6F7E3
00FBFE01
00FE07FC
00001F0B
00E3E8E1
00F8FCEF
0006EDFA
00FA060C
00F002EF
00F2F3E7
001BEB00
00EF05FE
0003000C
00F2F0E0
00FBE4F1
00FAFEF2
00FD0E12
00E902ED
0005FAFB
00080805
00E800F4
00F00D01
00FFE8F8
00F70605
00F6F7F1
00FA04F6
000FF703
00020E05
00150C0A
00FCFF0A
000DF3F8
00040C05
00F61A01
00FEFE02
00170408
000B06FE
00F4F3F8
00F1F9F7
000C0406
00E9FF03
00F3F3F0
00181811
00090800
0000F903
000905FA
00092014
0006110B
00F4E5F8
0009F90E
00FB0B0C
00070403
00010306
00F008F3
00F1F7F5
00010000
000B180A
00040500
0018080E
00000000
000A090E
00FEFDFC
00181310
00000000
001A0B17
000D0906
0007070E
00000000
00090008
00080104
0011FC01
00000000
00040301
00040201
0003FEFF
00000000
000201FF
0004FF00
00050804
00000000
0001FF04
000401FB
00060203
00000000
00F8FEF6
0012110E
000D0709
00000000
000912FF
00FFFBFD
001B0E15
00030501
00FE00FD
0002FC00
0013FD00
00000000
0001F8FB
0003F901
0004FF04
00000000
00FDF7FA
0000F8FE
000605FF
00000000
00F5F3F9
0000ECFD
000D0509
00000000
0001F106
00F501FE
0001FBFC
00000000
00F1FDF7
000D1A12
0007FE10
00000805
00090107
00F6FBF9
0008F6FB
0005FFFD
00FF03FD
00F5FEF8
00FFFBFF
00FF0414
00FCF810
00F9F9F4
00FAFC04
00DCF9F7
0006FCF9
00EDE2E9
00080508
00E101EE
00FA08FF
00E4F7F4
00F8F6E4
00FCF7FF
00FE0311
00DF04FF
00E2E1F5
000FFF11
00FA0DFA
00F5FCF7
00DFF1F7
00050313
00100918
00EB08FC
00F9E7EC
00F9F901
0008050D
00E9F8F8
00DBF6F6
00F90001
00FF0104
00FAFDFB
00F6FF01
0006020B
00F3060F
00FF06F2
0004F511
000309FE
000D140A
00091C0C
00F60200
000B0C00
000712FD
001E0D17
00142006
00191018
00FD0704
002E1820
00FD1B16
001A181C
00F3E1F2
0013140B
00030B18
00090E06
0000EAFD
00FB0CF4
00FB1112
000F090D
00010305
000E1F07
00F908F8
000D1006
0009070A
000405ED
00050304
00FFFFFF
000D070F
00FDF0F7
00140201
00000000
00161611
0002FCFE
001B1616
00000000
001F201A
00FEF9FC
000B090C
00000000
00030102
000400FF
00130D0B
00000000
00010002
0001FCFE
00100C0A
00000000
00050405
00FE0101
000CFD02
00000000
00F6FDF7
00130D0F
000D13FE
00000000
00FFFC00
00FFFBFD
0016030E
00030501
00FDFDFC
0002FDFF
000EF9FC
00000000
00FCF7FB
0002FDFE
000BF504
00000000
00FBEEFB
00FFF8FE
000604FF
00000000
00F1ECFA
0001FA02
0003FDF9
00000000
00F4F9FF
00FBFA01
0005FE00
00000000
00EEF9F8
00ECE8F4
0013F9FC
0001F6FE
0001FAF4
00F2ECF7
0006F4FE
00EEF2EF
0008F7F9
00DDE8EF
00F5F8F4
00ECE503
000D0503
00CDE5D1
00E9EAFB
00EDE600
00ED0DF6
00D4F9E6
00EFE8ED
00CBDEE7
00FB07F3
00ECF9F6
00FAF9F9
00F9EF04
00FF0A05
00E1F2F3
00F9F5EF
000F0715
00FF0F07
00F90F11
00FAF2EB
00FA0E0F
00161511
00F70606
00ECF500
00E502FE
00FE130D
00F20205
00F9F2FE
00FC1208
00FDFC0E
000C1107
001200FD
0011F4FA
00040C08
0002F9FC
000CF805
0015EF06
000D1A22
00F70AFA
00041912
00061206
0013190C
00F71200
00140E18
000B140B
00160D12
00251E14
00181702
00151415
00F5DFFC
00241416
0014111A
0007FD0D
00F3F3F4
00F3FBF5
00110905
00F90208
0011FE08
0006140A
00131611
0011FF00
00F902FD
0012170E
00071606
00030502
000F0E0B
001DFD0A
00190E0B
00FBF8FE
000E0408
00130F0A
00080707
00000000
00191514
000000FC
000C0C04
00000000
0013140F
00F8F6F7
001B100E
00000000
00FF01FD
0002FBFE
0005FFFF
00000000
0001FE02
00FF0207
0007FA05
00000000
00F5FBF5
0013110E
00041201
00000000
00FD120E
00FFF9FC
000F1311
00030501
00EFF6F3
0002FEFF
000DF804
00000000
00FDF4FD
0001FBFE
000502FE
00000000
00FEF4FE
000AFC02
0007F807
00000000
0003F2FC
0010000C
000F0706
00000000
00EB06F8
0009FF13
00FEE5FB
00000000
00F002F2
00E4DBED
0001ED00
0000EAF6
00F405FD
00EAEDF8
00EDEEEB
00CFDEF8
000D0708
00DDD7DF
00DDF4F9
00EAF400
00FDFBF5
00F3EDED
00E9EDF3
00E1EBF8
00F512F3
00F7FC01
00E2EAE4
00D5FAF0
00F801FC
00FEEAEE
00EAEADF
00EA0C10
00FDFF00
00011508
00EEDDDF
00FF000D
00F3EEEF
00FF0BFA
00FCFD03
00FEF6F8
00FB0206
0006FF05
0008FFF6
000C140D
0006050B
0017FF14
0004F905
000CFB0B
000C0B13
001F0416
000DFF08
00270110
00FC0C17
00080902
00FFF500
0015EF07
00FF17FE
00FB0B10
00081814
0011FA0B
00152112
00070FFD
00142609
00FE11FF
00F90A0A
00200305
00052910
000D0910
00EEEDF0
00120803
000A030B
00030A0E
000A0B0A
001D1310
00030C0C
00FA0A0F
000B0907
00F90AFE
00131E14
000A0802
0003F7FB
00FB04F8
0008080E
000E0104
00F8EAF7
00291E1F
0013110E
00000000
00FFFB00
00100F0E
0016050D
00000000
00130F16
000A0807
0014080F
00000000
00130F0F
00FCFCF9
0003F300
00000000
00FCFBFC
0003FF00
000F03FE
00000000
00020501
00040301
0004F802
00000000
00FBF4F7
00120C0E
000E0A0E
00000000
0005040C
00FDF7FC
00130416
00030501
00F7EAF2
0001FDFF
001205FD
00000000
00FEE7FB
00060506
00FE02F9
00000000
0004050A
0014F907
00090605
00000000
0012F311
00F40908
00F5F7FE
0000FF00
00E0F3F4
00FAFFFF
00F7F2FC
0000FCFC
00E4ECF3
00E7EDF3
00DAEFEC
00EBEFF8
00EB08F1
00ECE2E3
00D2E5EE
00CDDCEA
0013FE05
00F5F701
00E0EFE4
00DAEAF4
00140F14
00FA03F1
00EEF7E5
00F4FA07
00EFE4FE
0004FC02
00EAF2F2
00E80A03
000808FF
00F6F3E0
00E8E6ED
00061514
0012F700
00F209FE
00DAF1E5
0017141E
00EFEBE0
00FEF4F9
00101308
00F8F903
0000F7EF
000C090E
00060908
00090C0A
002A0E1E
00151521
0003050B
00030608
0020F913
00151D18
00060104
001F020E
00F307FE
000C0B01
00001704
001BE004
00191A0E
000109FF
000905FF
0013F6FB
000E1712
001E1E16
001A131E
0006F807
0016180D
000F1115
001F200D
00FCFB05
00F1FBF1
000B120E
000C131F
00F7090B
00EE06FC
00141517
00212314
00FF0904
00050CF2
001D1E14
0020101A
00050A10
00F1E9EB
001E1D12
0013150D
001A0A0A
00FA00FB
000D0A07
00130919
000001FF
00F4FEFF
0008EEFA
0026000D
00000000
00160D10
00030100
000CFF00
00000000
001B150D
000C0B09
00260F16
00000000
00FE03FE
000B0605
00000200
00000000
00FBF9FC
00000705
00120809
00000000
00FCFB0D
00120E0E
00020F0B
00000000
00FE0007
00F8F1F8
00100505
00030501
00E4F6F9
0000FD01
00FFF9FD
00000000
0000EEFE
000A0C0D
00FDFDFD
00000000
000D010D
000A0508
00FEF0F4
00000000
00F904FB
00FE0A06
00F5F1F5
00030302
00EDE9E8
00E0EAF3
00FCF7F5
00F3E8F0
00E2E5EB
00EAF1EC
00E7F0E8
00E5F8F2
00F404F2
00ECF4DE
00DFEDEA
00DCDDF2
00E804FA
000108E8
00E7E7F8
00FCF3FA
00261519
00FA05F3
00F6F5E7
00F701FC
00E9F8F8
00020B05
00E7FAE7
00E00C06
00F800F3
00EBDCE0
00ECE4EE
00FE0AFA
00F8FFFD
00F9F6F7
0007F402
000D1C07
00E9EAF4
00100207
00FD08FE
0000FEFC
00F1E8E9
00FDF0FF
00F505F5
0010160B
00071010
00012319
00000506
001A0F04
00081415
00092207
00130409
00120B09
0010030B
00182412
001A00FC
0002E2F6
00071317
00192C28
0008FB0A
000E0406
001C262E
00091B08
0026210F
00050DF8
00FAF401
0012171E
000C120E
00F305F6
00F5F4EF
00051B1B
000D1813
00061209
0017FE18
00111913
00120F1C
00F60208
000003F1
00222F2A
00251416
00FE1114
00060000
001C0E14
002D1E0F
001A0B0F
00090007
0002F1FB
002E1B0D
000E150A
00F9FD05
0010030E
000C0D07
0000FF00
001C1617
0000F7FD
000CF000
00000000
00161112
000401FF
001A0F15
00000000
0005FA00
0001FEFF
0007FF00
00000000
00FCFEFD
0001FDFA
00150B08
00000000
000CFBFE
000E090A
001300FE
00000000
00FD000C
00F0E3F3
001C0809
00030501
00E0E4E4
00F0F1F9
0004E9F3
00000000
00F0EEF6
000B070E
00FAF5FF
00000000
000F0D13
0009FF01
0000EFFF
00010201
00F603FF
00FAFCF6
00FEE5F8
00110B0C
00EBF6F6
00DBF0D5
00F2F5F9
0000F4F6
00F0F0EE
00F005F2
00DBE8F4
00E6E2E5
00E608F2
0001F7FE
00EBE0EA
00F2F4F7
00F600FC
000606EE
00DDE7E9
0016FE01
0007FF02
000B0E02
00EE0304
00F10E00
00F3F4ED
00E8F7FC
00F5EFF0
00D9F6EF
0004EEF1
00F1D7EF
00E7F4EE
00F4FA02
0000EF08
000C060E
00F8F3F8
000F1812
00F6EFED
0003F5F6
00FF0610
000B110E
000000F6
00EEEBEB
0019130F
0007EF03
00F3F8F9
0003FB03
00121609
0008F300
00E9FFF8
00FEFCF6
0006170A
0007EAFD
000108FC
0006FC0E
00000D0B
0033FE13
000C0514
001C111F
0004EF06
0007F3F3
00101816
00112013
000C12FA
00F0FCE2
00FE04F9
00151414
00F6FDF9
000C11F2
001C0C11
000D110F
000E1719
00EAF8F1
00FEF50B
00110B13
00050506
00060811
0002F902
00231D17
001D2412
00051310
00FCFD03
001BE401
0017211F
000D0301
00F8F4FD
00EDEDF8
0015190E
00040504
00F5FAF9
000D080B
000D090A
00FF00FF
00221212
00090301
0020060F
00000000
00110104
00100D0A
000C0301
00000000
00FF03F7
00090404
001F140E
00000000
00F1F3F3
00FF0900
001A0D10
00000000
0008F6F7
0013100E
0004FC0A
00000000
0006000C
00ECE1F2
000EFD0E
00030601
00D5DAF2
00EAEAF6
0001F800
00000000
00F40505
0002100F
00FBF2ED
00000000
00090604
0007120C
00F2EFFD
000003FF
00EFF5F5
000005FD
00F9F3FC
0008FAFF
00E2E9E2
0001F909
00F0F5F4
0003F4F2
00F404F0
000207F0
00E9E1EF
00EFFFEF
00FE02FE
00150001
00DFDEDB
00F90FF6
00FB0000
00F8FAF4
00DAEDE1
00181607
000A0004
000AEEF0
00F80700
00D3160B
00FBF4F5
00FCF1F3
00DDF0EA
00D1FCFC
00EEEDEF
00FEDDE4
00EEEFF5
00EE05FC
001E010B
0017FC12
000801FB
00FF0A0A
00F8FEF1
00FAE6E9
00050B14
00100F08
00F9F3F6
000A06FB
00FF171A
00030CFC
0015F111
00F60E08
00FA020D
00EAF0ED
00F2F1EE
00F2F6F9
00210D1D
00F7E6EF
00FEFB08
00100C1D
0009FE03
00170500
00142321
00241D2A
000C05F5
00EEF4F7
001D1520
00171622
00F3F806
00F3EDE8
001B1A15
00EBF20A
0000FDF0
00E900DB
00181412
0027242A
00090705
00F707F7
00281822
0023111C
00081808
00050D07
0012FB09
0018150F
00260E1B
001D2514
0013040A
0011ED0C
00190810
00FD00FC
00DAE2F2
00EDECFE
00211D20
0002F303
0004FAF8
00ECE4F2
00120302
00080607
00250D1A
0002F7FD
00261713
00000000
00181613
00070303
00373320
00000000
00100E0F
00090505
0023211C
00000000
00F7FBF8
000409FD
001A120D
00000000
000DF4F6
00121010
0006030D
00000000
000C0C08
00E9DDEF
00220D11
00030602
00DAE3EE
00F0F1F8
000E0208
00020202
00F0FE07
00020E0A
00FAFF00
00050704
0004FCFD
00150101
00070C0C
00090A05
000DF105
00F4F7F1
00F70909
00110505
0000F9F9
00F600F1
00ECF0ED
0004E8F3
00F9F8F9
00F8F1FC
00F1E8E4
00080F05
00F50DFA
0007FE02
00E4F6E6
000E1905
00EBFDFE
00F2F708
0005FC04
00F5EFF3
00FFFEFC
00FEFE06
0000FC05
00EB01F9
00FDD5F9
0000F6F3
00EE0705
00FC0BF5
002A0012
0008F7F8
00F40B09
00EE04FD
001D0410
0017F40F
00060809
00F90903
00FAFCF4
00FBDFF4
00050303
001EF6FF
00F90D0C
00020B06
000F0D06
00F6E3F4
00F3EAED
00081005
000AF605
00EED9EE
00F60902
001E131A
00FF0F06
0013FD09
00F1F8F0
00F80D01
00222125
0000FD02
00FC1208
000D1920
00F5FE08
00DBFDF8
00FDFDFD
00FD1010
00F10C03
00D4F9E6
0018080D
0013F80F
00F8F6EF
00CCFAE1
00351926
001A1A0E
00EDF5E9
00E8FFF9
00200E1B
00221313
00191919
00FD110A
00110B00
00100F0E
00141819
000F0B0F
0017F8FF
0010FE05
000B0621
00FE0C04
00D1FEF6
00F7F9FC
001D0B20
0004040A
00050005
00FE0302
00FE0503
00090608
00060404
00FEFBF7
000E0310
00000000
002C261E
00F8F7F6
00271B19
00000000
000F0B14
000B0304
00230F1C
00000000
0005090B
00FD02FE
0016110A
00000000
00F202FD
000C0809
000E0311
00000000
00FBFCF8
00EDE6F2
00210716
00050504
00EE07FE
00F1F1F8
0011FAFF
00060706
00EE1208
00FCF1FE
00060900
0005FE01
00050206
00FB09F6
0004070B
00090101
000401FD
00F5F3FC
00F5DC00
000BFAFE
0010F8F9
00DAE2F0
00F9FFFD
0010F20A
0005FF08
00F4F5FF
00F7F7FA
0006FC03
000408FA
00EFE4F8
000207FD
00F6FAF8
00FD01EF
00F8F3F8
001B0114
00EE04FC
00FCF9FA
000AF40B
00F2F406
00F701EB
0005E9F3
00FEE2F4
00F81B03
00F718FE
0006EDF3
000AE0ED
00F11206
00FC04FF
0008050D
0006FF01
000204FC
00F9F4EE
00010803
00F800FF
0001F8F1
00F4F0F3
00F707F3
00FAFBF4
00F4040A
00F1E6FA
000504FF
0010040C
00F5FCFD
00030909
000AFA02
00FD01FE
0010100F
0008FC03
00DEFF07
00F806F2
0008FA1C
000FED10
00D6F4E0
000A1B0D
00120507
00E0DDED
00E4EAEB
00F1FAFB
00E906F9
00D505F1
000D0004
00130112
00EFF3F7
00C2FDEE
002B0724
00151016
00E607F9
00E305F2
00100D10
00201429
000B0E19
00E1ECEB
00060719
0027F913
0014190C
000A0802
0004060A
000B1002
0002121D
00F4E700
00FCFE09
00F20AFA
00080D0E
00050109
00F2F0F4
00EDE0F1
00321B15
00090C08
00F3E9F0
0006FFFD
001C1019
00000000
002A1220
000F0E08
00211719
00040702
002B2421
00050202
0038282A
00000000
00030A07
000601FD
0019120D
00000000
0006FDFC
0011100C
0010060D
00000000
000A1001
00F6F5F9
00210D15
00FFFFFF
00061312
00F4F9F6
00070403
000000FF
00FE0C0D
00FE01FF
000F01FE
0003FAFD
00000011
000008FE
000502FD
00020300
00040704
00070005
00F6F600
0002F6FC
000DFBF6
00E9EFF7
00EAF4F6
0005F9FE
00060314
00E8EF05
000803F4
00F8EBF2
00020604
00DEF3F3
00090801
00F4EDFD
00E609F1
00E70A0A
00080518
00FF06F8
0001F906
0006FEF6
00FA0509
00F705E7
00FA000F
00FDE8F5
00011500
000304F5
0007EAF0
0011F206
00EB09F6
00F30AF2
0006F0FD
00FCF000
00F400FB
00040BEB
00ECFAF1
0002EDFF
00F2F203
0011120C
00F40501
00E202ED
00FFF1F3
000EF0FD
00F101F3
001CFB07
00F4FB02
00190709
001F0C13
00F90713
0001FE01
000F0103
0018161B
00FF1608
001AFB14
00ECFA02
00C4E0E2
002D1E29
00050000
00C2F6E0
00C4D3CF
00FEFBFD
000102F7
00D9F3F4
0007E9EE
00170A03
00EAFBFB
00CBF6F5
00231817
001A0E07
00F102F1
00F72502
00130D07
001DFE15
000806FF
000A04F8
00F30D05
0022140A
00FD0E06
001500FD
00FBFD08
0005FD02
00151213
0002EEFE
00FAF200
00090604
00F9FA03
00FFFE03
00E0F3F2
00EFEDF4
0007F911
000A1209
00F7FBF9
00FEF7FC
000AF201
00000000
004C2C35
00FEFEF9
0007FC01
000A0D07
00382A2C
00FF00FD
000C0A04
00000000
00F9FD01
00F70803
00100206
00000000
0006FF09
00110E0E
000F1209
00000000
00FD160F
00F8F7F9
001B0F0D
00020301
000E1F09
000501FE
001C0701
00FDF9FB
0002130A
00EFF0F8
001A0C0D
00090804
00F90E04
0000EF03
0007F9FF
0006110B
0008F309
0006000C
000E0C0A
000004FF
00FBEF00
00F8FCF5
000D0402
00060C07
00FCF202
00F208FA
0012EE09
0009F4FD
00E0F6F1
00F7F7F8
000BE5F9
0005FB02
00F40BDD
00F60BFF
000401FD
000CF1ED
00F8FFF8
00E5E1F6
00F7FC04
00FA05F5
00FFFBF6
00EDE2F3
00EC09F9
0004FEFC
000ADBF5
00F3E1DF
000300EB
00F0FDF0
000FFB10
00D8CEE3
00ED04F5
00EFF800
00EBFDF1
0004FC00
00EE05E8
0001F1F0
00020C01
000D120D
00F5F3E8
0010080E
000401F7
00090512
00F5020E
0009FAFF
00070709
001B281A
00FB0103
001F1417
0020221C
0010191B
0001020B
00F109FE
000207FE
00231411
000F1016
00DDFBFA
00F9EBF0
00181617
00040602
00D2EEE9
00260E0D
0014020B
00F2FDF7
00E1ED07
001D1220
002E141F
00E9EEEC
00030707
00070104
00281A2D
00E801F7
001E00FE
00FE0513
00FAF1FF
000B0202
0001EBEF
00D6ECFF
001A0807
00020B06
00F4FBFF
00F4FB01
0018F5FF
0002F2F2
00F2F5FB
00EB02FD
00F4DCF2
00F9F90E
000C1209
00F90A04
00FEF101
00010107
00000300
00040502
000B0503
0005EC04
00050803
001D0F13
0003F901
0009F603
00000000
00080D0B
00FC00FF
000F0707
00000000
0003FE0D
00100F0D
0002FF0A
00000000
00FAFF0A
00FCFDFE
001C1607
00040604
00000B01
000100FD
001803FF
000502FF
000AFAFA
00E8FEF6
000DFEF8
00FE0300
00F20611
00F5F5F9
0001F8EE
00FE100A
000C00FF
00050310
00F808F8
00000908
0004E9F2
00F7FD04
0006F8FF
00F0FAFC
00F0E303
00EFF0FD
0015090E
00FFF6F9
00F2F2F3
00FCF604
001CFD0D
00F5FEF3
000210F5
0000100B
0014FD0E
000D0BF3
000808FC
00F404FC
00F7F2FA
00050AF2
00F0FBF9
00E9D6F2
00090607
0005F4EF
0000E2F7
00E5CADB
00EFFBFA
00E306F5
0008E801
00E7CFE3
00F8FD05
00EE0105
00291B15
00040C09
00F4F307
00F1ECF1
00160914
00041B06
00FAF6F8
00FFF2F0
00181417
000F111E
000D09FB
00F806F5
000CFD07
00071217
0003160C
00F2EDF5
0012070F
000F1E17
000CFD03
00FDEEED
00F4FBF9
00150812
00FC11FE
00E4EBEB
00100B09
000A09F4
00F6FD05
00E1F0ED
0022251B
0008020A
00FC0606
00D3F6F6
0014F609
001100F8
00F8FCFD
00030100
0009170A
00070412
00EBF1FD
000B0AF8
00020C06
00F2F8F5
00080808
000900F9
00D4FEFA
000F0803
00F0F3F7
0006F9F5
00DCDDF5
00040306
00FFF602
00FF08FE
00ECF8F9
00F8EAF5
00E7F6F5
00000200
00ED04FC
00FEFAFD
00F3F9FE
00000000
00F5FBF9
0001F402
00FDEBFF
00000100
0002FA00
0001F2FD
00FBEDF7
0000FE00
0002FC02
000302EF
0007F602
00000000
0003FE0C
0010080B
000D00FB
00000000
000DFDFB
00F8F0F2
001D0C18
00060102
00FB0204
00FF09FA
001208FF
00090902
0007FAED
000003FD
00110705
00F70602
00EE0606
00150410
000902FB
00FD0906
00090210
00F90404
00FC0306
0004120A
00FCEE05
000608FF
000EF107
00F90602
00F5F2F8
00F3F5FE
00120810
00F200FC
0006FF00
00EB0400
0006060F
000A03ED
000612EA
00FF0009
0017F5FD
00F104FB
00EDF6F4
00E501E6
00041103
00E9F4F6
0007FAF5
00FCF6F8
0000FA0B
00FD0D00
00FDD6E9
00211311
00FD17FF
00EEF400
001AE203
00291813
000102F9
00DEF8FE
00161412
0023131A
0006FC08
00E5F7EB
001A2216
00232C23
00F403FF
00E7E3F9
0016060A
00201D1C
00050A03
00E9ECF7
00241616
0020191A
000C0DF3
00E0DFE6
00252820
00021108
00F609F5
00FBFBF5
000EFD10
00180B13
00FB00FC
00F3010A
00111614
00352B24
000A1308
00D2D5E7
00191307
0027220D
00FB060A
00F10309
00140CFF
000E0E01
00030502
00000AF3
00FB080D
000007FE
00FEF70A
002AFA0A
00EEF1EE
00090CFF
00F2F7E7
001300F6
00E5F2FB
00ECFAF7
0007FBF4
000FFC00
00E50800
00EBE7F8
00F905F4
000308FB
00ECE2F5
00F6EFF2
00E905F7
000001FE
00FAFCFB
00FDEDFA
0002EFF8
0000FE00
00F4F4FE
0001E7FA
00FCFDFF
0000FC00
00FDF2FC
0002F200
0000F4F8
000000FF
00FF0300
00F8F205
0008F404
00000000
00F70FFF
0012130D
00010605
00000000
000E1205
00FDF6FC
00100C15
0003FE01
00FE07FC
00F806FE
00060205
00000A04
000400F1
00F400F7
000C07FE
00F70E0A
000307FF
000D0606
00FA0200
00F600FD
00020703
00FDEAF9
00F8F2F6
00F90400
000D0F13
000E0405
001B0318
00EEEDF5
00F00A09
000AF4F9
00000305
00E8EDF1
000A0506
00000805
00F5F304
0002F4F8
000AFD03
00F2FCF3
00FBEDF8
00000702
0003FF05
00D6F3EC
00FD0707
00F80A0E
00F7E9F3
000F090F
00F009F9
00F3FE13
00F2ECF3
001A170E
00F20DF3
00FE0814
000CF0FD
00091A07
00FA00FC
00FC000C
0007E8F9
00140503
00ECF5EE
00DBF4F5
00F1EBE7
00211515
0005F3F3
00E8FAFE
0024221C
001F311D
00000201
00F1FAEE
00181314
000F060E
00F7070C
00F6F7FA
00EBE9F2
0020060C
00FBFD01
00051711
0020FF11
001F141F
000B150D
00FA16F8
00192420
002A1E1F
00FF0B00
00FAFC08
001A1825
00091112
00F4FFF4
00100B1A
00100D08
00EDDDE8
00FB000C
000E0A12
00130F0E
00E8E0ED
0005FCF5
00FC00F7
00EAF5FB
00F9F9F9
00FFEEF2
00290011
00DEEEF4
00F609FB
00F2FEFB
000D1005
00E7F3F3
00FB1404
00EBF5F3
00FB02F5
00FE05F7
00FFF8F9
00EFEDEE
00FFFDFC
00F8E6EB
00FBFFFA
0001F9FD
0000F8FE
0000F303
0003EEF9
000700FE
00000400
00FEF9FC
00020CFE
0006F604
00000400
0002F5FA
00F3FBFB
0007F5FC
00000400
0009010E
000D070B
000E0900
00000000
00030605
00080505
000A0A0D
00F0F0F6
00FA05F9
00FAFBFE
00061412
00F90503
0009050F
00ECEE00
00FF1714
00ED00FF
0003020A
00100215
00F100FC
00EDF5F6
00FF000C
00FBEEF8
00EFF2F7
00DFE8EE
0001EA03
00FA0803
00F7ECFE
00E8EEF4
00FCF9F6
00110109
00F802F6
00FCFFFC
00F7FEEE
00F6F8FD
000705FD
00FDFDFD
00F300FC
00EFFFF6
00F90702
00010903
00E6FAF9
00051C17
00ECF1F9
00010105
00FDEADF
00F013F4
00EDF6FB
000C0E16
00DAF0D4
00FD09F4
00F4FCFE
0002FF21
00D7CBD2
00050FFA
00F41209
00F40A23
00DCC6DF
001A1407
00FFF303
00EF0103
00E2F1EA
00151C17
00EB01F5
00FBF702
000A1502
00273316
00F10FFD
000804FD
00300F1B
0011270E
00F306F8
0002FFEE
0008EA02
00081A1B
000C05F3
00202114
000BFF09
0028181A
0003FAFA
00121101
001C0C1F
00030E11
00F9F900
0005FA08
00231522
00130305
0004FF06
00150911
00111014
0000EAFD
00130303
00F7ECF4
00FCF6FA
00FFF3FA
00020100
000F00FF
0002FB04
00FBFA01
00F6F6E1
000900FD
00D1EFED
00FE0406
00FAF9F2
00F2F5EE
00F903F8
00FA0B03
000807FB
00F700F1
00FC0AF6
00FAFEFA
00020104
00FD03F7
00F0F0F4
00FDF2F3
000501FC
00FE00FC
00FAFCF9
00FFE9F2
0006FCF5
0000FD00
00FCF8F9
00FEF5F6
0003F700
00000700
00030101
00F60003
0003EDF6
00000700
000E0311
00090E06
000BFC00
00000000
00070100
00000706
00100B15
00E0E9F3
00EEF8F9
00F6F901
00EEFC00
00F20303
000D05F9
00030804
00F40908
00F60402
00031104
0006020B
00FEFEF3
00F00000
00FAFFF9
0005FB00
00F4F6F3
00F3F3F7
000AFEFF
0014090E
00F8E4F8
00FE0204
000B0600
0013090E
00F800FC
00FCFEFC
00EAECFD
00F30904
00130F01
00070506
00FEFE07
00F504FF
000006F5
0005000D
00F50106
00E3FDE7
00FAF9FA
00F71A11
0006F8F3
00F101F8
00FC0E15
00EF010E
00D8EBD8
001802EE
00061004
00DB0006
00E9E1DA
000004E6
00FB1B04
0002161E
00BDC6BF
0016180B
00040A17
00F1100F
00D7F2E0
000124FF
00FE1101
0001FAEE
00EDFFDC
000A1102
00F90009
000B09FB
000AFFFA
000FF9F9
00020C05
000809F5
0010DBF8
0000FC06
00FAF7E9
000EFFF9
0027081E
00F0E9EF
000B0F0E
0009FFFC
00140319
000E0108
00FBFFFF
001C0A15
000B0F0D
00120708
00091A01
00F8F4FF
00170108
00FDF8F7
00F6080D
00EDE1ED
0008070D
00D5E1EA
00FAFB08
00F0F3EF
00040F01
00E3EFF3
00EFF501
00E6E3E4
00F4000B
00EBF5F7
0002F2F1
00F1F7EC
00F0EEF2
00FE08FF
00021002
00F2F8EF
00E3EAE7
00FCF4F6
00F8FCF8
00F6FBF1
00FF05FA
0001FCF5
00FFFAF9
00FDFCF8
00FCFD04
00FEF3EE
0001F9ED
00FE0CFE
00FA0501
0002FEF4
00FDF5F0
0000FA00
0000FFFF
00F9ECF6
0001F4F9
00000A00
00100104
00120501
00FD140E
00000000
00FB0510
00EFF3FB
000BFF0B
00E500F5
0001070C
0002FDFD
00F9FEFC
00F60F0C
000304F9
00031103
00F806F8
00F90B04
00F31107
0012FB06
00FCFAF8
00FF0B05
000F0207
000E0209
000600F7
00040A08
00FEE7FE
0007F9F8
00F404F7
00090E11
00FAEEF7
0012FB04
0004EF02
0004FB06
00FD0605
00060907
0011FA08
00090306
00020DFB
00F50E03
000B1807
00F7F5FB
00EE12F6
00071709
00060D02
00FC0C09
000EF1F4
00FB13ED
00FC11FA
00F60D0F
00E5DAD1
001010F5
00110D21
00EF0D12
00E5EAD5
00182A01
0015031B
00F71915
00D4DED2
0017220D
000E0F23
001B2014
00D1DAC8
00142517
00150015
001002F1
00DFE9C9
00FC07F9
00FC0BFD
000600F6
00DCE0DD
0009F702
000C15FD
0003F6EE
001DDD05
00F7F504
00F90BF7
00F3EDE9
000DF60F
0006F2FB
00F61002
00F4F2FB
00F90106
000DF604
00F7FCFC
00E2E9F9
0017F909
00FCF6FB
000900FA
00F3F501
00140210
0001F3FE
00FEF301
0006FF09
000C0B0D
00E4F5FD
00F5EAF8
00D8C2DB
0003120D
00EBFC02
00E6EAE8
00E6EAE4
00F2F6FF
00F4F401
00F502F7
00F0FEEF
00FCF7F9
00F6F8F7
00F7020A
00F0EEF0
00EFFBF1
00F6F2F6
00FDF3FA
00F4F4F1
00F10DEF
00FD03F5
00F9F4FD
00FAE7F4
00FEF3F5
0002F9F4
00F9F5EE
00FDFBF9
0002FDFC
000003FB
0005EFF4
000000FF
00FF00FA
00FFF603
0003FFFB
00000200
000C07FA
000D1014
0006120B
00000200
00110C11
00ED00F5
00121818
00DFF8F6
000206F9
0000F90C
00020602
00F50C05
00020702
00FD0001
00F8FC03
00FA0907
00F5FFFD
0005FF05
00FCFA09
00010A0B
00F9FD06
00FFF9F8
00FDF7FF
000B0F0D
00FEF2F4
00080607
00F50107
00020001
00F701F5
00FDF0F0
00FBF5FA
00040A0C
000B0013
000DFBF9
00FD0813
00FAFEFF
00F90A02
00090508
00050C0F
00F2F9F8
00FF07FB
00191709
00F70707
00050C01
00061504
00F7FBF7
00FF1518
00F80502
00E1E3CC
00EDF5E6
00F91110
00070F0B
00ECD9E1
00010803
0009111A
00161717
00EDF3E1
000119FF
00101D11
001F1D13
00DBDDDB
00031006
00052215
00181106
00E0E1E6
00DFFDF3
00141207
00180C03
00E2DADD
00F2E5EB
0006FCFD
00FC04EF
000BEC11
00D9D4E5
00FA0C02
00EA03EA
00340024
00D5CCDB
00F8F1EA
00F3FBFE
001A071B
00F5E3F3
00F701F1
00E2E5EF
001D0B19
00FC0B07
00F7E6F4
00E4E4F0
00FC0702
00F7F9FC
000F03FD
00DFB9DF
00FBF006
00F51E0F
00FFEB01
00DBC8E0
00F8FE0C
0006F710
00FCECF6
00DBE6E5
00E9F1F5
00FEF7FF
00F501F0
00EFEFF4
00ECF3F7
00F5FBF6
00EB01F6
00F0EFF4
00E5E9E0
00F2E7EE
00FAEDF4
00F3FEF3
00F202F5
00F7F8F1
00EFF7F6
00F8EDF0
000400F9
0000F501
00F403FE
00FCEAF4
00FBF6FE
0005FCFE
00F9EDFA
0000FDFD
0000F5FB
00F5F4F1
00FCFAF4
00000300
000B1001
000A040E
00F9FF08
00000200
000B0118
00F7FCFD
00F8130E
00E600FD
00F80506
00FE0A0A
00F900FF
00F90C0E
00170D12
00F8F3F0
00FA02F6
00050D0F
00130A0E
0005F6FE
00F7F8F9
0009050E
0018090A
00FB02FB
00FD0113
0006070D
000B0109
00F6FFF7
00FBFAF6
0007F502
0004E8F1
00FAFDFB
00EFFEFA
00F9FB02
0013140F
000C0B0C
0001F005
00F303F6
001D191D
0010130C
00060002
00040905
00F9FA08
00020907
00090C0E
000C0E07
0001F1F2
000EF0FB
00F31005
001B1F13
000E160D
00E6E8E9
00F60213
00110807
000406F5
00F9F9EF
001C0F15
00020301
00FE01F8
0000FCFB
001B1F24
000D0506
00D9D1CD
001C141B
0011191A
000C0403
00DADBDF
00080504
00F80D05
00FBEFF8
00F9F2FA
00080706
00E7EAF9
00E2E9EB
00F3DBF7
00F8FBF6
00EFEEFE
00E7F7F5
0005E602
00E5D6E8
00FAF6EE
00EFE6F3
00100F14
00F8EBFA
0003FBFB
00E5D5E9
000A0003
00FA0D06
000A0004
00E2CBE6
0002130D
00F5FE04
00F2EDEC
00DDBEE2
00FA050C
00090C11
00F0F5F7
00DAD1E7
00F7FDFD
000C0302
00F0FF03
00DAE1EB
00F20003
00F7EEF9
00E4FCF5
00E6E9F6
00E7EBF3
00F40CEA
00E9FAFA
00EFEEF6
00EBECF2
00F4FEFC
00E8EFF4
00F1F5EE
00F10BF7
00F5F1FA
00F0FDFA
00F6F5F0
00FDFEFE
00FD0C05
00F601EF
00FBEFF0
00FC0209
00FE0E0B
00F10FF6
00FFFAFA
0000F0FE
00F5F206
00FDFDF0
00000000
000205FF
00160119
000CF9F6
0000FF00
000212FF
00F8FD06
000D1709
00E4FAF9
000004FD
00E7FC08
00FA0D0B
00FC130B
00170715
00FAF2FF
00FC0908
00000101
0004FC0E
0005FB03
00F60A04
00FD0104
00080B0B
00070009
00020606
00F4FF00
000800F5
00FF0AFB
000201F6
00F101FE
0009F607
00FE0903
00EEFAEF
00F7FF02
0008FA02
001F2213
00EDF0FC
000A1A09
00120815
0006FF04
0006F9FF
0011180C
000D0D0F
000A0E0F
00EDFAEF
00151911
0008F5FA
00FD05FF
000D1207
00131108
00F71006
00FAEBF2
001D1127
000104FF
0004FF02
00F80CF7
001C181C
00EAEEED
0005F6F4
00FEEBF9
00090718
00F2ECF4
00FAFFFE
0003F9FD
0001180E
00FDF1FA
00FAEBF3
0000F801
00FE0B01
00F6EBF6
000C0109
000E0207
00F4F2F6
00F1EFF4
0015060F
000BF9F9
00E2EEE1
00F1F2F5
0006F407
00F6F7FF
00E9EFF3
00F8F4FD
0009FBFD
00FB0506
00EDE8E2
00ECE0F2
00FDFF06
000A2810
00EAE3F2
00F1E4F1
00FF1201
0005FE0D
00FEFF03
00F1EBF3
00F8050F
00F7F7F5
00EDF4F6
00E4DCEB
00F6010A
00F60BFC
00ED06F9
00D9E2E8
00FB00EC
00F803F7
00F906FB
00D4D7EC
00E9F6F4
00F1FAEA
00F0FEF7
00EDE9F2
00E2F4F5
00F2F9EE
00EEF3EE
00EFF3F3
00ED08EA
00040F08
00F302FD
00F3EDF2
00F003FC
00061406
00E80CE8
00F9E5F2
00FCF903
00020D04
00F5FDF3
00FDEDF9
00FFEF07
00F7FD05
00F4FDE8
0001FF04
00F9F70B
0013FF0C
000DFB05
0000FD00
0010020A
0000F7F8
0007070C
00EA0007
00F30B02
00FE02FF
00F40000
00FA0408
000AFD07
00FD03FC
00090A0D
00F80105
00FF120C
0011F5FB
00FB0413
00010709
00190705
0003FCFE
00F8F7FA
00EB02F8
000D0302
0006FFF9
00FB0705
00E90701
0013F607
00FBE7F6
00FB0B03
00F70607
000003F4
00F6F5F8
0003FA06
00040A00
00FD0306
0002FD07
0001F8FB
000A0A06
000D04FF
00021409
00040AFB
000B0B06
0008090F
00F9FBF7
00FE0608
00061004
00FCE900
0006FAF2
0002F8FD
00EFF3F3
00050BFD
000F0006
0000F912
00FBFBFB
00F6F100
0002F704
00090509
0012050A
00E1E3F0
0000F3F1
000A160D
0016100D
00E7F2E5
000B1302
0009F709
0015100A
0000E5F4
00FE0BFC
00EFF5EF
00070602
00141016
00F6F4EF
00F6E9E3
00041208
0018FF07
000904FF
00ECE4EE
00060C08
00F8F2FB
00FD07F5
00EBFEF0
00090005
00060E0D
00F810FC
00F4F8F9
00FE00FD
00FC0203
000DFF03
00FC02FD
00EDF2F3
00F40FFF
000C0409
00F7F701
00E3E4EC
00EF0100
00FC00FA
00F7FA0A
00DFEAE6
00E8EEF6
0001F5FB
00F90709
00DEEEF5
00E609F2
00F403FE
00F1F4FA
00EF0100
00E600ED
00EB01ED
00DE04F1
00F6FDF9
00E706DE
00F91601
00FA13FA
00F0ECF2
00F10BF6
00001D0C
00FF04FB
00F5F3F5
00FD0D0C
00041809
00F8170B
00FCECF8
00FAF504
0002060B
00FC0502
00FC0101
000E0CFC
00100F0E
000A00FC
0000FF00
000710FA
0002FD00
000A1511
00EA0306
000DFDFC
00FAF608
000B060F
0001090B
00F50200
00030702
00090D07
00FF0F09
00FC0902
000FF5F8
00001815
00FE0C02
00150C04
00FBFCF3
00FDFE0E
00051009
00291218
000D110F
000702FF
00051604
0019FB01
0010080B
00040907
00081A0C
0011FBFC
001D1517
000C050E
00030502
00020505
00160D0C
0018FE05
00070906
00F5ECF6
0002F107
00100703
00FF0401
00FAEFF7
00130B0E
000D0705
00F3FFF8
00FEF5EA
001C0110
0012FE11
00F907FE
00F6FF02
0013FF04
0004FEF6
00FEFAFF
00FAF403
00160F05
00F4F8F7
00100D0A
0001F2FE
0007FF01
0015FC0B
000E0307
00F60B05
0013090D
0009110D
0002F9FD
000F1712
0012020A
000504FD
00040804
0017F70E
000A1208
00030209
00FE0D00
0019FF0D
00170E14
00FF0901
00010E01
00F600FC
00211312
00F707FA
00050602
0007FC06
001F1407
0007F4FA
00080C07
00E8EEF7
0001FE0A
00FEF8FA
00050C04
00F001FE
00220B0D
00080808
00FB03FE
00DEF0ED
0017050E
00FEFD00
00030306
00EC00FB
00FD04FF
00F209F6
00F3E5FC
00DAF5E1
00FA0BFE
00FBFE00
00ECF5F4
00E1FC00
00E705F4
00F20FF4
00F702FB
00F300E9
00EC1101
00FCFA03
00F4E7F5
00FE09FC
00FC1A09
00080A06
00F7F4F7
00EE050A
00090F04
00182109
00F801FB
00E9EEF7
00FC0B14
00070704
00FBFBFD
00F50608
0019170D
000B07FE
0000FE00
00FD0511
00EBEEEB
0012140B
00F0F80D
000F0608
00F1F0F1
00F6FA06
00FA110C
00FFF5F8
0002FFFB
000C0204
00F3120C
000500F9
000204FB
00FE120E
00F4100A
0008FBFB
00110504
000213FE
00F70CFE
0001FC03
000C0B04
00FC0A05
00FF0D06
0004FA08
00060708
00FF1615
00F40705
0014030C
00180A11
000A0518
00FBF5FB
0004FCFF
0005FFFF
00071112
00E7EEEB
00060C05
00080714
000B00FF
00F0FBF4
001F0A0D
0013F9FF
00190F03
00F5F8F2
00FBE4EE
00110A06
00091604
00010201
0008F5FD
000B140B
000C1319
00FEEFF9
0000FDFB
000C0307
001F1A12
00FCEEF7
0002070A
00070A06
00070F0C
0002EEFA
00FA0E03
000E03FC
000B1201
0004FBFD
00F80F06
0004F000
000BFC0D
00FF07FF
00F6EEF4
000407F8
0014100B
00001102
00FCEDF6
00FDFCFB
000B1309
00FE00FE
00010201
00FD040A
001A170A
00EBEEEA
0003FD05
000B0F05
00120F08
00F6E9F0
00F2F4F4
00040204
00090C17
00FDF0F7
00E1EEEE
00F4F5F5
0017010E
00FCFEFE
00DBE6E6
00F2FEFD
0015160E
00FFFA05
0004FF04
00F60801
00101806
00E7F2F4
00F20D00
00FAF2EE
00190B08
00DFDEEC
00F0F1FD
00FCF9F0
001B1B1C
00F205F5
00F00EF7
00040AFD
00190C0A
00EEFF01
00ED04F3
00F6EEF9
00100F11
00EC03FA
00F5FAFD
00EBE1FA
00101016
00F003FD
00FFF206
00FD0307
00171108
00F9F4F9
00F90AF5
00F9EFF4
001E1312
00000000
000504FE
000103F4
0004F605
00000000
00F4F8F4
0007FE01
00F80A06
00000000
00FEFDFB
00FB00FF
000D0318
00000000
00FAFFF3
00010004
00FD0009
00000000
00FCFCF5
00FE04F9
000B0FFF
00000000
00F8FBF2
00F80601
0005FFFF
00000000
00FAFBF2
0006FEFA
00FF0C16
00000000
00FEFCF4
0001FEFA
00F80616
00000000
00FEF8F0
00FAFE00
000A0E0C
00000000
00F9F8F1
0002FDFE
00F60A0B
00000000
00F7F8EF
0003FF00
000DF612
00000000
00F1F6F0
00F5FEEF
0002FD04
00000000
00FC02F3
00FCF2ED
000C0C07
00000000
00FCFFF5
00F3FEF4
00FFFCFA
00000000
00FE03F3
00F4F8FE
000009FC
00000000
00F6FAEB
000304FB
00FA010A
00000000
00FBF8EF
00FE0100
00F7050C
00000000
00FFFEF5
000305FF
00090009
00000000
00FAFAF2
00FFFD00
00F5F912
00000000
00FCFCF8
0000FFFE
000C0110
00000000
00FBFCF2
00F7FEF9
00F8F60E
00000000
00FEFFF3
00F7FDFB
0004F90C
00000000
00FAFBF2
00040302
00040E0D
00000000
00FAF7F3
00F7F7FE
000DFE11
00000000
00F7FCF0
000105FF
00F81116
00000000
00F8FFF3
00FFFEFB
00020111
00000000
00FAFAF4
00FFFEFF
00FB0710
00000000
00FCFCF1
00FFF802
00FC0D08
00000000
00F7FEF4
00FF0503
00FD0216
00000000
00FAFBF2
0003FFFD
00FFFB10
00000000
00FAFCF4
00FB01F3
00101014
00000000
00FF0705
0002FA0D
00020608
00000000
00FFFAED
000408F1
0003FF11
0000FDF9
00FBFFF7
00FC05FE
0005FC0B
00000000
00FAFEFA
00FF02FC
00010008
00000000
00FCFDF7
00FC0302
0003FD10
00000000
00F9F8F6
00FBFDFE
0001FD0B
00000000
00FAFFF7
00FFFFFF
0001010A
00000000
00FCF8FA
00030200
0003FB0B
00000000
00FCFCF3
00FE0202
0000FA0F
00000000
00F7F9F6
00FE04F9
00FFFD09
00000000
00FBFBF6
00F8FDF8
00030008
00000000
00F6F3F1
00FBFDFB
0002FC0E
00000000
00F7EAF1
00F9EEEF
0000F807
00000000
00F8F5ED
00FDFDF6
00030809
00000000
0007FFFB
00000003
00F8F60C
00000000
000100F1
00F5F3F3
00FAF7FF
00000000
00F3F6E2
00FCF7FA
00FE0104
00000000
00F6F4ED
00FD05F8
0001FD03
00000000
00FAF7F3
00FBFCF9
0003FF0A
00000000
00F600F5
00FE03FE
0003FF10
00000000
00F8F5F5
000003FF
0001FE0C
00000000
00FBFCF6
00FA0502
0003FD09
00000000
00FBFDF7
000303FE
0002FF0A
00000000
00FCF8F6
00FF00FB
0003F909
00000000
00F8FDF7
00FE01F9
0003FB10
00000000
00F7F6F2
00FF0203
0003FD0E
00000000
00FEFDFB
000303FD
00FEFB0F
00000000
00FAFCFB
00FE0201
00FFFB10
00000000
00FBFBF7
00FF03FE
0002000D
00000000
00FBFDF6
000408FE
00FFFD10
00000000
00F9FCF7
00FC07FE
0000FC0B
00000000
00FBFCF7
00FDFA02
00FEFD11
00000000
000BF200
0009F816
0009060E
00000000
00FC0DF8
00030309
0006FE28
0000FDF9
00FFFEF7
00000005
00020A17
00000000
00030009
00020107
00FF0804
00000000
00020406
0001FF05
00010D03
00000000
00040306
0003FF07
00020D06
00000000
0004FF06
0000FF06
00060706
00000000
00000408
0000FF08
0004000B
00000000
0003020A
00000209
00020001
00000000
0002FE04
00010105
00060609
00000000
0002FF06
00FBF5FD
00FBFD00
00000000
00FAF3FB
00FEF301
00FFFEFB
00000000
00F2EBFE
00F1F2F4
00F5FEEF
00000000
00FFFA08
00040E0F
000408FD
00010800
0003FD0A
000B1509
0005FDFD
00000000
00100401
000304F5
000904FF
00000000
00FEFAEE
0009FFF6
000D04F9
00000000
00FAEEED
00FBF8F3
0001F8F1
00000000
0003FCF8
000200FF
00F4F4F0
00000000
00010105
00FBF603
000A0902
00000000
0000FE07
00FFFD06
000A0D02
00000000
00FDFC06
00010109
0001FF0B
00000000
00010005
0000FF05
00FDFC03
00000000
00FFFE06
00000208
0008F70C
00000000
0002FC06
0001FE07
0005FF00
00000000
00000308
0000FF06
00FFFB00
00000000
00000206
0002FF07
00030A06
00000000
00020007
0001FF07
000508FE
00000000
0002FD04
0001FE07
00FE0106
00000000
0004FF06
00FFFF05
0001030A
00000000
00020006
0000FF07
00030308
00000000
00030103
00FAF9F9
0007FE0E
00000000
00F1F90C
00FDFA15
00FA0F05
00000000
00F2F70D
00030309
00090719
0000FDF9
00F6FCFA
0000FE04
00110408
00000000
00010207
0001FF06
00040B04
00000000
0003FD06
0000FF06
0009FD05
00000000
00020206
0001FE05
00FE0609
00000000
00020003
00FEFD06
000305FD
00000000
0002FD08
00000004
00FBFB01
00000000
00000007
0000FF05
00040201
00000000
0002FD0A
00FBFDFF
00FE0A05
00000000
00FFF4F7
00F806FF
000515FC
00000000
00FF00FE
00FA03FE
0013151E
00000000
00EDE7E9
00F907FF
00051120
00000000
00FAEAFB
000310FB
000B1D0F
00000002
00FCFAF4
000D18FB
000709FE
00000203
00010EE2
0002FFE3
000D0AF7
00000000
000304F7
000A12F9
0014FFEB
00000000
00F806ED
000301FB
000AFCFC
00000000
00F803F3
0000FD10
00F60603
00000000
00F7FAF3
00FBFD06
00F9FEEB
00000000
000106FA
00FB0602
0008FF00
00000000
00FE000A
00FD0106
00FBFFFF
00000000
00FFFB06
00FD0106
00FA0AFF
00000000
00FCF703
0000FB06
00FA0401
00000000
00FCFB05
00FEF907
00050702
00000000
0001FB05
00FFFB09
00010C02
00000000
00020108
00FF0006
00FA0005
00000000
0004FD06
0001FC07
00030C0A
00000000
0001FF08
0001FE07
000AFF02
00000000
0002FF06
0000FF06
0009080A
00000000
0001FE07
00000007
0007FF07
00000000
00020307
00FA0003
0006FC12
00000000
000BF4FE
00FCFA13
0000FA17
00000000
000104F9
00030309
00080818
0000FDF9
00FB01F9
0000FF04
000D030F
00000000
00FFFF06
0000FE07
00FDFD00
00000000
0002FF05
00010007
00FBFB01
00000000
0001FD05
0002FE06
00FE0606
00000000
0001FF06
00FFFC02
0004FDFF
00000000
00000006
0002FD05
00050001
00000000
00FFFDFD
00030107
0000FDFA
00000000
0002030A
00FF03FD
00090513
00000000
00EEEEEA
000110FC
00090E13
00000000
0004030A
00040EF4
00090A11
00000000
00EBEF00
00090F0E
00060E12
00010600
00020A12
00FB1500
00040004
000606FA
00F8FFDA
000003FF
00FE0E17
000407FA
00FD02C9
0002FAEB
00030B08
000103FF
00100DE7
0001FFF7
00F90BFB
00000101
000B03EE
00FAF313
0002EBFA
00000000
00F806E8
00F1FAFE
000D0003
00000000
00F2F8F9
00ECF3F0
000208FA
00000000
00FE060E
00F0EFEB
00F0F6EB
00000000
00ECF5ED
00F8F5FD
00FB00F2
00000000
00FAFC08
00000508
00FD0300
00000000
00FBFA05
00FF0207
00010805
00000000
00F9F701
00FD0005
000A0003
00000000
00FEFB04
0001FE06
00010203
00000000
0002FD02
00000007
0002000B
00000000
00030205
0000FF06
00FA0A02
00000000
00010105
0000FF06
0008060E
00000000
00FF0006
0002FE05
0007FB07
00000000
00020006
00000007
00FE0D02
00000000
00020007
00FBFBF5
0001FD0C
00000000
00F6F801
00FEF616
0006F701
00000000
0009F60B
00030309
00130024
0000FDF9
0000FAF7
0000FF06
000A0F0B
00000000
0001FF09
0001FF07
00FC0502
00000000
0001FC06
00000007
00010B06
00000000
0000FB04
00FF0003
000A0603
00000000
00FFFD01
00FCFB03
00FE0B01
00000000
0005FE01
00FFFE01
00FEF804
00000000
00F8F8F3
00FF0CFE
00FD0912
00000000
000513FA
00FD0A05
00170713
00000000
00EFEBEB
00040823
000E041A
00000000
0006FC04
00F3F507
001F1136
00030AFF
00F3FC0A
000CFA17
00201E32
000C1404
0003EEEE
00FF07FC
000B160F
00030BFB
00F90CEF
0000FDF6
00120D0D
00010405
00ECF3D0
0003FCEB
0006F1FC
00020507
000710DF
00F2FEE7
00FEFFFE
00040A08
00020CE8
00FDF3F9
00F301F4
00010301
000605F7
00E9FEEC
000302EA
00040500
0006FEF6
00F8FCE4
00FEF8E1
000605F9
0001FFFE
00EAEDFD
000E0402
00FDFCFA
00F1F0F8
00F7EF02
00F3FFFA
00000000
00EEF3F7
00F2EAF0
00E9FEF3
00000000
00FAFA04
00F8F3FB
00EDF3F9
00000000
00F8FB01
00FBFC04
00F9FCFB
00000000
00FE0808
00FEFE04
00FEF7FE
00000000
00FBFB00
00000003
00000C00
00000000
00000205
00000206
00FE0E03
00000000
00030205
0002FE07
00FD020B
00000000
0002FF07
0000FE08
0008080A
00000000
0002FF05
00020105
00FF000A
00000000
00020007
00FBFFFC
0001FF11
00000000
000004F1
00FDF916
00000802
00000000
0000FC07
00030309
00120317
0000FDF9
00F5FAF8
0000FE06
000F100C
00000000
00020107
0001FD08
00080807
00000000
00040605
0002010A
00FD0206
00000000
0002FC03
0003000D
0006080B
00000000
00FBFFFF
0002000B
00FF0608
00000000
000000F8
00FFFCF9
00070E06
00000000
00F2F9EB
000E1401
0013020B
00000000
00F1FDF4
0011090C
00F8FDF3
0000FFFE
00F40402
00011224
0006FE07
00F9FBF8
0011FF0C
0009090C
000B0B0A
000A0A0B
0002EBF8
00F6051D
00141013
00131913
00F9F5F2
00FAFD04
00050014
000D0B18
00E6EFE3
00F6F6F0
00050B10
000A081A
00F3FBDD
00EEF2DF
000507F4
00070F0C
00FE0BF3
00F8FAD8
00F9F6E6
000A0D15
00F305DE
000409ED
0002F7F3
0003FF05
000718EA
00F6FAFB
00FEF3EC
0001F8FA
00FB01EC
00F2FAE9
00FAFAEB
00F9FEF7
00050C10
00F40D0C
000407E0
00F5F5F0
00F2F400
00080E11
00FDFAEE
00FFFCFA
00F3EC01
0000040D
00F7F0FB
00000000
00FFF206
00FBF1F8
00FB02F5
00000000
00F5FDF7
00040802
00050607
00000000
00FAF501
00FDFD00
0002FFFB
00000000
00FEF5FD
00FFFE05
00FE0600
00000000
000203FB
00010404
00FD09FE
00000000
0000FB05
0000FE06
0009FB02
00000000
00030106
0003FC05
00000E0B
00000000
00030005
0002FD08
00020108
00000000
00010407
00F40102
00FFFE0C
00000000
0006F409
00FFF615
0007F90F
00000000
00FA0809
00030309
0011091C
0000FDF9
00FCFAF2
00FF0006
0008FD0E
00000000
00020008
0000FF07
00080B05
00000000
00050C0F
0001030A
0006FC02
00000000
00FCFE01
0002030D
0002FE0C
00000000
00010D0E
0008080A
00060608
00000000
000505FB
00FB0201
0009010A
00000000
0000F6FF
00FA08FC
00030702
00000000
00E3F7EF
00F9EFF9
00030019
00F7F1F5
00060304
0001FA36
00F70D11
00F70200
00FCF00F
000D0818
00090F1D
00FF070D
00FB0007
001A0123
0003FF09
00FDF9FE
00EEF7D9
00060B2A
00120E12
00FEFC05
000107E6
001105F5
00FD1201
0007011B
00FF0EEA
00FE02E7
0005060D
0006FA28
00F806E9
000503D6
00140CFA
0003FD1B
00F4FED6
00FAF9D4
000FFAE6
00F9FCF4
00F8F2C7
000307E1
00F400E3
00FCFCF6
00080CE8
00FEF4EB
000200D1
00F3F9E1
00040C02
000102E7
00FCEEDB
00FCFCE9
00F4FC08
00F300FF
00EFF9E6
00F9FBEC
0003F300
00F5FD0B
00F1FE06
00FE01FA
0002FBFF
0000F406
0000EFFB
00000000
00040204
0000FB08
0007FE19
00000000
00F6EEF3
0001FAFE
0008FD00
00000000
00F8F6F2
00FCFA05
00F9FF0D
00000000
00FAFCFF
00FFFC06
00FFF604
00000000
00FEFA01
00010007
00FCFA04
00000000
00FEFE04
00FEFD07
00060304
00000000
00010204
00010105
0005080E
00000000
00FF0005
00FAF502
00FF0108
00000000
00FF01F6
00FEFA15
000C0112
00000000
00F7040E
00030309
000D1019
0000FDF9
00FB01F7
00FFFE07
000C110B
00000000
00020207
0001FF09
00080908
00000000
0007090E
00FFFD06
0001FC05
00000000
00030909
0000FC04
00050209
00000000
000D0E11
00030700
00FE0105
00000000
00FE0F01
00F408F0
00F50302
0000FFFF
000502FE
00F806FB
0001000E
00FAF8F4
00F1F3FA
00F8091D
000C010A
00080901
0002FDF1
00F7F819
00F90016
00070611
00F700F3
0004FE2A
0006100A
0009F905
0006E7FE
0012FA1D
000E1112
0009F91E
0005F409
00F0FDF6
0001FC04
0009F730
00F8F8DE
00F907ED
00101704
000C0B26
00FD03DB
000907EB
00001106
0006FB0F
00FD02C4
00100FE2
000405FF
000F1224
00FFF9C8
000BFDD8
0011100D
0002061B
00F305CA
00F2F1DA
00FBF5F3
000A1B0E
000104AF
00ECFBE9
000507E6
00091205
00FB0B00
0003090A
00FB0FCE
00031307
00F7ED16
00021820
00F2EBD5
00FE0DF6
0009FB18
00FBF71A
00FEF0F5
00F8F2E9
00100F09
00090519
000A0BF5
00FFFDFB
0007060D
00F406D6
000208FA
00000000
00FBEEF0
00FCF8F6
0002060F
00000000
00F7F304
00FE0105
00FEF406
00000000
00F2F4F6
00FBF704
00000901
00000000
00FDFB03
00FDFC06
00050103
00000000
00FEFD05
00FE0008
00030E0D
00000000
0002FF06
00000207
00040CFF
00000000
0004FE07
00FC0200
00070409
00000000
000606F3
00FFF813
00010B14
00000000
0007F5FA
0003030A
0013FD27
0000FDF9
00F8FBF3
00FFFE06
00110318
00000000
0003080C
0002010C
000402FF
00000000
000B0810
00FF0108
0008130F
00000000
00FCFDFD
000E0D13
000D0409
00000000
000605FF
000D0A10
0009030A
00000000
00010AFA
00F8F805
000CFB1E
00FCFBFB
00FBF514
00040217
00090D1D
000906FD
00F3000A
0001FD12
0007FD21
0005FB1F
00E9F4ED
00FB0A28
00FD0523
00FAF91A
00F8F4E7
000F071B
000B0320
0001F624
0003F5F3
0006FBFD
00041411
00FCF42B
00FE0802
00F9F509
0005FD15
00F8F419
00F406F5
000612F2
001110F6
00F7F90E
00F6F8D7
000C10FF
00F9F005
000305FE
00EBF9B2
001003F1
000FF80C
0006FD01
000508D9
000414F4
000205F3
0004F41D
00F301C4
000513E5
00050202
00070C10
00F4F4CF
00FBF9F6
00F000EB
00061400
00FD03FD
00F3ED1D
00F0F3DE
00010A12
00F8F61B
00F4F71F
00FDFFDD
0005111D
000E001D
00EDE7EE
00EAF1DC
00FC0611
000D1417
0000FDE0
00FCFAF5
00FFF7F7
000E0402
00FDECEC
00090FE9
00FCF4FD
00FA01FD
00FE07F8
0011FE05
00000100
00FDF805
0006100A
000DFD1B
00000000
00EDEDF5
00FD0000
00010001
00000000
00F4EEF7
00FC0203
00FB0209
00000000
00010303
00FEFF08
0008FB0A
00000000
0001FF08
00000108
00FB0A0B
00000000
0000FE07
00FAF901
0000FB09
00000000
000903F9
00FFF915
000F0512
00000000
00F600FB
0004040A
000D0323
0000FDF9
00F7F9F6
00FEFD01
000B0514
00000000
00030407
0000FD05
00070705
00000000
0017131E
00020505
00110A17
00000000
00060E09
00FB02F5
000E130A
00000000
00F200FA
00F5FBF2
0009F909
000000FF
00FFF2FA
000C0C21
0013091B
000B130A
00FB0304
001A1428
00060702
00090319
0000F806
000C211B
00070D09
0001F129
00FDF3F2
001C0D37
00070009
00040C35
00FE02E4
00FC1518
00121117
0004FA24
00FCFFDB
00030DF5
00110609
000D0D4D
00FC12F5
000606EF
00030012
00FCF419
00090400
00FDFCE6
0012F90F
00F8F9F8
00F609E9
00F1FEF2
00090909
00F3E9E0
000211EF
00FBFDEC
00010401
00F3E3E2
00FB05D0
0005FFE6
00F80103
000A04F4
00FC06DE
00F300CE
00FE0700
0000FE0D
00DFE9B3
000809E8
00F7F105
00090314
00F408E9
0016000B
00EBFED4
00040E11
00F0E4F4
0010F82D
00F5F0D4
00FEF600
00F6F519
00E3EBFA
00F9FEF3
00101612
00110409
00F4FBD3
00EBFADD
00060CFF
001A1E19
00F707FA
00FDFCF9
0001FFDB
00060800
00FE07F4
00F804D2
00FAFCF4
00EFEFF6
000302E7
00FCF3EE
00000600
00040401
00F8F4F4
00040602
00000000
00EFEEF3
00FE0000
00050604
00000000
00F1F0FB
00010700
00FB0202
00000000
00010606
00000109
00FDFC05
00000000
00020106
0003F1F4
0001FF0C
00000000
00FFF50B
00FEF818
00F7F90F
00000000
00FD0A08
00030309
00090D1D
0000FDF9
000200FF
00F9F6FD
00071015
00000000
00FF0004
00060913
00020318
00000000
00111621
0004020B
00FEF907
00000000
000F0B0D
0001F603
00030911
00000000
0003F902
000BED0D
0009061A
000000FD
000E03FF
0009151E
00210F29
00070BFA
000B06FC
00050525
000E0A12
00F9F20C
0007131D
0020182A
001A0923
0002FC28
0012FDFC
001002FE
00170B29
000C0B2D
0008FDFF
0013FFF9
0013110E
00F8FC21
00020FDD
0001FF05
000D0922
00F0F208
000D16FD
000403F0
000D113B
00FC050E
000E0DED
00FFF4E1
00FA0123
00051910
00060A18
00FE01E6
00030715
00ECF1E9
001F110A
00050CDF
0003FE08
00FD0122
000E0E14
00EDF1D8
0004F805
00FCF325
00FF04D8
00EFF0D4
000D08F4
000C0C21
0000FFC3
000807FF
00F801ED
0004FE22
00F8F7CE
00EAF4EC
00EFF4EF
00F904F4
00F1E0EA
00FAFCEC
00EEEBD0
00061BED
00FBF816
00E5E0D3
00FCFFE8
000E13FF
000D1117
00DEDCDF
00F5F5EC
00020719
00060805
00FCF6D7
00F6F7D2
00FE0BF5
000D171B
00F30CCC
00EEF7E1
00FD00E0
000B09FF
00ECFAD3
00F9F3DC
00FF00FD
00030CF9
00FDF605
0000F405
00000000
00ECEFEF
00F7F9FE
00FEFDFC
00000000
00F9F401
00FC01FB
00FC0109
00000000
000309FF
00010203
000501FD
00000000
00FFFD01
00F9FAF7
00030109
00000000
00F400F7
00FEFA14
00FC0B16
00000000
00060304
00010006
0000FC13
0000FDF9
000F0608
00FDF902
00070813
00000000
000E0F16
00030114
0012111F
00000000
00080610
0008000A
0002FC11
00000000
00030405
0005F20C
00050D12
00000000
0005090F
000AFC22
00171522
000B1112
000BF70F
00FCFD1E
0015181C
00FA0621
000403FD
001A0121
00221A30
0005FD1B
00EF00DD
000DF81F
001A082D
00F3F229
00FDF901
00160922
001C0A17
00F8F729
000F0A11
001A05FB
00140032
00ECF9EF
00121C43
00070804
0014021A
00EFF1E4
000801ED
00FFFBE5
00160A29
00E6EED8
000A020F
00F4FFF2
00F2F513
00FBFFFA
00121B0E
000512D9
0001050D
00FAE503
00FE0DFC
00DEFAB6
000CFE06
00050D0A
0004040E
00F1F9DE
000808F9
0008FD1F
00000F02
000702D9
00F8F7F8
0010131D
00F208F0
000B06D0
0010FB0C
00F7F8F2
00FC17D4
00FAFCDA
00020006
00FF00D5
00E0E7CF
00EDF5E3
00F0F1DD
00FF00C9
00E7F6FB
00E0EED6
00EFF1D4
00F6FEF1
00081321
00EFE3D6
00F5E9E3
00E8E6E4
001A1410
00F4E6C9
00F7F3D0
0008170F
0011141B
00EAFFC6
00EEFDD4
00E6FA90
000A0515
00F8FCDE
00FE0CD3
00FCFFF4
000503FA
000B120F
00FE03FA
00000000
00ECEEDB
00F800FF
00FD0505
00000000
00F1EDFC
00F7F7F7
00F4F2FB
00000000
00FE05FE
00FCF900
0003FFF9
00000000
00070A01
00F4FBFC
00FBF505
00000000
000AF9FD
00FFF913
00040E00
00000000
00F7050D
0005060F
0011051F
0000FDF9
00060D0F
00FEFC09
00120E20
00000000
00FA010C
00FDF213
00FDFD06
00000000
00000206
00FA00FE
0016102E
00000000
00F7FE01
0005F60D
00FC00FA
00FFFDFC
00060B1D
00111A2E
001F1D28
001D2D3F
00090A15
001A011F
001E1A1E
00010C18
000BF916
000A1822
00100D25
00FBE20D
000C18EC
00F7F505
0002FD15
0005F61D
001AFE28
0013130C
00180A16
00F9FEE2
001AF93C
000B11EC
0015001B
00EFF8D2
00222333
0003111C
00050408
00F40ADE
00051103
001B11E6
000C1632
00F5ECD8
000E0718
00F9F1B7
00F2F710
00F4FBF6
00100803
00131606
00F00301
000415E3
00F208CB
00E5E0D8
00F4F001
00141BED
00FAF1F2
00FEF9C9
00F105F5
001B2112
00110C28
00F00EC3
00F4FF0E
0018211D
00F9FCCD
00EAFEC5
00F108FE
00F8FC00
00EBF4BC
00F301D4
00FC05F5
00F404D3
000401F1
00EAF1DC
00FBFDFD
00F407D1
00F3E825
00F20DF6
00FFF7EA
00FAEAF0
00F7F3EA
00EAF3E0
00E7FBF1
00EEEBF7
001B1908
00F0EEF3
00F4F3EA
000008C6
000EF70A
00F0001A
00EAEECA
00F10FB3
00F8E9FE
0003180A
00F902D0
00FBF3EA
00F9FEE2
00EEE30B
00101216
00000000
00ECF0E9
00FDFAFD
00070309
00000000
00E9F7E9
00FAFAFD
00FEFF05
00000000
00FE00FA
00FD0008
00FDFDFF
00000000
000405FF
00FCFBFE
00FDF70A
00000000
00FEF704
0002FE19
000D0D0B
00000000
00000309
00060811
00130F20
0000FCF9
0008000D
0011142E
00020909
00000000
000D0216
0001FC18
0006081F
00000000
00FCFBF7
0004000E
00090E25
0000FE00
00FEFDF4
0006FA2D
001C1C37
00F8F5F2
001B1426
00202026
00131530
001D1832
00141123
0010051D
00240820
00F00906
00F90512
000C0003
000F0C1D
00FCFA21
000A04FB
00F801E5
00F9030D
00080515
000F1011
00EBE5FB
0002071A
00F4FBB5
001B103B
000901F4
00170B20
00F60ADC
00081419
000BFB24
000D051C
000506D4
001913FB
0001FB0A
000F0D1D
00E5FAD6
000C0813
00040D16
0002080A
00EEF5D2
0013060B
0009FEFE
00F1F7FE
00080EEF
000B0AE5
00E802DC
000301F8
00F8090E
000E13F6
000502E4
00FC01F9
00FB11F8
00010716
000B0FFC
0008F5FA
00090218
00FBFEDD
00F1F5F7
00F4F913
00FE09F7
00F801A3
00F3F4CF
0007F7F4
0001FAE2
00F2F8E7
000001FD
0000FEEF
00FCF5D4
00F4F515
00FA03F0
00FCF7EA
00180E08
00FD0DDD
00F4F0DA
00FCF3F7
0001FB13
001325EC
00FBF404
00FAFFE7
00EA03D0
000A0001
00FFF126
00F3F1DB
000218CE
00ECDE00
0000FA0B
0000F8D4
00000201
00070AF4
00E4D5F7
00FF1D04
00FD00FD
00F7F203
00040A08
00F600E6
00000000
00F508E0
00F5F4F0
00F702EF
00000000
00F407E9
00FAFCF6
00EFF7E8
00000000
00051005
00F8FBFB
00F5EE08
00000000
00F400FC
00FFF816
00F5030C
00000000
00070500
00050914
000C0416
00FFFCF8
0005FE09
00141832
001F1E2A
00000000
00FEFD0F
00FFFE18
00101D30
00000000
00060606
0002FB08
0014082D
0000FEFF
0000100C
0007F133
001D1238
00040607
0004061C
0009112F
000F171D
00060419
000DF725
0007F403
001B2028
00F80311
000AFE1D
0001EDF0
00121114
00FAF907
00040902
00FB05FB
00030B16
00EEE3BF
00040B1C
00F5FF0A
00FCFDE4
00EDEAB4
0018083E
0018170B
0012101D
00F5FBE5
00F4F00F
00FFF90D
00FD040C
00F403CD
00122414
00FF01F7
00FE0B04
00F9F9D3
000B0C17
00041B11
00F2F7FB
000E0612
0006FE0C
0009F709
00FEF9FC
00040918
00030AE3
00F9F9F5
000605F2
00F607F5
001B3829
000901F8
00F8EFF2
0006150E
00F4EBFC
00E805D9
00FB11F9
00F1FAF5
00EDE0C8
00F7FB12
00F70312
00FEF7F7
00EDF0A1
00F1FFF2
00FA0904
00040609
00D6D503
00FBFBFF
00F609E9
00020DE1
00E3E800
00EAF7F3
00FB0AFF
000AF9D0
00EFF713
00F0F9DE
00F8F6FF
0003F9F5
00040CE7
00F2E1FA
00FCFAF5
00EFF1D4
000711F8
00FAEE12
00E6FEE3
00041EF5
0000F3FB
0003F924
00EA00E1
00FC0BFD
0010FF10
000A0719
00FE1BDE
00F7FBF8
00FBF9FA
00F604E6
00F8F4F1
00000000
00E4EBB9
00F6FDE7
00E3DAE1
00000000
00F4FAE0
00F8F9EB
00EDF0E2
00000000
000109FB
0000FBFB
00F3E8F7
00000000
00FAF5F1
00FFF617
000AFA09
00000000
000509FA
000D1A20
0000F4FD
0000FCFA
000C1624
0012162D
00141C1F
0000FE00
00F9FD1A
000C0C26
0004181D
0000FA00
000E1035
0005F312
000F0D18
00FCF7F1
00000121
000D0926
00232157
00060311
00020C16
0008F725
001B2032
00100E0E
00170325
00F9EDF6
001A122D
00EEF5FE
000402F9
00EF090B
00101021
00F1F3EB
000303ED
00F0F6F0
00F4040C
000B11C6
000EFE06
0007FA06
001A07F1
00FBEFCB
000A1237
00232722
0015FD01
00F7EFBF
00F7ED40
0011012A
0001FE0F
00FF06D6
00152834
00150F0E
00050BFB
000006EA
000A0A0C
00221341
00011212
00FDFB14
0001F8FE
00070B12
000F0B06
00F6FFFD
000D10F4
000311F6
000A030F
00081D09
00081E0A
000100E8
00F8FAFB
0004060A
000A1520
00F201C9
00F1E8F0
00FE0A13
0009F710
000100BE
0006FF0F
00FAFFFE
00F90BA6
00100531
000BF40C
0007FFEC
00EAE115
00FE0225
00070900
00060AF9
00EBEEE1
00EBDE26
00080FFB
00111119
00E8E507
00F707DC
000C07F3
000901F6
000112E7
00F6F6FC
0003F3F4
0002FD0D
000F19DA
0000F8FD
00EBF6F2
00F50BF5
00FD01F7
000B0B23
00F70CEE
00F8FBFC
000E1224
0002FC00
000B25F1
00F7FDF8
00FD01EC
00020F01
000D08FA
00000000
00DDE6BF
00F907E4
00F6ED05
00000000
00F0EECF
00FBFFFC
00EBF3E0
000000FF
00F9F6F7
00FAFD03
00F8F0F9
00000000
00000605
0002FD15
0004F513
00000000
00F8FEFE
000C1D1F
00FAF403
00FDFCF9
00060224
000B1410
00081010
0000FA00
00EBF5F3
000F1223
00010703
000001FD
00030122
00FD0610
00FCF7E8
00FBFFEB
000C0C23
0010042A
0028223A
000B0F1C
00FE0324
00FFF122
00180B23
00080B19
00160F3F
00FDFA0A
00FF1715
00FB0EF8
000C0000
0009F51B
00FF0111
00FB07D5
00080C06
00FE0BF7
00F6FFDF
00F9F8B2
00101024
0002051F
000C03E8
00EF05C2
00010243
001A1830
0000F3FA
00F8FFBC
000AFC21
00211144
00F2EF08
00080FF7
00242766
001B0720
000D10F0
000805F0
000E151F
00221E3E
00F8F80A
0000FF1B
00060515
00071506
00070A0D
00F4ED06
000B18F2
00121F15
00F80919
00F1F0E5
00FE0EFA
00211119
00070AFB
000506DB
001E1A1A
00EFF8D6
00EE03F6
0003060D
00FF0A05
000009C4
00010DF3
00FBFB11
002619FD
00FEFAFA
0006F60D
00FDF803
00F4F427
00FDF304
00001709
00FA08FB
00EAF4F3
00FEF234
000B0909
00050119
00EA02FA
00F80EE6
00080AE8
00180E0B
000216F7
00F5FF07
0003EEEE
0005FF2C
00F113BF
00060900
00F904FD
00120B18
0005FA08
000B1131
0003F9E6
0005FE0E
000F1A13
00FA0704
00FF09EA
00F9FBF8
000F1505
00060F15
000E1425
00000000
00EEF7E2
00F3F6E4
00F7EB08
00FFFBF7
00DFE4CB
0000000C
00EFD8EC
00000000
00F8F7FA
00F8F9FC
00F9EC02
00000000
00040B02
0002FA1A
00F6F901
00000000
00F704F8
00071416
00010B08
00FD01F8
00F6FCF7
00020F03
00020302
00000000
00E9F6EA
00040C18
00FB0907
000005F5
00FD0BEF
00F90A0B
00FE07EF
00FBFFE6
00FFF21B
0001FC23
000010FC
0003080A
0006EC15
000AF721
00060915
000D0E28
00FAE61E
00020B0B
00FDFB04
00FD0111
0015140B
000A0C23
00FB0901
000818DA
00FD05DF
000400FA
00011FF0
00FC00BA
0003000F
00F7080B
00FEFDCD
00090CD0
00FFE316
001A1438
0000F8E1
00FFF7DF
0001FF3E
00161042
00080AEC
00130DE0
00160661
0006FC1C
00FEF7F4
000D0E10
00081010
000F0E2C
00020903
0000FC00
001E1D0E
00161500
00FDFD0A
000B1823
00091500
000D1513
0006FE15
00FA0A1F
00F4F7C8
00070409
00FDFBE8
00FEFBD9
00FC10ED
00FC06FE
00EF09EA
00F7F907
00251239
00FA05ED
00FAF9F3
00FDFBF6
00210C1B
0001F8FF
0015FB0E
00F2030B
0006F71C
000A10EE
0012FF0F
00F3FFFA
00F8FEFC
00F8FB24
00010BF7
0001FA06
00FBFAEE
0001091E
00FA0501
000DF317
00F106FF
00040A03
0004FE01
00FBEF1A
00F503E5
00090BEF
000D0900
00F5FBF3
00081404
00031229
0005F8F4
0001FC06
000D101E
00FF0201
000B13FA
00FAF9FB
0002040F
0003060B
001A2335
00FCFCFA
00E8DDEA
00FD03FB
00FAF809
00FBF8F6
00DADED9
00FCFAFF
0002FAFF
00000000
00FD01FC
00F7FCFC
00FAFA05
00000000
0007F3F7
00FFFC15
00F60408
00000000
00FAFE00
00010A06
00060A10
00FDFEF8
00EEEBF2
00FF02F7
0004020E
000007FE
00FAFAE3
00081B01
00FBF0F3
00FDF9EF
00F302E6
00F905F3
00FD01EB
00FCF1E9
00F8F10F
0000FD1A
00FDFBD3
00FEFBF6
00FDF312
00120B2F
00FE0811
0002021F
000B0725
000E11FA
00F10D0A
00FF091C
000F1C03
0005FF1D
00FC000F
00F508E7
000AFDD5
000A161F
00FC0FF8
00F613C3
0009EE14
000C132A
000203EE
000200F0
00F6F419
0000F241
00010DFE
00091A11
0003E51F
001F055A
00130AED
000706F7
00011347
00160D3C
00FDFEF3
00F50BF0
000106FF
0006FD1A
000A140C
00EF03F6
000B06FC
00FEF4FF
000A0815
00F5F1F5
000B1E06
00F610D9
00040307
0009FE1C
00FD07D2
00080AFD
000C0DF6
00F6F3F5
00F0F9C7
000AFBFB
00FBFFF2
00F7EFFB
00210823
000505FC
00F7FAFB
00FE05FF
0022073C
00090101
00F902F8
00FC0808
0003E641
00FC15F5
00071200
0006EF05
00F1F0EA
00FEFFF7
000CF9FA
0002F201
00FC15FF
00F2FDFB
00F70F0E
00F804E1
00EAF501
00070702
00FBED08
000F0A12
00FE0D1B
00F20FCC
000D10FF
00FEFCF6
000D0E09
00040D03
000118FB
00F1F5EF
00101428
00030E0A
0009FC03
00FAF8FE
00F8FAFC
00000913
00071D31
00FAF8F5
00F9F7FD
00010411
000D0A23
00FCFDFD
00FDFC06
00FFFE07
00FF000A
00000000
00FAFCFE
00F702F9
00FDFA0A
00000000
000B04FC
0002FA15
00FA0603
00000000
00060302
00000405
000F1212
00FDFDF7
00ECEFE8
00FC00FA
00071315
00FE00F6
00FDFDE1
000A17FE
0006FFFD
00FDFFED
00FC00EF
000207F9
00130A03
00FEF6EA
00ED0104
00F10606
00F611D3
00F8F4F2
00FCF80E
00F8021F
00080F02
000C1412
00000926
00030EF3
00010108
000B0908
000214F5
000A0420
00171B25
000306E3
000D01E2
000C0613
00041BFA
00F801E2
00F0F6FA
00FD0B19
000620FE
00FD0202
0001F20F
0005F950
000913FA
00F90907
00F3F01C
0021195C
00FAFCFE
000C1504
00FCFA19
00232952
00FD0407
00F307FA
000B0425
00070524
000D0BFA
00EEFBF5
000905DE
00F2F9D2
000102FB
00F803F8
00FF0717
00F806D4
00FB0715
00F205F3
000D0E06
00F007D9
000607FE
00F6FCF6
00021006
00F9F701
00F900E8
00F0FEE8
00271C3C
00FE0AC8
00F0F6EE
00FF010D
0015EC20
00FE04DA
000403FF
00FCFB28
00EEE130
00F00EC7
00F4F60A
00F9F7F1
00F001E8
0005090E
0009FFFE
00FDF0F3
00E8F4E8
00F6F5E2
00050D03
0002FFFA
00DEDCF0
00060430
0003010B
00FF01E4
00050207
00F90206
00041304
00F7F8FE
0007021F
00F601F4
00FC0D07
00F6EDF1
00030423
00FC0702
00191811
00F8FAF8
00FF0B03
00FAF904
00F8FD11
00010203
00030502
00050014
00070913
00F7F5F1
000B0B0D
00040617
000EFE11
00000203
00090A11
00FFFD06
0006FF0E
00000000
000408F6
0002FD13
00FFF50F
00000000
00FE04F4
00000D08
00FC070C
00FCFFF3
00FCFDE7
00FA03F9
00FF0E01
00FAFAF0
00FE13DF
00030E09
00FA00FA
00FDFCEB
000516FF
00FC0108
000912F8
00FDF9EC
00030AF1
0002EEF9
00F608DA
00F3F1EB
0001FE0B
00FA0D13
00130DD9
00FC0303
0001F718
000715E8
00F4F1E2
000713FF
00090511
00001115
00F501FA
00F7FFD5
001407FB
000D0014
000116FC
00FE00F2
00160223
000B081A
000B0E02
000618F4
00F8DC08
0009FC1B
00020B04
000B0219
00F1E400
00FDFB18
000B0D08
0002FE14
00EDFDED
0016143A
0009FD00
00060EF0
0005111B
00100F3B
00F7FAEF
00060BDA
000B1305
0003FB1B
00150710
00F404EE
00F805DB
00EE02E0
00050F0D
00E3FFCA
00F502E9
00EDF4A6
00101507
00F9FFE4
00FDF3D5
00141DCC
0004FBFE
00F901EF
0012091C
000320CB
00F9F407
00E8EFF2
000C0A33
00F0EADC
00FC0B01
00090215
00F7FF20
00E5EAC8
00F50206
00F7EBE7
00EFF9F8
00EEFAFC
000308FB
00E9F9EF
00E4F0DA
00F1FDF2
0000FF11
000A081F
0001F1FC
00FB090A
0007090E
00EF06F9
0008E802
00090E13
00040100
00F0F0F1
00F5ECFB
00141E2A
00170113
00FAFAFC
000D0C16
00F8FF00
00FB0503
00FBFF01
00FF050A
0005020E
00F70911
00050C10
000B0419
000A0E18
00010F0F
00FEFEFE
000B0708
00FDF80C
00FAFF10
00000000
000C0C19
00FB02FE
00FCF70B
00000000
000BF909
00FFF910
000BF8FE
00000000
00FC060E
00FE0409
00050110
00FD02ED
00FEFBF3
00FAFFF6
00061107
00FBFAEB
00040EE2
00F802FD
00FC04F8
00FCF4ED
00F9FFF3
0004FA04
000314EE
00FC00EF
00FF17EB
00080C0E
000A16E4
00F5FFE6
00F20901
00F41016
00F4F5E3
00FD12EE
000CFE15
00FF0FE9
00F903E7
00020DF5
00FB05FD
00F3FA0E
000503ED
00010207
00090208
000CF611
00030FF4
00FD05F7
00070312
00130928
00101302
00030702
00FCF422
0001F612
00150712
00FD1026
0008EF02
00070914
00110407
00010219
0008F009
000D05FA
000A0CEF
00EEF7F1
00FD0210
001E1812
00F007E3
00040FE4
00292732
000A0F17
000AF8F8
00ECFCE1
00FD06EE
00F6F802
00100304
00F208E1
00F5E9DD
00FA10E5
00F308F9
000904DE
000B0603
000100E4
000703F7
00FAEFEE
00FF02E7
00050318
00F7F501
00FFF3F8
00E6FBCE
00FCFCF2
00F9F50C
00EFE50C
00E2F7E6
00040505
00FB07F1
00F8E901
00FCF5E2
0026223A
0001F001
00F2F1FE
00EDEA13
00F902F3
00FB0602
00F9FD19
00EBE7FF
00021205
00FFFC19
00F8F719
0004FC09
000B0D20
0003F400
00F1ECEF
00FCFDFB
0000FE06
00110215
00F9F5F9
00050209
00020C0F
0008F313
00FD0106
0004F400
00020206
00F3020B
0008131B
00FEF902
00FDFC09
0008080B
00030709
0003FB04
00F8F9FD
0004FC05
00010203
000E0F14
000CFB05
00030615
00FCFCFA
0007FCFB
00FD020E
000C0112
00000000
00060C03
00F8FA00
0000FE0B
000013EB
00FDFCF0
00FA09F8
00F5FE05
00FDFEEB
00FEF5D2
00FC14F5
00F3F4EB
00FC01F6
00F0F0F3
00F602EE
00FE0501
00FD0BF7
00FB02EF
00FB04EB
00120AF5
000219F3
000014EE
00FF05F5
00FD0ADA
00FC0CCF
00F8FFF6
00F9FCEF
00FF0DE6
00F0FACE
0002FB08
00FFFD21
00F5FDDD
00FC0808
0008F711
0015FF2F
000002EA
0000FB10
000C0635
0000F042
00000003
00F2F90B
00030121
00100B24
0001100E
00EE030B
000FFF0E
0008FFF6
00070E07
0001F511
0014131A
0004F1FD
00FCF9F0
00EE0004
000F0F1C
00040C04
000707F2
00F514FA
002C1B35
0013FB1D
00F710FE
000311DE
001D2816
00F0E0FF
00F60600
00EF09D0
00FDE5F9
00F8F4F3
00F90FF0
00090FE6
00F6EC23
00FDE8F5
000206F7
00FDF214
00F507FB
00E2EFE4
00FFF0FA
0004F110
00EA02F9
000B1BEA
0007F1F3
00ECF3FD
00FA12F7
00FC0302
00030509
00FE0713
00F60206
00131948
00F1F004
0000FA17
00ECF4E9
00F805F1
0000F609
00FEF50F
0005F11D
000004F0
00100D0C
00FCFC05
00F5F0ED
00F5ED00
0010FD23
00F8FCFB
00FFF208
00F802F3
00ED0315
00F6F4F8
000B0409
00FE0805
00F2F8FD
00F0EDF1
00F703FA
00020704
00FA0AF9
00FBFE01
0003071A
000C0F11
00FCFEFF
00FF0305
00000008
000102FF
000B090A
00FBFCFA
00020409
00FF07FF
00FBF50C
00FCFAF6
000B04FF
0000F40D
0009FA01
00FBFBFB
0009FD0D
00F1F8F9
00F30207
000217E6
00FA02E6
00F504EF
00060606
00FDFFF0
00F703D9
00F509EF
00F301ED
00FBFBF6
00EDFCE8
00FF02F4
000E16FD
00FF03FC
000808FC
00F103ED
00FF06FC
00FA0AE9
00090B08
00F5FEF1
000019F0
00EFFACE
000412F9
00F2FEF0
0000FBCE
00EE01CE
00FF0D0C
00F90312
0000F9DC
00EBFCEF
00FB0016
00130F1C
00FD02D3
00F70101
00050530
0013070A
00070DF2
00F6F70F
000C0828
000EFCF9
00070D0B
000205F7
001A050A
000B00DC
00141E09
000314F9
0013FD10
000BFDE1
00FEFDF8
00F304EF
00180010
00FF04FB
00F9F3EB
00F201EF
00131112
00110F12
00FDF204
00F204E7
00291F2C
000B002A
0000FFF1
00F5F4D3
0017FB1F
00F2F306
000906F7
000001D6
00FEE41F
00FBFB05
00060E00
00F9F4FF
00F9090D
00FC01E3
00F20005
00F4DDFE
00F318D7
00E904C3
00FC06F3
00E0F5F9
000107E0
00F10EED
00F0F8FA
00F8F7F9
000213FA
000C1706
00FEF10E
000D1411
00F8FFF6
00060C1A
0008FE0C
000A0A1B
00F4F706
00030AFB
000108FB
00040B0E
00FBE4EB
00060401
00FF0401
00F8FC01
00FEFB0D
00FAF6F8
00F1F20A
00F1F2F4
00110C1D
0002F906
00EBF1F8
00FAFF06
00F8F4F9
00050715
00FB0006
00F8FEFD
00FCF2F0
00090F1C
00F60800
00F7F4F3
0003FE0B
0004050F
00FFF3FD
00FF0102
00040008
0003FC14
00010314
00FBF7F3
00F90C0C
000AF623
00FA090A
00010102
00F6FC13
00F80BFF
00F905F9
00FF11E3
00EF03EA
00F000F7
00051003
00F5F2F2
00F709E4
00F1F9EA
00F511F1
00F9FAF7
00EC06E2
00FEFDED
000E1600
00F4FDF5
00F4FCE8
00F50AFE
000D0DE8
00EEF7E5
0004FAF1
00FF05F5
000103F5
00EDF0D4
000307FA
00F400FA
000712DF
00EBFCD7
00EE0602
00030A09
00F4F7D7
00EDFBEB
00F90907
00F8090D
00F6FED0
00FA0BF6
0009FD07
00070AF8
0004FBF4
00F3FCEB
000E100F
000308EF
000D0CFC
00EDF5D8
0019140D
00F9F0E4
00EF0CF5
00F903DB
001C0117
00F4ECC9
00040505
00FE08F5
000DF80E
00EAEBC5
00F5FCF5
0002FCF8
001A0D20
0000F4F8
00F003FC
00021AF2
001B121F
00F7F001
000601F6
00090A01
000E0315
00F8E6FF
00030AF3
000F1227
00F3E218
0000F5FD
00020202
00050F19
00FF1BF7
000E0107
000C0304
00F3EDF7
001115F0
00F906D6
00FD080F
00EFEBEE
00F011FA
000B1BDF
00F5FB11
00EFE9EB
00E904CA
00FB01F8
0009FD15
00FDEF0D
00F3000D
00090A1B
0005021D
00071619
00F6E704
00F7F60B
00040B19
00F5F2F7
0004F002
00FAF706
00FFFB04
00F5F3F8
0004ED05
00F9FD01
0004FF03
00FE030B
0002FB0F
00FA020A
00F5FA02
00F1F5F7
00FC01FF
00070815
0002000C
00FB0D0C
000C0C0B
000A0411
00FFFAF3
00F7F9F5
000D050F
00F3F6F2
00FD02F8
00FC0001
0007020E
000EFA0E
00F2F2FD
00030607
00F30AFE
00FCF015
00F4F20C
00FFFEFC
0000FCFE
00F60CFB
0003F7FC
00F60DE3
00FBFDF4
00F2FBFA
000200FB
00F4F5F2
00F00EEB
00F907F9
00061101
00F5F6FE
00F300E4
00FB09FD
00FB02EB
00F0F9EF
00F50AF5
00F7FDEA
00010E00
00E7F3DD
00F40404
00FA0FF4
00010FF7
00F403E2
00F8FEEE
00051107
000309DC
00F1F5E0
0001FFF1
00000911
00FE01EC
00F606F1
00F9E9FB
00ED0700
00F8F9F2
00001B09
00F9F5FD
00FFFD06
00FA03F4
00FC03F2
00F3050B
00060404
00F705F1
00FE1401
001F1F07
00050609
00FC0BFD
00F7FFEC
00161D1B
00F4EDF1
00FB08F5
00FCFAF9
0010FC12
00F903FE
00FFFFEE
0001FA05
000EFE12
00FCFF00
00F3ECF0
00FF08F6
0005EF04
000F1022
00FAF2E5
00EFF7EB
00130822
0009041E
0010FBFE
00000208
0004EB13
00FD06EF
0001FCF8
00FB02F2
00EAF5F4
001D2D0E
00FEF30D
00E7EBE1
00ED06CD
001F1E0C
00F20806
00EEF0DA
00FEF2FF
00F4F2EB
00100128
0002FA05
00F0F6F2
00FD0204
0000040C
000F1C1B
00F7FB05
00FCF002
0009F31D
00F8F9FE
00FEF9FB
00FFFEFA
00FFF4FE
00F3EE02
0005F90E
00000107
0004070E
00F8FB0F
0006020C
00121329
0001FA18
00F1FA01
00060916
00010F0A
00F8F801
00ECECF7
0007FB09
000A0302
0006030F
00F60005
00FEFEFB
000C0017
0001F600
00F80407
000BFC0A
0007041C
0001F706
00F7FCFF
00010507
000EF9FB
00F1F601
00020609
00FA08FF
0006FB08
00F30200
00FCF9F5
0005F50D
00F906FB
00020EF6
00030BEE
00F3F4EB
00FB03EC
00080AF5
00F5F2FA
00F6F3F9
00F704F6
00F609F8
00F7F5FC
00F507E0
000209EF
00F50FFA
00EFF7EC
00F7F6E6
000615FD
00F7FCF0
00F0FAE7
00F903F5
000C1AF4
000B15FB
00F608F1
000AFFF3
00021F01
000620F3
00041101
00FB04E9
000602FB
00FB14DF
00011802
00ECDDDB
00FBFA0E
000304F4
00FD0BFD
0000F4F8
00FBFC08
000109D7
00FC0C0C
00010916
00F6F8F9
00FF0FFA
00FA0306
00F8000A
0008060C
00FF04F9
000006FD
00FBF90F
00F10604
00FEFDFE
00F8F6EB
000A0B0E
00F9F815
00F700F3
00F4EEF9
00FCFF06
0006FA1B
00F0EDE6
00FBF307
0007F719
000A0929
00FBFCF0
00090616
00F8F41C
0005FF1A
0011111A
00FC01FE
000B0815
00060300
000EFA20
00040904
00F906FD
001015FD
000E0425
000C1B15
000705F7
00FCFE05
0008FE27
0008130E
00F2F7FF
000C061B
00F90015
000B1414
00E8F7E8
00F1F2F0
0008F719
00030500
00E9FB11
00F9F800
0000FD1F
00FAF201
00F2E905
00FEFC04
00FCF717
00030118
00F5E401
00F6F8E9
00F0F410
00FBFF13
000BFB1A
00FFF4F4
00F70115
00EAEBF7
00FB0109
00FBF4F8
00F3FAF6
00F3F2FA
0000020A
00FFFF08
00FFEEFC
00FCFF04
00030903
00FEFA02
00F2F90A
00F6FE01
0000FDF4
0000F910
00E9FBEA
00F9000A
0001030D
0004F90D
00FCFB01
00050710
00F402FC
00F8FF0A
000DF500
00000003
00FE0601
00F300F7
00FB00FF
00F40DF9
00F905E1
00F40AF4
00000BF3
00F3F609
00F2F400
00FA06EF
00EFF8F6
00FB0600
00F308EF
000A0EFA
00F50CF6
00EE04E4
00FA09E5
00FF0FF2
000B08FD
00FB06F7
00090C01
00FF14E7
00FC09F1
0007130A
00F90906
00FA04FC
000D19F0
00F81102
00FD00EE
00F901F9
00131BE1
00EEFAF0
00FCF703
000D080A
00FC11EF
00F2FCFB
00EFF8F0
00FDF400
000D1FF4
00ECF1F2
00F40210
0011050D
00F404F4
00F3F8FA
00F9F7ED
00051A05
00FA000A
00F906F9
00EE0908
00010A05
000301FB
00F80AEC
00F2FB0B
00F9040D
00FF16F9
00F2FCE1
00F7F20B
00010012
00FF0EF4
00FDFA00
00FAE110
00FDF90B
00F6FFED
00060A16
00FDEC30
00EAD8EF
00F50710
00050A0A
00FAE701
00FEFAFB
000C1832
00FBF6F9
00030E07
00F801F7
00111008
00F5E9ED
00FAFB05
00EDE9E0
00170613
000C0E13
00F3F8F6
00ECEAE7
000D050B
00FEF6FE
00F8F815
00FFFC08
00FDF0F3
00F3E3F3
00F1E905
0007FE07
00F2ECFC
0000F809
00FAF30D
00FEFD0F
00F4F708
00F9F40F
00F8F80B
00FBEDFF
00FAF50B
00F8F707
00EFF802
0008FD04
0006FF04
00ECEFFB
00F50318
00070301
00F3EC06
00F5F5FB
00090507
00FBEAF6
00F9EFF2
00F9FE0B
000C0F09
00FDEDFF
0004FA08
00FB0A13
00FEEDFE
0006FE15
00EFFD01
00F7040E
00FF06FB
00FBFE06
0008FE06
00010411
00FF0AF8
0007F50D
0007FD13
00010202
00FDF708
00FE0BFE
00070811
00FE0BF5
00F7F9E0
00FC10F5
00020B07
00F4FB11
00F80EF4
000D03FC
00F8FCFA
00F3FEF1
00EFF9F9
000106F0
00EDFCE2
00F4FDEF
000303D8
00F613E3
000814E1
00041A07
00010AF7
00FC1AEB
000905E8
00FC1409
0002060F
000C14FC
00FD0CEF
00001610
0005FA02
000111F7
000B1DF0
00F8100A
00FBF400
00FFFCEF
00031BE4
00FB0D05
00F8EB08
00FAF6F4
00081AE8
00F7FEFB
00F1DA01
00FC05F2
00FA02E2
00F502FE
000B0607
00FA07F3
00FE0AFC
00061C10
0008F7FC
00FF0F07
000B130A
00F909FB
0008130E
00F7FB12
000A1303
00F8EBFB
00030805
00F3FFFA
00060209
00F5D9F9
00F6E8FC
0005F30B
00F6FFF2
0000EA10
0001F711
00F6F9FF
00FBFA09
000E011A
00E7F0FB
000A0109
00121E38
00FDE8FD
00E7F1F0
0003F4FD
000D0A0C
00FCE2F0
00FDE906
00FA0C04
0007FFF0
0002EE00
00EFF011
00010305
0002F0FC
0006F20B
00F703FF
00FB0B03
00FDF5F9
0002F506
00FFEE10
00FE0115
0002FC02
00070410
00F7EE1C
00070709
00FBF715
00060011
00FEFC08
00FCF203
00EAF106
00FBF50D
00FDEEFE
00F5F1F7
00FEFD02
00E6DEFB
00F0F10D
0001F0F6
00EAF302
00F3F710
0003020E
0006F818
00FCE3ED
00F90013
00FEF507
0000F5F8
00F7EA09
00F7FA17
00FAFB06
0003FE0F
00F3F908
00F1F606
00F4FFF1
00FD040E
00FBF811
00F8000B
000B0502
00FBFCFB
00FCF904
0000FFFE
0000FBFE
0008081B
0006FC0A
00F504F7
00E6FBE8
000002F7
00F7FF10
00F8F802
00F511EB
00FF01F4
00FD0406
00F3F7E9
000408E9
00100FEE
00F7F7F1
00020C07
00FD11ED
00091AF1
00FFFFE4
00FB0107
00E8EAE4
000212F0
00FC15E8
00021123
00010AFB
0004160D
00FB05EB
00F7FBF8
0004FE06
000D091F
000101E4
00011012
00FEF803
0009FB09
00050BE9
00FB040D
00000B01
00FEFE06
00FC08F4
00F502F4
00FCF415
000301FD
00090605
00F708F2
00010008
0008100D
000A1004
00F90908
000F0310
00090F0F
00050A15
00F5FCEE
00FE1701
00F9FCFF
00142412
00EBD9E3
00FD02FE
00FBF1F8
00041612
00F7E1EF
00F4E9F1
00F0ED04
00F5F805
00FFF705
00F2E807
0005F90F
0001F7F5
00FDF5F6
00030D18
00FDF303
00F9F705
00F9EDE9
00F4E809
00ECF2FE
000BF915
00FFF8F3
00F5F106
00F2E4F6
00F7F403
00F7E3E6
00040217
00F4FBFF
00F9ED08
0000EAFD
000F0DFD
0000F615
00FFDEED
0005EC02
00060B03
00FCF815
00E8E2F5
0008FD0A
00FDFD0E
00F9F30D
00F8F3FE
0009FA16
00FD030D
00FDDE20
00EEF90D
000B0F10
0000050A
0008012D
0005F204
0001030C
00F4E80A
0004F907
0000FEF8
00F8FA03
000C0419
00111027
0003060E
00030615
000BF808
00FDF916
0001FB00
00F9FE0A
0001FCFF
000AF915
00FDFA0C
00EDE8EC
00130B05
00F3F0FD
000C061D
00F3F2F8
00F5F6FB
00FEF514
0004F3FF
00000100
00ECF1F6
00091AEE
000D0013
00F50000
00FC0AFC
000EFFFB
0005131F
00EDF7F4
00FF15EA
0009FDF9
00FD0B24
00F200F2
00FAFFE2
0008FA00
0010010D
00F506F5
000410F8
000CFD04
0003FF09
00FD1010
00030FE5
0004F3FE
00100F07
00FB1317
00F607ED
00F9FD01
000C0B19
000B1F12
00FBFBFC
00F60309
000CF605
00FD0B06
00FAFEF4
0002F312
000F040B
00F40CF5
00F803F9
00F9F21E
00FB0507
00FA03EF
00EFEEF7
00FAFA16
0004FD14
00FB14FF
0001EFF1
0003F707
00FCF5FC
00030F1B
00FEF1F0
0002F60B
00F3FE0C
00010701
00F9FAE6
00F8F2FC
00FA0205
00FE0102
00EDE1EE
00F0F9F2
000C0111
0001FE08
00F7F4DB
00FAFAFD
0004FD10
0003FE0A
00F1ECEE
00FE0A12
00FEFC15
00FAF2F5
00171D2D
00F6ED00
00FDEFFA
00FB00FA
000C0F19
0003F700
0006FA19
00FA01F2
00FE0202
00FDFA09
0006FBFD
000D0EF3
00130230
0005EEFF
00F80C0A
000809F0
000B070B
000B1113
0007FF0C
00050301
000A0D17
00080915
0002F5FB
00F8EC01
000C1221
00F70608
00000F09
00F2EF01
0002FF0F
00F3F7EE
000305F8
0002F804
00FFF6FE
00111811
00F30C0C
00080B17
00F3F113
00041914
00090BF8
00EDE5FD
00F5F100
00111114
00FD0CF7
00F4ED03
00090F13
00060E12
00080BFE
00EBE5F5
000C1314
001B1812
000BFA07
00EBEFFB
000A0C14
00070803
00F60705
00F0FB02
00F4F7EE
0011FF1C
000AFC0B
00000000
0004030E
00F6FBF6
000D020F
00000000
00FEFAFD
00FFF7FE
000D0B02
00000000
00FFFEFC
00F800FD
000C0802
00000000
00F9F9FA
00FDFCF8
00FDFC14
00000000
00F9F8FA
0001F7F9
0010FF0C
00000000
00FBFAFC
00FAF900
00FF0907
00000000
00FBF9FA
00FDF506
00140D0C
00000000
00FBFBFA
00FDFCFA
00051003
00000000
00FAF8FB
00FDF201
000D11FF
00000000
00F9F9F9
00FEF9FE
00FC120E
00000000
00FF0102
00FA0705
000E12FC
00000000
00030307
0007040A
0004120C
00000000
00F6FAFD
000E0303
00030008
00000000
00F8F5F6
000100FC
000B0A08
00000000
00F7F5F7
00060102
00FD01FD
00000000
0000FC02
00FEFAFF
00FBFDFC
00000000
00FEFEFA
00FBF707
001407FE
00000000
00FAF8F7
00FD01FC
00040512
00000000
00FCF6F7
0003F905
00000014
00000000
00FBFAFA
0002F4FD
00101006
00000000
00FBF5F9
00FEFD06
000B110D
00000000
00FBFAFB
00F704FD
00FD1105
00000000
00FAF9FA
00F6FC03
000DFC13
00000000
00FAF7FC
00FB02FD
00110600
00000000
00FAFAF9
00FDFEFD
00110DFB
00000000
00FCF9FB
00F7FAFD
00FE0A0D
00000000
00FBF9F9
0002FEFD
00FF02FB
00000000
00FAF9FB
0003F200
000EFB15
00000000
00FCF5FA
0001F904
0005070B
00000000
00FBFBFA
00FFFA03
00040C0B
00000000
00FCF9FC
0003FA03
000D0804
00000000
00F8F7FF
000A0A12
0002FE0E
00000000
00FB02FF
00F2EBE7
00FF05FB
00000604
00080403
00F6F4FF
00FE01FC
00000000
00FCFAFD
00FBF3F7
0000FFFB
00000000
00F9F7FC
00FDF6FC
00020103
00000000
00FBFAFB
00F9F8F8
00020204
00000000
00F9F7FC
00F9F7F9
00020005
00000000
00F9FFFB
00F6F9FF
00020201
00000000
00F9FBFB
00FAF8F9
00020607
00000000
0000FBF8
00FCFBF9
00000805
00000000
00FBF6FD
00FBFE03
0002FD03
00000000
00060403
0002FD00
0001FD05
00000000
000A0804
00061110
00020602
00000000
000C050A
00040308
00FFFEFD
00000000
00F9FFF5
00FBFDFF
00000A02
00000000
00FAF4F8
00FF0406
00081115
00000000
0002FDFD
00FCF7F6
00FF0601
00000000
000000FF
00F8F8F8
000208FF
00000000
00FBF7FE
00F8F3F8
0000FDFE
00000000
00FD00FD
00FAF8F8
00FEF9F8
00000000
000002FF
00F5F6F8
0002FB04
00000000
00FFF900
00FAF6FA
00000302
00000000
00FCFAFC
00F7F5FD
000204FC
00000000
00FCFBFC
00FAFAFF
00010702
00000000
00FBFBFB
00FAFBF5
00020701
00000000
00FDFBFC
00FBFBFA
00FFFFFE
00000000
00FCFAFC
00FAF6F7
00020006
00000000
00FBFFFD
00F6FDFB
00020403
00000000
00FAFBFA
00FAF7FA
0002FEFF
00000000
00FEFBFD
00FCF2FB
00020206
00000000
00FDFAF8
00F8F7FC
00FF0806
00000000
00FAFB00
0006F9FC
00010603
00000000
0006F8FE
00081911
000A0F11
00000000
00020B0F
00FEFEFD
000E0310
00000704
00FFFEFF
00000000
0004FCF9
00000000
00000101
0000FE03
0003FDFA
00000000
00030302
00FFFD01
00FDFFF9
00000000
00FF0102
0000FC01
0007F808
00000000
00020102
0000FF01
00FDF5F9
00000000
00FF0100
0000FF00
000501F8
00000000
0001FFFE
00FEFDFE
0007F80C
00000000
00030304
00FDFDFE
00FCF702
00000000
00040104
0004070B
00FDFD06
00000000
000B0F0E
0007080F
00FB05FE
00000000
000E100F
000E1616
000F0012
00000000
000D161F
00FD0608
000B0900
00FAF6F7
00030503
00F5F5F5
0006FE09
00000000
00FAF8FA
00FC0300
0000FE08
00000000
00050308
00FAF2FE
00FBFCFD
00000000
00100C11
0001060B
0004FD0D
00000000
00090C05
00FF0200
00070B12
00000000
00050807
00040307
00FE03F4
00000000
00040509
00010202
00F6F2F8
00000000
00040904
0000FD00
00F9F8FF
00000000
00020203
0000FD04
0004070A
00000000
00040405
00000001
0001010A
00000000
00020301
000001FF
00FC0A09
00000000
00010402
00FFFF03
0005FCFF
00000000
00030103
0000FFFF
00FB0401
00000000
00010203
0000FC01
00FBFC0A
00000000
00010401
0000FE01
00FE0202
00000000
00020102
0001FC00
00FDF5FD
00000000
0001FD02
00FF0301
00FCF70A
00000000
00FF0002
00020704
00FE00FA
00000000
00FC0F0A
000B1210
00001412
00000000
00FD0E00
00FEFEFD
000F0A10
00000704
0001FEFE
0001FE01
00FDFB0C
00000000
00010103
0000FFFF
0002FBFE
00000000
00010101
0001FF04
00000802
00000000
00020302
0001FD02
0006F601
00000000
00FF02FE
00FFFF04
0006FA02
00000000
00020201
00000102
0000FB07
00000000
00FFFE00
00FDFF00
000104FE
00000000
00020504
00FFFB05
00FAFB07
00000000
000A0D13
00020202
0000F202
00000000
00010401
00070405
00FDF70A
00000000
0016221A
00050A0C
000A0508
00FF0100
000A1416
00FB02F6
00F40004
00000100
0005FD13
00FBF5F9
00F3ED02
000000FE
00FEF6F9
00FDFC03
00F20304
00000000
000300F9
00F7F403
00000304
00000000
00F9F104
00040809
0006F2FB
00000000
00FEFAFF
00010406
0005FF05
00000000
0006070B
00000501
000F1213
00000000
00F9F3F9
00FBF8FB
0007FA0A
00000000
00010C04
00020402
0002FDF6
00000000
00060906
00FFFF00
00FFF7FB
00000000
00050804
00030106
000405FC
00000000
00040508
00010404
00FD0DFC
00000000
000205FF
0000FF04
00070001
00000000
00020502
0000FE00
00020BFF
00000000
00000304
00FFFF01
000804FE
00000000
00010101
0000FEFE
00FDFFFA
00000000
00010104
0000FE00
00FC0704
00000000
00020005
0000FF00
00FDF70A
00000000
00010102
00FD090A
0000FB00
00000000
00FA110A
000B110F
001302FF
00000000
000FFAF9
00FEFEFD
000C1208
00000704
00FEF804
00FFFF04
0007FBFE
00000000
00010000
0000FF03
0002F905
00000000
00020101
00FFFF01
00FE0901
00000000
00010301
00FFFE04
00040705
00000000
00FF0001
00FFFF05
0003F90C
00000000
00FDFF00
00FCF9FE
0000F6F8
00000000
00F7FDFC
00F8F7F8
00FBFCF8
00000000
000103FC
00F3EEF9
00F1F9F8
00000000
00040106
00FBF6F4
00FBEDF6
00000000
000FFE0A
00F8F4FC
00F0EAEB
0000FF00
00FB020D
00F9F7FE
00F7F0F4
00FDF8F9
00FAEFF6
00F0EAEC
00FA0AF6
00FBF4F8
0002FF00
00EFF2ED
00FFFBF8
00F8EEF4
0005F9F8
00FEF70A
000804F5
00FEFAFC
00F2FCF4
0001F2FA
00050B0E
000000FF
000403FC
00FE0E12
00061011
00000000
00F5F6F3
00010506
00FEF609
00000000
00FE0D02
00080917
00FE0D12
00000000
00030A02
00040C11
00071118
00000000
00040806
00050C11
00000601
00000000
0000FC02
00FDF9FA
00FDFCFF
00000000
00070B06
00FEFCFF
00FAEFFB
00000000
0008080C
00020002
00FEF6F8
00000000
00050705
00020001
0006F703
00000000
00000500
00000301
0006FC0C
00000000
00030300
00FFFE01
0002FEF9
00000000
00000501
00FFFDFE
00FCF9FA
00000000
00010503
0000FD01
00FBFBFB
00000000
00010501
0001FE03
00FDFD06
00000000
000202FE
00010102
00FDFBFD
00000000
000C0D0A
000B1211
00080D05
00000000
000B0B0A
00FEFEFD
000C1308
00000704
00FF0404
00000002
00FEFA0D
00000000
00010103
0000FF00
00FDFEF9
00000000
00010000
00FFFD00
000402FC
00000000
0000FF03
00FFFEFF
00FBF4FF
00000000
00FEFFFD
00FDFEFE
00FFFAFD
00000000
00F9FAF8
00F7F8FB
0000FFFE
00000000
00F8F8FB
00EEE6EA
00F8F8F4
00000000
00F9F7F6
0003FF05
00FAF0F7
00000000
00090E07
00FE02FA
00EFFBF1
00010000
0005080A
00FEF7FF
00EFF7EF
00FBF3F6
00F7FB08
00FDF714
00E6E0E0
00F8F3F0
00FCF3FB
0004F503
00F2F4EC
00FBF8F7
00E6EAFC
00040701
00FDFCF6
00FBFD03
000F0C11
00F6FFF6
00FDFC09
00FCFBFD
00F509FD
000A0802
000208FD
00FDF4F8
0001F4FE
00000904
0010190D
00FFFCFD
00FD02FD
00070D04
00010208
00FEFBFC
0008FDF7
00FCFBFF
000A0606
00FBF9FA
00F9F601
00121C1A
00FAF7FE
00010005
00010301
00051412
00F805FE
00000000
0007110F
00071212
0002070F
00000000
00060206
00060B0C
00141B21
00000000
00090A03
0003FF04
00020800
00000000
00FB01F8
00010302
0003FB00
00000000
0005070B
0000FDFE
00FDF508
00000000
0000FFFD
00FFFBFE
0002FAFD
00000000
0002FE03
00000004
0002F403
00000000
00010505
0000FF01
00040404
00000000
00010002
0001FFFE
0006FE06
00000000
00010200
0000FC00
00FEFEFF
00000000
000FF905
000B1110
000DFC15
00000000
00FE0601
00FEFEFD
00020F14
00000704
0004FF00
00FFFF01
00FB0102
00000000
0001FEFF
00FFFE00
0004FFFC
00000000
00010100
00FEFCFD
00FFFEF8
00000000
00FDFAFC
00FEFDFF
0003FB04
00000000
00F9FAFB
00FBF9FB
00FC02F8
00000000
00F2EFF0
00F5F8FB
00FEFAFC
00000000
00FCFEF9
00ECE9E7
00FAF8FD
00000000
00F805FD
00F9F9FE
00FF0603
00000302
00070409
00F9FF04
00F1F602
00020601
0007FD00
000C00FD
00FBEEF4
00F7FBF5
00F700FC
000C0B05
00ECF2F3
00FAE5E8
001605FE
00FDFA00
00F2ECEC
00FDF9EB
00130914
00FEFC02
00FDF2F5
00FE03FB
00070B05
0008FFFE
000202FA
00F9E8EF
00FD1303
00180C02
0004030A
00FFF1FA
000607FC
00FD0100
000C1101
00FF03FF
00F7F204
00010806
00030906
0007110B
00050211
00F0F301
00FB0B07
00030705
0004060B
00FB0102
00F80206
0006050B
000C0D0A
00FFEFFE
00000D02
00010204
0013150F
00FCF7F9
0003060B
00000000
000E130F
0005040D
00040C00
00000000
00040B06
00F9F1F6
00FC09FD
00000000
00010804
00010000
00050709
00000000
00070E09
00FDFFFE
000003F8
00000000
00FFFEFF
00FCFAFF
00010905
00000000
00020503
0000FF00
0001F6FC
00000000
00010200
00FFFF01
00000503
00000000
00020105
0000FD01
0003F905
00000000
0002FDFF
00FB0106
00FFFCFA
00000000
00F80EFD
000A1112
0001FC13
00000000
0004040B
00FEFEFD
000D1313
00000704
0000FDFE
0000FDFF
0004FAF9
00000000
00010300
00FFFDFE
00000AF9
00000000
00FBF7F8
00FEFFFA
0003FDFA
00000000
00F8F4F2
00FDFCF9
00050307
00000000
00F4F5F3
00F3ECEE
00FBF2F8
00000000
00EFDFE4
00F4FEEC
00000A04
00000000
00FDFE03
00F5FBEB
0002FC08
00000000
000D0B0F
000C0815
00EEE6ED
00030B0B
0002F3F9
0006F800
00F2EEF6
0002FBF9
00FA10F7
00FAFCF7
00EFEEEF
000B0B05
00F1F300
00FCE6FB
00EAF503
00081008
00F903FB
00F6E2F8
0003FD00
00FD01FB
00FB04FE
00F8EEEB
00F8F9F8
0003FE0D
00FF0F0C
00EBF9E8
0006F0FD
0003070B
000A0C12
00F6FAF6
00FCEFFD
00FCF8EE
00161B1C
00FAEFF8
00FE01FE
00FDF2F1
00152313
00F2FFFF
000203FA
00040408
00F6F7FD
00F606FD
00FCF702
0006040A
00F8EDF5
00FDFDF6
00020119
00061509
0000FCFC
001006FC
000B0710
0000F902
00FF0301
00FD06FD
00FC00F8
00FFFEFF
00020205
00F8FAFD
0002F707
00000000
0003FE06
00000405
00FF0201
00000000
000C1010
0000FB04
00080102
00000000
00080E0A
00030405
00FC0B02
00000000
00020202
00FFFFFE
00010B0B
00000000
00030304
00FFFE00
00FD08FC
00000000
00060706
000001FF
0006FE03
00000000
00000100
00FF0001
0006FDFA
00000000
00FF0100
00FFFB08
00FCFC00
00000000
000502FB
0009120D
00FCFE0E
00000000
00020611
00FEFEFD
00100804
00000704
00FEFE01
00FFFEFD
0007F503
00000000
00FF01FE
00FEFDFD
0007F6F9
00000000
00FBF2F3
00FDF9F5
00FFFA00
00000000
00F4EBEB
00FDFCF6
0003FE04
00000000
00F0E7E3
00F6F5F1
00FCFFFA
00000000
00ECF5FA
00FE02F7
00FF0702
00000301
00FDF1FB
0009FDFF
00FE070E
00040607
00F0F7F0
000604F8
00F3F9F3
00FBEFF1
000101FA
000005FB
00F4FD01
00F7E3F4
00F200FD
00EFF000
00F9F3FF
0009FB0B
00091012
00E8DDF3
00F0EBF7
00F3F8F2
00120E0B
0005F600
00EBFCF0
00FFFBF3
000AF90E
00101808
00ECEBF3
00F2EBE9
000BF40C
000A0613
00F4FAF5
00FCF201
00001810
000A0A02
00090004
00F8F9F2
0010FC0E
00F1F3F8
00F6F7FC
000106FC
00FE1412
00020209
00FAFBFF
00F7EFF7
00EFFD0A
000E0E06
00121413
00020B05
00F9FBF9
00F1F000
00F6F40A
00020E03
00FE00FF
00FEF004
001C142A
00FFF504
00060200
00110B11
0017111E
00080710
00F7E9EE
00FF070B
00FB050E
00020303
000003FC
00FDEA02
00FFFCFB
00000000
00080A1A
0001FD09
00FE100F
00000000
00081106
00FDFDFD
000C0606
00000000
0010130B
0006090B
0007FBFF
00000000
00040407
00020405
000107FF
00000000
00020204
00010104
0000FD03
00000000
000102FF
0001FFFE
00060809
00000000
00020101
0001010A
00FE04F7
00000000
00100104
00091410
00110413
00000000
00FCFD12
00FEFDFD
000A060C
00000704
00FFF7FF
000001FF
0002F90C
00000000
0000FAFD
00FDFBFB
0006FF08
00000000
00F4EBF3
00FCF8F8
000109FA
00000000
00F3EDE9
00F8F6E5
00020200
00000000
00F8FCF1
0005F9F0
00FFF2F5
00000000
00FCEF03
00151C14
00050EF7
00030806
0005FC03
00EEF602
0002F1FF
00F8F8F9
00FCF9F2
0000F7F2
00FDF4EE
00FD05FE
00150501
00FEF3EA
00FAEAFF
00F5E4F8
000C0511
00F5EDF0
00F4F5FA
00F9E4F5
00030120
0001F401
00FFF6EB
00FBFDF0
000C120C
00F5F3FB
00F9EBE8
00050A04
0006F903
000B07F2
00F7EDEC
00040704
00050305
00090FF8
00F8EFF9
00FE00F7
000B0810
000005EE
00EFF7F5
00FEFDFE
0000FC00
00021004
00FCF900
0001FDFC
00F71013
00F8F602
00FEFE0B
00FBF0FD
00031406
000D0B0A
000F1405
00FBF70F
00031010
0009091B
00190E0B
000B1811
000A070F
00151618
00110804
000C1C12
00F4EDEB
00060A0F
000A1E1B
0007FE0E
00F7F5EC
000802FD
00061504
00060608
00FDFD0C
0011150F
00F4F1FF
0004120D
00050A07
0000F4F5
00FE00FB
0000FFFF
000A160A
00F8F1F1
00FB03FD
00000000
00101916
00FDFDFD
0008110E
00000000
00141E16
00FDFCFE
00020D11
00000000
00010102
00000101
00020BFD
00000000
00010000
00FEFDFF
000001FB
00000000
00050404
0000F902
000004FE
00000000
00080AFF
000B1010
0012FF02
00000000
0010090E
00FEFDFC
00040A0C
00000704
00FEFB00
00FFFEFE
000401F9
00000000
00FCF7F3
00FFFCF9
00FDF6FC
00000000
00FAEFEC
00FCFCF4
00FBFC0A
00000000
00F1F3DE
00FEFEF7
0001F0F7
00000000
00F70DFA
00FA02F5
000703FF
00000000
000506FF
00F9EFF0
00F901EF
00FDF8F3
00FA06F3
00EFEAED
00FCFE01
00EDE8EF
0005FDF7
00F2E7E3
00F702ED
00E6E7DC
000E1102
00E2D6E5
00F9F3F3
00EEE3EB
00FE0E0C
00F5EFED
0000F101
00F5ECF4
000AFC04
00FCEEFF
0000F400
00FAFBEB
00020700
0002F2F3
00E8E7E8
000D1A0D
00101704
00080503
00F8F4ED
00090C0E
000B0F10
00100B09
0004F208
000B11FF
000D13F9
00FCF904
0003F803
00030C07
00FA0EFC
000A190E
000B070C
00FD03EA
00FE100F
00090208
00020F0C
00F5EDF0
0020171D
00040106
0003121C
00F3E8FD
000E1C10
0001FCFF
001B141A
000A1312
000E1A16
00121514
001A1619
001B271C
00F3EBE5
00011B07
00041114
00FB01F9
00F4EEF2
00FFFEF3
00180101
000A04FD
0003F501
00FE0E0C
00051200
0001FE01
00FEFFFE
000219FF
000E100E
00020504
000E1714
00040A01
0009FEFE
0001F7FA
00050D04
00080F0B
00060601
00000000
000F1716
00FDFBFC
000305F9
00000000
000C1416
00F9F4F8
00060400
00000000
00FFFF02
00FFFEFF
00050F0D
00000000
0001FFFF
00000502
0000FDFD
00000000
00F90BFD
000B1110
00FCFC0B
00000000
00070710
00FDFBFB
000C0E0B
00000704
00F5F5F4
0000FDFF
0004FDFF
00000000
00FDF0F2
00FDF8F7
00FFF6F6
00000000
00F7F1F6
00FEFEF9
0001FAFF
00000000
00FAFDF5
000112FE
00050201
00000000
00F90EF7
00090801
00FFECEA
00010000
00FFF7FA
00E9EAE6
00FCEBED
00F5EEEA
00F20009
00F7EAEA
00F3F0E1
00EDEAE8
00040DFF
00DBDBE0
00E7DDEA
00F2F2F2
0008F0EE
00EFF0FD
00E8E8E4
00FBF3FC
00040F0B
00FA07F7
00F4D8ED
00FCFEF0
0000F607
000703FE
00F0E5EF
000E1611
00031300
000D0015
00EFD8DE
000C10FD
0002F704
00050300
0004F9F4
0001FF01
00FA04FF
0008020E
00F9FE00
00FB03FF
00FF0200
00FE0BF3
00FFFF0A
00040F02
00131506
0007131B
00FF1117
00100812
00040B05
00081C19
000409F8
00F4ECFC
00060014
000A0603
0004030E
00F8F3F8
00181617
00070EFF
0015171D
00050414
00101004
00110F0A
00181F15
0003FD10
00F3E7F5
00080B18
00090905
00F704FA
0008FBFE
00132418
00110213
000B150B
000C050D
000B0A0A
00071A16
000307FC
00F7FAED
0005FDFE
000F0A17
00010101
00F9F2F5
00172024
000F1218
00FF0100
00F601FE
000B120E
00071814
00000000
000F1112
00060504
000C1714
00000000
0009140F
00FDF4FA
000100F5
00000000
00FBFBFC
00FFFCFE
0002FFFD
00000000
00040406
00F90002
00FFFA01
00000000
00F7F601
00090D0D
0001100F
00000000
00070504
00FDF9FA
000E1713
00000704
00F1F2FC
0000FCFE
0006F903
00000000
00F6F7EE
00030303
0001F303
00000000
00010700
000108FA
000604F6
00000000
00070202
00010BFE
0002F4FE
0000FFFF
0004FBF9
00FC03F6
00090701
000105FC
00F7EFF2
00FBE8F1
00EAF4F7
00FD03F2
00EFF1F9
00EAF6F7
00DFE0E8
00EAEBE3
000C0803
0008FC0E
00F7EFEC
00F1F3F9
00100BFD
00FB0702
00E2E5F7
00070007
00F207F0
000F12FA
00FDEEF1
000E0B08
000C0200
00FCE9F9
00DEE4E3
00142012
00FE0DFB
00FDFB00
00E1E7E7
001C1E27
00EAF2F0
000AF7FC
000C0B07
000407F8
00F3F2F7
00090DFE
000DF8FC
00010609
000C1B18
00171E27
00081206
00060902
000D14FC
001C201A
00050E06
000407F6
0002FFFC
000E080A
0017FF0D
00ECEAE7
00161E0E
000E1716
00F8F7FF
00F3F313
00070F03
00171719
0010181B
00FDF70B
00151008
00131E16
00171D15
00FC0AFD
00F5F5F0
000E1B0A
001B131A
00030F0D
00FFFA02
0011211C
00102713
000916FE
0005000D
001D2521
001D1409
000B0503
00F4ECE2
0013100F
001D1119
0007140E
00FEF8FC
00090808
00151814
00FF0201
00FD0600
00F8F6F6
0001060C
00000000
00121011
00FFFF00
00010F09
00000000
000E1318
00070F0D
000B1910
00000000
00FEFEFE
00040905
000507FD
00000000
00FCF9FB
0002030A
00010D09
00000000
0000F60F
00090F0E
00FF1200
00000000
0001050F
00FAF1F3
000A1314
00000704
00EEF9E3
00000200
00FDFEFA
00000000
00FBF6F0
000A0F0B
00F8F801
00000000
00080401
00080AFF
00F6F3F4
00000000
00100A05
000A0C02
0002FD00
00010303
00F0EBF5
00FAEEE6
00F7FDF9
00F8F0ED
00F8EAF5
00FFECF3
00EEEFDD
00F7FDEE
00F5F3FC
00EFE6EA
00F4E1E4
00EFF2EC
00FEFA0A
00F9F2F8
00EFF703
00FEEA04
001A080A
0000FB03
00F9ED00
00FFFCFE
00F602EB
000F0AFB
00F9FCF4
000A1114
00F7EEF5
00F3DDE9
00E3E2ED
00FB0D00
00F2F0FC
00F2F105
00EDEFFF
00061514
00EFE6F0
000B0907
00031106
00060F0E
00F9EA0D
000000FA
000B0F02
000A170A
0003FE17
000B2311
0011FF15
00060B0A
000E170A
000F120C
000205FF
00071102
00061A0A
001E1F0F
00FB0C10
00F1DEE8
0005131C
00132622
000BF100
0000020E
001D2423
00151206
00150A10
00FF000B
00F3F8F7
00192715
001A0C17
000BFD05
00F1EEF4
00181714
00201B07
000C100F
00020B07
001B1D0F
001E0F10
00FF0D00
0004F90A
00172720
0015151A
0006160C
000A0C07
000B1A19
00172026
000D1001
00FEFEF2
00F501F1
00201D1D
00051812
00FD0603
00081007
00010704
0000FF00
0015171C
00FCFAFB
0000F9FC
00000000
00091515
0000FC06
000F1707
00000000
00FF0904
00FF0200
00030C09
00000000
00FBFAFD
00FEFF07
00070708
00000000
00050DF8
00050B0A
00FC040E
00000000
00020406
00F6E2E6
0002FF10
00000704
00F3E5E8
00F8F3F3
00F6F4F2
00000000
00FBFBF4
00051108
00F4F6EB
00000000
00110D07
00040603
00FAF7F5
00000302
00FCFF09
00F903F8
00F8DEE0
000A0F0F
00F4EDF8
00F1E5E8
00F3EFFA
00F7F6F6
00FBFFFB
00FDEE02
00F8F0F6
00EFF1E7
00F2FCFB
00F9E6F7
00EBF3F3
00F9EDF6
000106FD
00FBF8F6
00DEF0F8
00040101
000BFB05
00FB0A07
00FB08FB
00010A01
00FFF1E8
00FDEDF6
00EDE3E3
00FCEEF8
00EEF800
00E1E0E6
00DEF3F7
00FF01F1
00FB00FE
00F90FFB
00080BFB
000D140B
00EBE5E9
00F7F4E3
000700FF
0006050A
00FBFEF5
00E9F5F7
00071615
00F5F5E7
0004F2F8
00FC0A11
000A030F
00F9F1FF
00FAFEFF
00040303
00110403
00EDF6EE
00F8F50C
0003FE11
0005FC10
0007F803
00051A04
0012121F
00FD06FA
00FBFBF4
0001080B
00151311
00090817
00FFF106
00FC0808
000D1D17
00FA0D09
000D140F
00FF15FE
00070E07
0014210D
00FCEBF3
00F704F6
000C2102
000E1615
00060D04
000403F4
000A1714
00182918
00151C0E
00090200
00F3F4EE
0013180E
0006F400
00FD01F2
00F9F3F2
00232108
00000A02
000302FB
00060CFE
0005180F
00000000
0010110C
00000200
00081906
00000000
00FC0C04
00090F0A
00090110
00000000
000001FA
00030505
000E191D
00000000
00F7F1F8
00000305
00060F13
00000000
00F609F5
000D110F
0008FF02
00000000
00020D0F
00F7E3E5
00070409
00000704
00E6F2EC
00F4EFEE
000106F6
00000000
00FF01FA
0006120B
00F2ECF1
00000000
000E1302
0006030F
00F7ECF2
00FE0402
00F8F109
000BFCFE
00F7FEFF
000000FE
00F8EAF1
00F8FBFE
00FEE4F0
00FB05F6
000C0F03
00F8E6F8
00E5FBE3
00F9F1EF
00FAFC09
0003F601
00E8E6E8
000C0314
0002F909
00F3EDEC
00E7F2E7
00091713
0004FDFF
0003FEF9
000B070F
00081108
00EDE5FB
00F6F2DB
00E9E3EB
00F80408
00F5F3DF
00E6F1F4
00E9FFF3
00FB06F6
00010304
000E020F
00FEFF08
000E060E
0004F7FF
00F3E5EE
00070804
00050F03
00F9EAFF
00F8F000
000D1418
00090A0A
00060B05
00040E06
00070D0C
00FBEEF2
00F4EBE9
00FAF80B
00031D0E
00F1ECE1
000B060E
0007060D
000200FF
000411FF
00191E11
000E160B
000108F7
00F0F403
000A1123
001A1A12
000DF6FD
00F4EB0B
0016160D
00FEF3ED
00080500
0004F200
0015201B
001B2C27
00070B07
000D0510
00101E22
00170B08
00030B0D
0008130A
0004FEF5
000C0F15
00191410
00151C10
00120F0C
00FF06F3
000C1611
0001FAF9
00F7F4DE
00F9F8F0
001E1112
00FDF9F3
00FCF6F7
00F4E3DC
0009120E
00060806
00131717
00FDF7FC
0012210B
00000000
000A110B
00020304
00212627
00000000
000D0916
00030506
00122613
00000000
00FCF9F8
00FCFF08
000A150C
00000000
00060602
000C110F
0013FD04
00000000
0009FB08
00F5DCDF
000E1519
00FF0705
00F9F5EF
00FCF6F8
00FBFF00
00010202
000308FF
000B0E06
000001F8
00020706
0008FA03
000F130D
00050BFF
00030B09
00FAEC02
00FFF2EC
00010D00
00020B06
00EAF0FB
00F901FB
00FDFCF5
00F4F5ED
0003F3EF
000006FC
00F0F1E6
00FD00FC
0008FD05
00FB0A06
00E7F6EE
000B1C11
0000F308
00FCF2FB
00030003
00F8F2F2
00F5F5F7
00F2FBFE
00FFF7FE
000C0E0A
00E6F4EA
00F1EEF0
0007FA02
000AFF01
000A05FE
00EBEBF6
000E0C05
00060203
00040A00
0007FF01
00FE0911
0008FFFC
0003FA01
00E4E6EB
0010FE02
00F107EE
000F0300
0002FB01
00FAFEF9
00EFEDF1
00FFEFEA
0011000A
0000F3FB
00E2E0D8
00FD0805
00191F23
000D020A
00FFFEFC
0000F709
00FFFF0A
0016170E
0000F7F8
00051408
000A0D12
00FA0D0B
00F000FD
00040203
000514FD
000B0808
000403F8
00070D0E
000805F5
0008090E
00F2EFE3
001D1F19
00160E0C
0008F7F4
00051106
000114FF
00180B15
00090812
00081109
00161AFB
000E1D12
00150812
00081508
0004FFEF
00090601
000F241A
00000FFB
00F9FDF2
00FBFAF7
0016200E
000603FE
0003FEF7
000700F4
00FE0905
00060906
000A0804
00FDFAF4
000113FB
00000000
00182718
00FCF4F6
00091110
00000000
000E170C
00010304
00131819
00000100
00080B0C
00000502
00070F11
00000000
0009FFFC
00070C0A
0009120F
00000000
0011090F
00F7E7EA
000E0C0D
00030505
000107F7
00F5F1EF
00050CFC
00050706
00151208
00FCF4F9
000909FD
0002FDFF
0011070F
00EE06F8
000B0D10
00000101
00FB05FB
0002FDEE
00F5EFE9
00F800FA
00F1FBFD
00F8E3FA
00F3F704
00F602FA
00F9FE05
00F5FE03
00EDE4F5
00F1F0FC
00FAFC04
00F6F9F0
00FFF4FB
00F7FFF4
0004EF04
000A07FD
00FE040A
00030107
00F5FEF7
00F3FA0C
00EF0709
0004FD04
00F7F6E8
00E5EFF1
00091007
00070B19
00ECE601
00E5F2EA
00080011
000BF603
00FEFE00
00FBFDF9
00FD0EFA
00EEE7FD
0005FFFC
00F8F2F4
00FD07F8
00FAF4F7
000506FF
0000F9F6
00FBFC06
00EFEDF1
000C0D02
00FF01F1
00FE0BFF
00FEFF04
00070109
00FFFCF9
00090407
00F80B01
000001FE
00FFF705
00110201
00EEFEDD
00FFFE16
0006171B
00140A17
00ECE6EF
00F2DCE5
00FA00F4
00F7FEF4
00FD150A
000A0103
00040600
00FFE8F5
00FC05FE
00060D04
000615FA
00FEF5FD
00FA06FE
00F50BF6
000E1D1B
00130306
00F2F4EC
000802F7
00001505
000D1406
000000FF
00FE0EF9
000E0803
000C0004
00F4F8F5
00090BF8
0000F8F2
0009120B
000507FD
00F3EDE9
00F7E3DA
00082406
00060B0B
00F4EBF2
00FE06F7
00050905
00000000
0015211E
0007080E
0011150A
00000805
001A211F
00010104
0021282C
00000000
00070D0B
0005FE03
0008170A
00000000
000E0101
000A0E11
00070208
00000000
000C0A00
00FBF6F6
0006190B
00FFFFFF
0005170A
00FCF4F0
00FD0F04
00000100
000F1319
00040506
00FF05FB
00FEF9FB
000C13FF
00FDF3FA
000300F4
00000203
0003F70A
00FDF9FF
00010AF4
00F9F8F9
00F5EEF6
00FBEBEE
00EFF8F9
00F7FD07
00050101
0002F5E5
00F908FC
00E8ECE8
00060907
00EC05E8
0007F6F6
0000FBED
00F5FD13
000A0E08
000D1502
00F80005
00F9F2F8
00F306F8
000B0205
00070301
0001FAF2
00E8E2EC
00030F06
0002FB08
00EFDAE2
00F3F2F9
000F000F
00FBF9F8
00EDF5E4
00000A0C
00FE000A
00F1F5FD
0002F901
00FA0E0A
000700FB
000D0706
0002020D
0003F5FD
00F6FAEC
00FFFEEE
00F9F108
000B040E
000500F2
00FB00FE
000B1D21
000A04FB
00FC0D01
00FFFDFD
0013140B
0012151B
00FF1314
00F1F8F2
00FEF8F7
00192C22
00FE1111
00EBEEDB
00E2CCE1
0004FD08
00F3F10A
000E08F6
00F2E9FB
00FDFFFF
0001F1FB
000003F5
00151F06
00FFFFF7
00F10005
000E2312
00F9F6F4
00101A13
00021511
00F30501
00FD0F00
000C1C09
000A0B05
00F60707
00FD0506
00050201
000D1510
00F8F6EE
00F9F8F7
00070D02
000D110C
000505FE
00FBF6EC
00F7EEF2
00F209F8
00090D0B
00FCFEFD
00FCF6FC
000201EA
000000FD
00283C2E
00FAF6F6
00FFFCF3
00030E09
001D2A26
00FFFD02
00080204
00000000
00000101
00FFFE06
00040803
00000000
0008F7F6
00090C0F
0012FC14
00000000
0014FDFA
00FBF8FA
00091009
00010503
00090F09
00040306
00030F0A
00FCF9F9
00040008
00F7F3F2
000D0210
00010908
0007FF13
00EEF802
00FFFC00
0007140E
00F70A05
0004FCF4
00150511
00FF0505
00ECF3ED
00F0E5EF
00FFF6F8
00FF0B09
00EAF8DF
00F9FEEB
00F4FE05
00F800F8
0000F5FB
00F803FF
00F1ECF0
000109FC
00FAFD11
0001FFED
0008FE08
00F4F3F8
00F7E802
00E0E8F7
00010AF5
00FB070B
00F90BEB
00EDE3E5
0007FE06
00F5F1FF
00F4E7E0
00E2D7D6
00F7020B
00000408
000505FB
00E4DCE1
0004F1F5
0002FDFD
00F9FB08
00F90200
00F9F7FB
00F4F1F6
00051309
0012130E
0003FBF7
00FA03FD
000207F7
00F80809
00FDF7FD
00FFF907
000B0A0F
00131620
00F5F0FD
000C0504
00112526
00111210
00150D05
0003F50D
00030304
00131E1F
00020603
00F7FAE8
00FAF9F4
000D1713
0004F209
00FFF2E9
00090A12
00FAF9FB
00FAFBF3
0002F8FA
0010260E
00151318
000AFEF5
0009190C
00FFFDF8
0011220B
00F505F8
00FBFA0B
0010FFFE
0001F503
000CFF10
00F0D7F8
000200F6
0002020A
000405F9
00F90202
00FCF9FB
00FBF6EF
0000FBF5
0002F5FB
00FC04FC
00F3EBE6
00080E06
00070E09
00050810
00F90402
00FB08EE
0001FFFA
0000FC07
000409FD
00FAF8F2
00020A03
000A1110
0000FEFD
00FBF5F5
00000000
00060608
0006FFFE
00050301
00000000
0000FD0D
000A0D0E
00100004
00000000
0005FD04
00FFFE00
00040503
00020907
000B090B
00FDFF03
00031109
00FE0301
00080CF7
00FEFCFC
00F70302
00000402
00131404
00F5FEFE
00F1FCF0
00070F0C
00FA0C00
00F406F8
00F900F7
0005090B
00E203F4
00FFFDFA
00FD0904
00FBF3FB
00EAF3E2
0004FAF9
000D1209
00FDF4F3
00F802FA
00040707
0001010B
00010007
0004080C
00051008
00FF1AFD
00FFFC00
0001E705
0000F504
000E0908
000BF70D
00E9E7E9
00DAD2DF
00FF080A
00F7050E
00F4EAE6
00D7CEC0
0009FA0E
00FF05FE
00F3F3EF
00E4CDD3
00F0EDF6
0001F9FC
00142311
0011F80E
00F5F7FC
0006F0FF
000E1618
001A151D
00F7F205
000D0101
00091615
00101D1B
00F602F8
00F8FBFF
00020AFF
00111B0C
00FA0210
00F4F5EB
00051604
001D1C1C
00070607
00F3F10A
000301F9
00111C1D
0006FDFE
00E4D6DD
000C130E
00FAF00C
0005000C
00EDFCE2
00142A2B
00070101
000E0903
00F100F5
000DF2FC
00F8F309
0002070C
0009140A
0007100B
00000C14
00F8FFF2
0001FB05
00130413
00FEF7FD
00000C00
0005F4FA
00FDEB00
00020E07
0001F6F9
00FCFC04
00F6EAE9
00FE0B0A
0001FF0B
0007050C
00F6FAEB
00F4F1F5
00F400F8
000201FD
00FD00F7
00F8FB05
00FB06F8
0001FFF7
00FFF700
00000BFD
00F6EFF3
00FF0002
00FBF6FA
00FBFAF5
00FAF4EA
00FD00FE
00FFFEFC
00F8F8FA
00FEFDF5
00000000
00F9040D
00080E0D
0008070B
00000000
000EFC0F
00F7F1F0
00090E0B
00FF0505
00000EFB
000203F9
00080607
00000B07
0004FFFD
00FF0301
00FFF80B
00000308
00F40302
000E0D09
00F80AF9
00030A09
000003FC
00F904F2
00030B0C
0008120F
00FEFEF0
000009FE
00F50505
0002FF06
00EDF8FB
0005FBFA
00021609
00FEFAF2
000B1203
000809F9
000F0B07
00FA06F9
000FF407
00080410
00FD0901
0006F506
00E7E9FF
00F5ECFF
00FDFEFF
00F7F7FA
00FDF2FE
0003F2F5
000AFE13
00F60D11
00EFE7E2
0010080B
0000FA07
00EDFDFC
00FBF1EC
000C1813
00F5FAFB
00FE02F0
000C100C
000A1E10
00F2F2FB
00F1EAF1
00161C1E
001F2217
00F5F2FB
00EEFFDF
0006090A
001F1D1B
00FCF500
00F004EC
000E1C1A
0017301A
00F8FAF3
00ECEAF5
0012241D
000C0D14
0002F6FD
00F3F307
000B14FB
00071404
0007050B
00F9FCFC
000B210F
00173022
00100A04
00D6E8DE
000E130A
001A1622
00070D04
00FBFC03
000A0C0D
00030003
00F601F1
0006FDFF
0006080E
00FF0103
00F9FD07
000CFB04
00F4FAF5
00070D0B
00F500EF
00FEFFF8
00F7F4F2
00FEF905
00FCFF00
0002FFFE
00FFF805
00F3F4EF
0006EF06
0009060B
00EDE0E9
00F3F4F7
00F7F5F1
0003FFFB
000100F9
00F2EAFC
00F60508
0001FFF6
00FBF6FE
00EFEFF5
00FCF6EC
000000F5
0000F6FE
00F9F8FE
00F6EEEF
00FD0001
00FCFEFB
00FD09FD
00FFFEFB
00000000
00FA0EF6
000B130D
000C15FD
00000000
00FB1111
00FC00FA
000B0701
00FF0602
00FE09FC
00060306
000A0F04
00020806
000605FC
00FD00FE
000CFE0B
00080F0F
00F90804
000E0EFE
00F503FD
00FE0300
0010070C
00FD03F7
00F6FFF8
00030404
00050A07
00FE0DFF
00011409
00F9F0F7
0007F405
000502FE
00FDF704
00FBF2F0
000D0FFC
00FD1008
000401EB
00FEFAFE
0001F801
00F9EC02
00F4F000
000B0702
0003FD0C
00F1FAE7
0002F3F2
000C040F
00ECF0E6
0004040F
000408FB
00F90DFB
00E7E4E7
0009080F
00F906FD
000618FC
00F1FCE0
00111614
00050C11
000217F6
00F4EEDE
00040B01
00FDF8F2
0005FBF5
00F6E4E1
000B1408
00F9F9F9
001007FF
000B211B
00111D25
000500F7
00F9EDFF
000F1F16
00FB0507
000C080E
00F6FB05
00F1E3F6
00091606
00140E06
000D0512
000C180E
00131A13
000F0908
0003F50E
00111F1E
001E3626
0005F802
00FD000C
000E261A
000D180F
0009FDFC
00081409
00051705
00F2E6E3
00FBFA01
000B1703
0005170E
00F4E3EE
00F9F401
00F5FD07
000905F7
00FFFA01
00FBF6FC
00FBFC01
00EEE9F1
00050209
00FEF4ED
00091415
00F7F3FF
00040512
00FBFCEE
0004FE0F
0000F204
00FAFDFA
000404FE
0003FE07
00F5E5E3
0004F904
00FE0A0D
000101F3
00FEFE01
00FDF806
0006F6F7
000303FE
00000201
00080613
00060709
00000205
00F8F3FB
00F00100
00FEFBF3
00010403
00FA0D01
000B080D
000A06FE
00000000
000B1514
00020308
000C1816
00F8F9F3
000E0E05
00FD04FD
00FE0505
00030104
00051314
00FCFDF6
000A1105
00030205
0001100A
0006040A
000202EF
00F8F7F2
00FFFF07
00F8F1F6
00FEF9F0
00F2E2E8
00F5FDE6
000200FF
00FF00F7
00F9EDF0
00F9F7FF
00FC10FE
00FEF0F1
00020103
000C0D07
0000FDFF
00FA0EFF
00FCFAFA
000BFA07
00FEFAFE
00F70300
00FF0709
00F6E913
00141721
0003F3F5
00110E08
00EBEAF9
0002F60C
00050AFF
00FE0808
00EED3E8
00FA1107
000C1102
00121A06
00D0CCD0
00FD0DF9
00FF120C
00121511
00D0D2C9
00091A0D
00EBF7FB
00112105
00F5EBEB
00111418
00F1FEFF
0005FA05
0002F811
0016162A
00060E0B
000AFF08
00FB0805
0002101A
0010060E
00FAFB06
00FCFEF3
0009200B
000D1012
000D0A15
00FC0F03
0019351E
000A0600
0003F21B
0012231F
0002090D
000EFD04
00F8F40E
00131E0D
00FE09FA
00F80512
00070C04
000D1C09
00F4F7EE
000C0B04
00F9ECF1
00F60208
00FAF5F9
00010400
00010101
000A08F8
00FCFDFE
00E9EA00
00000106
00F5F0E8
00040902
000104FE
00FEF2FE
00FEF610
0004FE07
0003FD05
0004FC0A
0008F9FE
0002FEFF
00021518
0006010C
00F4E3F7
0006F403
00F9F7F4
0001FF05
00FAF9F3
00F8E1F0
00F9F3FC
000102FB
00FFF7F8
00FCEB03
00F2F8FF
00030008
00020005
0006F509
00FCEF04
00020204
000410F5
000A130D
000BF90C
00000000
000609FE
00030D0A
00111206
00F7E6E7
00070D06
00010300
00FFFB02
00040503
00010A00
00050100
000A0A07
00030403
000613FF
0003FCFC
00FF00F9
00FAFBFA
00F606F5
000C0D01
00FB02F8
00FAF0F6
00FFFDF5
00FE0904
00EEEAE2
00040706
0005FAEE
00FD0302
0002FEF5
00FFFEFD
00F301F6
00FB0F08
000C0D09
00020D08
0002FCF9
00FD0408
00FD0FFB
00000401
000BF00B
00F9050C
00090A0F
00121015
00EBED01
00060101
000B080B
00FEFEFA
00ECDCD6
00FF0D06
000EFA04
0003FC01
00DECFD2
0004FC0B
000F051C
00112219
00D0C4C6
00120911
00020D0B
001A0F0F
00F4E0F2
0008031A
00050E0E
0009120A
00F1D1F1
00FAF308
00040904
000F04F9
00E4E808
00F2FB06
00F80CFD
0000F402
00FDECD8
00010102
00F7FF03
00FDF60F
000A2A0A
00F1F2F6
000A0E0F
00FAFA08
00001000
000415FC
00FE0305
00FD0E02
000411FE
000614FC
00120D07
00FCF7EF
000F140A
00FEFFFE
0003F109
00F4E8E3
00080D12
00F1EBDB
0007FE05
00F9F6FA
000E0809
00F5E7E8
00EEE6F7
00F3E2ED
00FE05F2
0000FE03
00FAF003
00FEF204
0000EA01
000B0901
00090607
0000F9FF
0000FD00
00FCF7F5
00FCF902
0001FB05
0008EE0C
0004FF01
0005F7FE
0001F409
0001FC04
00F5EBEF
00FCFB06
00080710
0004FAFF
00FC00F4
0001FF03
00FBFFFC
00020202
00FBF7F8
000503F5
00020107
00FDF7FE
00080905
000F13FE
00000000
001101FD
00FBF9FA
00040C07
00FDF9F8
00F9FB04
00FA03F9
000008FA
00090E10
00F400FA
00010001
00F70707
00020803
00FC05FE
00FC0CFF
00F80305
0001FF06
0006F7F9
0002F3F0
00F609F5
00050709
00F9E6F3
00F9FEF8
00FA0201
00081312
00F4EBF6
0006F8F4
00FB05FE
00FE0601
00FB05F3
000C080D
000B120F
00010100
00120605
00040D07
00161206
00FDFCF9
000BFB0F
00050B19
00120908
00050912
00F5F411
00010106
00FAFAF8
000A1317
00EAE5EB
00101517
000A0F1A
000D1610
00D9D1E8
00101D1F
00081C03
00131A0D
00D3DFD5
001C1522
00172618
00202322
00E8C9D4
00131921
0015171B
00FF0AFC
00DBD0EB
00F8F311
001B0405
00F9F3FB
00D3C4E7
00FB0404
0005060C
00F4E6F3
000103E4
00FF0201
0006F610
00E9E005
000604F1
00FAEAE9
00110E0F
00F6EF07
00FBFA0A
000208FB
00090CFD
00F0EBF9
00FA0EFA
00F9FAEC
00FDFC0E
00FCF7F7
000E0802
00FBF7FC
0000ED06
00001100
00080913
00FF02EE
0000E4EF
00E7CCCC
000A0D0F
000102FC
00E0E0EB
00F7EAF9
00050B08
00FD09FF
0000FCFB
00FFFD09
0000F4F9
000601FC
00FF03F8
00FBF6EF
000A0D12
00FAE9F1
00F8F4F4
00FFFA02
0007F506
00FCFCF9
0005F20C
00FAE4F7
00FEEFF8
00FE06F7
00F6EFF6
00FDF107
00FCF3F2
00000DFD
00FCFC04
00FC00FB
0002FD01
0005F1F9
0005FBFD
00FBFF01
00FC0D0D
00011109
000A0E0E
00000003
0000020C
00F8FBF7
000B0C0E
00F8F7F8
00FF0803
00060608
000D04F9
00050C0F
00FEF600
0004FDF7
00FB04F3
00020908
000904F9
00F7F503
0003FEF4
0004070D
00F802F6
00FFFDF4
00F2EFEC
00030B10
00F7F6FC
000003FD
00FBFCFB
00F9FEFD
0002F7FB
00FAEDEF
00F0FEF6
00040805
00070702
00FFFB01
000A11FC
00000502
000DF9FA
00040513
0007FF0B
00F9F5F8
00100B04
0010161B
00FC1001
00050B03
00FEFC09
00F8F402
000C1F05
0001FF0D
00D4DDDB
00F8EC00
00110B0C
00090D14
00EBEEDE
0000F60D
00140B00
00111B16
00FAE0EE
000FFF15
001D200A
00131F19
00E1D7E8
0002F512
001D150C
000D1215
00E8D4E6
00EFF207
00050C14
000E0D0E
00D9D3F7
00F2EFF5
00F9F2F6
00FFF30E
00090AFE
00EAD6E9
00FBFC06
00FAE914
001F2A03
00E7CECA
00F7FFFD
00FCFA13
000D140C
00EDE4DA
00FD01F9
00F4E9EE
00041206
00020005
00F5F6F2
00EFE8E5
0006FD04
00F7FEF7
00010202
00E2BEBE
00FB05F9
000F150B
00FAEEED
00E7CFD0
00F90E05
00010DFB
00FCFEF0
00F5EFEE
00F604EF
00F7FDFB
00F800FE
00F8FDF9
00F5F7FD
00010005
00FFFDFD
00FDFBF5
000701F1
00FAE6F6
0002F1F3
00FEFD03
0008F9F7
00F8FAFD
00F7EF01
00F9ECF8
0004F70A
00FF05FC
00F4FC06
00F8F2EB
0000FDFB
00FFFAFA
00FEF4F9
00FCFDF6
00F9F5F2
0003F0F9
0001FDFE
00FE00F8
00060AFE
00000912
0007F90D
00000203
000106FE
00FE01FD
00060211
00FEF4FA
00FF0300
00F9F506
0008FBFD
000A0F11
00090B13
00F50300
00F8FE09
00070C0A
00FE1104
00F709FB
000302F3
00060A0E
000D140C
00FA0301
000D0305
00050E07
000305FC
000504F5
00FA08EF
00FAF6FC
0002EF02
00F902F9
00F201FB
00FFFAF6
00020600
00060100
00FA0006
00FFFEF8
000B1D0F
0002FE09
00FA1501
00030605
0004FA06
00100512
0015140E
00060F09
00F708FE
0000FE07
000B0EFB
00101B26
0010080C
00F4F5F0
00121014
000B0E1B
00070202
00FBF1F9
001B1F13
00020805
00F3FD01
00FEEBF6
00231721
00000F05
00E7D2E5
0011111A
00181F0F
00FE0C07
00D7D9E3
00FCFC0A
000A12FE
00F4F4F2
00F0F804
0004030B
00ECFEF6
00F2E7F1
00F1EDE7
00F6F501
00F5ECF9
00FEF406
00F6F8E9
00E7D8DB
00FFECFE
00F8EAF1
000503FB
00F6F8EC
00F7F5FC
00EAD9D5
000D1002
000401FC
00FBF409
00E6CFCD
00120C03
00FF0104
00FBFBE7
00E3C3C9
00090BFE
000C1606
0004FCF1
00E9D8E0
00F70809
00F80400
00F900FB
00F5F3E6
0009F9FC
00F2EA04
00FAF8FF
00F3F4F3
00FA0400
0008FE04
00FAF7F7
00F9F1FA
000505FB
00FE0002
0004F9F2
00FBF5FE
00100905
00F1DFED
00FAF906
00FBF2FB
000303FD
00040B05
00FFF40B
00FAEEF3
00061200
00080F01
00FD0A0B
00FEFDFE
00FCF9EC
00F605FD
00FEF707
00FBFFFA
0012070F
00080112
0007F801
00000000
0008FF0B
00010800
000B1715
00FDF5FF
00000908
00FEF5FA
00FFFDFE
0007060B
0008000F
00FCFEF7
000E14FF
00FCFCFC
0003FF07
00FD03FB
000600FD
00FDFF00
00041213
00F9FFFA
00F5FAF9
00FEFCFA
0002F101
00F80902
00F1FBF4
00FCF800
00FD0609
00FC0B00
00F8EDF5
0001FF06
00FAFA02
000F1617
00F4FDE9
000B1217
000B0E09
00F8F603
00F8F5FD
000E1915
00FA06F8
000E1CFF
00F7F3F4
000E1E20
00FB070B
00FD06FB
000C090B
000A1118
0010FCFA
00FAF403
001F261A
00030916
00FC00F9
00FB0506
00262327
00F4F1FC
0000F90C
00F6EDF7
0015181B
00F4F1F3
00F2F2F6
00FC0200
00030112
00F6FAED
00ECDBE8
00FAFEF8
00050915
00F4F2ED
000409FF
00050403
0001FBFF
00F6F1EF
00060D08
00FCF405
00EEF1EB
00F8F4F1
0001FAF2
0000FCFE
00F7E3E8
00FBFBF3
0000F6FD
00040913
00EFF1F6
00EDE1DF
00FEF7F5
0013221C
00F3E4E4
00F0E6E5
00090706
00FC0503
00FC02FA
00F4EDEE
000E0607
00FCEDF4
00F9F4FC
00F0E2E4
00F7FDF1
00FB020A
00000FFD
00F4EDE8
00F9F2F3
00F3F1FE
00FAF80A
00E9DFE7
00080BF9
00FAFBFF
00F8F7F8
00F2EBF4
00F9FEFD
00F5F2F3
00FFFDFF
00F9F2F8
00FFF3FF
0002F609
00F8EC05
00FDF3FC
00FD00FD
0006020D
00FCFB02
00F6E5F5
0005FF0A
00050608
0005F80A
00FBEBF8
00F904FD
0005FBF8
00EDF8F7
00FAFCFF
00FA0300
000A0D0E
000A0516
00FFFEFD
0000090D
00FFFCF6
00061703
00FCFAF7
00FBFD0D
00F7F6FC
0000FD01
00010103
0005FB09
00FEFD05
00010803
00FFFE00
00FEF9FE
00FF0F03
00FE0E01
00040505
000011FA
00FBFDFA
00F2F506
00FDFBFA
00000403
00F6EE00
000702F6
00090B04
0004FD01
00EFE0F2
0008040B
00060304
00F5F9F8
00F0F3FE
00F5F300
000B0811
00FBF7FE
00FAFF06
00F1F9F9
00060508
00FC0104
000F090A
00F703F5
0009030C
0004FE09
000702F7
0002FFFF
00050112
00F4F3FB
00F8F800
0002FA04
00FBF4FC
000B0BFF
00FE0308
00F9010A
00FB02FC
00FBFD06
0005FD0A
00040601
00020A01
00EAE0FB
00010300
00161311
0003120B
00ECEFEF
000D0606
00FFFC0A
00041506
00F8EBF0
00FF010B
00F9FEF1
000201FF
000E0E01
00FDF5FD
00E9F0E3
00050F0D
00080A08
00030908
00EBF4F3
00030709
00F8F8F8
00FCFD01
000002FC
00FDFD00
00040B06
0008090A
00EDF0EE
00F8FBFB
0002FA05
000D040A
00EF03F1
00F2EFF1
000AFD09
0006080B
00FAFCF4
00EFE9E7
00F0F1FF
0003F6F0
00030406
00F3F0EE
00F806FC
00FDF4F1
0003F806
00F2F0F8
00070408
0005F6FB
00F50202
00FAFD07
00F9EFF0
00FAEFF5
0003F1FB
00FDFF03
0000EBFA
0005F607
00FFF908
00FCF3F5
0002F207
00111421
000EFC08
00FDF6FB
00030200
000B0D12
00090916
00FCF0F7
0002FE06
000D0803
00020002
00FEFEFE
001202FF
00F8FA04
0001080A
00FFFFFF
00FC09F8
00FB03FF
00190E07
00040300
00101616
0009FA02
000A0B02
00050B0C
000205FE
00050707
000F1509
00070B0A
0007F9FD
00080EFB
00061207
0005040A
0002FE0C
00FD03F9
000B0403
00081013
00081515
000F0D03
00FD1406
000B130E
0002FE06
00050506
000D1011
000F1117
00FFFDFD
000A1C12
001004FF
00070801
000504FE
000E0E17
00FF0003
00080B02
00F5EEFC
00FEF7FD
00100D0D
00040409
00F3FFF3
000C0602
00FF0C0F
0003FF0B
00E2ECEB
000B1611
00060708
00010A08
00FBF8F3
0000050A
00F1F9F9
00FCFEFB
000902FB
0008100D
00F8FEF4
0005120B
00010AF9
00111304
00FB00F4
00010400
00FF0A09
0010160B
0002140B
00FBF6F5
00071813
000A1304
00F90010
00030407
00050700
000A05F9
000301FB
0000020D
00000F0A
000B1E09
00FB0BF9
00010211
0000F9FD
001B1716
00030706
00000005
000807F9
00102515
00040706
00000A07
00F8F9F0
000009FB
00F5F601
00FF070A
0003F001
00020807
00010E05
00FD03FE
00FCF8F7
0007170B
0004F2F1
00020D07
00FAF0ED
00071209
00050908
00F5E7E9
00F3EBF3
000000FE
00F5080C
00F8F0F5
0004FBFB
00FAF4F9
00FB01FD
00000102
00FAE3FE
0001FA0B
00F9F1F8
00F9F2E8
0008070E
0017151D
0018180E
00FF00FA
00FFFF04
000816FF
001B151A
0002FF0F
00F7F3F4
000BFF07
0006FA13
00FFFA07
00FD0406
00061511
00090DFF
0000FEFF
000F0412
00F0E6E9
000FF706
00FF00FF
00FE0BFD
00F1EDFC
00FE0A10
00070E08
0002FEFB
00FD0B05
000DF90C
000A1512
0009F804
000203FD
00FF1502
000B0C14
00F90300
0003F5F4
00050AFD
00080608
00F7F0F8
00FF08FF
00120C09
000F140C
00FAF7FA
00020809
00120AFA
0005F905
00060706
00080DFE
0014140A
0004FFF8
00030400
00040D0D
0004FF04
00FBE3EF
00070D06
00050A05
000A140A
0001F507
000D0F16
0001030D
000AFE16
00FF0202
00EFDCD8
0009FDFF
000505FE
000009FC
0002FCFC
00041409
00131704
00F8F3F0
0004090E
00040C03
00080F06
00F7F3EA
000F1311
000E0A08
00111610
00F8F5EB
00060A04
0007FC0A
00130200
00FCFAF9
00060E03
00F8F403
000E0508
0002FF00
00F4F9E7
00FE0007
000A060F
0005060A
00F6F1E1
000AF809
000A100B
000101FE
00FDF7FC
00F7040F
0002051A
00F3E1E7
000603FF
0012060D
0014070C
00F4E3EA
00F6F8F9
0000050E
00011203
00F4F7F0
00F5E0DF
00FC0308
00050902
000109FE
00EAD7DA
000A0401
00160504
00FD05FD
00010203
00070713
0005131F
00F4ECFC
000B0204
00000003
00190C0F
00ECDDF2
0003F308
0000F702
000A0E12
00FF0304
0003FA13
00FFF4F8
000C1919
00FF00FF
0001F3F8
00FEF1F1
00FD1619
0000FC07
00F9F8F5
00E8F0F0
00000C0C
0001FE0E
00FDFCFA
0006FAF4
00091A06
00F9ECFE
00FFFF05
0000F8FC
000B0D0C
00000000
0010050D
00FDFFF6
00FE030F
00000000
00FAF6F2
00FCFFFF
00FE060A
00000000
00FE00F9
00FBFCFD
00FE0103
00000000
00FDF9F1
00FC01FC
0004FE08
00000000
00FBF9F1
00FBFCFF
00F6030A
00000000
00FEF9F1
00FBFFFD
00F6080C
00000000
00FBF9F0
00F9FFFA
00FD030A
00000000
00FCF9F1
00FCFD00
00F306FF
00000000
00FEF9EE
00FBFFFB
00F40A0F
00000000
00FBF9F2
00FBFE02
00FB0E06
00000000
00FCF7F3
00FCFD02
00010303
00000000
00FAF6FB
00F9FB07
00F7030D
00000000
00FCFAF0
00FBFB0B
00FE0217
00000000
00FAFAF0
00FAFAFB
00FD0703
00000000
00FCF8F2
00FBFBFC
00F80A10
00000000
00FAF6F2
00FCFBF9
0004FD14
00000000
00FCF6F5
00FBFCFA
00F90F15
00000000
00FBF9F1
00FCFCFE
00FBFE12
00000000
00FBFAF0
00FBFF00
00FE0C06
00000000
00FAFCF2
00FB00F6
00F4100B
00000000
00FCF9F5
00FBFBF6
00021109
00000000
00F9F7F1
00FB03FF
00F3FF12
00000000
00FDF8F4
00FBFCFC
00FA0C01
00000000
00FCF9F1
00FCFFFD
00F41107
00000000
00FBF8F1
00FBFEFB
00060C01
00000000
00FCF8F1
00FAFCF9
00FBFEFF
00000000
00FCF9F1
00FDFDF7
00F4FB11
00000000
00FCF9F4
00FD00FE
00F40A04
00000000
00FBF8F3
00F900FC
00FE070D
00000000
00FDF9EF
00FBFDF6
00010F17
00000000
00FBF7F0
00F9F9FB
00FB0B11
00000000
00FBFBF3
00FD0609
00FD111A
00000000
00FCF5F4
00FFF7E1
0000080C
00000003
00F7F7F4
00FFFDF6
00000708
00000000
00FBF9F1
00FEFCF5
00000609
00000000
00FAFCF1
00FFFEF4
00000609
00000000
00FBF9F1
00FFFEF6
0000060D
00000000
00FEFCF4
00FFFEFA
0000060D
00000000
00FBFBF2
00FF00F2
0000060A
00000000
00FBFCF2
00FFFFF2
0000060D
00000000
00FEFDEF
00FEFDF5
0000060B
00000000
00FCFBF1
00FFFBF7
00000609
00000000
00FDFAF7
00FEFBFA
0000060D
00000000
00FAF005
00FDF701
00000606
00000000
00F9FD04
00FFFDFD
00000700
00000000
00FA03F1
00FF01F8
00000802
00000000
00FBF8F0
00FFF8F7
00000407
00000000
00FBEFEB
00FEF9F2
000004FF
00000000
00FCF6F4
00FFFCF3
0000030B
00000000
00F8F8EF
00FFFCF4
00000708
00000000
00FAF9F5
00FFFDF5
0000070B
00000000
00FEFCF3
00FF01F2
0000060B
00000000
00FDFBF1
00FFFCF5
00000608
00000000
00FBFCF1
00FEFEF5
0000060C
00000000
00F9FCEE
00FFFFF6
0000060A
00000000
00FAFDF4
00FFFEF6
0000060A
00000000
00FBFCF1
00FEFEF7
0000060B
00000000
00FBFBF0
0000FEF9
0000060B
00000000
00FCFBF1
00FEFEF5
00000609
00000000
00FCFEEF
00FFFEF5
0000060C
00000000
00FBFBF3
00FFFDF4
0000070B
00000000
00FBFBEF
00FFFCF4
0000060B
00000000
00FAFBF0
00F3F7FE
0000070A
00000000
00F8F80B
00000B11
00F5020D
00000000
00FF0209
00000600
00FF151D
00000004
00F9FCF7
00000304
00FF0C0F
00000000
00FD0401
00000403
00000410
00000000
00FF0501
00000403
0000020D
00000000
00FF0401
00000403
00000506
00000000
00FD04FF
00000302
00000204
00000000
00FE0501
00000403
00000111
00000000
00FC07FF
00000501
0000FF04
00000000
00FF0506
00000400
00000006
00000000
00FE0304
00000108
00000005
00000000
00FD0008
00000209
0000030E
00000000
00F9FB03
0000FC0B
0000FAFF
00000000
00FB0E1A
000007FE
00FFFA0B
000000F6
00FB0C00
000006FB
00FEF81A
00000000
00FD04FC
0000F8F6
00FEFF0B
00000000
00FDF3FD
0000FDFB
00FFFF10
00000000
00FDF005
0000FC01
00FFF814
00000000
00FD00FC
000002FE
00FFF610
00000000
00FD03FF
00000001
00000208
00000000
00FC0600
00000402
00000003
00000000
00FE0400
00000401
0000030A
00000000
00FE03FF
00000403
0000030A
00000000
00FD0403
00000404
00000008
00000000
00FE0400
00000404
0000010A
00000000
00FE0501
00000403
0000040C
00000000
00FF0400
00000403
00000006
00000000
00FE0403
00000402
00000004
00000000
00FE0401
00000403
00000008
00000000
00FE0402
00000403
00000408
00000000
00FE05FF
00000304
0000FF0A
00000000
00FD0401
00F9F6FC
00000705
00000000
00FCF3F3
00FF0C17
0000FF0F
00000000
00FFFA0B
00000600
00000D1B
00000004
00FAFCF3
00000403
00FE0707
00000000
00FE0501
00000303
0000010E
00000000
00FD0402
00000403
00000309
00000000
00FD0401
00000403
0000000E
00000000
00FE0400
00000303
00000307
00000000
00FD0603
00000302
0000FF0C
00000000
00FE0600
00000301
0000FF02
00000000
00FE0706
000000FD
00000305
00000000
00FCFF07
0000FEF1
000001F2
00000000
00FD00FA
0000FEF4
00FE1600
00000000
00FAED21
000004F9
00FF1C0C
00000000
00FC0811
00FFFEFD
00FF0BFD
00000001
00FAFCF1
0000FE01
00FB01FB
00000000
00FBEDF9
0000F0F5
00FCFB04
00000000
00FEF7FA
0000FBF8
00FCF713
00000000
00FDEEE4
00000510
00FEF205
00000000
00FCF8E9
00000B04
00FDF704
00000000
00FDF90A
000007FF
00FEF311
00000000
00FEFFFA
000001FC
00000107
00000000
00FD07FF
00000201
0000FF09
00000000
00FD05FD
00000301
0000FD05
00000000
00FD0200
00000302
0000FF0D
00000000
00FD0404
00000304
0000040E
00000000
00FE0402
00000404
00000011
00000000
00FD04FF
00000404
0000000D
00000000
00FC0401
00000404
00000205
00000000
00FE0501
00000403
00000009
00000000
00FE0502
00000403
00FF000E
00000000
00FE0401
00000303
00000310
00000000
00FE04FF
00F801FE
0000070C
00000000
0001F9FA
00FF0B17
00FD1019
00000000
00F60803
00000600
00FF1024
00000004
00FAFBF5
00000403
00FE090C
00000000
00FE0500
00000404
00000209
00000000
00FE0401
00000403
0000FF0F
00000000
00FF0400
00000303
0000FF0D
00000000
00FE0501
00000203
00000310
00000000
00FD0702
000003FF
0000FF04
00000000
00FDFFF7
000006F8
0000FD08
00000000
00FC08F5
0000FFF8
000008F9
00000000
00F8F403
0000FFE4
00FF1001
00000000
00FCFEF6
00FDF8EC
00FD0102
00000000
00FEF407
00FD11FC
00011200
000000F9
00FC0DF8
00FBF9EE
00FA04F0
00000300
00FEF6E5
00FCF8FF
000014FE
00000301
00FBE7EA
00FFE4E9
0003FCF8
000000FF
00FBF5F5
00FFFAED
00F80208
00000000
00FCF8F9
0000060F
00FA051E
00000000
00FAE9E2
0000F811
00FBFA0A
00000000
00FEF7F9
0000F71A
00FEF922
00000000
00FE05FF
0000F60A
00FEF51C
00000000
00FDF5FC
0000FE02
00FFF804
00000000
00FE03EC
000003FE
00000008
00000000
00FD0401
00000200
00000404
00000000
00FD0202
000003FF
00000206
00000000
00FE0302
00000305
0000000D
00000000
00FF0301
00000404
00000104
00000000
00FD0504
00000403
00000304
00000000
00FD0500
00000403
0000000F
00000000
00FD0401
00000402
0000050E
00000000
00FE0401
00000403
0000040D
00000000
00FE0401
00F6FCFC
00000809
00000000
00FEF4FB
00FF0B16
0002FE10
00000000
00F609F6
00000600
00FF1121
00000004
00F9FCF8
00000304
00FF0C08
00000000
00FE0403
00000404
0000030F
00000000
00FE0402
00000401
00FF0505
00000000
00FC0300
00000202
00000505
00000000
00FC01FD
00000202
00FFFF0A
00000000
00FF02FC
000002F9
00000011
00000000
00FFF7FA
000002EA
00000A0B
00000000
00FB03EC
000001FE
00FE120F
00000000
00FBF708
00FE14EE
00FE08FA
00000001
00F80000
00FC05E8
00FF25F0
000001F9
00FBF8F9
00FE0000
00FF1CE6
00000601
00FFF609
00FC03FC
00F804E8
000001FC
00F6FAF4
00FF0100
00040F08
000006FB
00FAE902
00FBFAFD
00FE040D
000001F7
00F5F605
00FDEF03
00030A0F
000001F9
00FAEDE0
00FF0109
00F5F60A
0000FFFD
00F9F4DA
00FFF510
00F5F0F7
00000100
00FFF209
0000F107
00F8F406
00000503
00FDFF06
0000F822
00FE040B
0000FE00
00FBF900
0000FF03
00FFFF0D
00000000
00FDF8FF
0000FD05
0000F40B
00000000
00FD01F2
0000FF01
0000F709
00000000
00FD00F7
000002F8
0000FE00
00000000
00FF07F7
00000301
0000FCFC
00000000
00FD0205
00000300
00FFFD04
00000000
00FF05FE
00000302
00000303
00000000
00FE04FF
00000404
0000030F
00000000
00FE0401
00000404
00000205
00000000
00FF0501
00000404
00000510
00000000
00FC0404
00F6FEFE
0000070A
00000000
00FDFE09
00FF0B16
00030211
00000000
00FCFB04
00000600
00FF1219
00000004
00F9FFF2
00000404
00FF0507
00000000
00FE0500
00000405
0000050A
00000000
00FE0602
00000501
00000209
00000000
00FF04FD
00000603
00000510
00000000
00FEFFFC
00000700
00FF0709
00000000
00FFFFF4
0000FDF5
00FF060F
00000000
00FFF6F8
00FE0AEB
00FF0606
00000000
00FAFBEF
00FE0FF9
00FBEEFF
00000001
00FEFCFF
00031302
00FB01E6
0000FB06
000009F2
00010EFC
000305EF
00000BF5
00FEF605
00040B01
0001FEF3
000013D9
00FAEE10
00FA09EA
00FA0AE4
000009E1
00FCFE17
00F9F6F0
00F502EA
000005FA
00FBFBFB
00F7EC0B
0006F9FF
000008EE
00F80113
00FDEE15
00FAE8F8
00000CF7
00F9EC10
00FBF4FF
00F40902
000007FE
00F6F3DC
00FFFF1D
00FCF3F7
00000304
00FEED21
0000E9FF
00F7E806
0000F7FC
00FD031D
0000FD0C
00FDF308
0000F90C
00FFF9FB
000007E6
00FAF906
0000FE08
00FCFC0A
000002FB
00FFFB1B
00000000
00FC03F0
0000FB01
0000FDFF
00000000
00FEF9F6
000004EE
0000FE05
00000000
00FDFFF8
000002FF
0000030A
00000000
00FD0008
000002FD
0000FD0C
00000000
00FEFFFC
000001FB
0000FC07
00000000
00FF0402
00000302
0000FD06
00000000
00FE0401
00000303
0000FF02
00000000
00FF0401
00000403
00000409
00000000
00FD0501
00F1FAFA
0000070A
00000000
00F60304
00FF0B17
00F30307
00000000
0003050A
00000600
00FF1020
00000004
00FCFAF0
00000304
00FF0C14
00000000
00FE0601
00000302
0000FE0A
00000000
00FE0AFD
00000502
00000007
00000000
00FE02FC
00000701
00000110
00000000
00FE09F6
00000400
00FF0807
00000000
00FBFEEA
00FE00F1
00FF0609
00000000
00F6FCF4
00FE01EB
00FD020B
00000000
00FCF7EC
00FDF6E9
00FE08E2
0000F90D
00F904EB
00FF170B
00FA10F8
0000FF03
00F9FC0F
00031AF4
000327EB
000010EF
00FF09E8
00001DE8
000817FD
00FF06CD
00FEEFE6
00FA1CE7
00FA0EF3
000000DC
00FEEC09
00FFFED4
00F50C01
00FF0CF7
00FFF5FA
00F9EDE8
00FE0B04
000012FE
00F7FAF2
00F6E1E4
00FCF6E2
00000D05
00F2EA0C
00FFEFDE
0001EFE8
0000FFF3
00F6E1FD
00FCE90C
00F9F2FB
0000000E
00FAE608
00FDFA1B
00F7E2FC
0000F105
0000F8F1
0000EE03
00F2E604
0000F407
00FF02E8
0000FD02
00F4F10B
0000F9FD
00FC00F0
00FF0415
00FBF6FE
0000FFFB
00FC01E9
0000FC04
00FDF90B
00000000
00FC03F9
0000010C
0000090B
00000000
00FFFCED
000001F9
00000402
00000000
00FEFCF9
00000105
0000FF09
00000000
00FCFF03
00000304
00FFFC09
00000000
00FC0107
00000300
00000312
00000000
00FF0207
00000406
0000000C
00000000
00FF04FD
00000402
00000312
00000000
00FE0501
00F7FC01
00000808
00000000
0003FE04
00FF0B17
00F50A0F
00000000
00FB020C
00000600
00FF0F16
00000004
00F9FCF4
00000303
0000070D
00000000
00FF0500
00000503
00000104
00000000
00FF06FE
00000301
0000FF07
00000000
00FE06F9
00000600
00000708
00000000
00FC0EF3
00FEFEFE
00FF0507
00000000
00FBF9F6
00FB01F1
00FE000E
00000000
00F602DF
00FB03E8
00FB0910
0000F904
00FE02E4
00FD0FE7
00F408F3
00000311
0000EDEA
00FA0EFA
0000120E
000011E8
0000FA0B
00FC1DEF
00FF0EEE
00000BC6
00FEF6FA
000319F6
00FC09E9
00FD14D0
00F9FBFF
00FD02FA
00F80BE5
00FE17EA
00FDE8F3
0001FAF9
00FE0BE2
00FE11F0
00FCEDDF
00FCF606
0001FDED
0000110B
00F7E8EC
00F6F1E3
00F404F1
000017F4
00F6DEF1
00FCE2DC
000409F5
00000F05
00EEDCF5
00F8E70D
00F2F6EF
00000B09
00F3CAFE
00FFE5EF
00F2F9FB
00000109
00FCFB0F
000002F8
00F0E4F0
000003F8
0000FDEC
000015F6
00FCD80C
0000F717
000007FD
00FF0C07
00FCF613
0000FA04
00FD05EC
00FF18FA
00FBFBF3
0000FDFC
00FC04F6
00FFF0F5
00FE07FB
00000001
00FCF8FC
0000FBF2
00000A08
00000000
00FEFFFA
000001FD
0000FE0A
00000000
00FBF80E
0000030E
00FF060C
00000000
00FE0107
00000409
00000012
00000000
00FE0403
00000404
0000000F
00000000
00FE0401
00000403
00FF020B
00000000
00FE0401
00F7F502
00000609
00000000
00F3FB01
00FF0B17
00F60F12
00000000
00FFFFFC
00000700
00FF1116
00000004
00F8FCF0
00000503
00FF070A
00000000
00FE0802
00000703
0000000D
00000000
00FF0BFB
000004FF
00FF0D11
00000000
00FF01F5
00000E00
00FF0909
00000000
00FEFFF7
00FD0206
00FE06FF
00000000
00FA04EF
00F7F904
00FE080F
0000FB00
00F80DE8
0002FDF2
00FE1021
0000040D
00020DE3
000013DB
00F3240D
00FD1909
00FBF702
00FB1DE4
00051204
00FE1CD5
00FDF309
00030DE3
0007150B
00FD1BBD
0003EC0A
00010AE3
000212EA
00FF16DF
0004FDFE
00FE05E9
000714E3
000007EC
00F9F701
0002F9FE
00F8FDE7
000005F7
0001ED07
00030AE7
00FDFEF3
000007F6
00FBD5E6
00FEF9E8
00F605EE
000002EE
00F6DFEB
00FB05F7
00F8F500
00000B05
00F2D4F2
00FEF3EC
00FCFA06
00000507
00EFE30C
00FBF2FE
00F4FD0A
00000104
00FDF101
00FF0709
00FEDE0A
00001309
00FE0602
00000A1F
00F5DE03
00001220
000010E7
00FFF41B
00FFDE0A
00000408
00FD180C
00FEEAF2
00FFF305
0000FB0B
00FE0203
0000F2F3
00FDF9F1
00000205
00FF03FB
0000F3EE
00FF0504
000000FF
00FD0000
000006FD
00000C12
00000000
00FCF71B
00000203
0000071B
00000000
00FDFB22
000001FD
00000416
00000000
00FD0402
00000402
00000114
00000000
00FE0501
00000400
00000107
00000000
00FE0504
00F9F5FE
00000709
00000000
00F9F4F8
00FF0C18
00FB0F07
00000000
00F90607
00000600
00000F1F
00000004
00FFFBED
00000202
00FF070C
00000000
00FE01FB
00000201
0000FE05
00000000
000111FD
000003FC
00000E09
00000000
00FD08EF
00FEFCFF
00FF0A02
00000000
00FBF8F2
00FAF701
000009FA
00000000
00FAFEFC
00F803E5
00FD060A
000004FF
00F3FEE7
00FF0AF5
00FD0AF3
00FD1305
0000F8E0
000219D4
00090C02
00001CEB
0002F9F9
00FB18D0
00FC14F2
00FB2EDE
00FDE6FE
000101DC
00F60FE9
00FE22C2
00FFE6F9
00FEFEDF
00F90CF4
000020E4
00FFFDFB
00FFF5DF
000320E6
00000404
00FBFC0E
00FBF70D
00FB12F4
0000FBED
00FEF71A
0001EF12
00F303F4
00FEF8CD
00F4F8FD
00FEF0F5
00F405FA
0001EFE4
00F7EBED
00F8EF04
00F701FD
00FD0101
00F1E4E4
00F9DBFD
00FBFDFF
00FE090B
00EED50A
00FEF20A
00FCF212
00FF0801
00FCE415
00FE06F9
00F3ED12
00000D07
00FFFA1B
00001225
00F9E109
00000217
000207F3
00FFF718
00F9F309
00FF0F01
000109F1
0000E7F7
00F3E707
0000FFEF
00FD11FF
00000314
00F305FB
0000FB08
00FFFFF5
00FEF201
00FAEF05
0000FB03
00FDF601
0000FA1D
00FEFC1A
000000F9
00FE0403
0000FB15
00FF0306
00000000
00FDF917
00000100
0000010F
00000000
00FD000F
000002F6
00FF0415
00000000
00FD04FF
00000400
0000030E
00000000
00FF0501
00F8F501
00000607
00000000
00F8FCF1
00FF0C18
0002FD0A
00000000
00FCFCFC
000005FF
00000E22
00000004
00F802F2
0000FD02
00FF0D05
00000000
00FFFDFA
00000902
00000904
00000000
00FF12FD
0000060A
0000FF10
00000000
00FC0807
00FE0407
00FE080F
00000000
00F7F6E5
00F80C22
00000DF8
0000FF00
000804F9
000211E2
000124EF
0000060B
00F90006
00FF1BDD
00070FE5
00FF0FE3
00FA0B11
000229CF
000A22F2
00FC24E4
000306F4
000016E4
000212F0
00FC26DF
000502E7
0000FAFB
00020DE8
00001CDE
00FFEF02
00FA0002
00041EE5
0000FEE0
00FB0108
00FEFC14
000A23DC
000001F1
00FBF4F7
00FDE914
000214E6
00FD10F3
00000A09
0002F104
000514F1
00FFFAF7
00FC0012
00FEFA0C
00FB12FE
00FF1807
00F8040D
00F5E712
00F907FE
00021C14
00F7EBFF
00EFEF00
00F9FFFA
00FE1609
00F7DBFB
00FFF701
00F7FF10
0000141D
00F1D70D
00FCF40D
00ECEA13
00FC0904
00FFE703
00FEED04
00FEED08
00F9FB06
000204EF
0000F1F9
00EFF408
00FF03F9
0001180E
0000F41D
00F7F409
00FF07F3
00FD06FF
0000EEFD
00FCEAFF
0000F5FD
00FE0907
00FEE607
00F8EA05
0000F200
00FD02F0
0000E52C
00FCDD15
0000FF00
00FBFBF3
0000FE17
00FF0125
00000000
00FEF813
0000000F
00FF041C
00000000
00FC0015
0000FFFA
00FFFE0C
00000000
00FE02FA
00000204
0000020E
00000000
00FE0405
00F9FFF5
00000509
00000000
00FFFE00
00FF0B17
00F90219
00000000
00FFFF02
000004FE
00FF1118
00000004
00FC02ED
0000FE00
00FE070B
00000000
00FF09F6
00000906
00FF0D09
00000000
00FF070A
00FF0614
00FF0707
00000000
00FC0511
00FD00F1
00FF07EC
00000000
00FB09EB
00FC14FC
000015F9
00000A06
00F814E0
00FE1EEC
000916E6
00FC0F02
00F9F1F3
000127E2
000222DD
00FE16DE
00F8EB1D
00FE180B
00F920DE
00FC15D8
00040812
000223F5
00031FFB
00FE1DF3
00FE00DD
0000FE00
000B2BED
00FF06F4
00002709
00F9F3F3
00FC0CE4
0001EFD9
00FBEB0D
00FAF804
000222D6
0000E6F7
0002050C
0001F5F8
00FD0D02
00FEF6E6
00FE1015
00F9F3FB
00FAFBFF
00FDF904
00F70026
00FCC5F1
00FAFF13
00FE0601
00FF041D
00F9DC0E
0000F812
00FC1619
00FFFDEF
00FCF70D
0001FC21
00FC131C
00FCF614
00F9EBF7
00FD0B0B
00FB020B
00F9DB06
00FDE42A
00ECF516
00FDF604
0002D50E
00FEF1FE
00FDE609
00F9D4ED
0002FDF2
00FDF405
00F1F30B
00FEEDFE
00FE18E0
00FFF10D
00EDF116
0003F2FB
00020E02
0000EB2A
00F1EB1B
0000FFEE
00011DFF
00FCDF17
00F6E210
0000CE0B
00FE01FE
0000F11D
00FDE41C
0000FC03
00FCFDF7
0000040E
00FDFB23
00000000
00FCF118
00000004
00FF0515
00000000
00FEFF17
0000FC0D
00FF0120
00000000
00FEFEFC
0000010D
00FFFF09
00000000
00FE03F8
00F8FAF9
00000413
00000000
00F804FD
00FF0A18
00030911
00000000
00030206
000007FA
00000F23
00000004
00FB08E1
000005FD
00001504
00000000
000103F4
0000070B
000004FB
00000000
00FF0015
00FD0508
000014FB
00000000
00FDFCF8
00000EFD
0000F8F0
00000003
00FF0EF9
00FB22DD
000215F6
00001F06
00FD1FE0
00FC27E9
00091AEC
00FD1DED
00010CE8
00F81E0C
00FD2CDA
00FA10EA
00FF0401
00FA060F
000915F0
00000D06
0006172F
00001308
00F71FF2
0000FE05
000029FD
0001FCE2
000216F1
00FEECCA
00032CE0
00FC12E8
00FE13F1
00FFEDD7
00FFFB08
00FAFCFB
00FB20FC
00FEE0FB
00FE1CF2
00FBD721
00F50310
00FFFCFB
000105ED
00FE0714
00F1F90A
00FDF10E
00FDDF07
0001D6FE
00FAFA0F
00FFF22A
00F8FF08
00F7D9F8
00FE000B
00FF0930
00011627
00F0DA11
00FB0210
00FF1415
00FFD008
00FFDE10
00FB050B
00FC0710
00F6D813
00F5EC0F
00F1FA1E
00FFDDF8
00FBFCFB
00FCEA13
00F9F718
00FEE800
000611FD
00FE06E6
00FCF70E
0000F912
0007F714
00FEF11A
00FEE919
000300F1
00FB0CEB
0000F338
00F6F429
0000DDEC
00000716
0000022E
00EDDC14
0000D703
00FFFA0F
0000FC0A
00ECDF1C
0000F212
00F8F2EE
0000FC06
00FF051E
00000000
00FBEF16
00000105
00FF0712
00000000
00F9F811
0000FE05
00FFFF1C
00000000
00FDFDFC
00000302
00FF010C
00000000
00FD00FB
00F7FDFB
00000515
00000000
00FC0407
00FF0D12
00FE080A
00000000
00F90A02
000006F4
00000D1C
00000004
0005FEC5
000013F2
00FFFF03
00000000
00FF0CF0
00000C0A
00001303
00000000
00FFFF13
00FB0110
000008FC
00000001
00FDFDFA
00031FFD
00001BF7
0000F714
00001AF0
00FF26CC
000712FA
0000250E
00F92AF5
00011206
000523EB
000006E8
00FF0FEE
00FB0916
000613EE
000017FF
00F90B0E
00F9EA0D
00F9FED6
0000061E
00001213
00FEFA11
000407FE
0000ECF9
00092904
00FFF4EA
00F822DE
00FCE8CE
000212EC
00FA10F5
00051BF3
0001E4D5
00F8040D
00FD0B1C
00FB1E02
00FDE5FF
000A14F5
00050913
00F1140F
00FDEFF4
00FE1B05
0001FE0C
00F3FA0E
00FEFB10
00F9F3F9
0001EB18
0004FC13
00FF041A
00F902D2
00FCEA02
00F0FA0D
00FF0206
00FB10F6
00FFFE0B
00030BFF
00FE1926
00FFE908
00FD00FE
00FB0D0D
00FA06FA
00F7BEF2
00FCD408
00EFEEF4
00FBEAE5
00FDE503
0000FF0B
00FCF4F7
0000F308
00011026
00FEEEF4
00F7FD0D
00000DE4
0000E6F5
00FAED15
00F4EC1D
00000CF1
00FDF5F6
00FFFE3B
00FEEA1C
00FFE2FF
0005F700
00000F39
00EFEE1B
00FFE30A
00FFF6F0
0001FFF6
00FFD71D
0000F602
00FBF1FD
0000F7FF
00F6F70D
0000FEFF
00F90826
0000070E
00FFF62C
00000000
00FBF80E
0000F711
0000F717
00000000
00FEF4FD
0000FD0C
00FFF42A
00000000
00FD02EE
00F8FB05
00000218
00000000
000206F0
00FE0B18
0003050D
00000000
00F80A03
000006EE
00000D1F
00000004
00FF0FC9
000016EB
0000210A
00000000
00FE08F1
000009FE
000018FA
00000000
00FFFF0B
00000B10
00000CF7
000003F8
00FD0E05
00FE2708
000019F2
00000609
000520E5
00FE1E10
000426F4
00FE140C
00052002
00FF0703
000C2DE6
00FD12FB
00FF0E08
00FC0220
00071EC7
00000800
00FD0104
00F6F70D
00F813DC
0000EC1C
00F61503
00FC0011
00F6F9F4
00FEDAE7
000D24F7
0000020F
00F920E1
00FEE8ED
0001FDF4
00000F04
000907F5
00FAE5EC
00FC0D23
00FBFF24
00F300F5
00FDE5FC
00FE0305
00020CF7
00F2FFFA
0000081F
000107F5
000709FB
00F2EFFE
00FC0D17
00FCEA11
00FDFDF6
00F400FE
0004F7FF
00FE1CEF
00F4FFF8
00F3EF0B
000002F6
00FFFEFB
00FDE712
00020614
00FEF512
00F2DB21
00FB0B24
00FD1101
00FDF3F7
00F5D212
00FFE818
00F401FE
00FA0BF7
00FEF331
0000FC02
00F902E6
00FCFCC3
00F2FB33
00FFF73E
00FF06F4
0000EFDF
00050847
00F2ED1F
00EDFE1C
0000FCEB
0001E200
0001F930
00000013
0000E715
0002EE16
00000D0B
00F3DE1B
00FFF4F7
0000F7E0
000009DE
00F7E514
0000F4F2
00000708
00000BE7
00FEF114
0000F60B
00FB0430
0000F402
00FFED31
00000000
00FBDC1A
0000F504
00FEEA36
00000000
00F8EF0D
0000F70A
00FFF233
00000000
00FD01F3
00F7FA05
0000FD18
00000000
00F5F2F5
00FF0D18
00F70B13
00000000
00030B06
00000AE7
00FF041F
00000104
00041BD3
000013F0
00FF1212
00000002
00FE07EE
000013FF
00000EF7
00000104
00FD1302
00F8101D
00000600
00000000
00071105
00002A02
00012100
00000B0D
000413FC
00FF12EB
00FE22FF
00FD0E09
00002907
00F9F3F6
000827EF
00FB050E
00000008
00FB1015
00001AE6
00FFFA23
00F9F8E7
00FAEBF9
00F500FE
0000EBF1
000217F5
00F20B0C
00FA0608
00FDDCF9
000E35E3
00FD1D07
00FAFAE5
00FAD700
00052221
0004270E
00F603F6
00FDE606
00FC1639
00FE1C09
00F2F503
00FEF5EE
00FA0E06
00012EFB
00031707
00FD151E
00FF03F8
00FE0EF8
00F1FE09
00FD02F5
00FDF7FB
00F605E7
00F80AFA
00F6FEDE
00FA05E8
00FAF90C
00F9FA12
00F90904
00FA1BE1
00F6D7F2
00FBE630
00FF05EE
00FF0A17
00FEDD07
00020B02
000402D5
00F7D506
00FF0DFB
000006FE
00FAF7C5
00FEFD1A
00FE1811
0002FFEC
00FFF4B6
00FCE537
00FF0324
00F3F5F6
00FF09DB
00FEFD24
00F2E71C
00FE0B1C
0000FAF2
00FEE72F
00FEF519
00FA0621
00000312
0004D914
00FF0408
00EEEA18
0002F9FC
0001F7CC
000013F5
00FDEF1C
0000F1FF
00FE1005
0000FE04
00F5F70E
0000F50B
00FBF600
000003FD
00FD0026
00000000
00F9E12F
0000F4F7
00FF0623
00000000
00FCDF11
0000FE0B
0000EB29
00000000
00FEFA04
00F8FFFE
00000113
00000000
000200FF
00FF0D10
00F5070F
00000000
0003FD0A
00000BEB
00FF042B
00000005
00FC15EF
000005F0
00FF0615
00000007
00FEF6EE
00000DFF
00000009
00000100
00FF1005
00F80B16
0000EF11
0000FEFA
00FB1214
00FF1AFC
000116FA
00001205
00FF1B0A
00FE14E4
00F912F3
00FF160C
00FF370C
00FAFF01
00FE23FC
00FEFB03
00FE0901
00F71AFE
00F60D02
00FFEB0C
00FF11F1
00FC0403
00FBE721
00FFDBF2
00F60EE6
00FB1813
00F7ED04
00FBDA0B
000E2BE3
00FD23FA
00F5FD0E
00FCE002
000A11FB
00071E07
00FAF5EE
00F7FEFF
00FE391E
00FA0F0B
00FA07FE
00FBF2EC
00021000
00FC2600
00FFFE0A
00020DE5
00F916EA
00FD0307
00010E06
00FDFEEE
00FAFEF4
00FE0E05
00040DF4
00FAF302
00FDFB17
00FD180C
0005010A
00FEF804
00FE08D8
00FFEB12
0000F123
00FC0CFC
00FFFECC
0000E51F
00030316
00FFFDBC
00FB0DEA
0000F0E5
00F6FAE2
00FFEDC3
00FF161E
00FBFB11
00F9FADA
00FDFDA3
00ED0130
00011127
00FBF6DD
00FC0EE4
00FAED1D
00EEEE2C
00FC0008
00FFFAE5
0003EB08
00FE0529
00FFF015
00FF1318
0000D10C
00FF0114
0002F80A
00FF08EA
0000FDE7
000015E4
00F7F620
0000F909
00FF14F2
0000FAFA
00F4E846
0000F80B
00FC06EE
00000805
00FB1529
00000000
00FDF129
0000F410
00FF0426
00000006
00FBDD2B
00000706
0000F84B
00000000
00FDFC02
00F7FA01
0000011D
00000000
00FB08F8
00FE0D15
00FD091A
00000000
00FE0703
00000AF6
00FF0627
000000FF
00FBFBFB
000000F2
00FFFF0C
000000FF
00FDF3F5
000004FE
00000208
000003F8
0000F600
00F8070D
0000FA04
0000FCF1
00FEF902
00FE1A0A
0002F6F1
00000802
00040318
000317EA
00FEFDEB
00FE17FE
00052113
00FA05F4
00F20504
00FF0BFD
00FE03F5
00FA1DE2
00FAF805
00FFEA14
00F9F4F6
00FB00E1
00F8F513
00FFDC0D
000311EC
000311F1
00F4E013
00FEE807
00F913F6
000324E8
00F7F9FD
00F9F608
00061EEA
00043106
00FC04F8
00F5F2F4
00093C0C
00021002
00F5FBF3
00F90EE6
00020DDD
00FA1E02
00F2FDEE
00FFF40E
00F816E6
00FDFEF1
00020FFB
00FD1309
00FAF8EC
00FD0B24
00F6FCF0
00FC151C
00FBE323
000207FF
00F9FAF4
00FEE81D
0000F015
0001F608
00F6F50F
0001FDF1
00001DC1
0000F023
0003F106
00F7FBC8
000208C1
00FBFC02
00FC0FFF
0006F5BF
00FF0802
00FD0214
00060FE3
0000F9BD
00F90132
00FB1424
000400E5
00FCFEFC
00FEFD24
00F61323
00F4F010
00FB0E10
0002F8F0
00FE051F
00FEF505
00FF0816
0002EB02
00FFFA09
00FE020A
00FEFBFA
0000FADD
000011F4
00F9F703
0000FA08
00FD0FE3
0000FFF1
00FF051B
0000FA0D
00FE07F8
000000FE
00FD2009
0000FC00
00FDF459
0000FCFE
00FDFE0A
0000FD0C
00FEE938
000000FE
00FF040F
00000000
00FDFFF7
00F7F7FC
00000316
00000000
00F201FB
00FF0C14
00010B03
00000000
00FA04F9
000006F9
00000C1B
0000FF00
00FFF8FC
0000FE04
00FF0B1E
000005F4
00FFF907
0000FFF3
0000F81B
000000F7
0001F4F6
00FEF402
0000F406
0000FBF7
00F60815
00FC1409
0001EF0C
000000FB
000013FF
00FE1AF4
00FD0E09
00000C00
00F721F6
00FB07F7
00FFFD0C
0001060F
00FC00E0
00FB15EC
00FF0608
00FEEB0E
00FFF4FA
00FB1BE2
00F9FC1B
00FEE213
00040907
00FD22DA
00FBFD0F
00FA02FF
00060D01
00062CCA
00F00BEC
00FC0F01
00FF1306
00083FDE
00FB0B06
00FDFFDD
00001C1C
00062AEB
00F4F8E6
00F802EC
00FEFDF6
000317FE
00F8FFED
00F3F6FD
00FE08F6
00FC0506
00FE10EF
0001F609
00F908FB
00F8F213
00FE0608
00FB150B
00FFE60D
00FEFD0B
00F108F4
0002F727
00FFE736
00000714
00FEF20C
00F9FEE3
00000EF3
00FE071B
00FAEB05
00FC09C5
00011BF9
00FB041F
0003EBFB
00FB04B8
00FF1720
00F5F022
00F7FEEB
000000C1
00FBEF2F
00F7023F
00FCFFDF
0002FE07
00F9FC0A
00F90129
00FB01DC
00FCF531
0000F5E0
00FF0A0C
00F9FF09
00FD1110
00030FD0
0000E22E
00F506FD
00FFFAFC
0001FAC8
0000FE1A
00FF0EFB
0000F5FC
00FD13F0
000005F4
00FCFF07
0000FC0E
00FDFDF8
00000802
00FF15FF
0000FA00
00FEFD03
00000610
00FD1401
0000FC07
00FD0320
00000304
00FF060A
00000000
00FDFE05
00F6FAF8
00000614
00000000
00F2FFF9
00FF0D14
00040810
00000000
00FCFEFB
000005FE
00FE0D14
000001FA
00F5F300
0000FF03
00FF0C19
000003F4
00FDF308
000001E5
00FFFD13
0000FBEA
00FDF8F9
00FDF501
0000FCFD
0000FBF0
00F8F40E
00FEFD13
00FFECF8
0000FDFE
00F503FF
00FC0506
00FA0106
000007EC
00FD21EE
00FDF4E4
00F5091A
00FF0305
00FA02F1
00FE18EA
00F70F2A
00FEEEFE
0002FE06
00FFFAF5
00FC061C
00FCFAFF
00FE060F
00FE06F5
00F608FB
00FA13EF
0009FEED
00072CDF
00F905FA
00F813EF
000B1800
000032E7
00EFF8F7
00EFF9DE
00FF0F0F
000236F3
00F306EE
00F4FADD
00FE1321
00FF0F08
00FCF5EF
00F7EFF4
00FFF31E
00FEDFFE
00F1F5FC
00FBF1EF
00FF0E1A
00FCDE1C
00FC0610
00FBEEF4
0000030A
00FCE609
00FBFE0B
00F8F1F1
00000716
00FD081C
0005F703
00FFE9E6
00001DEE
0000EC0D
00F2EA0F
00F4FED5
00000E1C
0000F20A
00FDECFB
00F813CF
00FE1335
00F4D923
0003F5F5
00FE01CA
00F4EE0F
00FC0310
000707F3
0003F811
00F7ED1F
00FCE9F7
00F408E4
00FFFD1C
00FCE8DE
000017F0
00F9F910
00FBEF23
000308CD
0000F716
000306EF
00FFFB10
00010BC4
0000FA01
00F413F7
0000F909
00FF0FE7
00FFFDF7
00FB12F1
0000FB01
00FE03E3
000004FB
00FE03FB
00000100
0000FFF8
00000E02
00FA0FFA
0000F800
0000050A
00000B01
00FD07FA
00000100
00FE0D00
00F8FE00
00000A0B
00000000
0001FBF4
00FF0A14
00F40E17
00000000
00F6FEF6
00000500
00FE0420
000001F8
00FEF6F8
0000F90E
00FFFF17
000000F6
00FFF8FC
00000100
0000FE0F
0000F9EA
00FBF9E9
00FF0015
00FF0004
0000FFF2
00FCFA15
00FAF5FC
0000F50A
0000FB01
0002EF07
00FA0A02
00FEECFC
00000001
00FD08F5
00FEF60A
0002E50F
0000FCFA
0003FE04
00010BFE
00F3FE1B
00FEE809
00FC03FE
0005FFF8
00F50605
00FDFFDF
00FA1EFE
000007EF
00FA0A03
00FA05E1
0002FDF7
00FB11F6
00F20A08
00F316F6
00000605
00FF0619
00FE0DFA
00FA0DD8
00FDEF22
0000162B
00F405F6
00FA00D9
00FC0B17
0000212F
00F002F3
00FAE9E1
00FFFE25
00001537
00F103FB
0003EEEE
0001EE21
00FFEB29
00F000FD
00FBD1DE
0000F632
00FFD02C
00020BF5
00FEEBEA
00FEF13B
0000ED0A
00F5ED05
00F6F5F6
00FC1603
0000F227
00F504FF
00F9F5EB
00FC1412
0000F73B
0004FB03
00FF08D2
00FB131C
00FFEB2D
000305FB
00FCF4E5
00FDF310
00FE021C
0007F4FD
00FCFDF6
00F6E6FE
00FFF606
00F8080A
00012039
0003F4DE
000005FC
00050AEC
00F9FA26
0005F7B5
000008F3
0002FA01
0000F61C
0000F6D4
000011F3
00F506F4
0000FF05
00FB0CDD
0000FEF8
00F5FBE0
00000002
00FE0AF5
000005FB
00030407
00000600
000009F4
00000EFF
00FB0F00
0000FE00
00FF08FE
00000501
00FB0607
00000100
00000EFC
00FE0000
00000608
00000000
00FB01F5
00FF0719
00FE0414
00000000
0002FD00
00000303
00FF071E
0000FFF6
00FCFFED
0000FAFE
00FFFF08
0000FCF1
0000F0FC
0000FDED
0000F806
0000FDEE
00FDFB05
0000FC0C
0000F7FC
000005ED
00F9F710
00FC00F6
00FEF005
0000FAF6
00FDEC0A
00FA0512
00FCF00C
0000F8F5
00FE1600
00FFFC15
00FBF702
0000F9E4
0000F7FE
00FF0CF9
00FBECFE
000001F3
00001507
000013F8
000304F1
00FDFEE6
00F10CF9
00051FD2
00FB0BF5
00F90CE7
00051403
00FC0207
00FF0EE9
00F316E6
0004FDED
0000091E
000001FB
00FB15DF
00030817
0000EC1D
00F702FD
00F3F1DE
00040D0E
00FD0C16
0002FDED
00FEDDE0
00FB0DF4
00000B25
00F7FAEB
00F3EB02
0000F742
0000FE25
00F005F0
00FBE0F5
0000F41A
0000F416
00FA0004
00F4F100
000002F1
0000F61B
00FE010E
00F6FE14
00FFFD23
00001A34
000006FB
00F903FB
00F7DF2B
00FFF538
0003FEFB
00FC03DE
00F4EB1F
00FFFA19
0008F7F5
000114F9
00F6E917
000016E9
00F8FE02
00F90509
00FE040C
0000F7DA
00FAF803
00F91411
00FFFFE2
000004F6
000007F6
00FE0E37
000202B3
000009E5
0006FCEE
00FFF812
0000F8D9
000000FB
000110F9
00FFFEF8
00FF09EB
000007FB
00FD00F4
00000103
000001F4
000002FA
00FF01FD
00000904
000102FC
000006FF
00FA0506
00000301
00FF0400
00000000
00F70208
00000000
00FE0A00
00F80BFC
00000805
0000FD00
0004FDF2
00000811
00F50508
00000000
00050600
00000007
00FFFF0E
0000FAE0
00FBFFFF
0000FBF7
0000000D
0000FBED
00FEEC15
000000EC
00FEFC0B
000004E2
00FBFB07
0000FB09
000206F4
00000ADF
00F9F9F4
00FFECFE
00FD07F8
0000FEDC
00F4F8FD
00FAF908
00FDF6E7
0000EAEC
00FCEF08
00F9FF1E
00FCF8F4
0000EBF5
00010305
00FD13FE
00FEEC07
0000FFF5
00050EE8
00FF1BF0
0003F709
000000FF
00F42CE7
00FE1DFC
0005FBF6
00FF01F4
00FC1A01
00FA04FB
00FCFFFD
00FAFEE3
00FE00F6
00FFE616
00F102F1
00F901F5
00FF16D5
00FEF202
00F9F0F4
00F1F8EB
000A11DB
00FD1A2B
00F7FEFC
00F6E6F9
000120F1
00FF1530
00FF07F5
0000E906
0000112C
0000052B
00FAFD07
00F4DA0A
00FF022F
0000FA24
00F6F8F3
00F6030A
00FF1809
00FF040C
00FAEFF3
00FB1E26
00FDFB0D
00FFF428
0001EAF2
00F81004
00FBF633
00FAF40A
00040403
00F6F3EB
00F9FA21
00FD0323
00FF01F7
00FA100A
00FBF821
00001F0A
00F9EC15
00F40BFE
00FDF3F5
0000F5FD
00F9FC04
00FD0F1A
00020DFF
0000FEF5
000216EE
00FF0516
0000F4BF
0000FFF2
0001090E
0000FDF2
00FB02F4
000000F8
00010E00
0000FCF6
00FF01EE
000008FE
0006FB05
0000F801
0000FDF8
000009FC
000503F9
0000FF04
00FF13F4
00000FFE
00FF0505
00000201
00FF05FD
000008FE
00FD0503
0000FC00
00FF0702
00F6FFFA
00FE0407
0000FC00
0003FDFA
00FE0714
00F51013
0000FC00
00FE02FA
000000FC
00FEFA14
0000F5D9
00F800EC
0000FAEA
0000F3F9
0000FEF2
00FAF005
0000F70A
00FEF8EC
000007EF
00FEE8FF
00FFF615
00FFFFFE
000007F2
00F8FF09
00FFF419
00FEFFFC
0000F6F0
00F80316
00FEF115
00F901E9
0000EBF8
00FAF2F4
00FD0513
0001F5F9
0000EDF8
00FFFBE7
00FA0DFD
0000E900
0000F702
000B17EE
00FA0FED
00F8E5FD
0000FAFA
00FF20EE
00FDF2F8
00020BF3
0000FD00
00FC100D
00FBFBFF
00F10CF7
00FDF7F0
00FC02D6
00FBF11D
00ED1705
00FBF8D8
000719E3
00FC0207
00F7FDF9
00FDE806
000315C8
00FC1429
0001FFF9
00F9FA02
00020AD8
00FD1619
00F6F4F3
00F6EC11
000012F2
00001414
00F3F20B
00FBE711
00FF1711
0000FC15
00FFF401
00FCFB05
00030D0D
00FF0C0C
000008E7
00FF110C
00F7FB32
00FDE5FF
00FB070E
00FCFEEF
00F0E914
00FFD315
00090407
00FDF80F
00F8E81B
0000EC21
0001FEFB
00F5F50A
00FCFF20
00000605
00F80E03
00FA0CF4
00FFF618
000008CB
00FE0708
00FF0DFA
0001FEFA
0000FCE0
00FF0306
000009EF
00FEF2E6
000004E7
00F91107
00FFFFF2
00FE0BF3
0000FC00
0000FF0D
00FFF7F3
00000AE8
00000900
000003F0
00FF01FB
0000FAFA
00000DFD
00FDFDFC
0000FE02
00FFFCFE
000011FF
00FB07F8
0000FB03
00FF05F6
00000C01
00FBFEFF
000003FF
00FE0700
00F90FF6
00FB0605
0000FC00
00030EFE
00FE0B16
00FB0D02
00000000
00FD020E
000003FE
00FF060D
0000F3D7
00F700E4
00000003
00FFFEFC
000003EF
00FFF3FC
0000F804
00FEF9F0
000009F8
00FBE904
00FFF807
00FCFEF2
0000FD01
00FAED06
00FF0116
0002F905
0000F304
00FAF702
00FEFA0B
00FBFB00
0000ED0B
00FDF0FB
00FCFE15
00F9EBFE
0000F004
0001F407
00F80708
00F5E904
0000F805
00FF15E4
00FAFFF6
00F5ED13
0000F8F1
00FA00F5
00FDEE04
00F8FDF8
0000F3FD
00F50909
00FBF111
00F313E6
00FFEFF7
00FDF9E4
00FCF929
00F10401
00FDEEFC
000522E9
00FDF226
00EDF501
00FDF60B
000017DF
00FFE621
00FEFA11
00FC0431
000D19C5
00FB0011
00FCFE0C
00FDF808
000217D0
000006EC
00F4ED0B
00FE0615
00FB0CD4
00FEFBF3
00FC0306
00FB1E05
00FD1015
00FE01E5
0004FE02
00FA12E3
00FFF922
00000A13
00FD0507
00FBFCDE
00F6F2F7
0000E429
00FF03FA
00FBF9EE
00FAFA17
0000EE0E
00FC09FA
00FEF707
00FBEE17
0000F803
00011A0C
00000614
00FD04FB
000006DB
00FF15F6
00000AE2
00FFFD01
000009EC
00060EF7
0000FBEC
000506F3
00FF03FA
000203FD
00FEFDF2
000304F6
000000F5
00FF02FF
00FE04F1
00FF08F4
000003FD
0003F9F6
00FFFDF8
000000FA
00000CFE
00F706F5
000007FF
00FF09FE
000008FF
0003F6F7
00FFFD03
00FE0AFB
0000FC01
0001F7F8
00000201
00FD06FF
00FF07F9
00FCF9FE
00000400
00F70508
00FE0C19
00FBF501
0000FF00
00050311
0000FCEC
00FFFD04
0000F7D9
00F5FCFC
000002FA
00FF05EE
000005F8
00F9F4FD
0000FD05
00FBFAE1
00000A03
00F9E4F8
0000FE07
00FB0000
0000F807
00FDFBF5
00FCF707
00FC03F3
0000F30A
00F80104
00FDF3F3
00FAFDF4
0000F307
00F8EC0C
00FF07FC
00FFEC05
0000F5FE
0001EE12
00FE0AFD
00F9F202
0000FBFC
00FCF0E3
00F90908
00F1F604
000002F3
00F6FAF0
00F9FE07
00F2F002
0000F90B
0001FE00
00FE0808
00F90606
0000FF00
000114EA
00FC0B01
00EFF6FF
00FFF801
00050FFE
00FDFE14
00EDF906
0000FC1B
00021705
00FE07FD
0000F418
00000C30
00060CE0
00FF03F5
00F1F40B
00FFFD27
000309E2
00FF17C4
00FAFC12
0000F825
00FB17EA
00FF13EB
00FD0A00
00FF0700
00050A16
0000F4E6
00F30E01
00FF03E4
00FFF03C
000004E2
00000CEE
00FEF5F5
00FFE215
00000505
00FE0E09
0000F1EB
0001021C
0000F8EF
00FF11F6
000006EA
0001F606
000001F9
00FB0613
00000FE7
00FF05F5
0000F8EF
00050A11
0000FAE5
0000FFF7
00FE06FE
000106FB
00FFFBE5
00010AE9
00010200
000B08F0
00FE04F2
00020BF1
00FF12F9
00FF09F0
00FEFCF1
00FF19E1
00000AFE
00FEFFF8
00FFFBF5
000001F0
000007FE
00FE10F5
00FF04FB
000002FC
00000DFE
00F708F8
00FF0401
00FF05FB
00001001
00F70203
00FFFF04
00FE05FD
00F80F01
00FCFFFF
00000200
000209FE
00FF061B
00F209FC
0000FD00
00FAFCFF
0000F8F7
00FEFB05
0000FBE8
00F6F6FF
0000FBFC
00FEFB01
000009FC
00FEFC13
0000F30B
00FE05F5
0000040B
00FCE5F6
00FFF217
00FF00F7
0000F410
00FCEF09
00FEFE0D
00F9F607
0000F405
00F90301
00FCF5F6
00F9FCEF
0000F900
00F2F500
00FF02F3
00FAFDEF
000000F9
00FCF409
00FCFC13
00F1F102
000001FB
00F5F112
00FA04FE
00F4F4FE
0000FE0B
00F900FC
00FBFA06
00FBEEFD
0000FF1A
00FF18F9
00F5FE16
00F3F1EF
00000022
00F9FC10
00FCFBFB
00FCFEF7
0000FC12
00F5190D
00FEF8F9
00F4F122
0000F404
000208F8
00010B13
00EBEF25
0000FD17
000C0ED7
00FF0C1C
00F5F01A
00000217
000809D1
00FF17F3
0006F90D
00000B03
00020AEF
00FF0603
00F90AF3
000000E6
00FA05EB
0000FAFB
000713FF
000002EA
0000F314
000002E8
00F90DE7
000008FC
00FEEB22
000004EE
000A1302
000009EF
00FCFE06
00000BF6
00FD0B0B
00000AE9
0002F6FB
0000F1F1
000B11F6
000003E7
0005FAF6
00FFFAFF
00FE0B00
000000E7
000302E9
00FD0101
00080CF3
00000AE4
0002F6E6
0002F5FE
00F8FFEC
00FD06E9
00FF0BE8
00FFF8F9
00F604E1
00FEF7F1
000110DD
000001F6
00F702EF
00FDFDF2
000000F8
00000DF4
0001FAEC
00FF07F9
00000203
000004FF
00FC04F7
00000400
00FE00FE
00000BFF
00F7FFF7
00FF0303
00FE0AFD
00F704F5
00FCFDF1
00000401
00F5FB04
00000B12
00F6FEFC
00000000
00FEFAFB
0000F5F6
00FE07F8
0000FFE8
00F8EE11
0000F6E9
00FDFCF5
00000D03
00F50011
00FFF5F7
00FF0302
00000004
00FBE9FA
00FE0301
00FCFAF3
0000F1FC
00F6ED0E
00FCFA01
00F903FE
0000FBF3
00F3FBFA
00FEF4FF
00F8FEF8
000003F0
00FA0013
00FDFB02
00F5F1EF
000001F7
00FCF305
00FAF825
00F9F0ED
0000FA16
00F9FE05
00FA0808
00F9EDF6
0000FA20
00FDED04
00FA030F
00FBFFF8
0000F71A
00FE01FB
00FC0D0A
00F9F51C
0000FC1A
00FAE9FE
00FB03FA
00F90C27
0000FA0A
00F6021C
00FD0305
00F0FE23
0000F4F1
00F90404
00FF0607
00F4F21C
0000F1FD
00020AF4
00FF0B03
00FFF41A
0000FB07
00071102
00FF0502
00FAEB02
00000400
00FA190F
0000F312
00FE06FF
000005F6
00FC0212
00FFFD03
00FF22E6
0000FEF6
00FF0B0F
0000F7F4
00050AE0
0000F904
0000F7FB
0000E7EA
000306EE
00000BF0
0002F9ED
0000F200
000203E2
000003F1
000201FD
0000FEF9
0006F902
0000FBED
00FCF501
0001FCEA
0000F1EB
000006E9
00FF02F0
00FF0AF0
0000F9F8
00FF02E6
00FE0AE7
00030002
00FCFBF7
00FE01DE
000007EB
00FF0200
00F814F1
00FEFBEF
00FF14E3
000003F9
000AFCF4
00FD01EF
000006EB
0000FE03
00FFFD04
00FE07F4
00010CFA
00000007
000309F9
00FF0BFE
00FFFEFC
00000D06
00060CF5
00FF0504
00FF00F8
00F90502
00F504F8
00000606
0005F204
0000070C
00F108FC
00000100
00FEFF08
0000FB0E
00FD1518
000000E5
00F7E613
0000F7FF
000107FC
000009FB
00FAF810
00FFFC08
00020305
0000F6FD
00FEFDFE
00FDF907
00F9F109
0000F8FD
00F7F40B
00F8F0EC
00F1F8EC
000006E6
00F8F9FC
00FEF9F2
00F6FEF8
000002F5
00F70E24
00FB01F5
00FBF704
000006FF
00FDF914
00FAFEF7
00F1F4F4
00000211
00FA02F7
00FDFB0F
00F9F9F4
0000FC12
00FAFC19
00FDF504
00F3F3F7
0000FC0F
0003F50F
0000F603
00F3EC15
0000FB0D
00FE03F9
00FBF305
00FBFC0D
0000FFFA
0000F00A
00FD0718
00F90510
0000F610
00FF0EF9
00FE060F
00F5FA1C
0000FA24
00FD03E4
00FEFEFE
0000011B
0000FD2A
00FEF6E7
00FFFF12
0001F801
00000626
00000406
0000F50D
00FF0BF9
00000F0E
00FFF122
000003FB
00FC24F4
00000004
00FDF714
00FFF708
00010AEC
0000FC06
00FEFFF4
00FEF8F5
0004F6FF
00000006
00FF0800
0000F8F4
000BF8ED
000006F9
0005F4FB
00010301
000202F4
000006EA
0002FCFC
00000B03
00000105
000005DE
00FD07EC
00FD16EC
00FE01EF
00FF0AE8
00000EE2
00FD05ED
0004FDF7
00FE07E7
00FFF7DD
0002FFE7
0008F2DF
00FDF7EF
00FDFEE0
000001E0
0006FBDF
00FD06F6
0000FFE5
00000FF8
00F500EA
00FF08F2
000100F4
00FFFA01
00FC0CF4
00FF0CFA
0000FFF8
00000913
0000FF06
00000201
00FDF7F5
00FF0900
00FB0BFA
00000500
000006FB
00FF031E
00020DFE
00000000
00060B11
00000713
00FA0F1D
0000FDF4
00F6F20A
00FFF80E
00F8FC08
0000FDFF
00FAF205
00FFF922
00FB0326
0000F002
00F8FEF3
00FCF913
0000FB12
000003FB
00FDF709
00FAF9F6
00FAF20B
00000601
00F4F426
00FDFB08
00F9000B
00000DFE
00FD0013
00FE090E
00F5FBFA
00FFFD07
00F90614
00FF0F10
00FEF50E
00FF0510
00FDFB02
00FF061C
00F4F515
0000030E
00FBFB06
00FEFB0D
00F0FE1C
0000FBFF
00FB0AF5
00FDFC12
00F3FB14
0000F5F2
000101F8
0000061C
00FA0218
0000FE08
00FA0301
00FF1309
00FBFF15
0000F511
00FB0202
00FF0416
00F801FC
0000F41C
00FA03F7
00FEF607
00FA061A
0000FB15
00FDEEFD
0002FC0F
00FC0413
00000102
00FB0813
00010509
00FEF6FC
00FFFCFE
00FE0E13
0002000A
00FFFC08
0000FAFB
0002021E
0000FC0C
00FE0511
00FFFD00
00FEFEF8
00FFFE14
0004F60A
0000F4FE
00030CF7
00FF0514
000A0501
000000FE
000000F2
00FE0607
0008F0FE
000005FB
0006FBFA
00F9071A
000DFE0B
000007FC
00FC0FE1
00FE1012
0009FCF8
00000CFC
000406DC
00FF0EF2
000107F8
00FF0DF2
000107D3
00FD1CF7
000400FB
00FF04E9
0004FDE4
00000CE6
00F809F5
00FEFEF6
000004EC
00001CE9
00FF0E00
00FF08F6
000004F8
000005FA
00FE0807
00FF04FA
0000FCF2
00000D03
00FC1606
0000FAF9
00FF04EF
00FD03FC
00FB160D
0000F9FF
00FA07F2
00FF082B
00F90402
00000000
00F9F2FA
0000F8F5
00FC1700
000001F0
00FEFA1C
00FEF8EF
00FD19FB
0000F300
00F8F40B
00F5F300
00060CFD
0000F6FD
00F8F5FB
00FA03F8
00F70D14
0000FEF6
00F90604
00F904FD
0000060C
00000AFA
00F7F7F6
00FBFC0E
00040A01
00FF0802
00FCF505
00FE0518
00060C08
00FF07FA
00FDFE21
00FF0710
00FD0B0E
00FE0107
0000FCFC
0001000E
00F31411
0000F5E5
00FFF905
00FF0E14
00F81919
0000F3EE
0001FC27
00001017
00FC0811
0000FAFD
00FDF804
00FE0105
00020F10
0000071E
00FFEF06
00FE0711
00F30D0C
0000FD16
00FFF4F5
00FE000B
00F70328
0000FE01
0001F607
00FCFAFE
00F41118
00FF0402
0000F5F5
00FCFF00
00F90F17
00000602
00FFF4FA
00FD0604
00F7FC17
00FFFAFF
00FE0CF9
0002FE0B
00F8FB10
0000FC01
000007FA
0001060A
00011318
00FFFB02
000101FC
00FE01F5
00F60C12
0001FEE6
00FF19F8
00FEF80E
00F30515
000101F2
00FD05F9
00020A03
00010512
000007EF
00050FED
00FE02F3
00F7061B
00FF02E8
00FB0BD9
00FF0000
0003041F
00FF02E8
00FB07F6
00FDF8FF
00F50712
00FE07E9
00FE00EC
0000FDFB
00001010
00FC11D8
00FE10F0
000003FE
0000FE1B
00FEFAF0
00FFFBF4
0000080C
00FA0F1B
00FCFDE8
00FF05F0
0000FE03
00030421
00FEFAF3
00000BF6
000004F6
00F9070A
00FFFDF4
000003FB
00FB07FE
00F51210
000000FD
00FB0503
00FF0C08
00F91717
00000000
00030C09
0002F5FA
00021709
00000000
00F4FFFC
0003FF02
00FB1109
00000000
00FDFDFE
00FF0006
000B0D09
00000000
00F9F3F5
000004FA
00010215
00000000
00FEF7F8
00FBF802
00111409
00000000
00FBF9F8
0000FDFE
00FC0C04
00000000
00FDF8F9
00FFF9FD
000EFC0B
00000000
00FCF6F8
0000FEFF
000009FA
00000000
00FFF9F8
00FEFBF6
00FB0206
00000000
00FFFAF8
00F8FFF9
000C1301
00000000
00F8FDFD
00F707FD
00FB18FC
00000000
00F3FCFC
00FC0606
000A1012
00000000
0003F6F6
00EE0309
00001405
00000000
00FFF5F5
00F50301
00F70210
00000000
00FDF7F4
00FC0001
00F913FD
00000000
00F603FF
00F703FD
00091715
00000000
00F9FEFA
00FC06FD
000D0A11
00000000
00FFF6F6
00FBFEFE
00061410
00000000
00FCF9FB
00FFFBFB
00FBFE01
00000000
00F9F7F8
00F8FE00
000C1500
00000000
00FCF7FA
00FCF6F8
00050107
00000000
0000F7F9
00FAFCFF
00080E11
00000000
00FAF8FB
00F9FBF8
00FDFD07
00000000
00FCFBF7
00FFF504
00040E13
00000000
00FBFBF9
0004F405
00F8010D
00000000
00FDF4FA
00FEF5F9
000A0B0D
00000000
0000F7F5
0006F406
00FC1609
00000000
00FCF9F7
00F8F9F3
00FAFC08
00000000
00FDF9F9
00000104
000F050F
00000000
00FBF9F8
00F8FB02
000B14FD
00000000
00FEF4F8
00F90101
000A030C
00000000
00F802FD
00FA0209
000E1518
00000000
0000FDFA
0005E1E6
00FE10FF
00FD0606
00F9F700
0004F9F6
00FC01FD
00000000
00F7F5FA
0002F7F8
00FF02FE
00000000
00FFF9FB
00FFF9F6
00FA06FF
00000000
00F9F8F7
0002F7F8
00FE02FE
00000000
00FDFAFE
0001F6F5
00000604
00000000
00FEF4FB
0000FCF8
00FC0507
00000000
00FFF9F8
00FCF5F8
00FD08FB
00000000
00FDFAFE
0001FAFD
00FC03FD
00000000
00F9F9FF
0001F8FF
00FA0202
00000000
00F5FD04
00F8FF00
00FC0CFF
00000000
00E51311
00EB0709
00FB0806
00000000
00FA1311
00F80B09
00FF0903
00000000
00FDF3F7
00F800FC
00FD110D
00000000
0005F6F7
00FB0804
00EC191B
00000000
00F5FF03
00FFFBFB
00000304
00000000
00F8FCFE
0006F6F8
00FC0600
00000000
00FAFAFC
0003F5F8
00FCFDFF
00000000
00FAF8FB
0000F7F7
0000FF01
00000000
00F8FD00
0004F7F7
00FD0505
00000000
00FCF8F9
0001F8F8
00F90400
00000000
00F9F9F8
00FDF4F9
00000905
00000000
00FCF9FA
0004FAFE
00FB0605
00000000
00FCF5FA
0001FCF2
00010108
00000000
00FCF8FA
0004F7F7
00FF0400
00000000
00FCF4F8
0008FCF7
000006FD
00000000
00FEFBFE
0006F8F8
00FF0505
00000000
00FFFBF6
0001F2F8
00F90701
00000000
00FBF5FB
0002F8F9
00FD0805
00000000
00FBF6FF
0002F7F2
00FB0708
00000000
00FDF9FE
0001FD01
00FD0603
00000000
00FE0BFA
00F81D1B
0001000F
00000000
00080AFB
000300FE
00FA1B12
00FC0707
0001FB01
00FE0301
000E0F09
00000000
00010203
00030104
0003FC00
00000000
00000200
00FF0003
000401FC
00000000
000000FE
00FF0302
00FF0501
00000000
00000206
00000001
00FD0B0B
00000000
00FE0301
00FF0103
00FF0BFC
00000000
0002FE00
0001FF00
00FA020D
00000000
00FE0404
0002FCFF
00F9FF01
00000000
00FB0207
00F60C10
0002FEF7
00000000
00F31113
00F5100D
00FA0A0C
00000000
00F81117
00F61620
00FC0015
00000000
00EB221A
000B04FC
00FA0AFF
0009F5F6
00F51809
0012F4EC
0009040D
00000000
0006F6FA
000BF1FE
0018FDFE
00000000
00FB0308
0009F3F7
000901FB
00000000
00EE1311
00F7030A
00061401
00000000
00F60207
0001FB00
00FD0E0D
00000000
00FD0202
00F80507
0005FA03
00000000
00FE0403
00FC0303
0003F5F9
00000000
00FC080A
0003FF00
000D02F2
00000000
00FF0304
00FE0004
000205F8
00000000
00FC0605
00FE0103
00040C00
00000000
00030303
00FF0203
0003010A
00000000
00000601
00FC0003
00FE04FF
00000000
00000205
00030204
00060B09
00000000
00010202
00FD0002
00FDFAF8
00000000
00FE0104
00FF0002
0001FB08
00000000
00000200
00FF0101
00040CFD
00000000
00010405
00FDFF03
00020505
00000000
00010100
00F7FCF9
0000FF03
00000000
00F80EF6
00FA1414
00FD0B0A
00000000
00FC11FD
0003FFFE
00F91019
00FC0707
00F502FD
00FD0102
0005FBFF
00000000
00FD0102
00000005
0004FF04
00000000
00FD0303
00FFFF03
00FF0A05
00000000
00000202
00FD0004
00040906
00000000
0001FF00
00FF0302
0003FEFA
00000000
00010202
00FEFD02
00010C05
00000000
00FF0203
00FCFF01
00FA01FE
00000000
00FD0803
00FB0103
00FCFD06
00000000
00F10F11
00FCFC03
0004FBF2
00000000
00020109
00010CFD
000E090F
00000000
00E92F2B
000B0706
000F1F09
00000101
00FD1B1D
0004FEF9
0007FCF7
00000001
0004F60A
000CE6EA
000FFCF1
00020000
0009FFF6
0009FBFD
0010F2F4
00000000
0007EFFB
0007F3FD
000C04F6
00000000
00FEE804
00FE100F
000FFF09
00000000
000AF9F3
00FC000A
000AF317
00000000
00F0040A
00FC030D
00F11411
00000000
00FCF8FB
0006F8FD
0007FB0B
00000000
00040707
00000303
000BFD06
00000000
00010706
000101FF
0007F503
00000000
00F80D07
00F70607
00000100
00000000
00FB0505
00FE0407
0003FE04
00000000
00020401
00FD0003
0000FEFC
00000000
00000304
00000102
00F90705
00000000
00FF03FE
00010101
00030306
00000000
00020200
00FE0104
00FC0D06
00000000
0003FFFF
00FF0001
00FB0CFC
00000000
00000201
00FE0101
00040AFB
00000000
00FF0102
00F3FDFD
000005F9
00000000
000D0DF9
00F91513
000E0D0A
00000000
00000FFD
0003FFFE
00FF1915
00FC0707
00FAFBFC
00FF0103
0000FB05
00000000
0004FE02
00FD0002
00030C0C
00000000
00010206
00FE0002
00080D00
00000000
00FB0206
00FE0002
000A0A0A
00000000
00FF0303
00FB0001
00000CFC
00000000
000400FF
0000FDFF
00FC05FB
00000000
00FAFEFE
0004FCF9
000707F5
00000000
00F80001
0003F3F3
0005FEF8
00000000
00EFFE07
000FF9F4
0013F4FC
00000000
000A040E
0004F0F3
000EF8E2
000000FF
00040B10
0004F309
0013F4F3
0006F8F8
000DF8EB
0008F2ED
000B0308
0006F6F8
0001EFFD
0006EEFD
00070AFF
0007F0F2
000CFA05
00FAEC05
00050000
0003FCFA
000EE900
00FDEAF6
000A1518
00010000
000D04FC
00050101
00081B0E
00000000
00FEE301
00F8F605
0017F10A
00000000
0003F100
00ED0C17
0005F905
00000000
0000050C
00F00911
0005FD04
00000000
00F10402
00F30D09
0008080F
00000000
00010200
0003FAFA
00F5040E
00000000
00F5100B
0003FCFE
000CF2F7
00000000
00F50D0C
00FE0003
0003F6FD
00000000
00FB0706
00FE0202
000B04FB
00000000
00050000
00FFFE01
00FCFB0D
00000000
00FC0603
00FD0102
00FC06F8
00000000
00010302
00FE0301
0009FC06
00000000
00000200
00FE0302
0003FAF9
00000000
00000303
00FFFF05
00FCFAFC
00000000
00FF0203
00FE0401
00040601
00000000
000B050E
00F71413
00110704
00000000
00FBFA0D
000300FF
00091D0C
00FC0707
00FBF8FE
00FE0102
00FE10FB
00000000
00020100
00FF0001
00FC05FB
00000000
00000002
00000000
00000405
00000000
000100FE
00FD00FF
00030203
00000000
00FAFCFB
00F8FC00
000006FA
00000000
00FFF7F2
0002F8F9
00FF04F9
00000000
00F7FDFB
0009EDEB
0006FDF4
00000000
0003F4F1
00050604
0010FEF3
00000000
00E90617
001209FB
0010FBFF
00000100
00FBFD03
00F60810
002503F4
000AF9F4
0004F7F6
0008FA07
0028D6E2
0014F2F5
00ECF8FA
000FF1F4
0017DEE9
000BEFFC
0014E3F7
00FB0507
000AF105
0004ED06
00EE0C1C
00F9F405
000BFC0D
0005F4FE
000AF903
000704FE
00FB0E0D
000AF7F5
000EE90D
00FA040A
00FA0F16
0003FBFC
0011EB05
00FB0F11
0007FE0B
0005FBFB
0001F703
0001FEFA
0000160C
0005F5FB
0003F607
00EC2B28
000D0603
00FC0000
00F604FC
00F11B11
00FA06FF
00000000
00F50810
00EC1B17
00F30F0B
00000000
00F90A09
00F70D0F
00EF110F
00000000
00F60F09
00FC0606
0000060C
00000000
0005FCFB
00FC0308
00051000
00000000
00F70509
00FE0002
00FE0000
00000000
0004FF03
0000FE01
0009FCF9
00000000
00FFFF00
00FC0201
000B060C
00000000
00FF0203
00FF0302
00FF0406
00000000
00FF0202
00FF0005
00FA0704
00000000
00000205
00FAFB01
000407FF
00000000
0004FB10
00F9150F
000910FC
00000000
00041207
0003FFFE
000A0A0F
00FC0707
00FB0202
00FF0104
000A1009
00000000
00000201
00FF0101
00080008
00000000
0000FE01
0001FDFE
0003FE08
00000000
0004FFF9
0001FEFC
0008FC02
00000000
00FCFDF0
0001FCFA
00FEFA06
00000000
0001F0E9
00FFF1F3
0001F5FE
00000000
00F2F8FA
0015F5EB
00040300
00000000
00F10108
000F06FB
00F5F905
00FF0303
00FA12FD
000B0102
0009F5F7
00FB0C07
0013F104
000100FE
00F8E7EC
000A05F9
00FEF709
00FBF902
0011E4E7
0017DCE1
00E20107
00FBF50E
0004DFE3
000AF5F8
00F9080A
00EFEAF0
000CE5FA
000A00FD
00F51311
000BF80A
00FAF7FB
000EE6E5
00F8020A
00ED1000
00F00215
000DF6F5
00FA040E
0007FF01
000B0DF7
00000204
0007DB06
000F0E15
0006FDFE
00F80A0E
00030D09
00F609F7
0002F708
00FEF804
00001314
00FF0407
000CF910
00F50209
00F50905
001201F9
000C0412
00FC0504
00E7111B
000202FD
00FA2116
00000000
00F20E10
00F10E0E
00F60D04
00000000
00FD060C
0008FAF9
000A06FE
00000000
00FA0808
00F90307
00FC0208
00000000
00FC0F11
0003FDFF
00FA07FC
00000000
0004FEFE
0001FCF9
000206FC
00000000
00FC0305
000001FF
00FA0D02
00000000
00FF0400
00FFFF04
0003010A
00000000
00FC0003
00FF0001
0005FCF9
00000000
00FC0102
0000FE04
00FCFF00
00000000
00000604
00FB1611
00061408
00000000
00040209
0003FFFE
00010C0F
00FC0707
00FBFBFC
00010102
00040FFC
00000000
0001FF04
00FEFF01
00FE05FC
00000000
000501FC
00FDFDFF
0001FCF9
00000000
00FEF7F3
000301FD
00FB0B00
00000000
0009F6F0
000CF5EC
000700F6
00000000
000BF1DC
00FBFAFD
00FE1100
00000000
00F5FB09
000EFBEA
0006FFF2
00000000
00E8140E
00EBFF03
000CEFE4
00F1100F
0005EF01
0009FDFA
0006FBF1
000213FF
00040F06
00F3F6FA
0003E4E8
00FF1D14
0000E9FE
00F9EBF4
00FAE4F2
00F2FF08
00E604F4
0006DADE
0001ED05
00FAF1FB
000300ED
000DE9DF
00FFDFEA
0001F3F5
000D0C14
0007E3F6
0009E7E9
00FA1500
0010FE06
00FAF5F6
0018E5F3
00FB0AF6
00F5081A
000BE9FC
0003F0EF
00FCFAE9
00F81A11
00FAFAF8
00F906FC
00F911FD
0017F7FE
00FA16FF
00030209
00FC1008
000C00FB
00FA1509
00F5141B
00FA0714
00FBFFF6
00FE0A02
0003150C
00FBF300
00F60AFD
00000803
00FFFAF7
0001FE00
00FF0905
00FEF305
00F6FB01
00000000
00010B01
00F80C07
00FD0102
00000000
00EF160E
00FC0307
00F80712
00000000
00F30C0C
00FA0807
000403FF
00000000
00FA0009
00FE0102
000802FF
00000000
00FC0306
0000FF01
00000D10
00000000
00FD0706
00010304
00FA04FD
00000000
00FEFE00
000100FF
00040504
00000000
00000101
00F20005
00000A02
00000000
00FC030C
00F71612
00FD040A
00000000
00FBFE0F
0003FFFE
00031D0D
00FC0707
0000FA03
00FB0102
000B090E
00000000
00040501
00FEFFFE
00FE0302
00000000
0004FBF6
00FCFFFD
00F807FE
00000000
0007F8F3
00FB02FE
000004FE
00000000
000BF1E7
0006F5F3
0005FE03
00000000
0015E6EC
00F401FF
00010209
00FF0003
000DFDFE
00000DF7
00FEFF0B
00F80605
00FFFCE3
00FA0500
00FDF8F7
0009FDF5
00F70007
00FC0D06
00020106
000AF7EF
00FCF4EA
0004E1EA
00FF01FC
00F5070F
00F4F1F9
0008D6EC
000EF6F3
000502F4
00F9F70C
00F2FBF5
0015E7F7
00FE0806
00FB1108
00FD0507
0008F1E5
000DF4EA
000806FF
00140C15
0010E2FE
00F903FA
00F00C00
0012F7EE
00F2F2FF
000DFEF6
00FBFC0E
0004E603
00FE02FA
00061200
00FB0313
00FE0A18
000102FD
001C06ED
00FEED06
00F71500
00FF0617
00141008
0016180C
000AF2F7
0007F908
0013000C
00F6F80A
0008FBFF
00F21C2B
000DFDFE
00F40CFD
00F41111
00F61D0A
00F1010B
001AF1EB
000312FF
000C0110
00FD0904
00FF0806
0006ED05
0009FDF4
00000000
00EA0F1D
0001FD0A
00001006
00000000
00F81307
00FEFD00
00FA1B08
00000000
00F41D1B
00F40909
00FA070A
00000000
00FB0809
00FB0408
000305FC
00000000
00FD0207
00FC0303
000102FE
00000000
00000206
0001FF02
00010406
00000000
00FF0401
00FF0503
00030A02
00000000
00FDF5F8
00FC1213
00010D10
00000000
00FF0A07
0004FFFF
000C1A18
00FC0707
00FBFAFB
00FF0004
00080C07
00000000
0005F903
00FC00FF
00020601
00000000
0011F7F5
00FEFFFE
00090F00
00000000
00FAFAF3
000FFDF6
001003FA
00000000
00FC06F7
0004FC07
000BFCF6
00000000
00FA06F1
00F81C1B
000E0E01
00FA0709
00050407
00F6ECEF
0001F6F5
0006FBFA
00F40BED
0002FAF8
00080E03
00FA1303
00F10717
00F6E1F4
00010FF9
00FFF7EB
00F9F00C
000FEBEA
000E00F4
00FEECFB
0000FDFF
000BE5E2
0003EBF6
00F5FFF9
0007FDF7
00F5EBFA
0002E7E8
00F2110A
00FB0006
0010F6F8
00FCEAEB
00FC0F10
00FF0B15
00050D00
0009E1F8
0003FD06
00FC140F
000AF103
0010DEF2
00FE0101
000AF5FF
0015FC03
0002FBF7
00F30901
00050A10
0012F109
00011509
000DF8FD
00FF1417
00021500
000D0C0A
0015FC11
00001415
00FA120C
00EC150F
000A1223
00F4F70E
00E92223
0000150F
00162712
000AECDC
00E80B1B
00E11119
000B17FF
000FFEF0
0005F3F8
00EC141F
00F7180A
000C0101
00F10E11
00F9F205
00F31112
00FC0E0A
00FBF607
00020DF8
0001FFFF
00F80F0B
000EF3F4
00FD0401
00000000
00E61B18
0003FE03
00F41C14
00000000
00EE2822
0003FDFC
00031104
00000000
00040904
00FF0203
00FF0802
00000000
00020101
00040101
00090D07
00000000
00FF0606
00FCFAFD
00FB0C01
00000000
000C0505
00FA1313
00040807
00000000
00FB0411
0004FFFE
00FD1011
00FC0707
00F8FAFB
00FCFF00
00FD0800
00000000
0004FAF8
00FDFFFE
000109F9
00000000
0013F8FC
00FEFDFC
00050BF9
00000000
000BF9E8
00FF0703
0002FBFC
00000000
00070805
0000F9FA
000C0AFE
00000000
00F80807
0008FFFE
0006FD0E
0013FFF9
000CFAF5
0018FEE3
000AF6F1
0009DEDF
000EF1F7
001ADFF2
0010F3F7
00F4F2EA
00FDFC09
0014CDD8
000BF6E9
00FEF7E3
0003F80E
000FDFFA
000CFBEF
00FFE9E4
0000EA02
00FFDEEE
0009FFED
00050CF7
001804F6
00F7E5F0
0003E5EB
00F31419
00041415
00FE070E
00FBECFD
00F80613
00F80C07
00FA190E
0001F803
00F6080F
00150E0E
00FDF0FE
0006FCEB
00F00011
00F80EF8
0005F90D
00070013
00F807FE
00FE00F9
00F7EE0C
00F7FDF8
00F50BEC
00ED221B
00110D0A
000010FF
00FEFFEF
00070B1A
001106F2
00F60D1D
00120B22
00F21221
00F9291B
00FE1214
00F72A24
00EFF5F0
00E81A0E
00EA0110
00171507
0008F3E7
00FC05EE
00E90B17
00030309
00130708
00F40D08
00021501
00FF0600
000CFAFD
00F40809
00F5080D
00FC0505
00EB140E
00FF120F
00FD1A0D
0006F7F7
00FB0B09
00F3130C
00FC0AFF
00000000
00EF1D1D
000300FD
000807FF
00000000
00F11212
0007F4F6
00F90F12
00000000
0002FCFE
0000FD00
000409FC
00000000
000500FD
00FE0901
00030303
00000000
0005FC04
00F81413
00010704
00000000
00080412
0002FEFC
00F80D0D
00FC0707
0009EBF3
00F7FFFE
0013FCFC
00000000
00FEFAFA
0006FFF9
0002F8FD
00000000
001701FB
000506FD
00030007
00000000
000707FC
00F91912
00060D01
00000000
0002FFFD
00F41007
0010F4F1
00000100
000001F4
000CEFE1
0010F3F9
000BF4EF
000BF9F9
0014EEF9
0007F9E8
00F5E8F7
000F0009
0016D7D3
000AEFDD
00F6F7F7
0001FBF7
0005F0E3
0011E9ED
00F6E8E3
00FDF308
000600FF
0019F6E3
00FDFAF6
000FF20F
00F8F1F5
00FAF1F2
00ED0514
000D090A
000607FF
0006F4E7
00060813
000EEAF8
00FA0BFD
00F801F3
0011F4F8
00050EFB
00040EFF
00F70708
00EE0A00
00221106
00020BF9
000FFB00
00030405
0005050B
00FB1810
00051107
00E5170C
00F00C13
00F50901
00050CF7
00100BED
000EF304
00080402
00F50900
00FD0DEA
00011821
00050505
00F51812
00041402
00F10E0E
00F70912
00F91C28
00120611
00EAECE8
00DD1008
00010916
00040901
00000212
00EB2824
00FD1916
00090816
0004000E
00F90812
00EF1511
00090F04
001806F7
00090C0C
00041018
00010801
0002EDF5
00F72A2A
00F6141C
00000101
000AFBF9
00F81216
00F61419
00000000
00EA191A
00F60A0B
00F6101B
00000000
00EC0E0D
0001F9FF
000F0107
00000000
0006FBFB
0002FCFF
00050900
00000000
00FA0409
00FBFFFC
000105FE
00000000
00080DFC
00F91413
00FE110B
00000000
00FA020D
0000FCF9
00F7150D
00FC0707
00FFEFFB
00F8FFFE
00090203
00000000
0000F8F4
00000C09
000DFC03
00000000
000708FF
00031307
00030008
00000000
00FC0D06
00F9FF01
0006FEF6
000000FF
00FFEE00
00FCF7FA
000DFD09
00110002
000DE5E8
00F4D9F2
000FE0E5
00FDEFFC
000DE7EF
0014EFE9
0016E6E3
00EFE4EC
0007120A
000DEFFF
0001F7EB
00F4E8F2
00F30D0F
0007F6F8
0015DFF7
00F5FAFD
00FF03F1
00100304
0014E3E5
00F70B13
001F0012
0004EDE9
0004E7F2
00F71C19
00FCF900
00ECECFF
0015E7EA
00E71C28
00FFEBE0
00F9FFFB
00FD050A
00FB0106
001EF1EF
000D0C0A
00040AFD
00F008FC
00092015
00EF1C11
00F41514
00F7120E
00F11619
00001425
000FF4FD
00FB200F
0010EFFE
0014F90C
00FE010A
001207FB
00EC0D0B
000C0911
00F5FB01
00F9FDF1
00010206
00ED1E18
00EE1C27
00020205
00E11311
00FC1311
00F1211B
00FEFF0A
00E4EEFC
00F4181A
00F52011
00F8F90E
000603FE
00DF0E26
00F7271C
00EE0F0A
0021FB12
00EB1724
00EE160E
0019110E
000FE8ED
00EB0910
00EA0C21
00FC0D0D
000AFC01
00FC1513
00FA1317
00FF0302
0009FB00
001601F8
00F41E1A
00000000
00F31C17
00020203
000110FD
00000000
00F31715
00F40B0B
00F32212
00000000
0006FCFD
00F9080A
00F705FA
00000000
0007F5F8
00FBFE00
00FB1405
00000000
0001F605
00FD1411
00030F0B
00000000
00FBFDFF
0006F5F3
00050E0A
00FC0707
0001EBF4
00FA0003
0000FDFF
00000000
00F802FE
00F81512
0002FF04
00000000
00020E13
0005150B
0012F9F9
00000000
0003F806
00EF0909
00F6F6F8
00FD0603
0002E900
001DE8F2
0013EBE8
002FE2EC
000FFEE6
0008E7F0
0016EFEC
0004D8FC
000F02F9
001BE1E7
000EE7EF
00EDE301
0015F6FA
00FAFAEE
0002E2F0
00F2F5FA
000E1D11
000FFAF6
0001DDF9
00FEF8FF
0008FF01
0004F901
0000ECF6
00030409
002406F4
000CD9DF
000CF1E9
000306FA
0019F8DD
0009F1EF
0007F7F4
00F31918
0009E0E3
00F613FE
00FB0402
00FD0211
0014E2E4
0017F5FB
00090905
000A150E
00050C0E
00E81522
00FE150F
001D0B12
00081511
0000FB08
000708FC
00220D12
00F70D10
00FA0D1E
00F61710
001DE5E4
00FC1606
00FE2F24
00FDF8F6
00F80FFE
00E62322
00081120
00001913
0001060C
0002FFF3
00EE112F
00061310
00FEED0C
00D9F6F9
00001A19
00FF0B1A
00EBFE13
00F11418
00E80A1F
00E80B21
00E50908
00200506
00F42D36
00EA2B0F
00080515
0000031A
00041720
00E32C2A
000F0F0D
00EFFD0A
000AF9FB
00001522
00F41819
00FC00F9
00EB0D14
000E060E
0000FFFF
00EA1D28
0002FBF7
000C0AF1
00000000
00F5160D
00FDFF00
00F2131B
00000000
00FFFEFC
00010003
00FF100B
00000000
0002FAFC
00FCF807
00F80F11
00000000
00F003F8
00FD0D11
00FA020F
00000000
00F90E02
0008E7E6
00FF0B12
00FC0707
00F6DDE1
0015F4F6
0005EAFE
00000000
000AFEF9
00FA1915
0007EDF1
00000000
00FA151A
00040401
000DF5FA
00FE0303
0008F102
00FEF907
001EEEEF
00F50E0B
00FED6F0
000FD2E6
0009FAFD
001AF4F5
000DEC04
0000DDE8
001EE9F7
0007CEF0
000200EF
000FFBFB
00FCEBEC
0000F0F7
000B09FA
00EF05F6
000EE6DF
00050304
0012F70C
00ED01F2
0008F0EE
00F8F3F8
000103FA
000EF500
0002E1DF
00F9EBF5
0008FCF4
00FDE6CF
0008E2EF
00070304
001F0C01
0008130B
000FFCF5
00EF1E1C
000CF0E6
001304EA
000C0C04
00F2100C
0008F2EC
00FBF0E7
0001111D
000709F6
000DF9FE
00FF0F05
0010FE18
00F40CFC
0011FB01
00080FF8
00001718
000402FC
000D02ED
0009060C
00FD0B00
00042501
00F90E0F
00012616
00F608F1
00FD06EB
000A0408
00FC1923
0007FF07
0003DBF1
00E3FFFC
00000B09
00010903
0002F912
00F81709
000A0E1F
00F9191A
000BE3FB
00F50DFD
00F71A15
00FF0D11
0000120B
0017F2F7
00EA2D21
00E91723
00F91B1A
0010FD0C
00F40EEF
0005151E
001105F9
00EDF6FB
00FBEEF5
00F51417
00010A0C
0004F401
00D90B0E
00140415
00000000
00F51D19
00070708
00FB1E19
00000000
00010802
00F31213
00FF0F0C
00000000
00FE0307
00FA0606
00F41A1B
00000000
000CEEF3
00F102FF
00F3130E
00000000
00FFFCFB
00FA160F
00051716
00000000
00030C07
0009E1E5
0006010B
00FC0707
0000E5E7
001AEEF0
001CFF01
00000000
00F8FEFD
00F81016
000DEAF1
00000000
00030504
00F7050E
000EF7F1
00FE0404
00FBF9E9
00FD07FC
0019F5F5
000601FB
0002EDF4
0014F904
001BEBF1
0006F8F5
00ECF108
000802E8
0004E1F5
000CE001
00FF08F2
000816FB
0010E2E7
00FCF514
0010FCF4
0003F0F2
000EE1E9
00E70E1D
0017FE11
00F4F9EA
0001FDFC
00ECF010
000606F6
000AFFDD
0015E0E7
00FBF00F
00FAF3F6
00FDF2E8
00FEF2E7
000FF10D
00191A0C
00F11119
0012FF0C
00FB0611
0002F0E8
0008EDE7
00F50F17
00160110
000DEAED
000A02F6
00F5080A
00050206
00100908
00F80C08
000D04F9
0007E9EC
0030E9E7
000DF7F6
00FC1B0F
0023E8EF
00E808FD
00FC1407
00FB160D
00FA00FA
00F70C26
00FE1D13
00F3FFF8
00FCEEEC
00EE1A29
00F01A1A
00FFFC04
0010DEF0
00D61712
000AFAFD
000304F2
0002D2F5
00E6170B
00E12830
001BF502
00F9F206
00EF351E
00ED2C11
00081618
00FE060E
00060203
00E81F17
00E82410
00EC1B20
00050B11
00F510FB
00E72122
001E0307
00FADDE9
00F8F7F3
00FD1322
000902FC
000AFBEA
0005E8E0
000A1100
00FD0808
00FE2414
0002FFFD
00F91519
00000000
00F51018
00F90303
00E33925
00000000
00F30E15
00F80807
00EA2220
00000000
0008F6F7
00FA0204
00E91919
00000000
00F5F6FC
00FA1311
00070512
00000000
0002FA10
001CDADD
00FE1812
00FC0707
0006EAF6
0017F9F7
001609FF
00FE0202
00020101
0006070D
000D02F5
00FA0807
000BFA01
00FFFEFC
000F0F01
00F70C0C
000BF901
0007F6EC
001FF501
0002110B
000CE9FE
00FAE800
0009E5F6
0014F1F2
0018F706
00FC0900
000CFAED
0006000E
0003120B
000510FF
000DDFDE
00ED0A1C
00FDEBEA
00FDFFF4
0008FA0D
0013EDEC
001204FE
00F90A01
0017080A
0005F20B
0008EFF9
001BEE04
000EEEF6
00F6ED00
00EE11FE
000B04EE
00F9F2FD
0007EAF6
001A1C15
000601F8
000E0A09
0003F8F6
0001F307
001AF3EE
00FC0BFD
00FB0BF3
00FAFB13
00F8F700
00090DFF
00F8EEE6
0011F2F1
00FC120D
00F9F80D
000AE6DD
00150D05
00FE2016
00001111
000212FE
001AF1F9
000AF511
00F92828
00100909
00FD0412
00FD2212
00070910
00FFEDF7
00040913
00FB140D
0006F501
000BCFEB
00D8251A
00110D04
000FF5F4
001ED1EE
00F02428
00EE2210
000AFFF5
0011F203
00FC12FE
00061C1A
0009070F
00000C19
0012100A
00F31916
0000201A
00040B17
0018F4F7
00FB10F2
00EE140C
00FF050E
00FDE905
000B00EA
00FE0C0F
00FA140B
0004FEFE
00F80200
001D080A
00000908
00000309
000AFDF9
00FE170C
00000000
00E8322F
0006F6F8
00F21B1F
00000000
00EE0E1C
00FD0A06
00E51F15
00000101
00FB0C10
00FF00FA
00EC1712
00000000
0000FA04
00FD0A0E
00070416
00000000
000AFF10
001EE7E7
0002210E
00FC0505
0000FBF7
0014F7F6
00000300
00FA0707
00F71221
000FF5F8
00FFFE04
0001FDFD
000EFA09
000F06F1
00F2080C
00FF0202
00060B03
0003ECFC
0027EFF8
000E03FD
000507F2
0007F2F1
0001E5EE
000103F4
001AFA0C
00EEF9F3
0015E8EF
0004FFF3
0006FAF2
0005F7F8
0009FFFC
000BF0FC
0002F5FC
0002FD01
000B0F01
00FAF00A
0010FFF6
00060601
000CFB05
0006E3FD
000AF1F9
0023FBF9
00080114
00ED00F6
00EA00F8
0010F6E2
00F604F9
0009F400
00290303
0005130A
0000F601
00080302
000A03F1
0014FCFC
00FE05FE
0005F0F2
0004E7F5
0029F905
00070B01
00F1E8FA
00120902
00230F06
00160702
00EA0502
00101809
001AFA01
00FCFC03
00040B04
0023EA0A
00FBFA01
000C130F
001016FB
0009DBEC
0005171B
00FD0A09
0008DBF4
0020DFE6
0000FCF4
0008FAF0
0002DDF3
00E11203
00031C02
0005E2FC
0007D802
00EC2B27
00F61619
0002F5EF
0008EBFC
000102FB
00081E18
00030212
000AE5F6
00120F00
00011616
00FD0B0C
00061308
0001FFFC
0006010A
00031D16
0013F4FD
0004F905
0014FFFB
0000170B
00FF0E0B
000EF2E4
0004E1D8
00041818
00FE0B0B
0018EEF0
00100304
0006230F
00000000
00FC2522
00EF0F13
00E4140E
00FB0808
00E32D2A
00000805
00DC3936
00000000
00FA070B
00FAFD03
00F1190D
00000000
000D0E03
00FE1111
00061814
00000000
000DFD0F
0012F7F7
0004130C
0001FFFF
00F60519
000FEEF4
00080700
00000001
00F0141D
0007F8FD
0008110D
0005F9FA
000F020F
00010B04
000F05FD
00FE0303
00F60706
00010714
000BF807
0008FF00
00FB08EF
00F8EEFD
0001F5F1
0008F500
00F81802
001307F9
000AFE00
0008F5EC
000009FD
000EEEEB
00FC09F6
000DF507
00FAE7FA
0001F309
001913FF
0002EFF8
00FAF3F1
00110101
00FB0A11
0010D9F1
00E71205
0005F8F8
000D0808
00FAF800
00F204EB
00010300
000F0500
000AF9F0
00FEF3F5
00FF030C
00100CF3
0005F9F1
0010E7FD
000FFD09
0011EDF7
00FC0008
000FEEF8
0006FAF3
000401F9
001E12F5
001DE9F4
0015110D
00FD0AFA
0002150A
00FC2015
0007FE11
00F60BF8
00F9F9F9
00082422
00F40D1C
00001A14
00EF0C07
0016C9E4
00F02625
00F80B04
00F8DCE6
0011B3C4
00FB0C10
0013F9EE
00F8EB10
00F2F0F2
00041702
000BEFEC
00FED9F2
00F61D26
00F50509
00FAF8EB
0000FC1B
000A120D
00141E1C
00FD0B05
0001FF11
000B0BFF
00081B10
0008FFFF
00F50505
00060CFD
0014040A
00F81611
00FF0108
000C01F7
0004070A
000415FC
00FF0504
000EE5EF
0005E8E1
0000FAF7
00FB0D0D
000CFBFC
000AF5FB
0021FB05
00FC0000
00DD473D
000BF8F7
00F702F9
00F80E0E
00DE3C33
00FBFBFC
00031001
00000000
00020104
00F5FE04
00FC0C0A
00000000
00051108
00FA1510
000D100B
00000000
000F0801
0008F9FA
00081609
00FE0304
00EC100B
0004FE00
000B0B0D
0006F8F8
00030603
001CF5FD
00FF0F05
00F80A0A
00FE1B0C
00FC08EE
0001FEFB
00F21113
000507F7
0008FD09
00F9140B
00F80705
00EAF3E9
0013F8F2
000E0805
000A070B
00FCEDEB
0006F7F9
00FCFC09
000E11FC
0027E2F8
00FDF2F7
000C0CF0
000BF011
0007EDDA
000E03FA
00150509
0013D5E9
00EDF1FF
0005EEDD
0008FBF9
000FFCFD
00E9FC08
00F2EBEF
00FAF401
000AFFF2
0000FAFB
0009DCDB
0009F001
00030504
00180B12
000FDDDB
0013F4EF
00F304F2
0003E9F9
00040D05
0012EDFB
00FFF3F8
0002F602
00F9070F
0015E8F3
00F6000D
001F02F8
00FB0A10
00FB0A0A
00F703FC
00101603
000F2025
0011EAF1
00EA1D0E
00FF2C26
00011B19
00FC0510
00FEF7FD
0012FBF6
000B211D
00FCFD11
00F5F2F2
0005F0EB
00011803
00FE0108
0004E0F9
00E21E0B
00010AF7
000FF9F0
00FCEEFF
00F12315
00E92206
0010FDFE
0009F91B
000205F1
00F53020
0013F4F4
0008020B
00ED00FE
00FDFC01
00FC0C09
001EEFDD
0017FAF5
000110FD
00FBFEF4
00FCF800
0007FEF6
0014FDFA
000607F7
00F7EDF0
000BF3FC
0011E3E3
00120308
00F80F10
00FE0507
0006FA06
001107FD
00F80000
00F80502
00FF0512
0008F807
00FD0A0A
00FC1B13
00FB0107
0000F6FC
00000000
00F80A0C
0001FC00
00F51005
00000000
000E0510
00FC1312
000C05FE
00000000
00F70814
0003FBFF
00F91D13
00FB0907
00EA0B0D
000401FF
00FC110A
00FF0202
0002F4FC
0019F4FD
00FE0305
00FE0202
00FA1014
000703FE
0012FDFA
00F30F0C
00031406
00FA0801
00050105
00F50C0A
00FEFBE9
00F40F0E
001A1806
0011F7FD
000EEFFF
0005F0F8
00050B14
000CF7F7
001AECF2
000203FD
00101512
0009E508
0006FCFF
0016F600
00110BFF
0006F1FE
00EFFFF6
00FEF402
0018F4FD
000BEFF5
00F1F502
00FCE0D4
000DF8F9
000405F9
00F101E4
0009DFD7
0002F3FF
0012ECF1
00FE160A
0024D1CC
000D0304
000C06EB
000A1F29
0002FC09
00FEF6F5
00FE0101
00061412
00FB120F
00090807
0002F007
000C2914
00FD140A
000BF303
000FF2F5
00130500
00090E20
00F2FC15
0001E4E8
000C1917
00FC2119
00F4FDF7
00F8FEF5
001EF602
00F9160E
00080406
000BEDDA
00ED1009
0002FEFE
00F30010
00F7EDFD
00DA2D25
0006180E
0003F401
00FADBF5
00F609FC
00050DF6
000AF0FB
00E70303
00F51A0B
00FE1300
00F9ECF1
0018FCF9
00DD0D13
0007FCF8
00040B01
0000FE05
00FF04EE
00010B06
001600F3
00FAECF8
0002E3E6
00030900
0005FE09
00ECFDFC
0008F2F5
0007EAF1
001401F9
00FA0000
0001F9F9
00000102
00FEFFFD
00030000
0001F302
00FF0803
000FF1FC
00F50000
00070001
0009F805
000BFCFA
00020000
00070100
00FAEDF6
0006FFF4
00000000
0007FA0B
00F91110
00FA1114
00000000
0008FE14
000DEEF0
00041209
00FD0808
00F40106
00FF0305
000E05FC
00FA0909
000AFBEF
00050303
00FEFAFA
00FB0306
000D10F0
00FC1F1C
000BF908
00F70B0C
00FE0C14
00030000
00021202
00F11213
0001090A
00FA0403
001F0EFC
00060909
000AF9F2
0010FF08
00010811
000AF6FE
000305F9
00FFEFF7
00100404
00F7F8F5
001401FE
0003FFFB
00170007
00F3FAFE
00F9EBE2
00FEE601
001903FB
000B09FD
00E0F50F
00020307
000E12F2
0003FA00
00ECFBDE
00FF1A17
000EFF06
000CF8F5
00FA0DF6
00171A23
00F5F200
000600EF
0008181D
00021E27
000D0BFC
0010ECF0
000F2B23
0002242A
000902F7
00FCE2F0
00082010
00022B27
0006080C
00EFDDE8
00F52214
00F42D1E
00040106
00FBEEEB
00EB2817
001B0D10
0004FAFC
0007F9F6
00FF150E
0010131B
00F90CFE
00EDFD00
00091D19
00ED2D25
00FE0607
0000D1E8
000B0B19
00F12516
0002FAF8
00F0F9F7
00F9090B
00F41908
0004EDFE
0001F1FD
00E90E04
000CFF04
00030AFE
00001503
00E9F7F7
00030205
0009ECEA
000C0103
00F605EB
0013F2FA
000FF1EE
00EF0AFE
00F1EBF7
0023F0EA
0013F206
00FA0406
0012F6ED
00FFEBF7
00F9EBE5
00FEFEFF
00FEFB07
0003F3EB
00F5FDFA
000DFFFF
0003EEFA
0005FBF4
000302FA
00FE0000
0005F5F1
00F4FB04
00030202
00000000
000BFB02
0005010A
00040BFB
00000000
00FFFE01
00F61410
00FF1010
00000000
000D020F
0007FBFF
0003131A
000203FE
0006F6F9
00FA0304
00FC00FF
00F90806
0001F804
00FF04FE
00FE100E
00F40C12
00FA15F9
000A1407
000BFCFB
0000FC01
00FC1109
0013FD02
0001FFEC
00FD0500
000A0919
00FB0118
00F20815
000DF3F1
000CF906
001003F0
0012FE08
000EE6F1
00FCF60F
00F10404
0007FCF2
00FD02FE
00140504
00FCF0F7
00140807
00FA03FB
00FBF6EE
00F2D1E8
00020EF1
00030507
00ECEBF2
00F41006
0005F2FA
00040E02
00F9ECE2
00000613
000D0A00
0009171B
00060100
000D0723
00FBF50F
00FF1908
00F5ECF1
001D1309
00FEFFF3
000DEB01
0033EDF4
00021A18
00FF0004
00FDEBF9
00022E1F
00FC282F
000607FA
0005E5F4
00DA1614
000D170E
000AFF07
0006E5FF
000AF2D4
00FB1413
0002080A
00F1180A
00012615
00FA1F10
00F00401
00F9FBFF
00F02B26
00F12D25
000C070E
00EC140D
00F41417
00020A1F
00FC0004
00F01A0A
00000310
002DE7D9
00071109
00E70F07
00EF180B
000BE6E7
0005FEF3
0005EDFC
00E4F202
0014F2F1
0008E801
00FE2E0D
00FAF1E5
0010F603
0003F4E5
00E81817
00FDDF06
00FC01FF
0007E4E6
00F4F9FB
0008F2F1
0004F0F1
00FAF9F0
0001FAFC
00FEF5EF
0000F6F8
00FDFEFF
0014FDFD
00FAFA05
00FD01F0
00FFFF09
000700FF
00FC00FD
00F4FD06
00F60105
00020000
000AFEFC
00FCF302
0004FF06
00FB0000
00030410
00F81016
00F70509
00000000
00040E14
00FB050C
00FE1709
000DEFEF
00F4010A
0004F900
00F909FD
00FC0704
00F41815
0012F0F0
00000609
00FAFD03
00FE0708
00EF1211
0013F0F6
000BF2F1
00020808
000EFB05
0002F8FD
0016E5EB
001CFDF7
0002EF0A
0016EBFC
0013EDEE
00F5020D
00FCF808
001AF3F6
00FFFCFC
0003F8FD
001100F7
00FC0009
0009F901
000601F7
000EF1FE
0002FB09
00FA1806
0002F2F5
00FB1313
000AF905
00F30B0A
000CDFE3
000EF5F7
000801FA
00FD120C
0009CEE8
00F9FB01
0004F9FA
0004111D
0012D1CF
00FCFE02
000A0902
00FD1017
0009C9D9
00151318
000AEDEA
00010513
0013DBE7
00FF1C1B
000FE903
00FDF206
001F1502
00E5222F
00FE04F4
0006E905
00F22F07
00F90F0E
00140900
00FCFAF5
00F207EC
00FB1F15
00FCF5FE
00F31C14
00080EF3
00EE261B
0004FBF2
00F10C0A
0002211F
00120A13
00EF09FA
00EE13FB
000E131A
00020002
00FC0A06
00FC1B0C
00021B11
001DF0F2
00041219
00FAEFF2
00FF06F0
0003F7F6
0003F001
00FF01FB
00EDF4F9
00FF02FA
00FBE5FB
00FF06FE
00F2DFDB
00ED020C
0010FDFB
00FBECEF
0007F8FA
000103F7
00FBFDF4
00F1F1F5
00FEE301
0007F8EE
00EEFFFE
00EEF7FB
00F7ECF3
0009F3ED
0008F9F0
0001F9FD
0009FCFA
0012F1EE
0006F7E8
00030001
0001FCF6
0002F4F7
000E0400
00FB0000
00070006
00FC03FC
00F903F5
00F90000
00F6F908
00F5060D
0002FAFE
00FB0000
00000F03
00F51411
00031D17
0013F1EC
000103FE
00FCFD05
0006040A
00FF0605
00FBFDFF
0008FDF8
0007FFFF
00FA0608
00F50211
00011700
0001FAFF
0009F9FB
00FC01EE
00FA090A
000FFBEF
000CF7F9
000B11FB
00F21310
001AEEE9
00F6030C
0009F904
00FC0709
00FFF508
00FB00FF
0004FBF8
000E13FD
00F50E14
00F80E05
000DF500
001AEEF3
00030500
00080DFD
00FFF1FE
0007E7FD
00FCFB0D
00F5131C
0007EFF0
0004EBFA
00F70108
0005FDFD
000FD0D7
0003F2FD
00020A14
000DFA03
000AD0CD
00FCF0F3
00F90103
00080E17
0009B1C3
00FF070D
00F304FC
000AFE19
0010DCED
00150A10
00040811
00FAEB06
0020D4D1
00130AF5
0004F908
00F5EA03
000C01E9
00F40AF1
000D00FD
00FBF4F6
00F501DC
00FC0D07
0003F902
00F802F7
00012719
0006F5FA
000AF210
00E90004
000B1909
00F9100C
00EF080C
00E81E0E
00040DFF
000C0B08
00000E12
00F6F9F6
00151B06
000EF6F0
00F404F8
0015E4DB
00F5190A
000AD9E9
00F2FBF7
000AF2EA
00ED0618
0009E0E2
00F0F5E7
000CDBD8
00EB04FF
0003EDF3
00FAFFED
0000E7E9
000FECFD
00F502F3
00EE0308
00F1E8EC
0004DFF3
00FAF9EC
00F00400
0000EEF4
00F6F5F8
0006FB00
00F7F8EE
00FEF4F7
00F1F80C
000BEEEF
0008F2F4
00F4FE01
00FF0105
0006FAF4
0006F8FD
00000000
0003FCFC
000100EC
00FFFCF6
00F70000
00000B06
00F80013
00F8080D
00010001
0013FC07
0005FFFC
00000602
0010F0F6
00FA0D00
00FC0803
0009FE01
00F31012
000E00FF
0000040B
00FDF802
00F90807
00F400FE
00FD1408
00160507
00FB0701
0006F600
00020B05
00140AF7
00F60C13
0002F8F7
0001FC02
000C00F0
00F21115
000E02FC
000002FA
00FC06F1
00FC0604
00FD0FF6
0007070E
0003070B
00F80D0C
00FAF50B
000E02F8
00EF180F
000B00F5
000C0401
0008F503
00FD1406
00F91008
0004F708
0002E207
00FE0002
00F40C1A
000AD4D9
00FDED0B
00061A19
00FF120F
0010E5DD
00DB0A04
00F41B03
000C1417
0001CABB
00E4150F
00FB0E1F
000B1612
000EC1D8
00EF120F
00FD070A
0013F307
000EC7D2
00F8F5FB
00040C08
001000FD
0006D5D2
00E8FDF8
0008FD16
0013F1E3
00E40D01
00F6FE02
0004FCFF
000CECDD
00171813
0005FCFA
00FAF3FF
00EEFEF8
00121002
00F90609
00FAFAF1
00F4FAEF
00000701
0014F0F5
00F701F6
00F000F6
000F0915
000000FD
0004F1EF
00EF1B10
00FB1613
000FFAF7
0001FFE5
0015CFCA
00E71216
00F00002
0013E0E3
00F6DEDD
00F903F8
00F409FE
00F3FBF2
00F5E5EB
00F8FEFF
00F9F901
00F6FC00
00FEE6EB
0003E0FD
0000F6EB
00F803F6
00F4E8F1
0007E401
000CF1FD
00F9F1EA
0009EFF2
0004F5F7
0007F000
00F5FDE7
00F9FDFD
000B02F9
00F10004
000504FB
000000FB
0002F7FB
0005FB06
00F1FAF5
000600FB
00FB120D
00FA0A10
00060301
00FE0000
00021609
0007FBF1
00FF0D0C
000302F9
00FB02FF
00FD0D06
0009FBF9
00F50E0E
00FC01F9
00FA0701
00FAF706
00F80C0E
00FD0A02
000D05FB
00FBFAFF
00F70F0C
000705FB
00060001
0009EEF9
00F11116
0001FBFD
0004FF07
00050CFD
000609FF
0003FB08
000EF4F8
001005F4
00F61112
00F61AFF
00090F02
00001605
0007030A
00F908F9
00F41510
000A0B11
000FF9F8
0000F40E
00FF150B
00F10701
00070903
0005F816
0005E6FC
00011D1D
00120502
0018DBE5
0012E6EB
00F8030D
00071C0A
0016D5DA
00F5F701
00F70F13
00F82920
0001E1E6
00FDF5FC
00F7150C
00FC2220
00FBC6C8
000009FC
00EC1C19
00080913
00F3E2E8
000FE5EA
00020E05
00F5070B
0014DFD0
0014F2F6
0003EC04
00FEE8EE
00ED1B0D
000DE9E9
0009050B
0002DBE9
00EE3525
0027D2D3
0002FCFC
00EBFDFF
00F91B0B
0023F2EA
00F3F305
00F1E9ED
00FF191A
00ECFD03
0005F3F8
00FAEBE9
00F5F901
0000EDFD
0007030B
001ACFC0
00F50905
00FB0F0E
0008F4EA
00F9D2CC
00EC0E00
00F71906
00F301E4
00EEDBE0
00F5EFEC
00FD00F5
00F2FCF5
00F8EBF2
000AEFFB
001BF1F3
00F5F6F6
00F2EEF0
0007E6FB
000FE4E6
00FAF7E7
00EEEEF3
0002E907
000EEAF4
00F3EEF6
0001EAEA
000408FF
00FF000E
00FBF1F9
0005F6F3
00FDF6F7
0004FB02
00F7FAF5
00FB00FB
0004F8F2
000BFD0A
00F7F7F0
000500F9
000909F9
00F81A0A
00010E0B
00F90101
00090F12
0008FEF9
0013080B
0007FCFA
00FCF8FA
00010406
00FCFE09
00F11214
00F8220E
000201EF
0007FAF5
00F1100E
00FB070B
00060506
00FAF8F2
00F81214
00EE0E19
0012FBF1
00090407
00F80F12
0005FB03
0014F4EF
000DFCFD
0007FE02
00FEF7FF
00020302
001DED01
001205FA
00FF0F07
00012112
0015FD04
0017F900
00F2310B
00070BFC
000611FC
00080906
0006FBF7
0001FE0F
00070E15
00080F0A
00FBFD0A
00F503FD
00070508
00002724
00FC1818
00FFDBE3
000BFC00
0005190E
0000F501
00FFE3E6
00020E1F
00F40B08
00FAEAF7
00F2F5F0
00FF1B18
00E70C09
00FACAD7
00F72120
0006090A
00F50F06
00FFDCD5
00050309
0006FA0B
000BF2F4
00EAF2F6
00FC090D
00FCE7F9
0003DEE7
00FCE5F6
0005FAF3
0001E8F0
000CECF5
001909F5
0013E0DA
00F5EBE4
001AE7EE
000D1617
0000F4F6
00FD06ED
0016DDDF
00F00605
000A0306
00F20A09
0013D6D0
00F5010D
00F9F5FC
00FFF4FB
0002CDC4
00F30906
00011610
00F0F5F6
00F4D9D4
00F3FEFA
00000202
00FBEDF5
00FFE0EA
00E9F201
00F4F5F5
00FAEFE8
00F7EDF1
00F4E5FC
0000DFF1
00FBF9EF
00EAF0F3
0007EE07
00F1EAF5
00F3F7EE
00EDE9EC
0006E00B
000CEDF0
00F2F2F0
0002ECEE
000AF4FA
00FDFB11
0001F4FD
00FDEEF0
00EE0409
00F80206
00FFF1F9
00FEFAFE
00FEFAF6
0004F404
00F0FDF7
000501F9
000B08F8
00FC1814
00F7F70A
000000FF
00F30801
00FF0103
00F8191A
00070103
00FF05FE
000403FD
000E0406
00F31215
00F71906
0003F3FA
00F70C00
00080401
00F80806
00110903
00F6FB02
00030109
000B0809
00080E03
00FDFFF3
0006FCFF
0015F8FA
00140701
0008FCFC
0019F6F6
00F90EFA
00030509
0020F4E6
0015FFFB
000402FE
00011E0D
0021F7F9
00FD0E15
00F32914
000903FF
0015F4EF
00FB1518
00EB14FE
00F51612
001301E9
00F51B1E
00FA05F7
000D00F5
00F31505
00FB1C11
00FDF610
000CF3F8
00003123
00040908
00000508
000AFCF7
00073433
000CE6EF
000809F4
0001FBF3
0014100D
00F9F1F0
00F6F3F4
00040005
0004FC0C
00FA02FE
00E3EFF3
00F3F5FD
00FFFFFD
0006F6F3
00EFFF03
00E20500
00FFEFF8
0008F0F4
00EB150C
00F80001
0009E5F3
00F4EEF8
00050501
0009FFF1
00FEEEF4
00EAF501
00F202F8
00F50D04
0000E6F6
000DE5E9
00F8FEFC
00EE1B19
0009EEED
00F4EAE9
00F10704
00F40A0D
00F6F1F6
00E2EDEC
00F00F0C
0003F3EC
00EF01FC
00F8E7E1
000311FF
0001EEF7
00F8F401
00F3E0E2
0002F9F3
00F8FEF4
00E606F7
00F8DBDE
00E9F8E9
00FCD6F0
000EE6E8
00EBECEE
00EFF0F4
0008D0F4
00F2EAF0
00FAF3F6
00FFE10B
00F2F406
00F3FDFC
00FFEDF0
000BFD06
00EA0306
00FBEFF8
0008EDEA
00F70B0F
00F90C03
00FAEEF4
0002F5F7
00F901FA
00FFFF05
0006EAF3
000304FE
000BFF02
00F71802
00010005
00020000
000D0201
0003FFF3
00FE0D18
000101FE
000202F8
0001FCFD
0000FD07
00FC100F
0001FF04
00150BF1
000005FB
00FF0107
000605F3
000E06F6
00060B01
00FF0906
00FB12FF
000FFBF9
000406F6
0015F9F5
000B0B0C
001C0202
00000F09
0010FA02
00011612
001DECE8
001307F3
00130E06
00FC0100
000E01ED
000EEDF5
0009020E
000C0F03
00F9F8F9
000CECFE
000C0C0B
00EC1206
00F70F15
00140AF9
00FE0D08
00E50607
0000FB07
0008050D
0001080A
00FEEDFD
00FDF1FD
000F03FE
001EECF7
00020CF9
000F07FA
00170BFA
0008F8FF
000DF8FF
00FB0202
000D1C00
00F11214
0015D6E9
00F8F8EE
00000E0D
00DE2119
00EBEFE5
00F50606
00FF05FE
00EB1B1B
00EDEBF8
00E6FD06
0002F0FA
00030A0A
00EE0F11
0006FAF4
000BF1E3
00ED0913
00F11000
00FE0B13
0012E2E3
00E4050E
00EE05FE
0001FFF5
00F6FA00
00EA0508
00EB0C15
0002FF00
00F2F1F2
00F1FDFF
00FFF200
00F8020D
00EEF2FB
00F5EEF3
00010A07
00FA0205
00F1FBFB
00FDEBE9
00F410F5
00FCF7F2
00EEFB16
0002E4E4
00070BF3
00F3F7F5
00F802F8
00F7EBF4
00EBDAE9
00E9F9FC
00F4F8F4
00E2FD04
00F5E1F8
00F5F4FA
00F1EBF3
00F8FA03
00FCD4F4
00F6FAF7
00F1F103
00FEE8F1
00FFEB05
00EB1014
0002F1FE
00F9F0FC
00FA0512
0001100C
00EC0E11
00F5F6F4
00F6FAF9
00FA0AFE
0000F903
00FF03FF
00030905
00FC0D08
0008F807
00FF0000
000EFD05
000B0902
00F51D10
000407FD
00FF0906
0000F902
00F80209
00F80F10
000506FD
0002FFF9
00FD1D0A
00F50C0F
000210FB
0011FCF6
00EF0B08
000A0505
0014180C
001200F7
000A030E
00050B0A
00E72C14
000C050E
000B0EF9
00130A0E
00F6180B
000F0103
000B0508
00FC1313
00050501
00161816
00040412
000F070C
00F9080C
00F8060E
00011600
0001080E
00080501
00FF0509
00FC050B
00FE0002
00F9F7EF
00000B0A
00060B05
000AF5FC
00F8F1ED
00001C15
000A1205
0007FB03
000601FB
0007040E
000D0306
00FA0201
0008F003
00F51704
0024F203
00D91714
00FAFEFD
00F8050A
00040709
00E51307
00E1F60C
00FB0B0C
00F40B16
00F9FEF7
00E5190E
00F80F07
00EBF905
00F10307
00FB04FF
00F90313
00F5F803
00ECFE03
00F7160B
00EE0F1E
00F70710
00F5FBFF
00E5F8FD
00F0121D
00FCF403
00E30605
00F30007
00FB1210
00FDF804
00EA0D0D
0009F4F3
00F2130F
00E2FC02
00EF0B09
0005EDFC
00F8120E
00DF070F
00FD0400
00FCF7FB
00E21016
00F5EBF4
00F8140E
00F4F3F6
00F4FF00
00F9FFFB
000DF7F3
00F9E1E0
0001030C
00F0FB03
0001E7F3
00FBF3F9
00F7FAEE
000400F9
00F7F001
00FFE4F1
0007F8F7
00FBECF2
0007F3F3
00F80603
00EE0F1C
00E90E11
00FBF7FC
00FFF5FC
00FC1204
00F31F20
00E9FB01
0008E6EB
00FB070D
000D0705
00F1F7FA
000DF902
00FD1B0B
00F90FFB
000100FE
00F80CFE
0011EDE1
001407F9
00010A07
00000F09
0005EFF5
001008FB
00F20D10
0005F6FF
00FCFE05
00110C0C
00FF0018
0006FDF1
00F107FC
00050A01
00020712
00130BFA
0001FDFD
00150F11
000EFB06
0019FDF7
00F30901
000A14FC
0011090A
00F90A06
00F50909
0000FC03
001DFAFA
00F70E09
00F00E0E
00FB1608
0011F4F5
00F50104
00E90700
000907FF
0014E6E8
00F80409
00F41816
0001100A
0009F3F8
00EA1E24
00FC08FA
00001201
0012F3FA
00EDF1DC
0001FE0B
0004040D
000E010C
00F0FC02
00F0120B
00011609
0003FDF8
00F5FDFF
00F20A07
0001091B
00FFFDF5
00DF001A
00ED1614
00101703
00FE06F4
00E9F90F
00F70F05
0000070F
000106F9
00F8FD09
0007FB07
000B0E14
00EEF801
001EF6EC
00F8FF02
0009051A
00FBF60A
0011F1EC
00F40003
00FC081C
00F7F804
00F8F3FC
00FA04F5
00FC0817
000DD9E6
0000FF0A
00FD0C01
00FD1F06
0002F0EB
0014E6F4
000E0206
000C0215
00F6FBF5
0006E7D9
00FE03FF
00000902
00EA090F
0011EDE0
00FEFB06
00FA1917
00ED040D
00F20503
00FFFA08
000B0520
00EFF2F3
00F1FBFA
0018FFF0
00021A12
0002DBDC
0003F0F8
000AF102
00F6140A
00E6E7FB
00F6F1F8
0016F80A
00F50D04
00E9F2FD
000AF1FF
000901F8
00FC0204
00E5F3FF
000BF0F0
0019EFF9
000C160B
00F1F204
000AFDFB
000103F1
00F81703
00FBF9F2
0006FB04
0003F503
00031005
00000000
00010209
0000F6F9
0000080F
00000000
000005F4
0000FF04
0000FB08
00000000
0000FFFB
0000FCFA
0000010C
00000000
0000FEF3
000002FD
00000206
00000000
0000FFF6
0000FEFD
00000BF8
00000000
0000FCF0
000007FA
00001211
00000000
0000FFF3
00000802
0000FC07
00000000
0000FBF7
0000FBFE
000009FA
00000000
0000FDF3
0000FA00
00000011
00000000
0000FEF3
000001FC
00001012
00000000
000001F2
000002FB
0000FFF9
00000000
000001EB
000003FB
0000020A
00000000
0000FEF2
000016F8
00000907
00000000
0000FBF1
000002F5
00000B06
00000000
0000FBF3
0000FAFA
0000FD12
00000000
000005EF
0000F7FB
000005FF
00000000
000001F2
000003F9
0000FD0E
00000000
000001F6
0000F9FC
000000FC
00000000
0000FEF2
000005FE
00001506
00000000
0000FCF3
0000F500
00000FFA
00000000
0000FFF2
00000500
00000E11
00000000
0000FCF6
000001FD
0000FB04
00000000
0000FDF2
0000F8FE
00000505
00000000
0000FBF2
000000FA
00000AF9
00000000
0000FEF3
000002FD
000011FC
00000000
0000F9F2
0000FCFE
000009FF
00000000
0000FFF3
0000FAFD
00000CFF
00000000
0000FAF3
000003F9
0000100B
00000000
0000FDF6
000000F9
00001005
00000000
0000FDF7
0000F901
000004F9
00000000
000002F3
000007F8
00000807
00000000
0000F9F7
00000906
00000BF9
00000000
0000FCF3
0000F0ED
00000109
000004F8
0000FCF2
0000F9FA
00000408
00000000
0000FDF5
0000FDFC
0000FB08
00000000
000000F8
0000FBFB
0000FD06
00000000
0000FFF2
0000FBFC
0000FB09
00000000
0000FEF1
0000FBFB
0000FE07
00000000
000002F6
0000FB00
00000309
00000000
000001F5
0000FBFC
0000020B
00000000
000004FA
0000FAF9
0000FD0B
00000000
0000FCF9
000004F9
00000609
00000000
000009F2
000003FB
00000007
00000000
000009ED
000009F9
00000102
00000000
000006F0
000007F4
0000F5FF
00000000
0000F4FD
0000FCF9
0000FE01
00000000
0000FCF1
00000CED
00000A01
00000000
00000DEC
0000FFF1
0000FF05
00000000
000004F0
0000FAF9
00000607
00000000
000001F5
0000FBFA
00000008
00000000
000002F4
0000FCFC
0000F90A
00000000
000004F5
0000FAFA
0000FE06
00000000
000003F7
0000FCFB
00000009
00000000
000002F8
0000FBF6
00000108
00000000
000001F0
0000FAFB
00000009
00000000
000000F5
0000FAFC
00000409
00000000
000000F5
0000F6FB
00000108
00000000
0000FEF1
0000FBFB
00000009
00000000
000002F4
0000F7FB
0000FD09
00000000
0000FCF1
000000FC
0000FE09
00000000
0000FBF4
000001F8
00000508
00000000
0000FFF5
0000FBFF
0000FE07
00000000
000000F5
000004FB
0000FE09
00000000
0000FCFC
00000F0F
00000E0E
00000000
00000806
0000FC07
0000071B
000005F7
000000F3
00000107
00000519
00000000
00000204
00000006
0000FC04
00000000
00000202
00000007
0000FF01
00000000
00000102
00000106
00000903
00000000
00000205
00000206
0000FC04
00000000
00000202
0000FE05
0000FA07
00000000
0000FF08
00000007
0000090B
00000000
00000304
00000006
00000B00
00000000
00000303
00000C00
00000208
00000000
000013FD
00000D02
0000FAFB
00000000
000011F9
00001002
000011FE
00000000
00001408
0000FA0D
000009F5
0000F700
00001106
0000F40E
00001613
00000000
0000FA02
00000502
0000FC0C
00000000
00000BF7
0000FAF7
000003FB
00000000
000017F4
000003FA
000002F9
00000000
00000504
00000104
00001802
00000000
00000504
00000606
0000FCFE
00000000
00000402
00000206
0000F904
00000000
00000505
00000206
0000F40E
00000000
00000204
00000306
0000FA09
00000000
00000504
00000207
00000201
00000000
00000204
00000107
00000002
00000000
0000FF03
00000109
0000030D
00000000
00000305
00000407
00000808
00000000
00000204
00000107
0000FD01
00000000
00000105
0000FF04
0000F90E
00000000
00000302
00000007
00000004
00000000
0000FE04
00000207
0000060F
00000000
00000208
000004FE
0000FC08
00000000
00000CF4
00000D11
00000D11
00000000
00001401
0000FC07
00000115
000005F7
0000FDF7
00000408
0000FB07
00000000
0000FE05
00000206
0000020B
00000000
00000104
00000406
00000410
00000000
00000204
00000206
00000307
00000000
00000208
00000105
0000FA02
00000000
0000FE04
00000403
00000D01
00000000
00000103
00000003
0000FB09
00000000
00000502
00000302
0000FAFE
00000000
00000501
00000308
0000F50A
00000000
00000A01
00000702
00000325
00000000
00001AEA
00000011
00000212
00000000
00000CF7
0000FF15
0000F711
00000000
0000090A
0000F218
0000FC0E
0000FE00
0000F6FD
0000090F
0000F40A
00000000
00000006
0000FC0C
0000F607
00000000
0000F5F9
000003FF
00000405
00000000
0000F3F9
00000406
00000701
00000000
000010F2
00000300
00000CF1
00000000
0000FEFF
0000FE00
0000FB08
00000000
00000406
00000209
0000F40E
00000000
00000101
0000FF07
00000603
00000000
00000901
00000506
00000908
00000000
00000605
00000509
0000FF07
00000000
00000205
0000FF07
00000501
00000000
00000303
00000105
00000E0E
00000000
00000402
00000306
0000FC0B
00000000
00000204
00000108
0000FD07
00000000
00000007
0000FF07
00000101
00000000
00000207
00000106
00000A08
00000000
00000204
00000BF7
0000F806
00000000
0000FAF9
00000C11
0000FE0D
00000000
000003FE
0000FC07
00000A18
000005F7
000005F4
0000FF06
00000510
00000000
00000507
00000003
0000FD07
00000000
00000204
00000007
0000FB05
00000000
00000302
00000205
000008FF
00000000
00000201
00000101
0000FF0A
00000000
00000104
0000FD02
0000040E
00000000
00000702
0000FA02
00000800
00000000
00000101
0000FFFF
0000FC07
00000000
00000FF9
0000EC01
0000FC04
00000000
0000060E
0000F6FD
0000F706
00000000
00000FF1
0000FD16
0000F118
0000F900
0000F7F1
0000EAFC
0000FFFB
0000F8FB
00000FF8
0000F30B
00001012
0000F5F8
0000FEF7
00000EED
000005FB
0000FDFD
0000FFFD
0000FAFA
00000FFB
0000FF00
00000301
00000A08
00000E05
00000000
0000F4E8
00000AFD
00000B0C
00000000
00000BF4
000018F0
00000709
00000000
00000508
00000FEC
000016F3
00000000
00000EF3
00000AFE
00000305
00000000
00000105
0000FA06
00001100
00000000
00000706
0000FC06
0000FE0C
00000000
00000702
00000309
0000000E
00000000
00000307
00000205
0000FD03
00000000
00000403
0000FE06
00000601
00000000
00000307
00000009
00000809
00000000
00000205
00000004
0000FB01
00000000
00000205
0000FF08
00000706
00000000
0000FE05
00000206
0000F907
00000000
00000105
000006F9
0000F80A
00000000
000004EF
00000D14
0000FB05
00000000
000007F4
0000FC07
0000051D
000005F7
000004FC
00000107
00000213
00000000
00000205
00000009
0000FD0B
00000000
00000205
0000FD07
0000060C
00000000
00000403
00000302
00000703
00000000
000004FD
00000803
0000040A
00000000
00000300
000001FE
0000FBF8
00000000
00000AF8
0000F2F9
00000202
00000000
0000FDFF
0000FC0F
0000FB06
00000000
00001BFE
0000041D
000001FE
00000000
0000050E
00001006
0000F52C
0000F601
0000FDF6
0000070A
0000DA1B
0000F308
000012FB
0000F6FC
0000EAF6
0000F9FB
0000EEEA
00000CF7
0000ECFD
00000000
000009E6
000000F3
000003FD
0000FE00
00000BF4
000006ED
000011F1
0000F708
0000F400
00000CEF
00001FEE
0000FD01
0000F5E9
000014DA
00000FE7
0000FC01
000004FA
00000AE5
00001BEB
0000FBFD
0000F6FF
00001AE5
00000809
000005FD
000009FA
00000BFE
0000100D
00000000
000010FB
000014F1
00000EF3
00000000
00000A02
00000FFD
000012FF
00000000
000009FF
00000606
00000D08
00000000
0000FC08
00000106
00000500
00000000
00000802
00000209
0000FC00
00000000
0000FF07
00000207
0000FB0D
00000000
00000104
00000106
00000709
00000000
00000103
00000109
0000FB10
00000000
00000105
00000105
00000807
00000000
00000304
0000FAF9
00000407
00000000
00001000
00000C12
00000E00
00000000
00000901
0000FC07
0000041E
000005F7
000001F7
00000006
00000616
00000000
0000FF05
00000007
0000FC00
00000000
0000FF07
0000FD07
0000FE09
00000000
000002FE
0000FF09
00000907
00000000
000008F4
0000FDFB
00000607
00000000
0000FAF5
0000FDF1
0000F8FE
00000000
000000E6
0000F5FB
0000FEF2
00000000
0000FFFD
0000F812
000002E3
000002FD
0000120B
0000FA0F
0000FC01
000005F5
00000711
0000FF1A
0000FCF8
0000FE12
000007F8
0000FD01
0000E90C
0000F32F
00000FE4
000006EE
0000F900
0000F731
000011E8
0000F7F0
0000F4F5
0000FA13
00000AEE
0000F8E2
00000BFC
0000EE09
00000CEC
00000ECE
00000EEC
0000F318
0000FDEF
000003D5
000008F1
0000FD06
0000F7FE
00000BDA
000004E7
000008FA
00000BE1
000001D3
000007E7
000002F5
0000F505
000006F3
000013E3
00000CED
00000EFC
0000FCFE
00000300
000004F7
000012FA
000000F8
00000EF2
00000000
00001003
00000AEB
0000FFFC
00000000
000007F4
0000F4FF
00000006
00000000
000007FF
00000204
00000D03
00000000
00000CFC
0000FE05
000008FF
00000000
0000FF03
0000FD05
0000FB03
00000000
00000304
00000206
00000C01
00000000
00000201
00000107
00000604
00000000
0000FF07
0000FE08
00000600
00000000
00000205
0000FFFA
0000F707
00000000
00000605
00000C13
00000410
00000000
000000F6
0000FC07
00000214
000005F7
000001F7
00000106
00000517
00000000
0000FE09
0000FF05
0000020D
00000000
0000F902
0000FA02
0000FE07
00000000
0000FDF7
0000FAFE
00000BFF
00000000
0000F8F3
0000F7F8
0000FF08
00000000
0000FCEA
000000F9
0000FF17
00000000
00000DF0
0000F4F8
00000A07
00000000
000002D9
0000FF0C
0000FD06
00000CF4
00000014
0000FD1C
000000F3
0000FEF6
00001108
0000F608
0000FE20
0000091D
00000A06
0000FB08
00000022
00000714
000010D5
0000F1F0
00000D1F
00000914
000008E3
0000F0F3
0000FE1F
0000172E
00000EF8
0000E7E9
0000FB18
00000A0D
000012F0
0000F1C5
0000000E
0000F9EC
000013EA
000003C3
000001EE
0000FBE5
00000EC8
00000CD0
000001DB
00000FFD
0000FDD5
000012E6
000010DB
000015F4
0000E90A
00000BD4
000015DD
000005D5
00000021
00000AF9
000017E9
000005EE
000000F9
00000F16
00000C0E
000000FB
000004FA
0000FDFC
000004FA
00000000
000004FC
000007EA
0000F907
00000000
000012FD
0000FEFC
00000C00
00000000
000008F4
00000503
00000B07
00000000
000002FD
00000105
00000A0C
00000000
00000400
00000006
0000000C
00000000
00000803
00000503
0000FA07
00000000
00000005
00000006
0000030A
00000000
0000FE08
000009FA
0000FB07
00000000
0000F8F8
00000C11
00000F0C
00000000
0000FD01
0000FC07
00000C1B
000005F7
000001F7
0000FF05
0000FE18
00000000
0000FA04
0000F903
0000FC07
00000000
0000EEFB
0000FAF2
00000005
00000000
0000F2EC
0000F7F3
0000F107
00000000
0000F3F7
0000FAEC
00000703
00000000
0000F5F2
000005F0
0000FEF1
00000200
0000FA01
000009FF
000003F8
000008F7
000007ED
0000F4FE
0000FAF6
0000F0F4
000008FC
00000B07
000008FE
0000F304
000005FE
0000EB13
0000F605
000001F9
00000F03
0000F0FF
0000FB02
0000F913
000001E9
000007E3
0000F50E
0000FA14
000012ED
000000FC
0000FB18
0000F101
000008DB
00000E01
0000F30D
00000402
000011D1
000001E3
0000FE05
0000F717
00000EBE
000000D8
0000FDF3
00000DF5
000000D1
00000DD3
000001F2
000003FF
000000DB
000013D3
00000EFD
00001007
0000F90E
0000F305
000002D4
000007FC
0000091F
00000823
000011F2
00000C01
0000FE0F
00000317
000014FE
000012DF
0000EF04
00000626
000012F3
00000300
0000FF07
0000FCF9
000006F8
00000000
000017FA
00000AEB
0000020A
00000000
000002FB
0000FEFC
0000160B
00000000
000018F5
000008FF
0000060A
00000000
00000BFF
00000305
0000FA09
00000000
00000403
00000105
0000FFFF
00000000
00000204
00000007
0000040C
00000000
00000204
00000001
00000206
00000000
00001101
00000E0E
0000110C
00000000
0000FCFB
0000FB09
00000416
000005F7
000001FC
0000FD07
0000070C
00000000
0000F503
0000F904
00000800
00000000
0000E507
0000FEFD
00000712
00000000
0000EEE5
0000E4FA
00000214
00000000
0000F2E6
0000FB08
0000EC02
00000000
0000F6F9
000018FB
0000F604
00000600
00000201
0000FD08
00000103
0000FBE9
000008F9
0000F006
0000040D
00000705
000019F7
0000F120
0000F8FF
0000FC15
000014FC
0000FB06
00000704
0000021A
00001DF7
0000F8FA
0000F617
0000FF11
000009F9
00000903
0000F6F5
00000E10
0000FE00
0000F9FC
0000F8FA
0000FEF8
000003DB
000009F9
0000F8EC
0000F8F9
00001DCA
0000F5C1
0000FEEF
000000E3
00000AC9
000010E2
0000FCEF
00001CE8
000010CE
000009E5
000016E5
000014F1
00000DDD
000022E6
00001DE0
000017FC
00000812
00001126
000010E0
000013EA
0000F72E
0000172A
000013DD
00001825
0000E221
000015FF
000017E9
0000071D
0000E7FE
0000F3F9
00001C02
000006F9
0000FD05
00000707
000001E9
00000E00
00000503
0000FFF6
0000F5F2
0000FF00
000005F9
0000F3F4
0000F80E
00000000
00001EEF
0000FFFD
00000B03
00000000
00001CF9
0000FE04
0000090B
00000000
00000300
00000107
0000070C
00000000
00000207
0000FF07
00000200
00000000
00000802
000000F9
0000FE07
00000000
0000FCF4
00000C11
00000A10
00000000
0000FBF9
0000FB09
0000041D
000005F7
0000FFF0
0000F702
00000107
00000000
0000EE05
0000F301
0000F70C
00000000
0000E114
0000F3FB
0000051B
00000000
0000E5F7
0000F4F4
0000FA08
00000000
0000FBF3
000007FA
00000609
00000000
000013FC
0000F4F7
000009FE
0000F503
0000F603
0000F900
0000F8FA
0000F3FC
000008F3
0000EB11
0000FAEC
0000EEFB
000001E9
0000DF17
0000F0F3
0000F729
00000FE0
0000F30A
0000F014
0000F51E
00000E00
0000F8F4
000000FA
0000F334
000007FC
0000EEE4
0000011E
00000D0A
00000DEB
0000F7E7
0000F612
00001104
0000FEE4
00000DF8
000008FD
000006D8
000000F1
0000F5D0
00000E07
000010DB
0000FEC8
00000AE2
000004FD
000004E5
00000CB8
000012E5
0000FBEE
00001AF4
00001DDD
00001305
00000CE6
00002505
00001906
0000FE1F
00000DEE
00000F10
00000507
00001325
000017F3
00001A10
0000D711
00000AF2
000007FB
00000114
0000F607
0000F300
00000900
0000002D
0000F802
00000507
000008FF
0000FFEE
0000FD06
00000005
000001EA
000004F2
000011FD
000002E5
00000CE1
0000F900
000004F2
00000FF2
0000FE02
00000000
000013FA
0000FEFF
000009FD
00000000
000013F8
0000F801
00000C0A
00000000
00000007
0000FF06
0000FC07
00000000
00000004
000003FA
00000404
00000000
0000F907
00000C11
00000707
00000000
00000D08
0000F908
00000912
000005F7
00000001
0000F8FA
0000FF0D
00000000
0000F1FE
0000F412
00000212
00000000
0000E923
0000F800
0000F903
00000000
0000EC00
00000300
0000F70D
00000000
0000F500
00000BF7
0000EC17
00000000
00000C02
0000EA0D
0000E916
0000F6ED
0000EAF7
0000FB1E
0000E716
0000EF01
000000F7
0000E91D
0000EB0B
0000EB10
000000F9
0000F70A
0000FA0A
0000EF2E
00000F0C
0000EDFC
0000E90F
0000023E
0000FDF4
0000F206
0000F315
00001112
0000FF0E
000018E2
0000E121
0000FEFD
0000F8EC
000008F0
00000302
0000FE0D
0000EC09
000015EB
00000707
000008F1
0000FC28
000004BD
00000CF3
00000605
0000030B
000019C9
0000FBED
00000EE5
000006E2
000018D7
0000FAE1
0000FDF2
000009F9
000005FA
000010EE
00000CE7
00001E08
000005FE
00001AF6
00000DFE
00001309
000003DA
000016E6
000000F2
0000D81C
000006D9
00000DF6
00000C15
0000021F
00001AE3
000013EC
00000840
0000080A
00000AFC
000013FB
0000F709
0000F20F
0000F6DB
000007F5
000001E5
0000F4FB
00000EEC
000014E0
000000FE
0000F6F6
00000DFD
000018F9
00000000
000010E8
00000AF9
00001101
00000000
000010F9
0000F8FF
0000FCFA
00000000
0000FB01
0000FB03
00000801
00000000
00000502
00000AFA
0000F902
00000000
00000201
00000E12
0000FAFE
00000000
000005F3
0000F805
00001112
000005F7
0000F307
0000FA00
00000513
00000000
0000E70B
0000FF16
00000416
00000000
0000F916
0000FD05
0000F90C
00000000
0000F105
0000090A
0000FF2D
0000FF00
00000403
0000F227
00000031
0000F918
0000F60E
0000F409
0000E22A
0000FA10
000005FA
0000F50A
0000DF24
0000EC0E
000002C9
0000FC2A
0000F524
0000F411
0000030E
0000F838
0000EC22
00001338
0000F601
0000091E
0000FE23
00001322
0000FF42
0000FBFB
0000E604
000011FF
000004ED
00000DDA
0000F025
000020E3
0000EDF2
0000FAE6
0000020F
000005F4
0000ECFD
000004E8
0000FF08
00001EF0
00000D0D
000015B0
0000FE09
000015EE
0000FFFD
00001ECA
00000207
000003E5
00000708
00000EDA
000001EC
0000EEEE
00001FF9
000000F5
000013FF
00000BEF
00000422
00001BF7
000020F1
000002CB
000018E8
000009EC
000018F0
000000DF
0000E808
00000CD7
00000BFF
00000807
0000F034
00000CBD
000026F3
00000309
0000F814
00001CCF
00001202
0000093E
0000D219
000013DA
000019D9
00000AB1
0000FF07
0000FB00
000010E3
000001F4
0000FCFF
0000EE0A
00000BE1
00000000
000012E2
000003FE
00000E09
00000000
00001BF1
00000CFF
00001700
00000000
0000FDFC
00000702
0000FAFD
00000000
0000FA02
000000FA
0000FF02
00000000
0000F6FA
00000C12
00001308
00000000
00000207
0000F011
00001114
000005F7
0000F009
0000FB0C
0000F51D
00000000
0000F604
00000617
0000F708
00000000
0000FD10
0000040D
0000EE28
00000000
0000000C
00000511
00000714
000003FA
0000FB04
0000ED3B
0000F829
0000EE32
0000F50D
0000002D
0000E81F
0000E721
00000712
0000F11C
0000F232
0000EEFD
0000E8F9
000003F1
0000F21B
00000628
00000827
00000207
0000EC20
000006D7
0000F433
0000EDF4
0000ED1E
000004DE
0000ED52
0000D9F4
0000F4FA
00000AED
0000EDF1
0000F4FB
00000418
00001CE6
0000FC0F
000002CD
0000FA04
0000FBFC
00000DEB
000002F9
0000FBF7
000000F6
000008D7
000010C9
00001FF1
0000FAEE
000002F1
00001FE6
00000EF4
0000F308
00000609
000010F6
000004E9
0000E2EF
000008DB
00000F05
000005EA
00000CE4
00002BFD
000014F9
00002301
00000CCC
0000F910
000007E9
000014F5
000007CF
0000DE13
00000108
00000BF8
00000FF0
0000F8F1
000008E4
000019F0
00000214
0000F81E
00001EE4
000019EC
000015FD
0000FB03
0000122C
000026F8
000008E6
0000F5F8
0000F91B
00001BF4
000012F0
0000FAE9
00000506
0000F8FD
0000FF00
000010F5
0000FDF9
0000FEFA
00000000
00001AEB
000003FC
00000607
00000000
0000FEF5
00000107
000007F8
00000000
0000FDFC
000003FB
00000904
00000000
0000FBEF
00000C14
0000FE02
00000000
0000020B
0000E213
00001015
000005F7
0000ED04
0000EE35
0000EE0A
00000000
0000F122
00000428
0000E920
00000000
00000711
0000FF19
0000F129
00000200
0000F50E
0000FC1F
0000DE36
00000CF7
0000E81F
0000DE3D
0000ED36
0000F524
00000225
0000EB12
0000E329
0000DC0D
0000FA1B
000003D9
0000E71F
0000EA2C
0000F4F0
000013E1
0000FB0A
0000000D
00000C0A
000017D7
0000FC18
000001BE
0000F62B
000004F0
0000E820
0000F6F0
0000F222
0000E6ED
0000E305
0000F6E8
0000DF14
0000F8F6
00000711
000012E9
0000F2F6
0000E712
00001108
000008DD
0000FBFF
0000EFE0
00001702
0000E7C4
0000EDF8
000014DB
00000D0A
0000F4EA
0000FCF6
000002E8
000017F6
0000E7D7
000003FC
0000FB05
000007E9
0000F9F2
000003F9
00001E19
0000FC00
000004F3
000008E1
00001FF7
00000DDF
000002CD
0000FD16
0000051F
0000F900
000019D9
0000FC12
0000FBF5
00001AFB
0000F80F
0000EAEC
000003F6
00000704
0000081B
0000FBF5
000019EE
00001EF9
00000CFA
0000EFF6
0000F308
000013FD
0000F0F9
0000FAE7
0000EB25
00000CE8
0000FE13
0000FE05
0000FCEF
0000FD08
000000FC
000012FD
0000F204
000012EB
00000000
000009E8
000010F4
000001F4
00000000
0000FAE3
000005FA
00000FF2
00000000
0000F503
000000FB
000012FE
00000000
00000105
00001112
0000080B
00000000
000013FF
0000E017
0000FD21
000005F7
0000E321
0000E844
0000022B
00000000
0000F514
00000726
0000E634
00000000
0000FB10
00000B27
0000F02C
00000200
0000EA18
0000FE1E
0000EC58
0000FB07
0000F207
0000EF32
0000EC40
0000FD13
0000F70F
000004E1
0000E031
0000E61F
00000629
000002D1
0000D716
00001718
000006DB
0000FCEB
0000EA0E
000014CC
00001324
000007E6
000000DE
000009BC
0000E520
0000FBF6
0000ED21
00000CEA
0000FA25
0000EAFA
0000F70C
000008D7
0000ED32
000013F4
0000F811
000006DB
0000000B
0000FC0F
00001112
0000FA0F
0000FEF7
0000FAEF
000005F9
00000318
0000F2ED
00000BCC
00000406
0000F1E8
0000D625
000004E4
000014F7
0000EBF8
000008F2
00000DD8
000000F0
000003ED
00001FDA
00000A05
0000F501
0000F5E4
00000CE7
00000D0A
000011EA
0000F9FF
00001A0B
0000FF0A
000005F6
0000F7FA
00001314
00000CF5
0000F401
0000130C
00001514
0000F2D9
00000A01
00000EF4
000002E8
000009F0
000019F8
00001A03
0000070D
0000E7E4
00001DFC
0000F81F
0000F6FC
0000EC35
00001809
0000ED17
0000F510
0000DD0A
0000F4FF
000006F5
000013F6
0000FBE8
000003E6
00000000
00000BCA
000004F0
00002BEA
00000000
000012E4
000005F2
00001EF4
00000000
0000F9FE
00000200
000011F9
00000000
0000FC01
00000B13
000010FB
00000000
000003F8
0000DC25
000014FC
000004F8
0000EA31
0000F034
00000524
00000200
0000F326
00000632
00000425
00000600
00000630
0000FD25
00000932
000009F6
0000FE2A
0000EC1E
0000036D
0000050A
0000FE13
0000082E
0000ED37
0000E7F7
0000FC29
0000FDD1
0000ED3E
0000EA0B
000010EB
000015BF
0000E406
000019DF
00000FEB
0000FFEC
0000F601
0000EEC4
0000071A
0000FCF5
0000F4F8
00000CAD
0000EF32
0000F62E
00000719
000019DA
0000F529
0000E52D
0000F807
000005CA
0000ED44
0000040F
0000FEF7
00000CCB
00000806
0000DC25
00000F26
0000F719
000014EC
0000F7F4
0000FC11
0000F607
0000F0E7
000001E0
0000FD05
0000DD07
000007EE
00001EDF
000018FA
000005F1
00000604
0000F9D1
000018F6
000007FA
00000AFD
000015E6
00000408
0000F3F1
00000DE7
0000F31B
0000FBFE
0000F6FA
00000806
0000FB21
0000F5FA
0000F206
00000FDF
00000B1E
0000F604
0000FD4B
000003F8
0000F7D8
000002F3
00000C21
0000F7FC
00000EFD
00001A08
00000B24
0000FFE7
0000F4EE
00001102
00000129
0000FBF7
0000EC1B
00001412
0000FC18
0000EF0D
0000FBF5
0000EB13
000005FB
000003EB
0000EEFF
00000107
00000000
000023CD
0000F7EC
00001905
00000000
000008D6
000002FE
000022E1
000000FE
000009F9
000002F3
000008FA
00000000
0000FD06
00000914
000010F8
00000000
000010FA
0000E826
00000702
000004F7
0000FD1F
0000F01B
0000FFFC
00000600
00000807
0000F61B
0000080F
0000FF00
00000121
0000011E
000005F8
000001F4
0000F10E
0000F81B
0000E52C
0000F30B
0000000E
0000EC32
0000F620
0000EEF8
00000828
00000CCF
0000F40C
0000ED04
0000F6E8
0000F0D6
0000F71E
0000F4DD
000013D8
000007F6
000002E8
000005AD
0000001B
00000805
0000F3D6
0000F9AD
0000EE2A
0000EF32
00000EE2
000015E0
0000E637
0000D72F
0000FFF3
000004E2
0000F47D
0000F40C
0000FD07
0000F7EA
0000041E
0000E421
00000007
0000EB2F
0000F701
0000FB0B
0000FF01
0000F3F1
000007F2
0000F309
00000305
000001EC
0000FBEC
0000F609
0000FEF4
0000F6F9
00000018
000006C8
00000CF8
0000E1F5
0000F90E
000005F2
000015F9
0000F4E5
0000EC1B
0000ED09
000001FE
0000FCF1
0000F91D
0000EFDE
000004F7
0000EE27
000002E5
0000F211
00000610
0000EE2F
0000F6E1
00000BD3
00000FE7
0000EF32
0000EFFF
00000305
00000F0A
0000FA1A
0000F2E4
0000070E
0000F90B
0000F03D
0000F905
0000E123
0000FA12
0000FE1C
0000E609
0000E8E7
00000C06
000008F7
0000F407
0000F002
0000072F
00000000
000014E9
00000EE9
00000EFB
000006F5
00001BCE
00000103
000029F7
00000000
00000BFB
000009F6
00000CF9
00000000
000000F4
00000C15
00001105
00000000
000008F8
0000F31D
00000902
0000FFF7
00001902
0000F50E
00000FF9
00000000
00001204
0000030F
00000105
0000FB00
00000BF4
0000071A
0000FEFD
000002F3
0000FC05
00000C07
0000FF08
0000FAFE
00000CFF
00001119
00000518
00000110
00001011
0000FEEA
0000FDEF
0000F00D
00000919
0000FBF7
0000FCFF
0000EDE2
000013C1
0000FB1F
000000FC
0000FFA9
000004FE
0000F907
000007E0
000000D8
00000E03
0000E232
00001EE7
000007DF
0000E440
0000F03E
00000F04
0000F5F0
0000E374
0000FC07
000011FF
0000FE16
0000FC11
0000F329
00000A17
00000418
0000070A
0000F516
0000EFFF
0000E60A
0000FF0B
00000002
00000706
0000031C
000012D4
000004F7
0000FCF2
00000CD5
000000E1
00001A07
000008F7
000006E3
0000E746
00001800
000011F3
0000EFE8
0000DE45
000004F5
00000D02
0000F5F1
0000F431
00000DF0
0000F313
0000E515
000011E7
00000B18
0000F912
0000042A
0000FDD3
000004F9
000000F5
0000FF05
0000021A
00000011
0000F900
0000020D
0000FAFF
0000F200
00000B0D
0000F503
0000F416
0000F735
0000F31E
0000FE0C
0000EB09
0000F3FD
0000EA14
00000AFB
0000F705
0000F403
0000E23B
000000F8
000028E3
0000F0F6
0000030C
000009F0
00002ADA
0000FD01
00000A0B
00000000
000000FD
000007F5
00000002
00000000
0000FD06
00000D13
00000A10
00000000
000004FB
0000F507
00000B10
000002F8
00001EF3
00000802
00001008
0000F900
00000BF8
0000FC03
00000FFD
000007FF
0000FEFD
00000B08
000003FE
000010F8
00000A10
000008F5
000007EF
000004F1
00000DFF
0000FD31
0000091B
00000919
0000FA13
0000F100
0000F8F6
0000FB13
0000F527
0000E703
0000F817
0000F7D9
0000F7DB
0000FE37
00000305
0000FCB1
00001BE9
0000F71C
0000F104
000002DE
00000407
0000F736
000008F3
0000FB04
0000FA32
0000EC57
000005F4
000009F7
0000F25C
0000E137
0000F7FF
00000EF1
00000622
0000FA04
0000EC0B
0000F2EE
00000301
000012F3
00000015
0000FDE5
0000FA0A
00000FD4
0000FEFC
0000FE07
000012D1
00002315
0000F301
00000FEF
000029C3
00001900
00000FE5
0000FBE5
0000013C
00000E0B
000001F2
0000F9F5
0000E745
00001DF6
000005F6
0000E0EB
00001A42
00000DE0
00000203
0000E4F8
000002E8
00000D00
0000030C
0000FD06
0000FD02
000011CD
0000F108
0000F4D4
00000A24
0000FFFC
00000A03
0000E2EE
0000F01E
0000FDE1
0000F00B
0000FDF9
0000EF21
0000F4FB
0000F510
000007F6
0000F521
0000EE03
00000927
00000CFF
000009FA
0000FA07
0000DF24
000000EE
000002FB
0000F5FB
0000E91F
000002ED
00000A00
0000FDFE
0000F8FA
00000000
00000AFB
00000001
00000703
00000000
0000FB01
00000B17
0000FF03
00000000
0000FCFE
0000FE02
00000711
000005FA
00000EF7
000002FC
0000FB08
00000000
0000F9EE
0000E900
0000FD0C
000001FC
000003E9
0000FB05
0000F4FE
00000EF9
00000F02
000008F3
0000FBE8
000009F1
0000F9FF
0000081B
0000F90D
0000FF13
0000F411
0000E90F
00001100
0000F412
0000FD0A
0000ED0B
0000F41A
0000FAD8
00000AED
00000210
0000F310
00000ADC
000021DE
0000F121
0000FA07
000009FD
000002F7
0000E73D
000001F4
0000FBFF
00000016
0000D357
00000805
0000F5F3
0000DF2D
0000C95E
0000F701
0000F9D8
0000093B
00000613
00000C0C
000005F3
00001FD9
000011C2
0000F611
0000F8F7
00000706
00000DD4
0000FE08
0000F300
0000FF0A
000018CE
00000009
0000F2E9
00000D07
00000FE6
00000BEB
0000FFD9
0000ED4D
000007E9
000012E4
0000DFEF
00000237
0000FCDB
00000EF7
0000E201
00001B25
00000EA3
000003FE
0000E7E7
000009D4
00000BE1
0000F8FD
00000CE1
00000AE3
000010D7
000006FA
0000ECE2
00000F14
00000F3A
000017F2
0000FCDF
0000051C
00000B09
0000F50F
000003F7
0000EF21
00000BF6
0000F418
000019F9
0000F812
0000F4F7
00000122
000001F9
0000F810
00000EF8
0000F505
0000FBFA
00000106
0000F2FE
0000F115
000004EE
0000FC00
0000F512
0000FAFE
0000FE00
0000FE13
000005FB
0000F30D
00000000
0000F7F6
00000B0E
00000810
00000000
00000605
0000F3FE
0000160B
000005FC
000012FF
0000FFFB
00000D05
000007FF
0000F6EC
00000806
00000306
000003FB
0000F4EF
0000140D
00000603
000008F9
0000FDFE
000007F1
000005EC
00000FF0
0000EFFB
0000F811
0000F6FD
0000090B
0000F60C
0000F5FA
00000FF8
0000FCEF
00000310
0000F90B
000001EE
0000F1BC
0000FDFC
0000F801
0000EBE6
0000F5E7
00000BF1
0000F034
0000FA09
0000F3FA
00000CF2
0000FD1C
00000E03
00001108
0000F000
00001114
0000070C
000002EC
0000FF07
00000245
00000BFF
0000F4E8
0000EF13
0000062B
00000EF9
0000EBDD
00001205
00000625
00000104
0000E803
000010CE
00000FE4
00000412
0000E5D8
000015E4
00000EC3
0000FEFE
0000E9D8
00002EE4
00000702
000010F3
000009CF
00001721
00000CF5
0000FBE9
0000FDD7
00000142
000020C6
000005EE
0000DCE2
0000111E
000023BD
000006EB
000012DF
000017EF
000009EE
00000B04
0000FDE5
00000DF3
000007E8
000010F9
0000FDED
00000B22
00001922
0000F10B
0000F8E2
0000050D
0000FA1C
0000FB04
00000BDC
00000E02
0000E622
00000512
00000FFA
0000ED00
0000F5F4
00000206
0000FEFF
00000902
000000FD
000005F8
0000F30C
0000FA0C
0000F4F6
0000E70A
0000F7EC
0000FA00
0000FFFD
00000401
000001FE
0000F916
000007F7
0000FDF6
00000000
00001304
00000A0E
0000080B
00000000
00000C05
0000FF02
00000E0F
000000FD
000009F5
000007FD
0000FE04
000007FD
0000F5EF
000009F8
000010FA
00000DFA
00000DEA
0000FD05
00000605
0000FFF7
00000DF9
0000F501
0000FDF4
000000EA
0000F60F
0000060D
00000EEC
0000F2F3
0000FD11
0000F2FD
00000306
0000EFE1
0000F60B
0000F01D
000004EE
0000FFD8
0000FF12
0000F726
0000030B
000009F7
00001FEC
0000014B
0000FC05
00000D07
0000020D
00002814
00000107
00000D06
0000F0F6
00000D1B
0000051B
0000FB06
00000106
00000B38
000016FF
0000FAE1
0000DB0C
00001333
0000FFF4
0000E4DB
0000D52C
00000D19
0000F8F6
00000E0E
000019D5
00001BFD
0000F5FC
0000EC05
00001EF2
00000AE6
00000605
0000F4F3
0000070B
000016F3
000002F5
000015E4
00000DE5
00001A21
0000FBF3
00000BE1
00000FEA
00001AE8
00001001
00000EE6
00000EF8
00000A08
0000F5EB
000002E0
00000CE8
0000EC4D
000008E5
000006E1
00000B2B
0000E4F8
0000F9ED
0000FAF4
0000053B
00000318
00000300
0000FFE8
0000ED14
00000029
0000FB02
000015EB
00000301
00000010
0000F520
000011F9
00000201
0000F615
00000004
00000C03
0000FAEB
0000020D
00000E0C
0000EB10
0000FEFB
000003F5
0000F90B
0000FB0A
0000FFFC
00000BFB
0000F200
00000504
0000F107
000003F6
0000F205
000003FD
00000402
00000A14
00001105
00000000
00001203
00000201
00000B0F
0000F8FB
000010F4
000009F7
000002FA
000004FA
000010EA
0000FFFA
00000DFF
000003F8
000017DF
000009F3
0000FCFC
0000F3F5
00000AF5
0000FEEB
0000FFF3
0000E7E9
0000EEF8
0000EBF3
000001F5
0000F0DA
0000F016
00000200
0000FBF6
000002D1
0000F211
0000042A
0000FDDD
0000F5E9
0000F10D
00000C2E
00000600
00000110
0000091D
00001D55
00000515
00000414
000009FD
00001241
0000FAFC
000010E4
0000D40B
0000FD24
000013F6
000006FA
0000DD23
00000336
00000FFC
000001F4
0000D029
00001131
0000F8FB
0000F718
0000CD47
00001F02
0000F806
0000ED13
0000FC08
000029EE
00000208
0000FD05
00002AD2
000020F6
0000F00B
0000F90A
00001608
00002BF2
0000FFF7
00002416
00000BDE
00002BE7
000008E5
00001D06
00000C10
0000FDE0
000016FE
00001EDA
00000E11
0000F5FD
000010F5
000008F6
00000207
0000DA44
000014E6
0000F9E7
0000FD00
0000F906
0000FFF5
0000060C
00000747
0000FFF1
0000F909
0000030F
0000EE14
00000901
0000FA07
000000FF
00000614
00000409
0000F7EE
000010FE
0000F6FF
00000510
000010FD
000017EC
0000EFF0
0000FC13
0000F901
00000505
0000FB09
0000EF07
000006F1
0000FE06
0000FDF8
000000F8
0000EDFB
00000C06
0000FE02
00000306
00000403
000007FA
0000FB04
00000E15
00000613
000000FA
000004F5
000007FE
0000120B
0000F1FB
000010FD
0000FFF5
000005FE
000004FA
000004EF
000006FA
00000CF9
000006F7
000010DA
000004EF
000008F3
0000FCF2
00000DF5
000007F0
0000EE06
0000F4DD
000006F8
000008EE
0000EEF3
000009D6
0000E110
0000050A
000004D6
000001D8
0000EA11
0000FE09
000003DA
000003E4
0000F133
00000423
0000FDF5
0000030C
0000FA14
00000318
0000F609
0000100E
0000F403
00001C19
000011FD
000004DE
0000F719
00000204
00001508
0000EFF6
0000D210
00001020
000006E7
00001300
0000DC28
00001AFB
000014FC
0000FD19
0000DC27
00000C08
00000208
0000EF08
0000EA11
000009FF
0000FE02
0000020C
00001308
00001BEC
0000FD05
000008FC
00001AED
00001505
0000F6FD
000001FD
0000FFEF
0000FCBF
000001FF
000020D3
0000EAEB
000000BC
000003F3
00001BD0
0000FA05
0000ECFB
00001EEE
0000F9DC
00000415
0000FB25
000007F4
0000E716
00000000
0000E229
00000FF6
0000FB2A
00000C25
0000DE21
0000FCF2
0000EE18
0000FD02
0000FB1B
000004F7
00000A10
0000E61D
0000FAFB
00001104
000007F8
0000F6EF
0000F509
00000607
00000D05
000008FB
0000F11C
0000FB07
00000902
000001F3
0000EA14
00000501
00001008
00000300
0000EC07
0000070B
00000404
00000301
0000F1FC
0000F30D
00000AFE
00000EF4
00000B1C
0000FA0A
0000FE02
0000020B
0000F3FE
00000111
0000F9FA
000001EE
00000BF5
0000F60C
000013F8
000003E6
00000EEB
0000FEF7
000006F3
00000CDA
0000FEE5
0000FE03
000004E6
000009E4
000003F1
000000F1
00000AD8
00000BEA
0000F4F5
0000F5F7
00000FD7
0000F501
0000FCFD
000000DC
000000DB
0000020F
00000005
000006D7
000000ED
00000116
00000109
000007DF
0000F3FD
00000809
000011F5
00000A12
00000BEC
0000FDEE
000015EC
0000FD10
00001AD5
0000E713
000020E6
0000150D
000015ED
0000DE13
000023FC
00001AF6
00000506
0000D816
000020C9
000009F7
0000110F
0000E420
000028D7
00001412
0000FC0D
0000D5FD
00000FDE
00000C06
0000F30E
0000EDF1
00002DCA
0000F607
0000EA27
000025E0
000008E4
000000FC
0000FF17
0000FADA
000003FE
00000D08
000013DA
0000EFFE
0000EBE6
000001F3
0000F5DE
0000F602
0000EEF5
0000F7F5
0000F3EB
000010F2
0000F513
0000F9E8
0000FA14
00001108
0000E324
0000F0E5
0000D21D
00000A03
0000FC01
0000F3F7
0000FE00
0000F30B
00000202
0000F4FD
0000100F
0000F104
0000EDFB
00000307
0000F601
000002F2
0000EEFA
0000FEFB
000006F8
0000FB02
0000EE10
0000F702
0000F503
000001FF
0000F906
000000FB
000006FA
0000FE0D
000003ED
0000F6FB
00000009
0000FC0B
0000EEFD
00000D02
0000031A
00001002
00000810
00000C00
00000201
000008F7
0000FFFD
00001504
0000F4F8
000014F6
0000FFF2
00000BFB
000008F7
0000F6E9
0000FDEF
0000F308
000009F2
0000FADD
0000FAE7
0000FD03
00000BDC
000009EB
0000FCE8
0000F3F7
00000AD6
0000FAEB
000006F8
0000F8EF
0000FADC
0000FBDB
0000EB0F
0000F2E8
00000EDD
0000F9F3
00000207
0000FDDE
000005F3
0000FDFD
000004EE
000011F4
0000F809
000000F1
000014F8
00000DFD
000005FE
00000DE6
0000FBFA
000003FB
00000906
0000F012
0000F807
000011FE
000018F8
0000F00F
00000EE8
000016F1
00000AF8
0000EE12
000011F3
000022F3
00000E0B
0000DF01
000010FF
000004ED
00001007
0000EBFA
00000416
000000FA
0000100D
0000FD0F
0000FCF1
0000070C
0000062B
000017E3
0000E7E7
0000FE11
00001007
000005C5
0000D10F
00000205
000019EA
0000F3ED
0000D320
0000FAFE
0000EADF
0000F815
000000FE
000006F8
0000D805
000001FB
0000F4FF
000006E3
0000B414
000009FA
0000FF02
000006F6
0000D202
0000FE01
0000FBE5
00000109
0000F002
0000E903
0000FC02
00000C0B
00000007
0000F614
0000F725
0000F80D
0000F5EF
0000F400
0000FD14
000009FF
000006EC
000001F6
0000FD09
0000FE14
0000F701
000002FF
0000FC03
00000E08
0000EEF8
0000F5FD
0000FA11
0000FFFE
0000FFFF
0000F500
0000060A
00000EF6
0000F80C
00000003
00000B08
00001014
000003F7
00000F07
0000F5FD
00001110
0000FFF4
000004F6
000003EF
0000FC07
000010F5
000012E7
0000F5E9
00000EF8
00000EE9
0000FCD8
0000F9E2
00000BFD
00000BD7
000008EC
0000FEF6
00000E01
00000BD9
000002E2
0000F6FD
0000FFEF
0000FFE7
000004EF
00000101
0000F6F6
0000FEF8
00000DE0
00000103
0000F3E1
000003FE
00001CE9
0000FD11
00000AEA
000004FD
0000F8F1
00000103
000003F1
00000414
00000201
0000FBF7
0000050A
00001F16
000006EF
0000EC00
000008FE
000011F9
0000FE0B
000003F5
00001DF6
0000FDD5
0000F5FB
00000206
00001CF9
0000FEF0
0000D607
00000907
00001BF4
0000F308
0000D90D
00000019
000004F9
0000E31D
00000803
00000A05
0000F2FF
0000EB09
0000FDF1
0000F6F9
0000ED12
0000FB14
0000FAF1
0000D8F7
0000F705
0000E924
0000F305
0000F601
0000F403
0000C90A
00000F08
0000F821
0000FF08
0000C114
00000BF9
0000FF00
000005FD
0000C2FF
00000EF5
00000307
0000FA0D
0000DC05
0000F907
0000FBFE
0000F418
0000EE23
0000F7F4
0000F9F3
0000F50C
0000FA07
0000F41C
000000FD
0000F50B
000000E4
00000102
00000204
0000050C
000004F5
00000DEB
0000F90F
0000020F
00000307
0000FB02
00000FF3
00000613
0000FBF6
00000CEC
00000E0B
000011F9
0000F902
0000F602
00000003
000007F4
0000F30E
000009F6
00000C02
0000020D
00000000
00000EF5
000002F9
00000909
0000FAF4
000002EC
000001F4
0000FA0E
00000BF3
000012E4
000003E7
000006FE
0000FBE0
000006DF
0000FCE7
00000DF1
0000FFD7
00000CE2
0000FDF2
0000F2F5
000000EB
000000E7
000002E1
0000F3E6
0000FF05
0000FFFD
0000F8F0
0000EBEF
000003FF
0000FDDE
00000BF3
0000EFF7
000010EF
00000EF1
0000EF01
0000FFF9
000017F5
000002F3
000006FE
0000E1F8
000019F4
00000AFF
0000EDFF
0000FFF7
000012FA
00000DED
0000FAF7
0000120B
000008F9
000001F8
0000040D
00001710
0000ECED
000008F9
0000ED0A
000009FD
0000E6E0
0000FEFB
0000FA14
00000CF8
0000E1FE
0000F604
0000FC06
00000AF6
0000DF17
0000FC1B
000008E5
0000EE0B
0000E609
00000EEC
00000809
0000EC37
0000ECFB
0000F70A
0000F501
0000E617
0000EDF6
000002FC
00000EF7
0000DE08
0000D416
00000806
000019FA
0000F608
0000D9FD
0000190A
00000F04
0000FFFC
0000E7F7
00001603
0000F713
00000708
0000DE13
0000F212
00000606
00000D13
0000F016
0000F8FC
0000FFF8
0000080E
0000ED04
00000519
000006ED
0000FD18
0000F8E8
00000B0F
0000F6FA
0000F60E
0000FDF2
00000DFA
00000E07
000000FC
00000403
0000FD0A
000007F7
0000FE08
0000F601
0000FD02
00000219
0000FF10
0000FAF5
000001F8
00000408
000006F2
0000F712
00000304
00000406
0000FB0A
0000FD01
000016ED
000001F6
00000204
000003F3
000006F3
0000FCF0
000005F8
000003ED
0000FADC
000000E6
00000EE9
000006DA
000004F5
0000F8E1
00000FE6
000004EE
000003E9
0000FDEE
0000F1F3
0000FE07
000007EE
0000F0EB
00000FEA
000006FE
000000F1
0000EBF0
00000EF8
00000304
000008F3
0000F7F7
0000F702
00000601
0000F6FF
000003EE
0000FDF1
000005F9
0000EBFD
00000AF6
0000FCEA
000006FC
000003F4
0000FBEF
0000F9E7
000007F8
0000ED02
0000F0E6
0000F100
0000EF0E
0000FFF2
0000FC01
0000F310
0000F602
0000E911
000008FE
000002FF
0000F9FB
0000F5F7
0000F7FF
0000100D
00000100
0000F0FA
0000080B
0000FAFB
0000080F
0000F41E
0000F9F8
0000F002
0000FD22
00000805
0000F513
0000EC36
0000070D
0000050A
0000060E
0000F51B
00000400
0000FB0C
0000FA0A
0000F017
0000F4FC
00001212
00000D19
0000F001
0000F112
000010FA
00001112
0000EE05
0000E914
00001E06
0000F903
00000707
0000E31F
0000020C
0000F406
00000AFE
0000EA1B
000001F9
0000F503
0000FAFD
0000F605
0000020C
0000FFFB
00000303
000001F1
0000FD11
000006FE
00000802
000000FB
00000600
0000FC0A
00001309
0000FA06
00000602
00001501
000012FA
000002F9
00000512
0000FF15
0000100C
0000FDDF
0000FFFA
00000211
000012EF
0000FB05
000010F6
000002FB
0000F801
0000FFFC
0000FFFB
0000FBF1
0000070B
00000AF7
000002F0
0000F5E4
00001003
000009EF
000009EB
000005E4
00001902
000008E5
00000BE4
0000FFF0
000007F9
0000050C
0000FDDF
0000FAF8
00000AF2
00001403
000010E4
000003ED
000006EA
0000070E
000001E4
00000808
00000BF3
00001302
0000F3EF
00001610
000008EF
0000FF06
0000FDFA
000019FD
00000EE8
00000402
0000F4FE
000000FA
00000CFE
000003F3
0000E812
000008FC
000008FD
0000FDF4
0000D80C
00000810
00000513
0000020A
0000EC10
0000051A
0000FB0F
0000F0EE
00000107
000007FD
0000FA0D
000008E6
0000F701
0000FFFF
0000EF12
000000ED
00000CF4
0000030F
0000FF0B
0000F2FB
00001312
00000614
000001ED
000001FE
0000F229
0000FF07
0000FA0F
00000C02
0000F712
00000401
00000324
00000D10
0000040F
00000D05
0000000D
000005EC
0000FF22
0000221E
0000EC14
00000001
0000000E
0000FF13
0000EDED
0000000C
00001400
00000103
0000110C
0000F416
00000706
000005FA
00000E06
0000071F
0000FE05
0000FA06
0000FF11
0000ED12
0000FB03
00000211
00000004
0000F616
0000F40D
00000614
0000FE12
0000FC03
0000070B
0000FB35
00000903
0000EDFD
00000C14
00001113
00000AFF
0000F8F0
0000090F
0000FD06
0000240E
000016E4
0000F20A
00000601
0000FF09
000007EB
0000FD06
00000B00
00000605
0000FE00
000006E5
0000E7F5
0000FE1A
000009F0
0000FDF8
000003F9
0000FB1B
000007DE
0000FCE7
00000EF0
0000FA10
00000CF6
00000DF1
000002FE
00001314
000012FA
0000FCEB
000003FA
00000214
00000303
0000F8E9
00000CFD
0000F80A
00000505
000006EB
0000010A
00001215
00000115
00000CE5
00000510
00000C10
0000FF03
000009E2
00000F08
00000318
0000F3F6
000009F4
0000031A
0000150E
0000FEEF
00000E05
0000FC0E
00001401
0000FC0A
0000DAFF
00000F13
0000100A
0000F223
0000FEEE
0000090B
000007FC
0000ED03
0000FFF3
0000FD08
00000FFD
0000E2F7
000007E6
00000101
0000150C
0000E4FA
000002EB
0000FB05
000014FE
0000EC02
00000502
00000808
00001301
0000FFF9
0000DD2B
00000F04
00001200
0000FE0B
0000E211
00000C00
00000601
0000FC01
0000F70A
00001002
00000200
0000E00A
0000092E
000004FA
0000060F
0000E503
0000F723
000000FE
00000316
0000E80B
0000F90D
0000080D
0000010A
0000FC13
0000E60A
00000CF8
00000304
0000FA08
00000708
0000FDFC
000007F9
00000211
0000050C
0000FE06
00000E01
0000F419
0000F719
00000217
00001B02
000005F0
00000B02
0000F818
00001409
000000EF
0000FB25
0000FF19
0000130A
000009E1
0000EC1D
0000E60B
00001611
000013F0
0000F202
0000F803
00000909
0000F8F1
0000FAF2
0000F810
00001011
00000000
00000500
0000003C
000000C9
00000005
00000000
0000005D
000000BC
000000EF
000000A9
00000068
000000CE
000000B3
00000000
0000007A
00000050
00000003
00000032
00000058
00000043
00000095
000000B9
000000D1
0000004D
00000063
00000020
00000050
000000DA
000000A0
00000063
00000066
000000B8
00000081
00000050
0000031B
FFFFD82A
000012C2
FFFFF7CD
FFFFEF82
00002A85
00000395
000024EB
FFFFE6D5
FFFFF29C
00000BE4
00000778
FFFFFEA8
FFFFFDE7
00001739
0000085C
FFFFFA8B
FFFFFF3C
00001252
00001118
00000A5A
FFFFF646
00001908
000018C1
000013FB
00001B22
000013D6
000010E3
0000047C
000009E5
00000ABB
000003BB
00001812
000004CB
00001ACF
000005BA
FFFFF898
00000DA9
000018AB
FFFFF8DE
000004F4
000006E7
FFFFE7D9
