memory_initialization_radix=16;
memory_initialization_vector=
005705D2,
005FD5DC,
00DDDF10,
00FCDCBF,
005903AF,
002A040C,
00FCE8B5,
00D6EEE9,
0031E13A,
001BFAD7,
0051DDC2,
0016E63E,
00CE3EF7,
00F1EF0F,
00FA1DD0,
00B2EA4F,
00C6E123,
00E70DE8,
003EF7F5,
002FE104,
00F31E05,
001DD672,
00A2D55F,
00EA1EC8,
009DEC4F,
00811333,
00ECE4C4,
0004DE5C,
0006F334,
001FFEDB,
00D1096A,
00EEFC47,
002F13F2,
00E2ED32,
00280332,
00DE1BDF,
00ED5002,
00F838FC,
001196EE,
00FADFE7,
00E2F4CC,
00C1FB03,
0049F031,
00FCDC08,
00D123F0,
00F05DBB,
00FA7404,
00F39B2F,
001728A1,
000BEBCC,
00E5CE2B,
0013B592,
001BC6B3,
00F23C36,
009604F6,
0014F7E1,
00C701F9,
001A0021,
00080112,
00F6F7C1,
00AB0E11,
00FAFB40,
00B009EB,
000800BA,
0005F33A,
00DE1022,
00E9EDEF,
00FF0FDE,
00CDFCC4,
0003F3C3,
001FECA1,
00FD0040,
00CA140C,
00E90BB5,
00CDFAE2,
00DA1423,
00F7FCDF,
001304D4,
00DCFD14,
0009F400,
00C41307,
00F40713,
00DD0E49,
002206FB,
00E2EFF5,
0002FF50,
00C5F426,
00F9E2CC,
00D7144B,
0010E822,
009CEAC8,
000AFD19,
00B000D3,
00CDF84A,
001E05A5,
001B101B,
00F2F3FD,
000314E7,
0081E3FE,
00E0F7FD,
000BFFE8,
0018E4A1,
00C2E204,
000BDF1F,
00B8130F,
00DAD8CE,
00E3FA2F,
00E0C2F0,
000000D9,
000000F1,
000000B2,
00000005,
00000026,
000000C2,
00000001,
00000028,
000000C7,
000000E1,
000000F0,
00000028,
00000016,
000000D5,
000000EB,
000000EC,
000000EA,
000000F8,
00000021,
00000019,
000000E9,
000000D3,
000000DE,
0000002C,
00000015,
00000008,
00000023,
000000EA,
000000D7,
0000001E,
000000E7,
000000CE,
00000011,
00000010,
00000040,
0000000D,
0000001C,
00000057,
00000000,
000000C8,
000000DF,
0000001D,
00000012,
0000008D,
00000003,
00000027,
0000001F,
00000002,
000000BB,
00000048,
000000F1,
00000030,
0000000A,
0000009B,
00FF0000,
00010000,
00000000,
00FF0000,
00FF0000,
0000FF00,
00000000,
00000000,
00000000,
00FE0000,
00000000,
00000000,
00000000,
00000000,
00000000,
00000000,
00000000,
00FF00FF,
00000000,
00000000,
00000000,
0000FF00,
00010000,
00000000,
00000000,
00FF0000,
000000FF,
00FF0000,
00000000,
0000FF00,
00000000,
00FF0000,
00000000,
00000000,
00000000,
00000000,
00000000,
00000000,
00000000,
000100FF,
00000000,
00000000,
000000FF,
00000000,
0000FF00,
00000000,
0001FF00,
00000000,
00000000,
00000000,
00000000,
000000FF,
000000FF,
00000000,
00000000,
00000000,
000000FF,
00000000,
00000000,
00000000,
00000000,
00000000,
0001FF00,
00000000,
00000000,
00FF0000,
00000000,
00000000,
00000000,
00000000,
000000FF,
00000000,
0000FFFF,
00FF0000,
00000000,
000000FF,
00000000,
00000000,
00010000,
00000000,
000000FF,
00000000,
00000000,
00000000,
00000000,
00000000,
00000000,
000000FF,
000000FF,
00FE0000,
00000000,
00FF0000,
000000FF,
0000FF00,
000000FF,
00000000,
00000000,
00000000,
0000FF00,
00000000,
00FF0000,
00000000,
00000000,
00000000,
0000FF00,
00FF0000,
00000000,
00000000,
000000FF,
00000000,
00000000,
00000000,
000000FF,
00000000,
00000000,
00000000,
00000000,
00000000,
00000000,
00000000,
00000000,
00000000,
00000000,
00000000,
00000000,
00FF0000,
00000000,
00FF0000,
00000000,
0000FF00,
00000000,
00000000,
00000000,
00FF0000,
00010000,
000000FF,
00010000,
00000000,
00000000,
00000000,
00010000,
00000000,
00000000,
00000000,
000000FF,
000000FF,
00000000,
00000000,
00000000,
00000000,
00000000,
00000000,
00000000,
00000000,
00000000,
00000000,
00000000,
00000000,
00010000,
00000000,
00000000,
00000000,
000000FF,
000000FF,
00000000,
00000000,
00000000,
00010000,
00000000,
0000FF00,
00000000,
00000000,
000000FF,
00FF0000,
00000000,
00000000,
0000FF00,
00FF0000,
0000FF00,
00000000,
00000000,
00000000,
00010000,
00000000,
00000000,
00000000,
00FF0000,
00000000,
00000000,
00FFFF00,
00010000,
00000000,
00000000,
00FF0000,
000100FF,
00FF0000,
00000000,
00FF0000,
00000000,
00000000,
00000000,
00000000,
00000000,
000000FF,
00FF0000,
00000000,
00000000,
00000000,
00FF0000,
00000000,
00000000,
00000000,
00000000,
00FF0000,
000000FF,
00000000,
00FF0000,
00FF0000,
00FF0000,
00000000,
00000000,
00FE0000,
00000000,
000000FF,
00000000,
00000000,
00000000,
00000000,
00000000,
00FF0000,
00000000,
00000000,
00000000,
00000000,
00FF0000,
000000FF,
00FF0000,
00FF0000,
00000000,
00FF0000,
00FF01FF,
00000000,
00000000,
00000000,
00000000,
00FE0000,
00000000,
00000000,
00000000,
0000FF00,
000000FF,
00FF0000,
00000000,
00FF0000,
00000000,
00000000,
0000FF00,
00000000,
00000000,
00000000,
000000FF,
00000000,
00000000,
00000000,
00010000,
00FE00FF,
0000FF00,
00000000,
00000000,
00000000,
00000000,
00000000,
00000000,
00FE0000,
00000000,
00FF00FF,
00000000,
00FF0000,
00000000,
00000000,
00000000,
00FF0000,
000100FF,
00FF0000,
00000000,
00000000,
00010000,
0000FF00,
00000000,
00FF0000,
00000000,
00000000,
00000000,
00000000,
00000000,
00000000,
00000000,
00FF0000,
00000000,
000000FF,
0000FF00,
00000000,
00000000,
00000000,
00000000,
00FF0000,
00000000,
000000FF,
00000000,
00000000,
00000000,
00000000,
0001FF00,
00FE0000,
000000FF,
00000000,
00000000,
00000000,
00000000,
00000000,
00000000,
00FE0000,
00000000,
00000000,
00FF00FF,
00FF0000,
0001FF00,
00000000,
00FF0000,
00FF0000,
00000000,
00000000,
00000000,
00000000,
00000000,
00000000,
00000000,
00FE0000,
00000000,
000000FF,
00000000,
00000000,
00000000,
00000000,
00000000,
00FE0000,
000000FF,
00000000,
00000000,
0000FF00,
00000000,
00FF00FF,
00000000,
00FFFF00,
00000000,
00FF0000,
00000000,
00000000,
00000000,
00000000,
00000000,
00FF0000,
00FF00FF,
00000000,
00000000,
00000000,
00000000,
00000000,
00000000,
00000000,
00000000,
000000FF,
00000000,
00000000,
000000FF,
00000000,
00000000,
00FF0000,
00000000,
00FF0000,
00000000,
00FEFF00,
00000000,
000000FF,
00FFFF00,
00000000,
00000000,
00000000,
00000000,
00000000,
00000000,
000000FF,
000000FF,
00FF0000,
0000FF00,
00000000,
00000000,
00FF0000,
0000FF00,
000000FF,
00010000,
00FF0000,
00000000,
00000000,
00000000,
00FE0000,
0000FF00,
00000000,
00000000,
000000FF,
0000FF00,
00FF0000,
00000000,
00000000,
0000FF00,
000000FF,
00010000,
00FFFF00,
00000000,
00000000,
00000000,
0000FF00,
0000FF00,
00000000,
00000000,
00FF00FF,
00000000,
00000000,
00000000,
00FE0000,
00000000,
0000FF00,
00000000,
00FF0000,
00000000,
00000000,
00010000,
00FFFF00,
00010000,
00000000,
00010000,
00FF0000,
00000000,
0000FF00,
00000000,
00FF0000,
000000FF,
0000FF00,
00000000,
00FF0000,
00000000,
0000FF00,
00000000,
00000000,
00000000,
00000000,
0000FF00,
00000000,
00000000,
00010000,
00FF0000,
00FE0100,
00000000,
00000000,
00000000,
00FF0000,
00000000,
00FF00FF,
00000000,
00FF0000,
00000000,
000000FF,
00000000,
00000000,
00000000,
00000000,
00010000,
00000000,
00000000,
00000000,
00000000,
0000FF00,
00FF0000,
00000000,
00000000,
00000000,
00000000,
00000000,
00000000,
00000000,
00000000,
00000000,
00000000,
00000000,
000000FF,
00000000,
00000000,
00000000,
0000FF00,
000000FF,
00000100,
00000000,
00FF0000,
00000000,
00000000,
0000FF00,
00000000,
00000000,
00000000,
00FF0000,
00000000,
00000000,
0000FF00,
00FF0000,
00000000,
0000FF00,
00000000,
00000000,
00000000,
00000000,
00000000,
00000000,
00010000,
0000FF00,
00000000,
00000000,
00000000,
00FF0000,
00000000,
000000FF,
00000000,
00000000,
0001FF00,
000000FF,
00010000,
00FF0000,
00000000,
00FF00FF,
0000FF00,
000000FF,
00000000,
00000000,
00000000,
000000FF,
000000FF,
00000000,
0000FF00,
00000000,
00FF0000,
00FF00FF,
00000000,
000000FF,
0000FF00,
00FFFF00,
00000000,
00000000,
00000000,
00FF0000,
00000000,
000000FF,
00000000,
00FFFF00,
00000000,
00000000,
000000FF,
00FFFFFF,
00FF0000,
00000000,
0000FF00,
00FFFF00,
00000000,
00000000,
000000FF,
00FF0000,
00FF0000,
000000FF,
00000000,
00FF0000,
00000000,
00000000,
00FFFE00,
00FF0000,
00000000,
00000000,
00FFFF00,
00FF0000,
00000000,
00FF0000,
00FFFF00,
00FF0000,
00000000,
00000000,
00000000,
00FE00FF,
00000000,
00000000,
00000100,
00000000,
000000FF,
00000000,
00000000,
00000000,
00000000,
00000000,
00000000,
00000000,
00FF0000,
00000000,
00FF0000,
00000000,
00000000,
00000000,
00000000,
00000000,
00000000,
000000FF,
00000000,
00FE0000,
000000FF,
00000000,
00000000,
00000000,
00000000,
00000000,
00000000,
00000000,
00000000,
00000000,
00FF0000,
00FF0000,
00FF0000,
00000000,
00000000,
00000000,
00000000,
00000000,
00000000,
00FFFFFF,
00000000,
00000000,
0000FF00,
00000000,
00000000,
0000FF00,
00000000,
00000000,
00000000,
00000000,
00FF00FF,
00000000,
000000FF,
00FF0000,
00FFFF00,
00FF0000,
00000000,
00000000,
00000000,
00000000,
00010000,
00000000,
00000000,
00000000,
00010000,
0001FF00,
00000000,
00000000,
000000FF,
00000000,
00000000,
00FF0000,
00000000,
00000000,
00000000,
00FF0000,
00000000,
00000000,
00000000,
00FF0000,
00000000,
000000FF,
0000FE00,
00FFFF00,
00000000,
00000000,
0000FF00,
00FFFF00,
00000000,
000000FF,
00000000,
00FF0000,
00000000,
00000000,
00000000,
0000FFFF,
00000000,
00000000,
0000FF00,
00FE0000,
00000000,
00000000,
00000000,
00FF0000,
00000000,
00000000,
00000000,
00FE0000,
00FF0000,
00000000,
00000000,
00FF0000,
00000000,
00000000,
0000FF00,
00000000,
0000FF00,
00000000,
0000FF00,
00000000,
00000000,
000000FF,
00000000,
00FF0000,
00000000,
000000FF,
00000000,
00000000,
000000FF,
000000FF,
00000000,
00FF00FF,
000000FF,
00000000,
00000000,
00FF0000,
0000FF00,
00000000,
00FF00FF,
00FE0000,
00FF0000,
000000FF,
00000000,
00000000,
00FF00FF,
00000000,
0000FF00,
00FF0000,
00FF0000,
00000000,
00000000,
00FE0000,
00000000,
000000FF,
00000000,
00FE0000,
00000000,
00000000,
00000000,
00FF0000,
00000000,
000000FF,
00FE0000,
00000000,
00000000,
000000FF,
00000000,
00FE0000,
00000000,
000000FF,
0000FF00,
00FF0000,
00000000,
0000FF00,
00000000,
00000000,
00000000,
00000000,
00000000,
00FFFFFF,
00000000,
00000000,
0000FF00,
00FFFF00,
00010000,
00000000,
0000FE00,
000000FF,
00000000,
00FF0000,
00FF0000,
00000000,
00000000,
00000000,
00000000,
00FF0000,
00000000,
000000FF,
00000000,
000000FF,
00FF0000,
0000FF00,
00FF0000,
00FF00FF,
00000000,
00000000,
00000000,
00FF0000,
00FF0000,
00000000,
00FF0000,
00FF0000,
00000100,
00000000,
0000FE00,
0000FF00,
00000000,
000000FF,
00000000,
00FF0000,
00000000,
00000000,
00000000,
00FF0000,
00000000,
0000FF00,
0000FF00,
00FF00FF,
000000FF,
000000FF,
0000FF00,
00FFFF00,
00FF0000,
00000000,
00000000,
00000000,
00FF0000,
00000000,
00000000,
00000000,
000000FF,
00000000,
00000000,
00000000,
00010000,
00000000,
0000FF00,
00000000,
0000FF00,
000000FF,
00FF0000,
00000000,
00FF0000,
0000FFFF,
000000FF,
00000000,
00000000,
000000FF,
0000FF00,
00FF00FF,
00010000,
00000000,
00000000,
00FF0000,
00000000,
00000000,
00000000,
00FE0000,
00000000,
00000000,
00FE0000,
00FF0000,
00000000,
00000000,
00FF00FF,
00FF0000,
00000000,
000000FF,
00000000,
00FE0000,
00000000,
00FF0000,
00FF0000,
00FF0000,
00FF0000,
00FF0000,
00000000,
00FF0000,
00000000,
00000000,
00FE0000,
00FF0000,
00000000,
00000000,
00000000,
00FF0000,
00000000,
00000000,
0000FF00,
00000000,
00000000,
00000000,
00FF0000,
00FF00FF,
00010000,
00000000,
00FF0000,
00FF0000,
000000FF,
000000FF,
0001FF00,
0000FF00,
00000000,
00FF00FF,
0000FF00,
0000FF00,
00000000,
00000000,
00000000,
00000000,
00000000,
000000FF,
0000FF00,
00FF0000,
00000000,
00000000,
00000000,
000000FF,
00000000,
00000000,
00000000,
000000FF,
00FE0000,
00000000,
0000FF00,
00FF0000,
00FF0000,
000000FF,
00000000,
00FF0000,
00FF0000,
00000000,
00FFFF00,
0000FF00,
00000000,
000000FF,
00000000,
00000000,
00000000,
0000FF00,
00000100,
00FF0000,
00000000,
00010000,
00000000,
00000000,
00000000,
00000000,
00000000,
00000000,
00FF0100,
000000FF,
00FF0000,
00000000,
00000000,
00000000,
00FF0000,
00000000,
00000000,
0000FF00,
0000FF00,
00FF0000,
00000000,
00000000,
00FFFF00,
00000000,
0000FF00,
00000000,
00000100,
00000000,
00FF0000,
00010000,
000001FF,
00000000,
00FFFF00,
00000000,
0000FF00,
00000000,
00FF0000,
00000000,
0000FF00,
00FE0000,
00FF0000,
00000000,
00000000,
00FE0000,
00FF0000,
00000000,
00000000,
00FE0000,
00010000,
00000000,
00FFFF00,
00FF0000,
00010000,
00000000,
00000000,
00FF0000,
00010000,
00000000,
00FF0000,
00FF0000,
00000000,
00000000,
00000000,
00FF0000,
000000FF,
00000000,
00FF0000,
00FE0000,
00000000,
00000000,
00000000,
00FF0000,
00000000,
00000000,
00000000,
0000FF00,
00000000,
00000000,
00000000,
00FF00FF,
00000000,
00FF0000,
00000000,
0000FFFF,
0000FF00,
00000000,
0000FF00,
00000000,
0000FF00,
00000000,
00FFFF00,
00000000,
000000FF,
00000000,
00FF0000,
00FF0000,
00000000,
00000000,
00000000,
00FF00FF,
000000FF,
00000000,
00000000,
00010000,
00FF0000,
000000FF,
0001FF00,
00000000,
00FF0000,
00000000,
00000000,
0000FFFF,
00FF0000,
00000000,
0000FF00,
0001FF00,
00FF0100,
000000FF,
00010000,
0000FF00,
00000000,
00000000,
00010000,
00000000,
00000000,
000000FF,
0000FF00,
000000FF,
00000000,
0000FF00,
00010000,
00000000,
00FF0000,
00000000,
00000000,
00000000,
00000000,
000000FF,
00000000,
00000000,
00FF0000,
00000000,
00000000,
00000000,
00000000,
00000000,
00000100,
00FE0000,
00010000,
00000000,
00000000,
00FF0000,
00FF0000,
00FF0000,
0000FF00,
00FF00FF,
00FF0000,
00000000,
00FF0000,
00FF0100,
00FF0000,
0000FF00,
00000000,
00FF0100,
00FFFF00,
00000000,
00FF0000,
00000000,
00FF0000,
00000000,
00000000,
00FF0000,
00FF0000,
00000000,
0000FF00,
00FF00FF,
00FFFF00,
00FF00FF,
0000FF00,
00FF0000,
00000000,
00FF0000,
00000000,
00FF0000,
00000000,
00000000,
00000000,
00FF0000,
000000FF,
00000000,
00000000,
00FF0000,
00000000,
00FF0000,
00000000,
00FF0000,
00000000,
00000000,
00000000,
00FF0000,
00000000,
00000000,
00000000,
000000FF,
00000000,
0000FF00,
00000000,
00000000,
00000000,
00FF00FF,
0000FF00,
00FF0000,
00000000,
00000000,
00FF0000,
0000FF00,
00000000,
00FF0000,
00000000,
00FF00FF,
000000FF,
00FF00FF,
00000000,
00000000,
00010000,
00FF00FF,
00000000,
00000000,
00FE0000,
000000FF,
00010000,
0000FF00,
00FF00FF,
00000000,
0000FF00,
00000000,
00FF0000,
00000000,
00000000,
00000000,
00FF0000,
00000000,
0000FF00,
0000FF00,
00FF00FF,
00000000,
0000FF00,
00000000,
00FE00FF,
00000000,
00000000,
0000FF00,
00FE0000,
00FF0000,
00000000,
00000000,
00FE0000,
00000000,
00000000,
00000000,
0000FF00,
00FF0000,
00000000,
00000000,
00000000,
00000000,
00000000,
00FEFF00,
00000000,
00FF0000,
00000000,
00FF0000,
00000000,
00000000,
00000000,
00FF0000,
00FE00FF,
00000000,
00000000,
00FE0100,
00FFFFFF,
00000000,
00FF0000,
00FF00FF,
00FF00FF,
00000000,
00000000,
00FE0000,
00FFFF00,
00000000,
00FFFF00,
00FF0000,
00FF0000,
00000000,
00000000,
00FE0000,
00FF0000,
000000FF,
00000000,
00FF0000,
00FF0000,
00000000,
0000FF00,
000000FF,
00FF00FF,
000000FF,
0000FF00,
00FE0000,
00FF0000,
00000000,
00000000,
00FF0000,
00000000,
00FF0000,
000000FF,
00FF0000,
00000000,
00000000,
00000000,
00FE0000,
00FF0000,
00FF0000,
00000000,
00FF0000,
00FE0000,
00000000,
00000000,
00FE0000,
00FF0000,
00000000,
00000000,
00000000,
00000000,
00000000,
0000FF00,
00000000,
00000000,
00000000,
00FFFF00,
00000000,
000100FF,
00000000,
0000FFFF,
00FFFF00,
00010000,
000000FF,
00FF0000,
0000FF00,
00FF0000,
00FF0000,
00000000,
00000000,
00FF0000,
00000000,
00000000,
00000000,
00FF0000,
00000000,
0000FF00,
00010000,
00FF00FF,
00000000,
00000000,
00FF00FF,
00000000,
00FE0000,
00FF0000,
00FFFFFF,
00000000,
00FFFFFF,
00000000,
00000000,
00000000,
00000000,
00000000,
00000000,
00FF0000,
00000000,
00000000,
00FFFF00,
00FE0000,
000000FF,
00000000,
00FF0000,
00FF0000,
00000000,
00000000,
00FF0000,
00FF0000,
00000000,
00000000,
000000FF,
00FF0000,
00000000,
0000FF00,
00FF0000,
00FF0000,
00000000,
00FF0000,
00FF0000,
00FFFF00,
00000000,
00000000,
00FF0000,
00FF0000,
00000000,
00000000,
00FE0000,
00FF0000,
00000000,
00000100,
00FF0000,
00FF0000,
00000000,
00000100,
00FF0000,
00FF0000,
00000000,
0000FF00,
00FE0000,
00FF0000,
00000000,
00FFFF00,
00FF0000,
00FF0000,
00000000,
00000000,
00FF0000,
00FF0000,
00000000,
00000000,
00000000,
00FFFF00,
00000000,
00FFFF00,
00000000,
00FF0000,
00000000,
00000000,
00FE0000,
00FFFF00,
00000000,
00000000,
00FE0000,
00000000,
00000000,
00000000,
00FE0000,
00000000,
00FF00FF,
00000000,
00FF0000,
00000000,
00FF0000,
00000000,
00FFFF00,
00FF0000,
00000000,
00FF0000,
00000100,
0001FF00,
00010000,
00000000,
00000000,
0000FFFF,
00010000,
00FFFFFF,
00FE0000,
00000000,
0001FF00,
00000000,
00FF0000,
0000FFFF,
00000000,
00000000,
00FF0000,
0000FF00,
00000000,
00000000,
00000000,
00000000,
000000FF,
0000FF00,
00000000,
00FF0000,
00000000,
00000000,
00FF0000,
00FF0000,
00FF0000,
0000FF00,
00FF0000,
000000FF,
00FF00FF,
00FF0000,
00FFFF00,
00000000,
000000FF,
00FFFF00,
00000000,
00000000,
00FF0000,
00000000,
00000000,
00000000,
00000000,
00000000,
00FF00FF,
00FE0000,
00000000,
00000000,
00FF0000,
00FF0000,
00000000,
0000FF00,
00FFFF00,
00FF0000,
0000FF00,
00000000,
0000FF00,
00FF0000,
00FF0000,
00000000,
0000FF00,
00FF0000,
00000000,
00000000,
00000000,
00FF0000,
00000000,
00000000,
0000FF00,
00FFFF00,
00FF0000,
00000100,
00FF0100,
00FF0000,
00000000,
00000100,
00FE01FF,
00FF0000,
00FFFF00,
00000000,
00FF0000,
00FF0000,
00FFFFFF,
0000FF00,
00FE00FF,
00FF0000,
000000FF,
00FFFF00,
00FE0000,
00FFFF00,
00000000,
00000000,
00FE0000,
00FFFFFF,
00000000,
00000000,
00FF0000,
00FF0000,
00000000,
00FFFF00,
00FF0000,
00FF0000,
00000000,
0000FF00,
00FF0000,
0000FF00,
00FF0000,
00FF00FF,
00FF0000,
00000000,
00FE00FF,
00FF0000,
00000000,
00000000,
00000000,
00000000,
00000000,
00000000,
00FF0000,
00000000,
00FFFF00,
00000000,
00FF0000,
00000000,
00FF0000,
00000000,
0000FF00,
00000000,
00000000,
000100FF,
000000FF,
0000FF00,
00000000,
00000000,
00000000,
0000FE00,
00FE0000,
00000000,
00FF00FF,
00000000,
00FF0100,
00010000,
00000000,
00000000,
00FF0000,
00FF0000,
00FF0000,
00000000,
00000000,
00FF0000,
00000000,
00000000,
00FF0000,
00FF0000,
00FF0000,
00000000,
00FF0000,
00FF0000,
00FF0000,
00000000,
00FF0000,
00FF00FF,
00000000,
00FFFF00,
00FFFF00,
000000FF,
00000000,
00000000,
0000FF00,
00000000,
00000000,
00000000,
00FF00FF,
00FE0000,
00000000,
0000FF00,
00FF0000,
00FF0000,
00FFFF00,
0000FE00,
00FF0000,
00FF0000,
00000000,
00000000,
00FF0000,
00FF0000,
000000FF,
00000000,
0000FF00,
00FF0000,
00000000,
00FF0000,
00FF0000,
00000000,
00000000,
00FF0000,
00FF0000,
0000FF00,
00000000,
00000000,
00FF0000,
00000000,
00000100,
00000000,
00000100,
00FE0000,
00000000,
00000100,
00FFFF00,
00FF00FF,
00000000,
00000000,
00FE0000,
00FF0000,
00000000,
0000FF00,
00FE0000,
00FFFFFF,
00000000,
00000000,
00FE0000,
00FFFF00,
00000000,
00FF0000,
00FF0000,
00FF0000,
00000000,
00000000,
00000000,
00FFFF00,
0000FF00,
00FFFF00,
00FFFF00,
0000FF00,
00FF0000,
00FF0000,
00FF0000,
00000000,
00000000,
00000000,
00000000,
00000000,
00000000,
00000000,
00000000,
00000000,
00000000,
00000000,
00FF0000,
00FF0000,
00000000,
00000000,
00FF0000,
0000FF00,
00000000,
00000000,
00000000,
000100FF,
00010000,
00000000,
00FF0000,
00000000,
00000000,
00000000,
00FF0000,
0001FF00,
00000000,
00000000,
00000000,
00000000,
00000000,
00000000,
00FF0000,
00000000,
00000000,
0000FF00,
00FFFF00,
00FE0000,
00000000,
00000000,
00FF0000,
00FF00FF,
00FF0000,
0001FF00,
00FF0000,
00000000,
00000000,
0000FF00,
00FFFF00,
000000FF,
000000FF,
00FF0000,
00FFFF00,
00000000,
00000000,
00FF0000,
00000000,
00FF00FF,
00FFFF00,
0000FFFF,
00FF0000,
00000000,
0000FF00,
00000100,
00FE0000,
00FFFF00,
00000000,
00000000,
00FF0000,
00FF0000,
0000FF00,
0000FF00,
00000000,
00FFFF00,
00FF0000,
0001FFFF,
00000000,
00000000,
00FFFF00,
0000FF00,
0000FF00,
0000FF00,
00010000,
00FE0100,
00FF0000,
00000000,
00010000,
00FF0000,
00FF0000,
00FF0000,
00000000,
00FF00FF,
00FF0000,
00000000,
00000000,
00000000,
00FFFFFF,
00FF0000,
00FF0000,
00000000,
00FF0000,
00FFFFFF,
00000000,
0000FF00,
00FF0000,
00FF0000,
00000000,
00000100,
00FE0000,
00FF0000,
00000000,
00000000,
00FE0000,
00FF0000,
00FF00FF,
00000000,
00000000,
00FF0000,
00000000,
00FFFF00,
00FFFF00,
00FF0000,
00000000,
000000FF,
00FEFF00,
0000FF00,
00FF0000,
00000000,
00000000,
00FF00FF,
00000000,
00000000,
00000000,
00000000,
00000000,
00000000,
00FEFF00,
00000000,
00000000,
00FFFF00,
00000000,
00000000,
000000FF,
00000000,
00000000,
00000000,
00000000,
00FF0000,
00000000,
00000000,
00010000,
00000000,
00FF0000,
00000000,
00000000,
00000000,
00000100,
00000000,
00000000,
00000100,
00000000,
00010000,
00000000,
00000000,
00FF0000,
00FFFFFF,
00000000,
0000FF00,
00FF00FF,
00FFFF00,
00000000,
00000000,
00FF0000,
00FF0000,
00000000,
00000000,
00000000,
00000000,
0000FF00,
0000FF00,
0000FF00,
00000000,
00FFFF00,
00FFFF00,
000000FF,
00000000,
0000FFFF,
0000FF00,
00000100,
00010000,
00000000,
00000000,
00FE0000,
00FFFFFF,
00000000,
00000000,
00FE0000,
00FF0000,
00FF0000,
0000FF00,
0000FFFF,
00FF00FF,
000000FF,
00000000,
00000000,
00FF0000,
00000000,
00000000,
00010000,
00010000,
00000000,
00000000,
00000000,
00000000,
00FF0000,
00FF0000,
00FF0000,
00000000,
0000FF00,
00FF0000,
00000000,
00000000,
00FFFF00,
00FF0000,
000000FF,
00010000,
00010000,
00FFFF00,
00FF0000,
00FF0000,
00000000,
0000FF00,
00FE0000,
00FF0000,
00000000,
00FF0000,
00FF0000,
00FF0000,
00010000,
00000000,
00FF0000,
00FF0000,
00000000,
00FF0000,
000000FF,
00FF00FF,
00010000,
0000FF00,
00FFFF00,
00000000,
00010000,
00000000,
00000000,
00000000,
00000000,
00010000,
00000000,
00000000,
000000FF,
00000000,
00000000,
00000000,
00000000,
00FF0000,
00FFFFFF,
00000000,
00000000,
0001FF00,
00FF0000,
00000000,
00010000,
00000100,
00FF0000,
00000000,
0000FF00,
00000000,
00000000,
0001FF00,
0000FF00,
00000000,
00FF0000,
00000000,
0001FF00,
00000000,
00000100,
0000FF00,
00FF0000,
00000000,
00000000,
00010000,
00FF0000,
00000000,
000000FF,
00FF0000,
00000000,
00000000,
00010000,
00FFFF00,
00FF0000,
0000FF00,
00000000,
0000FF00,
00FF0000,
0000FF00,
00000000,
00000000,
00000000,
00000000,
00000000,
00000000,
0000FF00,
00000000,
00FF00FF,
00000000,
00FF0000,
0000FF00,
00FEFF00,
00000000,
00010000,
00FF0000,
00FF0000,
00FF0000,
0000FFFF,
000000FF,
00FF0000,
00FF0000,
00000000,
0000FF00,
00FF0000,
00FFFFFF,
00000000,
00FF0000,
00000000,
00FF0000,
00010000,
00000000,
0000FFFF,
00FF0000,
00000000,
00000000,
00000000,
00000000,
0000FF00,
00000000,
00000100,
00000000,
0000FFFF,
00FF0000,
00FE0000,
00FF0000,
00FF0000,
000000FF,
00FF0000,
00FF0000,
000000FF,
00000000,
00FF0100,
00FF0000,
000000FF,
00FFFE00,
00000000,
00FF0000,
00000000,
00000000,
0000FF00,
00FF0000,
0000FFFF,
00000000,
00000000,
00FF00FF,
00000000,
00000000,
00000000,
00000000,
000000FF,
00000000,
00FF0000,
000100FF,
00FF0000,
00000000,
00000000,
000000FF,
00FE0000,
00000000,
00000000,
000000FF,
00000000,
00000000,
00000000,
00000000,
00000000,
00000000,
00FFFF00,
00000000,
00000000,
00000000,
00000000,
00000000,
00000000,
00000000,
00000000,
00000000,
00000000,
00000000,
00FE0000,
00000000,
00000000,
0000FF00,
00FFFF00,
00010000,
00000000,
00FF0100,
00FF0100,
00000000,
00000000,
000000FF,
00000000,
00000000,
00000000,
00000000,
00000000,
00FF0000,
00000000,
00FF0000,
0000FF00,
00FF0000,
00FF0000,
0000FF00,
00000000,
00000000,
00FF00FF,
0001FF00,
00000000,
00000000,
00000000,
00000000,
00FFFF00,
000000FF,
0000FF00,
00000100,
00FEFF00,
0001FF00,
00000000,
000000FF,
00FF00FF,
00FF0000,
0001FF00,
00FF0000,
00FE0000,
000000FF,
00000000,
00000000,
00FF0000,
000000FF,
0001FF00,
0000FE00,
00FF0000,
000000FF,
0000FF00,
00000100,
00000000,
00FF0000,
0000FF00,
00000000,
00000000,
00000000,
00000000,
00010000,
00000000,
0000FF00,
00000000,
00000000,
00000000,
000000FF,
00000000,
00000000,
00FF00FF,
00000000,
00000000,
00FE0000,
00FF0000,
00000000,
00000000,
00000000,
00FF0000,
00FFFF00,
00FF00FF,
00FF0000,
0001FF00,
00FF0000,
00FF0000,
0000FF00,
0000FF00,
00FF0000,
000000FF,
00000000,
00FF0000,
00FF0000,
00000000,
0000FFFF,
00FF00FF,
000000FF,
00000000,
000000FF,
00FF0000,
00000000,
00FF0000,
00FF0100,
0000FF00,
00000000,
00000000,
000000FF,
00000000,
00000000,
00000000,
000000FF,
00000000,
00000000,
00000000,
00000000,
00FFFFFF,
00000000,
00000000,
00FFFF00,
00000000,
00000000,
00000000,
00000000,
00000000,
00000000,
00000000,
00000000,
00000000,
00000000,
00000000,
0000FFFF,
00FE0000,
0001FF00,
00000000,
00FE0100,
00FF0100,
00000000,
00000000,
00000000,
00000000,
00000000,
00000000,
0000FF00,
00000000,
00FF0000,
00000000,
00000000,
0000FF00,
00FF00FF,
00000000,
00000000,
00000000,
00FF0000,
00010000,
00000000,
00FF0000,
00FFFF00,
000000FF,
0001FF00,
00FFFF00,
00FF0000,
000000FF,
0000FF00,
00FF00FF,
00FF00FF,
0000FF00,
000001FF,
00FF0000,
00FF00FF,
000000FF,
00000000,
00FE00FF,
00000000,
0000FF00,
00FF0000,
00FFFF00,
00000000,
00000000,
0000FE00,
000000FF,
00000000,
000000FF,
00000000,
00000000,
00FF0000,
00000000,
000000FF,
00FF0000,
0001FF00,
00FF0000,
00000000,
00FFFF00,
00FFFF00,
00000000,
00000000,
0000FF00,
00FF0000,
00000000,
00000000,
00FF0000,
00FF0000,
00FF0000,
00000000,
00FF0000,
00000000,
00000000,
00000100,
00FF0000,
00FF0000,
00000000,
0000FF00,
0000FF00,
00FF0000,
00000000,
00000000,
0000FF00,
00FF0000,
00FF0000,
00000000,
00000000,
00000000,
00FF0000,
00000000,
00FF0000,
00000000,
0000FF00,
00000000,
00000000,
000000FF,
00010000,
00000000,
00000000,
00000000,
00FF0000,
00010000,
00FF0000,
00000000,
00000000,
00000000,
00000000,
0000FFFF,
00000000,
00000000,
00FE0000,
00000000,
00000000,
00FEFF00,
00000000,
00000000,
00000000,
00000000,
00000000,
00000000,
00010000,
00000000,
00FF0000,
00000000,
000000FF,
00000000,
00000000,
00010000,
00010000,
00000000,
00FE0100,
00000000,
000000FF,
00FE00FF,
00FF0000,
000000FF,
000000FF,
00000100,
000000FF,
0000FF00,
00000000,
00010000,
00FF0000,
00FFFF00,
00000000,
0001FF00,
00FF0000,
00FF0000,
00FF00FF,
0000FF00,
00FFFF00,
00FF0000,
0000FFFF,
00000000,
00FFFF00,
00FF0000,
00FF00FF,
000000FF,
000000FF,
00FF0000,
00FF0000,
00000000,
00FFFFFF,
00010000,
000000FF,
0001FF00,
00000000,
0000FF00,
00000000,
0000FF00,
00FFFF00,
00000000,
00010000,
0001FF00,
00FF0000,
0001FFFF,
00000000,
00FFFF00,
00FFFF00,
00FF0000,
00000000,
00000000,
000000FF,
0000FF00,
000000FF,
00000000,
00FF0000,
00FF0000,
00FF0000,
00FFFF00,
00000000,
00000000,
00000000,
0000FE00,
00FF0000,
00000000,
00000000,
00000000,
00010000,
00000000,
00000000,
00000000,
00000000,
0000FF00,
00FF0000,
00000000,
00FFFF00,
00FFFF00,
00000000,
00000000,
00000000,
00FE0000,
00010000,
0000FFFF,
000000FF,
00FE0000,
0000FF00,
000000FF,
00FFFF00,
00000000,
0000FF00,
00000000,
0000FF00,
00000000,
00FF0000,
00000000,
00000000,
00000000,
00000000,
00000000,
00FF0000,
00000000,
00000000,
00000000,
00000000,
00000000,
00000000,
00FF0000,
00FE00FF,
00000000,
00000000,
0000FF00,
00000000,
00000000,
00000000,
00000000,
00000000,
00000000,
00000000,
00FF0000,
00000000,
0000FF00,
00000000,
00000100,
00FE0000,
0001FF00,
00FF0000,
0000FF00,
00FE0000,
0001FF00,
00000000,
00FE0000,
00FF00FF,
0000FF00,
00FF0000,
00FF0000,
00000000,
00000000,
00000000,
0000FF00,
00FF0000,
00FF0000,
00000000,
00FF0000,
00FF0000,
00FF0000,
00000000,
0000FF00,
00000000,
00FF0000,
00000000,
0000FF00,
00FF0000,
00000000,
00FF0000,
00000000,
00FF0000,
00000000,
000000FF,
0000FF00,
00000000,
0000FF00,
00000000,
000000FF,
00FF0000,
00000000,
000000FF,
00000000,
00FFFF00,
00000000,
000100FF,
0000FE00,
00FFFF00,
00FF0000,
00000000,
0001FF00,
00FF0000,
00FF0000,
00000000,
00FF0000,
00FF00FF,
00FF0000,
00FF0000,
00000000,
00FF0000,
00000000,
00000000,
00010000,
00FFFF00,
0000FF00,
00000000,
0000FF00,
00000000,
00010000,
00FF0000,
00FF0000,
00000000,
0001FF00,
000000FF,
00010000,
00000000,
00FF0000,
000000FF,
00010000,
00FF00FF,
00FF0000,
00000000,
0000FFFF,
00000000,
00FF00FF,
0000FF00,
00000000,
00000000,
00FF0000,
0000FF00,
00000100,
00000000,
00000000,
00FF0000,
00000000,
00FFFF00,
00000000,
00FE00FF,
00000000,
00FF0000,
00000000,
000000FF,
00000000,
00000000,
0000FF00,
00FF0000,
00000000,
00000000,
00000000,
00000000,
00000100,
00FE0000,
00010000,
00000000,
00000000,
00000000,
00010000,
00000000,
00FF0000,
000000FF,
00000000,
00000000,
00000000,
00FF0000,
0000FF00,
00000000,
00000000,
00000000,
00000000,
000000FF,
00FF0000,
00FFFF00,
00000000,
00000000,
00000000,
00FF0000,
00000000,
00000000,
00FF00FF,
00FF0000,
00000000,
00000000,
0000FF00,
00FF0000,
00FF0000,
00FF0000,
0000FF00,
00FF0000,
00FFFF00,
000000FF,
000000FF,
00FFFF00,
00FFFF00,
00000000,
00000100,
00FF0000,
00FF0000,
00000000,
0000FF00,
00FE0000,
00FF0000,
000000FF,
00FFFF00,
00000000,
00000000,
000000FF,
0000FE00,
00FFFF00,
00FF0000,
00000000,
00000000,
00FF00FF,
00FF0000,
00000000,
0000FF00,
00FF0000,
00FF0000,
00000000,
00000000,
00FF0000,
00FF0000,
00000000,
00000000,
00FF0000,
00FF0000,
00000000,
00000000,
00FFFF00,
00FF0000,
00000000,
00000000,
00FFFF00,
00000000,
00FF0000,
00FF0000,
00010000,
00000000,
00FE0000,
00000000,
0001FF00,
00000000,
00000000,
00000000,
000000FF,
00000000,
00000000,
0000FF00,
00000000,
00000000,
00000000,
0001FF00,
00000000,
00000000,
0000FF00,
00000100,
00000000,
00000000,
00FF0000,
00FF0000,
0000FF00,
00FF0000,
00FF0000,
00000000,
00FEFF00,
00000000,
00000000,
00000000,
00FF0000,
00000000,
00000000,
00000000,
00FF0000,
00000000,
00000000,
00000000,
00000000,
00000000,
00000000,
00000000,
00FFFF00,
000000FF,
00000000,
00000000,
00FF0000,
00000000,
00000000,
00000000,
00FF0000,
00000000,
00FF0000,
00000000,
00000000,
0000FF00,
00FF0000,
00000000,
00000000,
00000000,
00000000,
00000000,
00000000,
000000FF,
00000000,
00000000,
00FF0000,
00000000,
00000000,
00000000,
00FF0000,
00000000,
0000FF00,
00FF0000,
00FFFF00,
00FF00FF,
00000000,
0000FF00,
00FFFF00,
00FF0000,
00000000,
0000FF00,
00000000,
00FFFF00,
00000000,
00000000,
00000000,
00FFFF00,
00000000,
00000000,
00FE0000,
00FF0000,
000000FF,
00000000,
00FEFFFF,
00000000,
00000000,
0000FF00,
0000FF00,
00FE00FF,
00000000,
00000100,
00FF00FF,
00FE0000,
00000000,
00000000,
00FF0000,
00FF0000,
0000FF00,
00000000,
00FF0000,
00FF0000,
00000000,
00000000,
00FF00FF,
00FF0000,
00000000,
00000000,
000000FF,
00FF0000,
00FF0000,
00000000,
0000FFFF,
00000000,
00FE0000,
00FF0000,
00FF0000,
000000FF,
000000FF,
00000000,
00FF0000,
00000000,
00000000,
0000FF00,
00000000,
00FF0000,
00FF0000,
0000FFFF,
00FF0000,
00000000,
00FFFF00,
00FF0000,
00000000,
00000000,
0000FFFF,
00000000,
0000FF00,
00000000,
00FF00FF,
00000000,
00FFFF00,
00FF0000,
00000000,
0000FF00,
00FF0000,
00000000,
00000000,
00FF0000,
00000000,
00FF0000,
000000FF,
00000000,
00FF0000,
0000FF00,
00000000,
00000000,
00000000,
00000000,
000000FF,
00000000,
00FF0000,
00000000,
00FF00FF,
00000000,
00000000,
00000000,
000000FF,
00000000,
00000000,
00FF0000,
00000000,
00000000,
0000FF00,
00000000,
00000000,
00000000,
00FF0000,
00000000,
00000000,
00000000,
00FF0000,
00000000,
0000FF00,
00000000,
00FE0000,
00000000,
0000FF00,
00000000,
00FEFF00,
0000FF00,
00000000,
00000000,
00FE0000,
00000000,
00000000,
00FFFF00,
00000000,
00FFFF00,
00000000,
0000FE00,
00FF0000,
00FF0000,
00FF0000,
00000000,
00FF00FF,
00FF0000,
00000000,
00000000,
00000000,
00FF0000,
00000000,
00000000,
00FF00FF,
00FF0000,
00000000,
0000FF00,
00FF00FF,
00FFFF00,
00000000,
00000000,
00FFFF00,
00FF0000,
000000FF,
00FF0000,
00FFFF00,
00FF00FF,
00000000,
0000FFFF,
00FF0000,
00FF0000,
00000000,
00000000,
00FE00FF,
00FFFF00,
000000FF,
0000FF00,
00000000,
00FF0000,
00FF0000,
00000000,
00010000,
00000000,
00000000,
000000FF,
00FFFFFF,
00FF0000,
00000000,
00FE0000,
00FF0000,
00000000,
00000000,
00000100,
00000000,
00000000,
00FF0000,
00FF00FF,
00010000,
000000FF,
00000000,
00000100,
0000FF00,
00000000,
00000000,
00000000,
00FFFF00,
00000000,
00FF0000,
00000000,
00FF0000,
00000000,
00000000,
00FF0000,
00000000,
00000000,
000000FF,
00000000,
00000000,
00000000,
000000FF,
00000000,
00000000,
00000000,
00000000,
00000000,
00FF0000,
00000000,
00000000,
00000000,
00FE00FF,
00000000,
0000FF00,
00FF0000,
000000FF,
000000FF,
00000000,
00FF0000,
00FFFF00,
00000000,
00000000,
00FF0000,
00FFFF00,
00000000,
000000FF,
00000000,
00000000,
00000000,
00000000,
00000000,
00FE0000,
00000000,
00000000,
00000000,
00000000,
00000000,
00000000,
00000000,
00FF0000,
00010000,
00000000,
00000000,
000000FF,
000000FF,
00000000,
00000000,
00FF0000,
00000000,
00000000,
0000FF00,
00FF0000,
00000000,
000000FF,
0000FF00,
00000000,
00000000,
00000000,
00000000,
00000000,
0000FF00,
00000000,
00000000,
00FF0000,
00FFFF00,
00000000,
00000000,
00FE0000,
00FF0000,
00000000,
00000000,
00FF0000,
00FF0000,
00000000,
000000FF,
00FF0000,
00FF0000,
00000000,
0000FF00,
00FF0000,
00FF0000,
00000000,
00000000,
00FF00FF,
00FF00FF,
000000FF,
00FF0000,
00000000,
00FF0000,
00000000,
00000000,
00FF0000,
0000FF00,
00000000,
00000000,
00FE0000,
00000000,
00FF0000,
00FF0000,
00FF0000,
000000FF,
00000000,
00000100,
00FF0000,
00FF0000,
000000FF,
00000000,
0000FF00,
00000000,
00FF0000,
00000000,
00FFFF00,
00000000,
00000000,
00000000,
00000000,
00FF0000,
00000000,
00000000,
00000000,
00000000,
000000FF,
00000000,
00000000,
00000000,
00000000,
00000000,
0000FF00,
00000000,
00000000,
00FF0000,
00000000,
0000FF00,
000000FF,
00000000,
00FF0000,
00FF0000,
00000000,
00FF0000,
00FF0000,
00000000,
00FF0000,
00000000,
00000000,
00000000,
00FF00FF,
00000000,
00000000,
00000000,
00000000,
00000000,
00000000,
000000FF,
00000000,
00000000,
00FE0000,
00000000,
00000000,
00000000,
000000FF,
00000000,
00000000,
00000000,
00FF0000,
00000000,
000000FF,
00FF0000,
0000FFFF,
000000FF,
000000FF,
00000000,
00FF0000,
00000000,
00000000,
00000000,
00000000,
00000000,
00000000,
00000000,
00FEFF00,
00000000,
00FF0000,
00000000,
00FFFF00,
00000000,
00FF0000,
00000000,
00FF0000,
00FF0000,
00000000,
00FF0000,
00010000,
0000FFFF,
00000000,
00000000,
00000000,
00FF0000,
00000000,
0000FFFF,
00000000,
00FF0000,
00000000,
00000000,
00000000,
00FF00FF,
00000000,
00000000,
00000000,
00FFFF00,
00000000,
00000000,
00000000,
00FE0000,
000000FF,
00000000,
00FF0000,
00FF0000,
000000FF,
000000FF,
00000000,
000100FF,
000000FF,
00000000,
00000000,
00000000,
00000000,
00000000,
00FF0000,
00000000,
00000000,
00000000,
00FFFF00,
00000000,
00000000,
00000000,
00FF0000,
000000FF,
00000000,
00FF0000,
00FF00FF,
00000000,
000000FF,
00000000,
00FE00FF,
00000000,
00000000,
00FF0000,
00000000,
00000000,
000000FF,
00000000,
00000000,
00000000,
00000000,
00FF0000,
00000000,
000000FF,
000000FF,
00000000,
00FF0000,
00000000,
00000000,
00000000,
00000000,
00000000,
00000000,
00000000,
00FFFFFF,
00000000,
000000FF,
00FF0000,
0000FF00,
00000000,
00000000,
00000000,
00000000,
00000000,
00000000,
00000000,
00FF0000,
0001FF00,
00000000,
00000000,
00000000,
0000FF00,
00000000,
00000000,
00FFFF00,
00010000,
00000000,
00000000,
00FF0000,
00000000,
00000000,
00FF0000,
00000000,
00FF0000,
00000000,
00000000,
00FF0000,
0001FF00,
00000000,
00000000,
00FFFF00,
0000FF00,
000000FF,
00000000,
0000FFFF,
00000000,
00000000,
00000000,
00FF0000,
00000000,
00000000,
0000FF00,
00000000,
00000000,
00FF0000,
00000000,
00000000,
00010000,
00000000,
00FF0000,
00000000,
00FF0000,
00000000,
00000000,
00FFFFFF,
00000000,
00000000,
00000000,
0000FF00,
00000000,
000000FF,
00000000,
00FFFF00,
00000000,
00000000,
00000000,
00FFFF00,
00000000,
00FF0000,
00000000,
00FF0000,
00000000,
00000000,
00000000,
00FF0000,
00000000,
00000000,
000000FF,
00FFFF00,
00000000,
00000000,
0000FF00,
00000000,
000000FF,
00000000,
00FF0000,
00FF0000,
0000FF00,
00000000,
00000000,
0000FF00,
00010000,
00000000,
00FF0000,
00FF0000,
0000FF00,
00000000,
00000000,
00FF0000,
00000000,
000000FF,
00FF0000,
00FE0000,
00FF00FF,
00000000,
00FF0000,
00FF0000,
000000FF,
000000FF,
00000000,
00FF0000,
00000000,
00FF0000,
00000000,
00000000,
00FFFF00,
00FF0000,
00000000,
00FF0000,
00FF0000,
00000000,
00000000,
00FF00FF,
00000000,
00000000,
00FF0000,
00000000,
000000FF,
00000000,
00010000,
0000FF00,
00000000,
00000000,
00000000,
00FF00FF,
00000000,
00FF0000,
00000000,
00FF0000,
00000000,
00000000,
00FF0000,
00FF0000,
00000000,
00000000,
00FF0000,
00FF0000,
00000000,
00000000,
00000000,
0000FF00,
00000000,
00FF0000,
00000000,
00000000,
00000000,
00000000,
0001FF00,
0000FF00,
00000000,
00000000,
00000000,
00010000,
00000000,
00000000,
0000FF00,
0000FF00,
00000000,
00000000,
0000FF00,
00FF0000,
00000000,
00FF0000,
00010000,
00000000,
00000000,
00000000,
00000000,
00FF00FF,
00000000,
00000000,
000000FF,
0001FFFF,
00000000,
00000000,
00FFFFFF,
00FF0000,
00000000,
00000000,
000000FF,
00000000,
00FF0000,
00000000,
000000FF,
00FFFF00,
00000000,
000000FF,
00000000,
00000000,
00000000,
00000000,
00000000,
00FF0000,
00000000,
00000000,
00000000,
00000000,
000000FF,
00000000,
00000000,
00FF0000,
00000000,
000000FF,
000000FF,
00000000,
0000FF00,
00FF0000,
00000000,
00FE0000,
0000FF00,
00000000,
00000000,
0000FF00,
00000000,
00000000,
00FF0000,
00FF00FF,
0000FF00,
000000FF,
00FFFF00,
00000000,
00000000,
00FF0000,
00000000,
00FF00FF,
000000FF,
00000000,
000000FF,
00000000,
00FF0000,
00000000,
00FF00FF,
00FF0000,
000000FF,
000000FF,
0001FF00,
00000000,
00000000,
00000000,
00000000,
00FF00FF,
00000000,
00000000,
0000FF00,
00000000,
00000000,
00000000,
00000000,
00000000,
00000000,
00000000,
00010000,
00FF0000,
00000000,
00000000,
00FF0000,
00000000,
00000000,
00000000,
00000000,
00FF0000,
00FF00FF,
00000000,
00000000,
0000FF00,
00000000,
00000000,
00000000,
00FF0000,
00000000,
00000000,
00000000,
00000000,
000000FF,
00000000,
00010000,
00FF00FF,
00000000,
00000000,
00010000,
0000FF00,
00000000,
00FF0000,
000000FF,
00FFFF00,
00000000,
00000000,
00FFFF00,
00000000,
00000000,
00000000,
00000000,
00FF0000,
00000000,
00000000,
00000000,
00FFFF00,
00000000,
00000000,
00000000,
00FEFF00,
00FF0000,
00000000,
00000000,
00010000,
0000FF00,
000000FF,
00000000,
00FFFF00,
00000000,
00000000,
00000000,
00000000,
00000000,
00FF0000,
00000000,
00FF00FF,
00FF00FF,
00000000,
0000FFFF,
00000000,
00000000,
00000000,
00000000,
00FF0000,
00000000,
00000000,
00000000,
00000000,
00000000,
00000000,
00000000,
00FF0000,
00000000,
000000FF,
00000000,
00000000,
000000FF,
000000FF,
000000FF,
00FFFF00,
00FF0000,
00000000,
00000000,
00000000,
0000FF00,
00000000,
00000000,
00FF0000,
00FF0000,
00000000,
000000FF,
00000000,
00000000,
000000FF,
00000000,
00FF0000,
000000FF,
000000FF,
000000FF,
00000000,
00FF0000,
00000000,
00010000,
00000000,
00000000,
000000FF,
00000000,
00FFFF00,
00000000,
00000000,
00FFFF00,
00000000,
00000000,
00000000,
00000000,
00000000,
00000000,
000000FF,
0000FF00,
00FF0000,
000000FF,
00000000,
00000000,
00FEFF00,
00FF00FF,
000000FF,
0000FF00,
00000000,
00FF0000,
000000FF,
00000000,
00FFFF00,
00000000,
00FF0000,
00000000,
00000000,
00000000,
00000000,
00000000,
00FFFF00,
00000000,
000000FF,
00000000,
0000FF00,
000000FF,
000000FF,
00000000,
00FFFF00,
00000000,
00000000,
0000FF00,
00000000,
00000000,
00000000,
0000FF00,
00FFFF00,
00FF0000,
000000FF,
00010000,
00000000,
00000000,
00000000,
00000000,
00FFFF00,
000000FF,
00000000,
0000FF00,
000000FF,
00000000,
00000000,
00000000,
000000FF,
00FF0000,
0000FF00,
00000000,
00000000,
00000000,
00000000,
000000FF,
00FF0000,
00000000,
00000000,
00000000,
00000000,
00000000,
00000000,
0000FF00,
00FF0000,
00000000,
00FF0000,
00000000,
00000000,
00000000,
00000000,
00000000,
00FE0000,
00000000,
00000000,
00FF0000,
00000000,
00FF0000,
00000000,
00000000,
00FF0000,
00000000,
000000FF,
00000000,
000000FF,
00000000,
00000000,
00000000,
00FE0000,
00000000,
000000FF,
00000000,
00000000,
00000000,
00000000,
000000FF,
00000000,
00000000,
00000000,
00000000,
0000FF00,
00000000,
00000000,
000000FF,
000000FF,
00000000,
00FF00FF,
00000000,
00000000,
00000000,
000000FF,
00000000,
00FF0000,
00000000,
0000FF00,
0000FF00,
0000FF00,
00000000,
00010000,
0000FF00,
00000000,
00000000,
00000000,
0001FF00,
00FFFF00,
00FF00FF,
00000000,
00000000,
00FF0000,
00FF0000,
00000000,
0000FF00,
00FEFF00,
00000000,
00000000,
00000000,
00000000,
000000FF,
00000000,
00000000,
00FFFF00,
00FF00FF,
00000000,
00000000,
00000000,
00000000,
00FF0000,
00000000,
00000000,
00FF0000,
00000000,
0000FFFF,
0000FF00,
0000FF00,
00000000,
00000000,
00000000,
00000000,
00FF00FF,
00000000,
00000000,
00FF0000,
00000000,
00000000,
000000FF,
00000000,
00000000,
00000000,
00000000,
00000000,
00000000,
0000FF00,
00000000,
00000000,
00000000,
000000FF,
00000000,
00FF0000,
00000000,
00FF0000,
00FF0000,
00000000,
00FF0000,
00000000,
00FF0000,
00000000,
000000FF,
00000000,
00FF0000,
00FF0000,
00000000,
0000FF00,
00000000,
00000000,
00000000,
00000000,
00FE0000,
00FF00FF,
00000000,
000000FF,
00000000,
00FF0000,
00000000,
00010000,
00FF0000,
0000FF00,
00000000,
00000000,
00000000,
00000000,
00000000,
00000000,
00FF0000,
00000000,
000000FF,
00000000,
00000000,
00000000,
00FF0000,
00000000,
00000000,
00FF0000,
00000000,
00000000,
00FF0000,
00FF0000,
00000000,
00FF0000,
00000000,
00FF0000,
00000000,
000000FF,
00000000,
0000FF00,
00000000,
00000000,
00000000,
00FF00FF,
00000000,
00010000,
00FFFF00,
00000000,
00000000,
0000FF00,
00000000,
00000000,
00010000,
00000000,
00000000,
000000FF,
00FF0000,
00000000,
00FF0000,
00FF0000,
000000FF,
00000000,
00000000,
00000000,
00000000,
00000000,
00000000,
00000000,
00000000,
00000000,
00000000,
00000000,
00FF0000,
00000000,
000000FF,
00000000,
00000000,
00000000,
00000000,
00000000,
00000000,
00FF00FF,
000000FF,
00FF0000,
00000000,
00000000,
00000000,
000000FF,
00000000,
0000FF00,
00000000,
00000000,
00000000,
00010000,
00000000,
000000FF,
00000000,
000000FF,
000000FF,
00000000,
00000000,
0000FFFF,
0000FF00,
000000FF,
00000000,
00000000,
00000000,
00000000,
00000000,
000000FF,
00010000,
00000000,
00000000,
00000000,
00000000,
00000000,
00FF0000,
000000FF,
00000000,
00000000,
00FF0000,
00000000,
000000FF,
00000000,
00FF0000,
0000FF00,
00000000,
00000000,
00FF0000,
00000000,
000000FF,
00000000,
00000000,
00FF0000,
00000000,
00FF0000,
00000000,
00000000,
00000000,
00FF0000,
00000000,
00010000,
00000000,
00FF0000,
0000FF00,
0001FF00,
00000000,
00000000,
0000FFFF,
00000000,
00FF00FF,
00000000,
00000000,
000000FF,
00000000,
00000000,
00000000,
000000FF,
00FF0000,
00000000,
000000FF,
00000000,
00000000,
00000000,
00FF00FF,
000000FF,
0001FF00,
00000000,
000000FF,
0000FF00,
00000000,
00000000,
00FF0000,
00010000,
00FE0000,
00000000,
00FE0000,
0000FF00,
00FFFF00,
000000FF,
00000000,
00000000,
00FF0000,
00000000,
00000000,
00FF0000,
00FF0000,
00000000,
00FF0000,
00FFFF00,
00FFFF00,
000000FF,
00000000,
00FEFF00,
00FE00FF,
00000000,
000000FF,
00FEFF00,
00FEFF00,
00FF0000,
00FF0000,
00FF0000,
00FF0000,
00FF0000,
000000FF,
00FF0000,
00FFFFFF,
00000000,
00000000,
00000000,
00FE00FF,
00FF0000,
00000000,
00000000,
00FFFF00,
00000000,
00000000,
0000FF00,
00FEFFFF,
000000FF,
00000000,
0000FFFF,
00FE0000,
00FF0000,
00000000,
00FFFF00,
00FF0000,
00FF0000,
00000000,
00FFFF00,
00FF00FF,
00000000,
00000000,
0000FFFF,
00FF00FF,
000000FF,
00000000,
00FFFF00,
00FFFF00,
00000000,
00000000,
00000000,
00FF00FF,
00000000,
000000FF,
00FF0000,
00FFFFFF,
00000000,
00FF0000,
000000FF,
00FF0000,
00000000,
00FF0000,
00FEFF00,
00FF0000,
00000000,
00FF0000,
00FF0000,
00FEFF00,
00000000,
00000000,
00FF0000,
00FF0000,
00000000,
00000000,
00000000,
00FEFF00,
0000FFFF,
00FF0000,
00FF0000,
00FE0000,
00000000,
00000000,
00000000,
00FF0000,
00000000,
00000000,
00FFFF00,
00FE0000,
00000000,
00000000,
0000FF00,
00FF0000,
00000000,
00000000,
00FFFF00,
00FE0000,
00000000,
000000FF,
00000000,
00FFFF00,
00000000,
000000FF,
00FF0000,
00FF0000,
00000000,
000000FF,
0000FF00,
00FE0000,
00000000,
00000000,
00000000,
00FE00FF,
00000000,
0000FF00,
0000FDFF,
00000100,
00000500,
0001FEFD,
00FFFC01,
00000201,
00010201,
0000FDFE,
0000FE01,
000000FF,
00000300,
00000203,
00FFFE00,
000001FF,
00000100,
00FF02FF,
00000501,
00000100,
0000FFFE,
000008FE,
00FF0400,
00000000,
0000FC02,
00000204,
0000FCFE,
0000FF00,
000000FD,
000001FC,
000000FE,
000000FD,
000000FC,
00000005,
0000FF01,
00FFFF01,
0001FBFD,
0000FEFD,
00000101,
00FF0200,
000001FB,
00000201,
000003FC,
00FF02FF,
00010506,
0000FF02,
00FFFC05,
000002FF,
00000306,
00000603,
00FF01FB,
00000000,
0000FFFD,
000000FF,
00FF02FF,
00000002,
00000004,
0000FEFE,
00000302,
00000101,
0000FFFC,
00000200,
0000FC00,
00000101,
000000FB,
00000101,
000004FF,
0000FF02,
0000FC02,
000000FF,
00000200,
0000FF00,
0000FB02,
000001FE,
00000001,
0000FE03,
0000FF04,
0000FF02,
0000FE02,
00000100,
0000FFFF,
000007F9,
0000FDFF,
0000FF00,
0000FDFB,
00000004,
00000601,
00FF00FC,
0000FEFC,
0000F6FE,
00000803,
00FF0101,
00000004,
0000FDFF,
00000100,
00000200,
0000FE02,
0000FAFF,
0000FE01,
00000201,
00000101,
00000200,
0000F803,
00000301,
00000302,
00000001,
00FFFAFF,
000001FF,
0000FEFE,
00000202,
00FFFDFD,
00000102,
00FF0304,
00FF0701,
0000FF02,
000000FF,
0000FD01,
0000F900,
0000FD03,
000002FF,
0000FF00,
00FFFCFC,
00FFFFFF,
00010001,
0000FFF8,
0000FB01,
00FFFB00,
000002FE,
0000FBFF,
00FFFF00,
0000FF03,
0000FFFF,
000001FD,
0000FEFE,
0000FAFD,
00000101,
000005FE,
00000601,
0000FB02,
00FF0100,
00000102,
000007FE,
00000309,
000000FF,
0001FFFC,
000004FF,
000004F8,
00000002,
0000FE00,
000003FC,
00FF0600,
00FFFFFE,
00000000,
00FF03FD,
000008FC,
000000FF,
000102FE,
00000001,
00000009,
0000FEFF,
00000100,
0000FCFB,
0001FA01,
000000FE,
00000200,
00000009,
0000F603,
00000000,
0000FF00,
0000F4F8,
0000FF04,
000000FE,
00010103,
00000406,
0000FEF9,
000000FF,
00000003,
000005FC,
0000FFFF,
00FF0100,
0001FE01,
00FFF701,
00000702,
0000FF01,
0000FDFE,
000006FF,
00000302,
0000FE00,
00000201,
0000FE03,
00000501,
0000FFFE,
0000FE04,
00000301,
00FF0300,
0000FFFE,
0000FEFD,
00000101,
00000007,
00FFFEFF,
000000FD,
00FF03FD,
000004FB,
0000FD02,
00000001,
00000A05,
00000102,
00000103,
000003FE,
00000200,
000001FB,
00FF0000,
00000400,
0000FF01,
000006FF,
00000100,
00000503,
00000607,
00000003,
00000301,
000001FD,
0000FF02,
00FFFCFC,
000005FE,
00000403,
00000403,
0000FD01,
00000203,
00000000,
0000FC00,
00FF00FF,
000001FF,
00000001,
000007FE,
00000102,
000001FE,
0000FFFF,
0000FC03,
0000F7FD,
0000FF00,
0000FF01,
0000FC02,
000003FC,
00000101,
00000000,
000007FD,
00FF0004,
00000401,
0000FF00,
000000F9,
00FFFC00,
0000FE00,
00010000,
00000502,
00000100,
00000101,
000001FE,
00000DFB,
0000FCFF,
0000FF01,
000000FC,
000001FF,
00000208,
00000100,
00000001,
0000FFFC,
00010105,
00000001,
0000FD00,
00000202,
0000FC00,
00FFFF01,
0000FF00,
00FFFCFD,
00FF02FE,
00FFFDFE,
00000001,
00FF0401,
00000302,
000001FE,
00000104,
0000FEFF,
00000301,
00000002,
0001FF04,
000004FC,
0000F503,
00FFFF02,
00000000,
0000FD05,
000003FD,
00FFFF00,
00000003,
0000FCFE,
00000305,
00000001,
00000201,
0000FFFF,
00000000,
000001FF,
000001FE,
00FFFCFF,
00000102,
00000304,
000001FF,
00FF01FF,
0000FB02,
00000100,
00FFFF01,
00FF0000,
0000FE01,
00FF0101,
00000101,
00FFFE00,
0000FC03,
00000200,
0000FE00,
000001FE,
0000FBFF,
00000002,
000000FD,
0000FE03,
0000FBFE,
00000000,
000002FC,
0000FE03,
00000505,
00FF03FF,
00000104,
0000FE00,
00000000,
00FF02FC,
0000FE04,
00000200,
0000FD00,
00000401,
00FFFE01,
000002FE,
00000000,
00FF0400,
00000001,
000010FF,
00000502,
000003FF,
00FF02FE,
0000FE02,
0000FE00,
000003FF,
000003FE,
0000FDFF,
0000FCFE,
000002FE,
00000202,
0000FE00,
00FF0500,
00000101,
00000501,
00000303,
0000FA02,
00000101,
00000303,
000004FD,
00FF0305,
00FFFE00,
000002FE,
000002FB,
00FFF6FF,
00FFFE01,
00000401,
00FFFB07,
0000F0FE,
00FF0001,
00000400,
000004FD,
00000100,
00000200,
00000301,
0000FB00,
00000A03,
0000FEFE,
00000300,
0000010B,
00000401,
00FF0302,
00FFFFFF,
00000200,
00FF0300,
0000FEFF,
0001FD04,
00000205,
00000401,
000000FE,
000100FB,
00000301,
000000F7,
0000FFFF,
0001FF00,
000000FF,
00FFFD00,
00FFFFFF,
0000FFFE,
00FF0202,
0000FF05,
0000FF00,
0000FF03,
0000FC01,
0000FD02,
00000002,
0000FFFE,
0000FD01,
0000FCFE,
00000001,
0000FDFF,
00000002,
0000FE08,
000001FF,
0000FDFD,
0000FFFF,
00000303,
000002FC,
0000FF00,
000000FE,
00FF0604,
00000100,
000100FE,
0000FCFE,
000005FE,
00000100,
0000FFFF,
000001FF,
000002FD,
00FF00FF,
0000FF02,
0000FCFF,
00000402,
00000501,
0000FE03,
0000FC00,
00000003,
000103FE,
0000FE02,
0000FE02,
0000FCFE,
00000200,
0000FEFD,
0000FAFD,
0000FCFF,
00000201,
00000201,
000002FF,
0000F601,
000002FC,
000005FF,
000004FF,
00FF0401,
000002FF,
00000200,
0000FE01,
000008FC,
00000603,
00FFF900,
000001FE,
00000700,
000006FE,
0000FBFD,
00000303,
00000003,
00000400,
00FF03FF,
00FF04FD,
00000200,
00000401,
000001FF,
000001F9,
0000FF03,
000003FF,
00FF03FE,
0000FF04,
000001FC,
00FF0203,
00000300,
0000F7F8,
00000307,
000001FF,
00FF03FF,
0000F903,
0000FEFF,
0000FC01,
00000301,
0000FFFE,
0000F500,
00FFFE01,
00000003,
000000FD,
00FFF7FD,
0000FF01,
000001FF,
0000FB07,
0000F404,
00FF00FF,
000002FF,
00000400,
00000103,
000000FF,
0000FFFD,
000000FE,
00FF0900,
0000FE01,
0000FEFF,
0000FBF9,
000003FD,
00FF0303,
00000001,
000002FF,
0000FEFF,
000000FF,
0000FE00,
0000FDFA,
00000212,
0000FF02,
0000FDFF,
00000600,
00FFFE01,
00FFFE00,
0000FE00,
000004FA,
00FFFCFD,
0000FEFE,
00FFFE02,
00000305,
0000FB01,
0000FFFD,
0000FF00,
00000300,
0000FCF2,
00FF0101,
000001FF,
0000FCFF,
0000FA00,
00000102,
0000FFFE,
00000102,
00000205,
000003FD,
0000FF00,
0000FD03,
000004FB,
000003FD,
0000FD03,
0000FFFC,
000001FC,
0000FFFF,
000006FE,
000004FF,
000000F9,
00000200,
00FFFFFB,
00000101,
00000202,
00000100,
00000203,
00FF0100,
00FF0403,
00000301,
000001FE,
00000000,
0000F905,
000004FB,
00FF0901,
00000100,
00FFF802,
000001FE,
00000309,
0000FF00,
0000FDFF,
00FFFE01,
00FF0201,
00000300,
0000FCFA,
00FFFB02,
000003FF,
0000FFFC,
00000302,
00000303,
00FFFE09,
00000003,
00FF0503,
00000803,
00FFFFFC,
00FFFDFF,
000003FD,
00FF0202,
0000FE00,
00000602,
000000FF,
00000200,
000002FE,
0000FE01,
0000FE03,
00000500,
00000400,
00FFFE00,
00000200,
00000501,
000006FF,
00FF0300,
00000202,
00000401,
00000504,
0000FE00,
00000600,
0000FE01,
00000100,
0000F4FF,
00000104,
0000FD02,
000000FD,
0000FB00,
00FF0301,
00FFFDFE,
0000FFFD,
000005FB,
0000FD06,
00FF0002,
0000FFFE,
000004F9,
00000204,
00000001,
0000FDFF,
00FFFFFD,
0000FD05,
000000FD,
0000FF01,
00000601,
00000900,
0000FF01,
00000000,
0000FD01,
00FF0702,
00000403,
000003FE,
00FFFD04,
000000FD,
00FF0203,
00000108,
0000FF02,
0000F401,
0000FF02,
0000FD03,
0000FFFF,
00FFFFFA,
00FFFF01,
0000FFFF,
00000802,
0000F701,
00FFFF00,
0001FEFC,
000004FF,
000000FE,
00000102,
0001FF00,
0000FF00,
000001F6,
00000101,
0000FFFD,
0000FDFF,
0000F604,
0000FFFC,
00000002,
00000401,
0000FC06,
00000002,
0000FD00,
00000102,
000005FA,
00000200,
00FF05FD,
0000FFFD,
0000FDFA,
000001FE,
00000204,
000001FD,
0000FCFD,
0000FF03,
0000FDFB,
00000100,
00000100,
00000202,
0000FB0D,
000005FE,
00000101,
00000400,
0000F602,
000002FE,
0000FC00,
00000605,
00FFFFFA,
0000FB01,
0000F700,
00FF0304,
0000FEF9,
00FF01FF,
0000FA01,
00FFFE01,
000009F7,
0000FE06,
000000FF,
0000FC00,
0000FEEC,
0000FFFE,
000005F9,
0000FB00,
0000FAFE,
00FFFE03,
00000402,
0000FEFF,
00000103,
0000F902,
00000600,
00FFF803,
0000FC01,
00FF0603,
00000303,
000007FD,
0000FF02,
0000FFFF,
00000200,
000007FE,
0000FCFA,
0000FD03,
000006FF,
000003FF,
00FF05FA,
0000FE03,
00000601,
00FFFD00,
000001FF,
00000001,
00FFFE01,
00FFFE00,
00000000,
00000103,
00FF00FF,
0000F802,
0000FE00,
00000005,
00000200,
0000FC01,
0000FD01,
00FF00FC,
00FF03FA,
0000FEFF,
00FFFCFF,
000001F9,
00FF0300,
00FFFFFF,
0000FB03,
00000402,
00000504,
00FF0201,
0000FD03,
00000701,
000006FE,
00000201,
00000102,
00FFFF04,
000004FD,
00000403,
00000301,
000003FF,
00FF0201,
00FF0101,
00000000,
0000FC06,
00FFF9F2,
00FFFE01,
0000FFFF,
0000FC01,
0000FD00,
0000FF01,
0000FF02,
00000204,
00FF07F7,
000002FF,
0000FFFE,
000002FD,
000006F6,
000003FE,
0000FFFF,
00FF05FF,
00FFFD01,
00000000,
0000FFFE,
000002FE,
00FFF504,
00000302,
00000108,
00000000,
00FF0205,
00000300,
0000FE01,
00000201,
0000F8F8,
00000001,
000009FD,
000005FE,
000002FE,
00000305,
0000FC13,
000000FF,
000003F7,
0000FA05,
0000E119,
000002FF,
0001FE01,
0000FE00,
00FFE007,
00000303,
000003FF,
00000102,
0000EFFC,
00FF02FC,
00000101,
00FF0100,
0000F0F9,
00000002,
00010100,
000000FE,
0000FBFE,
0000F9F8,
00000106,
00000104,
00FFFFDC,
0000F801,
0000FAFB,
0000FA03,
0000F9B5,
00000606,
000001FE,
0000F303,
0000FAB5,
00000806,
00FF07FE,
0000F504,
0000F5CC,
000002FF,
00000703,
0000F802,
0000ECEC,
0000FF02,
00000501,
000007FD,
0000F317,
000106FF,
0000FC02,
00000200,
0001F609,
00000803,
00000202,
00000000,
00000205,
00FF0F06,
00FF0301,
0000FCFC,
00000709,
00000806,
000004FF,
0000FC00,
0000FC06,
0000020E,
00FF01FE,
00FFFC02,
0000FE01,
0000FE07,
00FF07FC,
0000FFFF,
0000FE02,
000003FF,
000002FC,
00FFFFFD,
0000FE01,
000002FD,
00000601,
0000FFFD,
0000FEFF,
00000203,
000005FE,
00000201,
00FFFD03,
0000FC00,
000005F5,
00000102,
0000FCFF,
0000FFFE,
00000301,
00000302,
00000300,
0000FBFC,
000000FA,
00000100,
00010005,
0000FEFE,
000007F1,
0000FF02,
0000FF03,
00000306,
0000ECFB,
00FFFF00,
0000FF03,
0000FDFE,
000005FC,
000001FD,
000001FE,
00000206,
0000FC02,
0000FDFE,
0000FE00,
00000100,
00FFFFFF,
000001FD,
0000FF02,
0000FF02,
0000FE06,
0000FE04,
0000010A,
00FFFDFF,
00000002,
00000504,
00000C00,
0000FF01,
0000FEFE,
00000101,
000010E8,
000000FD,
00000100,
0000FD02,
00FFF6FA,
000003FB,
00010102,
0000FF02,
0000ED08,
000001FC,
0000FF00,
0001FB03,
0000E90A,
0000FDFC,
0000FF01,
00000102,
00FFEFFC,
0000FE00,
000000FE,
00FF0502,
0000F0FB,
00000001,
000003FD,
0000FF08,
0000FFFC,
0000FA02,
00000405,
0000FF00,
00FFFAF6,
000002E0,
00000604,
00FFF8FB,
0000F6F5,
0000F6F9,
0000FD02,
0000F703,
0000FDF5,
000003F6,
0000F702,
00FFF7FE,
0000F7FA,
0000FC09,
00000001,
0000FF03,
0000F608,
000006F8,
00000A06,
0000FF01,
0000F80C,
00000AFF,
00000303,
0000F8FB,
0000FF0E,
00000A02,
00000200,
000000FC,
0000070C,
00000C09,
00000103,
00FF0204,
00000C07,
0000041A,
0000FF01,
00FFFF05,
00000604,
0000FE08,
000002FE,
00FFFF02,
00000601,
00000102,
00000200,
00FFFEFC,
0000FEFD,
000002FB,
0000FF00,
0000FBFF,
0000FF01,
0000FCF8,
00FF03FA,
00FFFCFF,
0000FCFE,
00FFFD01,
00000202,
00FF0003,
0000FA00,
000003FE,
00000203,
00FF01FF,
0000FDFC,
00FFFE02,
00000100,
00000302,
0000FFFF,
0000FD00,
0000FF01,
00000203,
0000010B,
0000FE01,
0000FFFA,
00000202,
00000205,
00000501,
000007FE,
00FF0200,
0000FE06,
0000FC06,
0000FDFB,
000000FF,
0000FC03,
00000007,
000004FF,
00FFF7FD,
00000103,
00000002,
0000F7F7,
0000FFF4,
000002F5,
000002FE,
0000F505,
0000FEFD,
000009FB,
00FFFEFF,
00FFFD07,
0000FF02,
000005F2,
00000100,
0000FD02,
0000FF07,
000005E0,
000004FF,
0000FEFC,
00010002,
000005E6,
0000FFFE,
00000108,
0000FD00,
0000F6FF,
00010101,
0000FAF2,
00000304,
00FFEC09,
000003F1,
000005FD,
00FF0701,
0000F605,
000001F6,
00000206,
0000060F,
0000F5FE,
0000EBFE,
0000FE12,
0000FE06,
00FFFCFA,
0000FBEF,
00000300,
0000FC05,
00FFF902,
000001CA,
0000FCFC,
00FFFA06,
0000FB0C,
0000FFE1,
0000F703,
0000F707,
0000FE05,
0000FAEF,
00FFFEFE,
0000F8FF,
0000FCFB,
0000F908,
0000FA03,
0000FFFF,
0000FFF6,
00FFF909,
0000F4FF,
0000FEFE,
0000FF14,
0000F808,
0000FC03,
0000FEFE,
0000040B,
000006F7,
00000706,
00000301,
00000712,
00000517,
00000008,
000004FF,
00000A07,
0000FD0D,
000000FF,
000000FE,
00000CF1,
0000FB05,
000001FE,
0000FBFF,
000002F3,
00FFF7FB,
0000FE00,
00FFFC04,
00000004,
0000F3FC,
00000305,
00FFF9FF,
0000FF04,
00FFFFFD,
00000303,
0000FAFE,
00FF00FD,
00FF04F8,
00FFFD03,
00FFFF01,
0000FB00,
00FF0000,
0000FB04,
0000FFFF,
00FFFFFE,
00FF00FF,
0000FF02,
00FF0303,
00000002,
000001FE,
00000603,
000002FF,
00000202,
0001FB00,
0000F8FE,
00000200,
00010601,
000007FF,
00FFFBFD,
00FFFF01,
0000FE04,
00000100,
000001FD,
0000FB00,
00000004,
00000104,
00FFFEFF,
00FFF801,
0000FFFC,
00FF0102,
0000F4F1,
000000F3,
0001010A,
00000003,
0000F608,
000005E8,
00FFFF17,
00000002,
0001FB0A,
000004FB,
00000C08,
00000300,
0000FE06,
0001FB02,
00000DEA,
0000FE02,
000000F9,
0000FFFD,
000003EF,
00000503,
000003F8,
000000FC,
00FFF803,
0000020B,
0000FDF6,
000005FC,
0000F209,
0000FA06,
00FF04FD,
00000B00,
00000008,
0000EE01,
0001080D,
000002FD,
0000F702,
00FFE9F9,
00000804,
00FFFE01,
0000F803,
0000F5ED,
0001FBF2,
0000FD03,
0000F700,
00FF02B6,
00000402,
0000FE04,
0000FC00,
000000C5,
0000FF02,
0000FFFF,
0000FEFD,
0000F1FD,
00000100,
00FFFDFF,
000002FA,
0000FC0F,
0000FD02,
00FFFCFF,
000003F6,
0000FC0E,
0000EF0F,
0000FFFD,
00000400,
0000F901,
000000FC,
00FF01FE,
00000509,
0000F80B,
000007FE,
000005FD,
0000050D,
0000FC12,
0000FE02,
00FFFFFA,
00000AFB,
0000F405,
0000FFFC,
000003FA,
000007D2,
0000FC01,
00000100,
0000FE02,
0000FFAC,
0000F9F9,
0000FF02,
00FFFC00,
000003ED,
0000F6FF,
00000003,
00FFF900,
00000101,
0000FB01,
0000FCFF,
0000FC01,
00000102,
00FF01FE,
0000FA01,
00FFFE01,
00FFFC01,
000002FF,
00FFF800,
00FF0100,
000005FF,
0000FCFF,
00FF00FE,
00000501,
00FF03FF,
000001FF,
0000FFFC,
00000000,
000000FC,
0000FB04,
000001F6,
00000103,
00000411,
00000401,
0000FDFE,
00000303,
00000206,
0000FE03,
0000FFFC,
0000FC05,
00000307,
0000FF05,
0000FD07,
00FF03FD,
00000404,
00000304,
0000FCFE,
00FFFEFC,
0000FD06,
0000FF05,
0000F70C,
000008F0,
00000000,
0000FE04,
0000FB19,
000004F7,
00000901,
0000010A,
0000FA0E,
00000302,
00000CF2,
000001E7,
0000FFFB,
000103FD,
000003F4,
000000E5,
0000FDFC,
000004FA,
0000FB00,
0000FC07,
0000FE10,
000006F3,
00FFFD05,
00FFF10D,
0000FEFD,
000007F9,
0000FF02,
0000DDFD,
000103ED,
000001FA,
00FFFBFB,
0000F1FA,
0001FCDB,
0000FEFB,
0000F6FE,
0000F5FC,
000008EA,
000001FC,
0000F902,
000004D3,
000006E7,
00000001,
0000FB00,
00FF01EB,
000003DF,
0000FF08,
0000FEFD,
0000F809,
0000FDDE,
0000FD02,
00000201,
00000409,
0000FDEA,
0000FB06,
000006FE,
00010301,
0000FF04,
00FFFFFC,
000007FC,
000002FC,
0000FC04,
000005FB,
00000503,
0001F306,
0000F5FE,
00FF05F8,
00000607,
0000F406,
0000F901,
000006F2,
000007F7,
0000EF05,
00FFFEFE,
000006FE,
000006AB,
0000F0FD,
00FF0803,
0000FD07,
00000591,
0000FAFB,
0000FB03,
0000FE06,
000004FF,
0000F4FD,
0000FD00,
0000FB00,
00000105,
0000FAFB,
0000FB00,
0000FD02,
0000F8FE,
000004FC,
0000F9FE,
00FFFFFF,
00FFF7FB,
00FF0002,
00000002,
000000FF,
00000102,
00000502,
00FF0001,
000005FF,
0000FD01,
000002FF,
00FFFFFE,
00FF0306,
0000FEF1,
0001FCFE,
000004FF,
00000103,
000006F3,
00000100,
0000FD00,
00FFFE09,
00010301,
00000700,
000001FD,
0000FC03,
00000104,
00000002,
0001F0FC,
0000FF02,
00000005,
00000103,
0000FCF2,
000007F6,
00FF0215,
00FFFF0D,
0001FEF5,
000004EA,
00000305,
0000050D,
0000FF21,
000004F7,
00000BFE,
000002F8,
00000015,
00000303,
000002F9,
0000FCDE,
0000FB0B,
00000502,
0000FEFD,
00000303,
00000206,
000006F9,
00FFFEFF,
0000F605,
0000FC17,
000005FC,
0000FF06,
0000E60C,
000004EE,
000104FB,
000004FC,
0000E1FF,
000003F3,
00000304,
00000103,
00FFE8F7,
000007DA,
00000302,
0000FF07,
0000F9F6,
000008DD,
00000201,
0000FE05,
00FFFEEB,
000009A6,
000000FB,
0000FBFF,
00FFFFDE,
000003B8,
0000FF04,
0000FD00,
00FFFB01,
000001E9,
00000207,
000003FF,
0000020B,
000001EE,
0000FC03,
000004FD,
000005F7,
00000005,
0000FC01,
000005FC,
000015F2,
0000FC0E,
00FF01FC,
00000702,
00000206,
0000FDFB,
0000FEF9,
00000500,
0000E903,
00000205,
000002FC,
00000304,
0000E903,
0000FB06,
00000A08,
000008EF,
0001D8FA,
0000FDFC,
00FF0109,
00000806,
0000EDFC,
0000FF00,
0000FCFD,
00000D18,
0000F7FB,
00000002,
0000FDFD,
00000509,
00FFFA07,
0000F9FD,
0000FC00,
0000F6FF,
000001FE,
0000F603,
000000FF,
0000FAFF,
00000600,
00000500,
00000100,
00000802,
00FFFC00,
000000FE,
00000502,
0000FFFE,
00000301,
000002EF,
000002FC,
0000FEE0,
00000100,
0000FEFB,
00FF02F5,
000105D8,
00000302,
00FF0001,
000000FF,
000001F5,
0000FDFC,
0000F9FB,
0000FF09,
0001FF07,
0000FF00,
0000FB02,
0000FF02,
0000FF07,
00000205,
0000FDD0,
00000000,
0000FE10,
00FF0505,
0000FCDA,
000002F7,
0000FF07,
000002FC,
000002FC,
000002F9,
00FF0501,
00FF0002,
0000FBF9,
00000302,
00FF02FD,
000003F7,
00010212,
000008FB,
00000501,
0000FBFC,
00000711,
000004FA,
000002F9,
0000EC00,
00000213,
000000F9,
00FF00FF,
00FFDF03,
0000F6F7,
00000400,
00FF0400,
0000E701,
000110FB,
00000301,
00000704,
0000EAFA,
000009F0,
00000104,
00000224,
0000F3F9,
000013B0,
0000FCFA,
00000219,
0000FBCA,
00000795,
00000006,
0000FCFD,
0000FFE7,
000004B1,
00000104,
000002F9,
00000011,
000001EA,
00000300,
000010F7,
00FF0506,
00000201,
00FF0000,
00FF0EFE,
000007FC,
0000030E,
0000F9FC,
00000900,
00000BF5,
0000010E,
00000000,
00000701,
0000F7FC,
0000FE00,
0000FF01,
00000102,
0000F8FF,
0000F7FF,
00000111,
000003FD,
0000F6FF,
0000FF08,
00000513,
000107F5,
0001E9FF,
00FF0301,
00000304,
0000091B,
0001E9FB,
0000FB05,
0000FFFF,
00010915,
0000F6F7,
0000FCFF,
0000FC02,
00000809,
0000FBF7,
0000FAFF,
00FFFC00,
00000500,
00000203,
0000FCFE,
00FF00FE,
00FF0302,
00FF0000,
00000101,
0000FEFF,
00000603,
0000FDFE,
00000300,
00FF0502,
0000FD00,
00000801,
000001ED,
00FF01F5,
000000D4,
00000400,
00000105,
000000F9,
000105E3,
000000FE,
0000FEFF,
0000FF09,
0000FECA,
0000FE01,
000001FE,
0000FD05,
000002F7,
0000FB03,
00FF02FF,
00000202,
00000000,
00000206,
000004E5,
00FFFAFF,
0000FE03,
00000404,
0000FEE0,
00000106,
0000FF01,
00000002,
0000F9FF,
00000101,
00FF00FF,
00000503,
0000FBDD,
0000FD00,
00FF02FC,
000002DC,
000002DD,
000107FF,
0000FF02,
0000F0FC,
00FF0611,
0000FFF3,
0000FD03,
00FFF2FC,
0000FE11,
000003F8,
0000FFF6,
0000DF01,
0001F7FC,
00000718,
000004D9,
00FFE4FF,
000014F2,
00000307,
00010DDD,
0000EBFC,
000013EA,
00FF00FB,
0001093A,
0000F0FA,
000011C5,
0000FB04,
00000324,
0000FECE,
000007B9,
000001FC,
0000F100,
0000FEE6,
000002BD,
000004FA,
0000E6FA,
00000013,
000001F0,
0000FAF9,
0000E5F9,
000004FF,
000001F5,
0000FD05,
000018FB,
00FF0500,
000002EF,
0000F7F9,
00000704,
0000FBFD,
000002F3,
0000FBFD,
00000407,
00000004,
000000FD,
0000FE06,
000003FA,
00FFFAFE,
00000C03,
00000404,
00000300,
0000F6FD,
0000070C,
00000710,
0000050A,
00FFF8F7,
00FFFA0B,
00000301,
00000609,
0000F6EE,
0000FBFD,
0000FDFF,
00000709,
0000FB06,
00FFFCFF,
000000FE,
000008FD,
00010002,
0000FCFB,
0000FDFE,
00000101,
000000FF,
0000FF01,
0000FDFF,
00FF0500,
0000FE01,
000003FF,
00FFFE00,
00000205,
000002FF,
0000FF00,
00FF0500,
00FFFE02,
00000601,
000002F6,
00FF03F9,
0000FEE2,
0000FDFF,
0000FF03,
000000FA,
000005ED,
00000405,
0000F802,
0000FCFD,
000101DA,
0000FDF6,
0000FE01,
00000007,
00010505,
000001FE,
0000FE05,
0000FF04,
00000607,
0000FE00,
00FFF8F7,
0000FFFB,
0000FD06,
00000504,
000001E6,
0000FC02,
00000003,
000007FD,
0000FFF4,
0000F9FF,
00000000,
000005FA,
000002E5,
0000FAFE,
0000FF04,
0000F7EB,
0000F7F2,
00000203,
00FFFB01,
00000500,
00000221,
000003EA,
0000F908,
0000F2FF,
00000007,
000105FE,
0000FAF4,
0000E600,
0000FBFE,
0000050A,
000002AE,
0000E8FF,
000018EE,
00000700,
00010BD0,
0000DFFD,
00FF15FA,
0000FFF6,
0000091A,
0000E8E8,
000023D2,
00FFFB05,
00010414,
0000F4F3,
00000BD3,
00FFFCFE,
0000F800,
000002F7,
000000B5,
000003F2,
0000ECFE,
000008FB,
000001BD,
000003F6,
0000ECFC,
00FF0500,
000100C6,
00FF0101,
0000F7FE,
0000FCFF,
0000FFB8,
0000FAFB,
00FF1502,
0000FEEE,
000003E1,
0000FCFD,
00000508,
0000FD00,
0000FBEB,
00FFFB07,
000002FF,
0000FCFA,
00000B01,
0000FA06,
0000FE02,
0000F905,
00FF05F8,
00FF0203,
00000007,
0000FEF0,
0000FFF3,
0000FF05,
00000301,
00000301,
0000FFE6,
0000FDFF,
00000400,
000005FF,
0000F9F4,
00000003,
00000405,
000001FE,
000002FD,
00FFFC01,
0000FFFB,
0001FE00,
00000602,
00FF0000,
000004FD,
0001FEFF,
000009FB,
0000FCFF,
000002FF,
00000400,
00000102,
00000503,
0000FBFF,
00000501,
0000FF01,
000001FB,
0000FBF3,
0000FC00,
0000FA05,
00FF0101,
000006FE,
0001FD02,
000004FE,
0000FC02,
0000FFF1,
0000FD00,
00000000,
0000FE02,
00000301,
00000308,
000002FD,
0000FA06,
00000106,
0000FE0B,
00000007,
00000103,
0000F907,
00FF0903,
000004FC,
0000F505,
0000FC02,
000003FA,
0000FCE3,
0000FA02,
0000FE01,
0000080A,
0000F6F2,
0000FA00,
00FFFB03,
00FF060A,
0000EEFF,
0000FF0B,
00FFFAFF,
00FF0400,
0000FAF8,
00000301,
0000F703,
0000F800,
0000F619,
00000307,
0000F9F3,
0000EF00,
0000F90C,
00000506,
000002F6,
0000EFFD,
0000FDF3,
00000602,
000008ED,
0000E9F8,
000007F5,
0000FDFB,
00000A0E,
0000EDEF,
00FF1AFC,
0000FE01,
00000107,
0000FA00,
00001DED,
0000FF00,
0000FDFF,
000005EE,
00000D00,
000006FE,
00FFFCF6,
000003FC,
0000FBAD,
0000FCFE,
00FFFAFE,
000004F4,
00FF01C4,
0000FAF5,
0000F9FF,
00000303,
00FF01D2,
0000FE03,
00FF1104,
00FF08F2,
0000FEE3,
00FFFCFA,
000003FF,
00000A06,
0000F9F4,
0000F607,
0000FF02,
0000F904,
0000FC09,
0000FB01,
0000FD02,
000006FC,
000002FE,
00000203,
0000FF02,
0000FFF6,
000005F5,
00000400,
0000FEFB,
00000206,
0000FDE6,
0000FEFF,
0000FF01,
00000702,
000002EF,
0000FF00,
00000600,
0000FF03,
000003FA,
00000200,
00FFFE02,
0000FD00,
00000202,
0000FE01,
00000202,
00000100,
00000700,
00FF0000,
000000FF,
0000FE00,
00000303,
00000602,
00FFFA01,
000003FE,
000002FD,
00FFFFFD,
00000105,
0000FE02,
00000304,
000000FF,
00000306,
00000203,
000003FA,
00FF0004,
0000FF01,
0000FF05,
0000FF01,
0000FF02,
0000FDFF,
0000FFFE,
00000300,
0000FF03,
000002FA,
00FFF6FB,
0000FA02,
0000FFFF,
0000FBFB,
00000902,
0000FCFD,
0000F702,
0000FE01,
00000D07,
0000FFF2,
0000FAFE,
000000FF,
0000FD0B,
0000FAF7,
00FFFD03,
0000FF01,
00000304,
0000F8F5,
000004FF,
0000FBFD,
00000401,
0000FCDD,
000106F7,
0000FEFA,
0000FFFF,
0000F8F7,
000003FF,
0000FAF0,
0000FCFF,
0000F80B,
00000403,
000003EC,
0000FC07,
000009FF,
00000002,
000007F2,
0001FD00,
000008FE,
0000FBFE,
00000807,
0000FAF1,
00000604,
0000FBFE,
000006FD,
000002FE,
000015F8,
000000FD,
000005FC,
000009FC,
000016FA,
0000FFFB,
00FFFBFE,
000005F8,
000009DD,
0000FC02,
000002FC,
00000CFB,
000003E8,
0000FEFD,
0000F6FF,
00000607,
000003FA,
000000FC,
000007F6,
00000802,
0000FF04,
00FFFF04,
00000705,
0000FFFB,
0000FF06,
0000F506,
0001FB04,
000005FB,
00000509,
0000FDFE,
0000FE01,
0000040F,
00000AFC,
00000600,
0000FF00,
000002FB,
0000FFD3,
00FF08FD,
0000FE01,
0000FF03,
0001FFE5,
0000FD02,
0000FE01,
0000FE01,
000001E7,
00000400,
000001FB,
0000FE00,
0000FE00,
000000FF,
00000204,
00000101,
00000609,
0000FD00,
0000FE04,
00FF01FF,
00000304,
00FFFFFD,
0000FFFE,
0000FD02,
00000202,
00000402,
0000FCFE,
00000403,
00FFFE06,
0000FFFB,
0000FCF9,
00000102,
0000F806,
00FF0101,
00000404,
000000F9,
0000FCFC,
00000300,
00000102,
0000FE05,
0000FDFF,
0000FF02,
00000101,
0000FEFF,
000001FF,
00FF0302,
000002F9,
0000FBF6,
000003FE,
00000001,
0000FE06,
00000803,
000001F8,
0000FF02,
000004FF,
00FF0400,
0000FB03,
0000FDFE,
00000200,
000009FC,
0001FDFE,
00000003,
00000201,
00000D03,
0000F904,
00000601,
0000FD01,
00000202,
0000FB02,
00000601,
00000003,
0000090A,
0001F8FE,
00000201,
0000FBF2,
000000FE,
0001FFFF,
000000FD,
0000FAF0,
0000FC01,
00FFFC0B,
00FF0007,
000000F9,
000001F8,
00000703,
0000FEFC,
000004FF,
0000F806,
00010108,
0000FCFE,
000108F9,
00FF0400,
0000FFFF,
0000FEFE,
000004F8,
00FF00FC,
00000A01,
0000FBFE,
000004E3,
000007F3,
000002F6,
0000FCFE,
00000A04,
00000900,
0000FC02,
0000FEFE,
0000FCFE,
00000203,
0000050D,
000001FC,
00000500,
00000008,
00000205,
0000FFFF,
00000710,
00FFFE00,
00000102,
00FFFB00,
0000FFFD,
0000FE00,
00000403,
0000FEFE,
000004FE,
0000050C,
000003DE,
00000601,
00000401,
00000303,
0001FCCE,
000001FD,
00FF0302,
0000FEFE,
0000FAD4,
0000FE04,
00FF0002,
0000FD00,
0000FFF3,
000100FF,
00000000,
00000000,
00FF0000,
0000FDFE,
000000FF,
00000101,
00000004,
0000FF01,
000001FF,
00FF0004,
000000FD,
00FFFE04,
000000FE,
000000FF,
0000FFFE,
000004FF,
00000302,
000000FE,
00FF00FC,
000000FE,
0000FDFE,
0000FD00,
0000FAFF,
00000200,
00000408,
0000FF09,
00000001,
00FF0200,
000001FE,
0000FE00,
00FFFF02,
0000FF01,
00000104,
0000F4FE,
00000101,
00FF0103,
000003F9,
00FFFE01,
00000500,
00000200,
000003FC,
000000FE,
00000700,
0000FCFF,
000002FE,
00FF0307,
00000104,
0000FC07,
0000FF06,
00FF0900,
0000FEF8,
000006FF,
000004FC,
000006FF,
0000FD14,
00000602,
00000300,
00FF06F9,
0001F4FA,
00000003,
0000F9FF,
000005FA,
0000FFFB,
00000306,
0000FBFE,
000005FF,
0000FF06,
00000302,
0000FD01,
00FF0304,
0000FDFE,
00000102,
0000FE07,
0000FC04,
0000F7FE,
000001FA,
00000606,
0000FEFF,
000000FD,
000001FB,
000000FE,
0000FAFE,
0000FE05,
0000FCFC,
0000FFFE,
00FF00F5,
0000F108,
0000FDFF,
000002F0,
00FF01FE,
000003FB,
0000FEFD,
000002FE,
000001FE,
0000FDF0,
0000FEFF,
00000D00,
0000FA05,
0000FF06,
0000FEFA,
00000806,
00000309,
00000306,
00000100,
0000FF10,
0000FF01,
00000702,
000000FF,
000002FF,
00000201,
000107FA,
00000202,
00000AF6,
00000103,
0000FEF4,
00000900,
000005FD,
000001FB,
0000F9D2,
000001FE,
00FF00FF,
0000FF00,
000003C5,
0000FE01,
0000F803,
00000201,
00000203,
0000FF01,
0000FEFD,
0000FF00,
00000500,
00000000,
0000FF00,
0000FE00,
0000000A,
00000101,
00FFFEFE,
0000FE02,
0000FA01,
0000FE00,
00000201,
00000201,
0000FEFF,
00FF0402,
0000FF02,
000003FD,
00000602,
00000102,
0000FFFF,
0000FEFE,
00000002,
000000FE,
000002FE,
00000103,
00FF0801,
00000002,
0000FCFF,
000004FE,
00000101,
000002FF,
0000FF00,
00000405,
000003FF,
00FF00FF,
0000FFFF,
0000FFFB,
000001FF,
00FF0303,
000002FF,
00000701,
0000FFFE,
0000FF01,
00000205,
0000F9FE,
00000001,
00FF0201,
0000FF03,
00FF02FF,
0000FD04,
000005FB,
00000004,
000006FE,
0000F80C,
00000203,
000002FC,
000003F6,
0000FD0D,
00000102,
0000F9F7,
000006F8,
000001FE,
00FFFC01,
0000FB01,
0000FBFC,
000004FE,
00FF0300,
00FF0104,
000008F0,
00000304,
0000FFFD,
00000305,
0000FDFB,
000000FC,
000005FE,
00000402,
0000FE08,
00000900,
000001FC,
0000FCF9,
00FFFC05,
0000000F,
0000FAFF,
0000F908,
00000303,
00FFECF2,
00000101,
0000FD14,
000001F2,
0000070F,
0000FFFE,
000002FA,
00000403,
0000F903,
0000FA00,
00000100,
00FF04FF,
00000608,
000000FB,
000004F7,
0000FCFF,
0000080B,
0000FA05,
0001FB04,
00FF0403,
00000A00,
000002FA,
00000301,
00000001,
00000904,
000005FB,
0000FCF9,
00000101,
0000FEF4,
000005FF,
0000F6FE,
00000302,
0000FCE9,
000100FE,
0000F8FC,
000002FF,
000000F7,
0000FD02,
0000FCFE,
00FF02FF,
00000202,
0000FE01,
0000FB02,
00FFFDFE,
00000008,
00FFFE01,
0000FFFF,
0000FE04,
0000FF02,
000000FF,
00FFFDFF,
00FF0302,
0000FF01,
00FFFEFD,
0000FF06,
000000FF,
00FFFFFE,
00000503,
0000FE00,
00000201,
00FF0201,
0000FEFF,
0000FB03,
00000100,
0000FB04,
00FF01FF,
0000FDFE,
0000FEFC,
00000504,
00FF0301,
0000FEFF,
00000800,
00FFFF00,
00000302,
000001FF,
0000FCFF,
00000002,
00000200,
00010000,
0000FBFC,
00000102,
0000FE01,
00000203,
00FF0100,
00FF0100,
0000FEFE,
00000104,
00FFF902,
0000FCFF,
00000000,
000001FF,
00000201,
00000400,
00000902,
000003FF,
000001FD,
0000FC02,
00000506,
00000102,
000002F9,
0000FCF5,
00010001,
00FFF400,
000003FF,
000005F8,
00FFFB04,
00FFF401,
00FF0805,
000002FC,
000000FE,
00000302,
000009F4,
00000201,
0000FF00,
00000604,
0000FD0C,
00000BFC,
000003FE,
000002FD,
00FFFD00,
0000F702,
000002FC,
0000FD00,
00FF00F4,
00010701,
00FF0003,
0000F4FB,
00FF09FC,
00001807,
0000FDFE,
00FFF106,
0000FFFB,
0000FEFC,
0000F905,
0000F5F9,
00000103,
0000F9FE,
0000F902,
0000FBFC,
000003FF,
00000C00,
0000FEFD,
000009F3,
00000100,
00000500,
0000FE01,
00000514,
00FF0103,
000007FD,
00000101,
000001FF,
00000501,
00010AFF,
000002FF,
0000F2FE,
000002FF,
00000601,
00000602,
0000F100,
00000100,
000002FF,
00010001,
0000F0FD,
0000FF02,
0000FE02,
000001FF,
0000F600,
00FFFD00,
000007FD,
0000FE00,
0000FE01,
000001FF,
0000FC00,
00000000,
000003FC,
00FFFE02,
00FF0CFE,
000001FF,
00000100,
00000100,
000004FB,
00000100,
0000FFFD,
0000FBFB,
0000FEFF,
00000404,
00000300,
000002FF,
0000FE04,
00FFFE02,
0000FB00,
0000FBFF,
0000F7FF,
000000FE,
0000FF00,
00000503,
00000501,
000000FE,
0000FD00,
000003FA,
00000407,
00FF02FE,
0000FFFF,
0000060A,
0000FEFF,
00000001,
0000FE00,
0000FEF9,
00000100,
0000FC01,
00000000,
000000FB,
00000100,
0000FFFE,
000001FE,
00000101,
00FFFE00,
00000203,
00000401,
00000306,
00000002,
000002FF,
00000401,
00000102,
0000FB02,
000003FC,
000002FF,
000003FD,
0000FD02,
0000FDFD,
0000F706,
000001FC,
000006FB,
0000FF06,
0000F3F6,
00000501,
00000902,
000000FF,
00FF0200,
0000F6FC,
0000FFFE,
000001FF,
00FF0B06,
00000901,
00FFFC00,
000000FF,
00000704,
000003FB,
0000FFFC,
0000FDFF,
0000FC02,
000001FE,
0000FCE8,
0000FDFF,
0000F6FA,
0000F70F,
000001FB,
0000FF00,
0000F7FE,
00000905,
0000F7FE,
00000102,
0000FAFE,
000001FC,
0000F8F2,
0001FE00,
0000F9D9,
0000FE00,
0000FE04,
0000FE02,
000109F6,
00FF02FF,
00000905,
0000FD05,
00000B1B,
0000FE01,
00000603,
0000FF01,
00FF08FE,
000001FD,
00000902,
00000403,
0000FFFF,
00000100,
00000800,
000001FF,
00FFFB02,
0000FEFE,
00000701,
00000001,
00000103,
0000FE01,
00000205,
00FF0101,
00FFF902,
0000FE00,
00000101,
000000FF,
00000203,
000002FA,
00000405,
00FF02FF,
000001FE,
0000FDFB,
0000FA05,
00FFFF01,
00FFFF03,
00FFFF03,
00FFF9FD,
00000101,
00000102,
000002FE,
0000FF01,
00FF0405,
00000300,
00000100,
000002FF,
00000202,
0000FC05,
000002FF,
0000F8FE,
000002FE,
0000FDFF,
0000FDFF,
000007FF,
000001FE,
0000FBFF,
0000F508,
00FF0600,
0000FE00,
00000001,
000005FD,
00000500,
0000FF02,
0001FF02,
000000FB,
000005FF,
0000FE03,
0000FCFE,
0000FD01,
00FF0601,
000001FA,
00000001,
0000FCFE,
00000001,
00000203,
00000100,
00000001,
0000FFFA,
00000203,
00000403,
00000500,
0000FD00,
000001FB,
0000FFFD,
00FFFDFF,
000001FE,
0000FD04,
0000FBFC,
00FF0202,
0000FBFF,
00000202,
0000FAFA,
000004FE,
0000FD06,
0000FE02,
00FF0001,
000000FE,
00000006,
00FFFDFF,
0000050A,
00000305,
0000FCFE,
000000FF,
00000307,
0000F2F7,
0000F903,
00FFF9FD,
0000FEFB,
0000FC07,
0000F6F9,
0000FA00,
0000F9F8,
00000C18,
0000FDF9,
0000FEFE,
0000FDF3,
00000406,
000008F7,
00000002,
0000FAF8,
00FF0101,
0000FF00,
000001FD,
0000FA0C,
00FF01FE,
00000101,
00FFFFFC,
00000AFB,
00000001,
00FF02FC,
0000FC02,
0000FF06,
00000202,
00000006,
0000FE01,
00000500,
00000400,
00000003,
00000000,
00000303,
00000301,
00000807,
00000100,
000001FB,
00FF05FE,
000000FC,
00000201,
0000FFFF,
00FF0203,
00000B05,
00000101,
0000FA00,
00000204,
0000FCF7,
00FF0100,
0000FE01,
0000FC04,
0000FA06,
00000101,
0000FF00,
0000FE02,
00FFFA01,
000000FE,
00000201,
00000000,
000000FD,
0000FFFE,
000001FD,
00000302,
00000202,
00FF0404,
000002FE,
00000002,
00000000,
000000FF,
0000FC03,
0000FE03,
000002FC,
000001FF,
000002FB,
0000F8FD,
00000305,
00FFFDFD,
000000FE,
000003FB,
0000F806,
0000FCFE,
00000001,
0000FBFF,
000002FC,
00000104,
0000FF01,
0000FD00,
0000FC01,
0000FF02,
000001FF,
0000FF05,
0000FFFF,
00000203,
0000FF01,
0000FC06,
00FFFD01,
00000100,
000002FD,
000004FC,
0000FF00,
0000FD00,
00000103,
000000FE,
0001FA01,
0000FF00,
000003FF,
00FF07FC,
0000FE05,
0000FD01,
00000301,
000001FF,
000004FF,
00000102,
00000200,
00FF0102,
0000FD01,
00FF0201,
000002FB,
00FFFBFE,
0000FDFD,
0000FF05,
00000403,
00FFFAFF,
0000FE04,
0000FE01,
000004FB,
000005FA,
0000FEFE,
0000FFFF,
0000FEFE,
00FFF406,
0000F506,
0000FFFD,
0000FF01,
00FFFD0A,
000005FC,
0000FFFF,
0000FFFE,
00000000,
00FF0402,
0000FEFE,
0000FC03,
00000200,
0000F9FB,
00FFFFFE,
0000080F,
0000FC04,
000005FC,
0000FFFE,
00000502,
0000FD01,
00000503,
0000FE00,
000004F9,
00000600,
00FF0104,
0000FFFF,
00000201,
00FF02FD,
000001FB,
00000001,
00FFFE02,
00FF03FE,
0000FD04,
00FF0001,
0000FFFF,
000000FE,
000005FC,
00000301,
00FFFF02,
000002FF,
0000000A,
00FF0100,
00FFFFFD,
000002F4,
00000601,
00000002,
0000FEFD,
000000FD,
0000FD02,
00FFFFFF,
000001FF,
0000FFFD,
000006FF,
00000001,
0000FF04,
000001FE,
00FFF601,
0000FC02,
000003FF,
000002FC,
0000FFFD,
00000404,
00000200,
000001FD,
00FFF9FF,
0000FF02,
00000401,
000000FC,
00FF0A07,
00FF0001,
00000402,
0000FAFF,
0000FEFC,
0000FEFF,
000001FF,
0000FB05,
0000FFF9,
00FFFF02,
000000FF,
0000FC00,
0000FFFF,
0000FFFE,
00000000,
000005FE,
000010FD,
000000FF,
00000101,
000003FC,
0000FA00,
000001FF,
000003FF,
0000FAFF,
00000002,
000001FE,
00000201,
00FF0506,
0000FB01,
0000FF01,
00000000,
0000FE02,
000002FC,
00000006,
00000101,
0000FFFD,
0000FB02,
00FF01FE,
000000FF,
00000600,
0000FF00,
00FF02FF,
00FF01FE,
0000FF03,
000006F9,
0000FFFF,
000004FF,
000008FE,
0000F6FB,
0000FD00,
000002FF,
00FF03FD,
000003FD,
0000FE00,
00FF0200,
00FFFA02,
0000FE02,
000001FF,
000000FF,
00FFFD03,
0000FFFE,
00000301,
0000FE04,
00FFF903,
0000FB04,
000004FE,
0000FCF9,
00FFFEFF,
0000FA03,
0000FF02,
0000FDF9,
00000201,
00FFFE0A,
00000201,
00000207,
00000602,
0000FD0A,
0000FE02,
00FF0200,
00FFFF00,
00FFFBFB,
0000FF00,
00000404,
000001FD,
0000040B,
00FF01FE,
000004FE,
00FFFE04,
000000F8,
00000001,
00000101,
0000FF01,
0000FF01,
000000FE,
00000004,
000002FC,
000000FF,
000002FE,
000000FD,
00FFF3FD,
00FF0600,
00FF02FF,
0000FFFF,
00FFFD02,
00000407,
00000100,
0000FEFF,
00FFFF00,
00000901,
00000000,
0000FE01,
00FFFC04,
000005FB,
00000101,
00000000,
0000FD00,
00000200,
00FFFE01,
0000FEFE,
00000702,
00FFFF04,
00000205,
0000FFFF,
00FF0002,
0000FEFF,
00000202,
000008FD,
0000FC05,
00FF07F8,
00000101,
00000104,
00FF0804,
00FFF6FD,
00FF00FF,
00000002,
000000FE,
00000702,
0000FF01,
00000100,
000003FF,
000006F6,
0000FF04,
000002FE,
0000FD04,
00000601,
00000103,
0000FFFE,
0000FCFD,
00000701,
0000FE01,
0000FF01,
00000301,
0000FF02,
0000FFFD,
000001FF,
0000FE07,
0000FC01,
00000001,
000000FE,
0000F6FD,
00FF0102,
000002FC,
0000FF00,
0000FFFB,
00FFFFF8,
00FF0302,
00FFFE01,
00FF02FC,
00000603,
0000FF02,
000001FE,
0000FBFF,
0000FCFA,
000000FF,
000000FD,
00FFFF01,
0000F903,
0000FF00,
000001FF,
0000FE05,
0000FE01,
000001FC,
00000001,
0000FAFF,
0000FD07,
00000402,
0000FF00,
00000001,
0001FEF9,
00000100,
0000FF01,
000009FE,
000001FF,
00FF02FF,
0000FD00,
0000FE05,
00FF03F6,
00000001,
0000FA00,
000001FB,
00FFF508,
00FF0101,
00FFFEFF,
00000006,
0000FDFD,
000001FF,
000000FF,
00000005,
0000FBFC,
0000FF00,
000003FE,
00FFFF03,
00000508,
0000FF00,
00000100,
000000FC,
00000600,
0000FF00,
00000102,
0000F9FE,
00000000,
00FFFF02,
00000202,
0000FD02,
0000FDFE,
00FF0003,
00000004,
0000FCFD,
000006FC,
00FF0000,
0000FD02,
00000306,
0000FF03,
0000FFFF,
0000FDFF,
0000FD05,
0000FEFB,
00000003,
0000FF00,
00FFFAF9,
0000FDF6,
000003FF,
0000FE01,
000003FE,
00000202,
0000FF01,
0000FF01,
000002FE,
000003FE,
00000405,
0000FF01,
00FF00FE,
0000FF05,
0000FEFF,
000004FF,
00000401,
0000FF01,
0000FF00,
000005FD,
0000010A,
00000000,
000002FF,
00000004,
00000005,
0000FDFC,
000001FF,
0000FF00,
0000FFFC,
00000306,
00000101,
00000101,
00000200,
000007FB,
000000FF,
00000200,
00FF02FF,
00FF0307,
0000FF02,
0000FF03,
00FFFC01,
00000307,
00000101,
000002FC,
00000002,
00000EFB,
0000FD02,
000002FD,
000001FE,
000003FF,
00000001,
00000300,
00FF02FF,
000002FC,
00000201,
0000FE02,
0000FCFE,
000001F7,
0000FEFF,
0000FE01,
0000FB04,
0000FAFC,
0000FFFD,
0000FDFF,
0000F7FA,
00000503,
00000000,
0001FFFF,
0000FF03,
0000FDFF,
00000100,
00000101,
000000FF,
0000FCFF,
00000200,
00000003,
000008FF,
0000FFF8,
0000FF01,
0000FE02,
0000F8F7,
0000F702,
0000FEFF,
0000FFFF,
0000FF0B,
0000FFFA,
0000FF02,
00FF0001,
0000FCFF,
00000509,
00000100,
000002FE,
00000307,
00FFFE0A,
00000101,
00000002,
000006F9,
0000FD00,
0000FF00,
000002FE,
0000FE03,
00FF000A,
0000FF04,
00000100,
00FFF9FD,
0000FC09,
00FF00FE,
000000FE,
0000F500,
0000FDFA,
000001FE,
00000100,
0000FFFE,
0000FE03,
000000FF,
000001FC,
00FF0AFE,
0000F7FD,
00000000,
00FF0101,
000009FE,
000000FF,
000000FF,
000001FF,
00FF0501,
00FFF902,
00000001,
000002FC,
000000FF,
00FF0402,
000001FF,
0000FF00,
00000303,
000001FF,
0000FFFF,
000000FE,
00000301,
000002FF,
00000503,
00000000,
00FFFE01,
00000001,
0000FF00,
00000300,
000002FE,
0000F703,
00000100,
00000300,
0000FF06,
00000102,
00000000,
0000FD01,
0000F902,
0000FC01,
00000003,
0000FFFF,
0000FB00,
0000F902,
00000202,
000000FD,
00FFFE06,
0000FE03,
00000001,
00FFFF02,
00000101,
0000FE03,
00000000,
00000002,
00FF0003,
00000002,
000000FF,
000001FD,
000006FE,
0000FFF4,
0000FFFF,
000002FF,
000004FA,
000003FE,
00000001,
000002FE,
000000FF,
000009F5,
000001FE,
00000003,
00000203,
0000090A,
000000FF,
0000FE06,
0000FC01,
00FF0A02,
0000FF01,
00000302,
00FF0BFB,
000007FE,
0000FF00,
00000200,
00000300,
00FFFD02,
0000FEFF,
00000000,
000009FE,
00000507,
0000FD00,
00FF0001,
0000F7FE,
00FF01FC,
0000FD00,
00FF0001,
0000F8FE,
00000504,
000000FD,
000001FF,
00000407,
0000F904,
0000FF00,
000002FF,
00FFFDF8,
00FF01FF,
00000100,
00000200,
00000006,
0000F9F3,
0000FEFE,
00000100,
00FF07FE,
000002F8,
0000FF01,
000001FF,
0000010A,
0000FFFD,
0000FE03,
0000FF04,
000004FD,
000002FE,
00000100,
0000FFFE,
000001F7,
00FFF609,
00000103,
00000002,
0000FD08,
00000CF9,
00000103,
0000FF00,
000004F7,
0000FAFF,
00000201,
00000400,
000003FD,
00000302,
00000000,
00000401,
00000205,
0000FC06,
0000FE02,
0000FFFE,
00FF0100,
0000FD05,
00000101,
0000FFFE,
00000205,
0000FE04,
00000102,
0000FB00,
0000FCFB,
0000FC04,
00000502,
0000FD00,
0000FD00,
000001FC,
0000FFFE,
000000FF,
00000002,
0000FAFD,
00FF02FE,
00000302,
000002FB,
0000F9FD,
00000001,
0000FF01,
00000704,
0000FBF2,
00FF01FE,
0000FDFE,
000002FF,
00000201,
000000FF,
0000FF00,
0000FDFD,
000003F7,
00FF0000,
00000200,
0000F7FA,
0000F704,
0000FF01,
00FF0002,
00000109,
0000FB04,
0000FF02,
00000000,
0000FF0D,
0000FBFF,
00000203,
000000FF,
0000FE08,
00000A05,
000002FF,
000001FE,
0000F600,
000003FF,
000000FF,
000000FF,
0000FDFE,
00000007,
0000FDFE,
00FFFFFE,
00FF0204,
00000105,
0000FEFF,
0000FEFF,
000007FF,
000002FC,
000000FF,
00000000,
0000FA04,
0000040F,
00000001,
00FF00FF,
0000FA01,
0000F700,
00000004,
000001FF,
0000FCFE,
0000FCFA,
0000FF02,
00FFFFFF,
0000FAF8,
000000FD,
00FF00FF,
00FFFEFF,
00FFF7FC,
00FF01FD,
000000FD,
00000101,
00FFFEFA,
0000FDFE,
000000FF,
00FF00FF,
00000203,
0000FC05,
00FF0000,
00FF01FE,
0000F9FC,
0000FDFA,
0000FF01,
00000000,
000007FD,
00FF0508,
00000202,
00FF0001,
00000400,
00FFFE04,
000000FE,
0000FFFF,
0000FBFC,
0000FD10,
00FFFFFE,
0000FF02,
0000FDFF,
000006EC,
00FF03FF,
00FF0101,
00000201,
00000CFD,
0000FF00,
000002FF,
000002FE,
000003FE,
00000000,
00FF0402,
0000FD01,
00000108,
00000000,
00000001,
000003FC,
0000ED00,
00000100,
0000FF01,
00FF00F8,
0000F7F3,
00000002,
0000FEFD,
00FF05FE,
000004F9,
00FF0403,
0000FF01,
0000FC02,
00FF0601,
00000101,
000001FF,
0000FD02,
00000306,
00000100,
000000FD,
0000FDFF,
0000FA03,
00000100,
0000FF00,
00000614,
0000FE03,
00FF00FE,
0000FF00,
000003FA,
000001FD,
0000FFFE,
0000FE00,
0000F802,
0000FD03,
0000FEFF,
0000FE00,
0000F6FF,
000006FF,
0000FF01,
0000FF01,
000008FB,
00000202,
000000FF,
00FFFFFD,
00FFFCF7,
0000F702,
00000101,
00000001,
0000030E,
0000FCF6,
00000002,
0000FF01,
000009FF,
00000A08,
0000FEFD,
00000105,
000006FD,
0000FC03,
0000FFFF,
00000001,
0000FFFD,
0000FC08,
0000FFFE,
0000FF00,
000001FD,
0000FCFF,
00FF00FF,
000000FE,
0000FF01,
000002FA,
000000FF,
0000FFFF,
000000FA,
00FF05FD,
0000FF00,
00000001,
0000F9FE,
00FF03FB,
00FF0001,
00000100,
0000FB00,
00FFEF07,
00FF0000,
00000001,
0000FAFE,
00FFFAFF,
00FF02FF,
00000201,
000002FB,
00000105,
000000FE,
00000202,
000002FE,
0000FAF8,
00000000,
00FF0103,
0000FDFB,
0000F7FC,
00000001,
00FFFF00,
000007FC,
0000FDF8,
000000FE,
0000FEFE,
00000008,
0000FF06,
00FF00FD,
00FF00FF,
00000AFD,
00000BFC,
0000FFFD,
000001FF,
00000BFF,
0000FF01,
00FF0200,
000003FF,
0000FAF9,
0000FD03,
00FFFFFD,
00000000,
0000FE04,
00FFF80B,
000001FE,
000001FF,
0000FD01,
00000107,
0000FF00,
0000FE01,
0000060A,
0000FCF0,
000000FF,
0000FE00,
00FF020B,
00000202,
00000101,
000000FE,
000001FD,
0000FE04,
00000504,
00000002,
0000FE00,
000006FC,
000000FE,
0000FBFD,
0000FFFF,
000006F7,
00FF03FE,
00000105,
00000202,
000002FD,
00000001,
00000408,
0000F701,
0000FB04,
000000FF,
00000708,
0000F6FE,
00FF00FA,
0000FF01,
000001FF,
00FFFF03,
0000FC04,
0000FF01,
00000100,
000001F9,
00FFF402,
0000FE00,
000000FB,
00FFFDFE,
0000FE07,
000000FE,
000000FC,
00FFFEFA,
00000405,
00000401,
000000FB,
0000FB06,
000001F7,
000000FE,
000002FF,
0000FDFC,
000010FD,
00000400,
000001FE,
00000202,
0000FCFE,
0000FE02,
0000FF00,
00FF03FE,
000001F5,
0000FE01,
00000100,
0000F901,
00000002,
00000001,
000001FE,
00FFFC06,
000004F9,
00000201,
000001FC,
0000FC00,
0000FFFF,
000001FC,
0000FFFE,
00000000,
00FF02F8,
000003FE,
0000FF00,
00FF0103,
000003FC,
00000100,
0000FFFC,
00000603,
00000B02,
00000206,
000000FF,
000005FE,
00000008,
00000001,
000002FF,
000002FC,
0000010A,
000000FC,
00000000,
0000F901,
00FF00FF,
00000002,
00000403,
00000001,
0000FF01,
00000002,
00000400,
000004FF,
0001FE09,
0000FF02,
00FF0003,
0000FF00,
0000FB02,
00FF0100,
000005FF,
00FFFB07,
00000203,
0000FEFF,
0000FE03,
0000F701,
0000FAF7,
0000FEFE,
00000502,
0000FEFC,
00FF06FD,
000001FF,
000006FD,
0000F704,
00000203,
00FF03FF,
00000200,
0000FD03,
0000FEF5,
0000FFFF,
000001FF,
000004F6,
0000FC04,
0000FD01,
000001FD,
000003FC,
00000100,
00000505,
00FF0104,
00FFFF01,
00FF0000,
00000302,
0000FE04,
00000203,
00000403,
00000201,
000002FE,
0000F1FD,
00FFFFFF,
00000302,
00000303,
0000FB01,
000004FE,
00FF0201,
000000FF,
00FFFDF6,
0000FCFA,
00FF0103,
00FFFDFE,
00000AFF,
00FF00FF,
00FF0200,
0000FDFD,
0000FF05,
00FF0002,
00000201,
0000FDFB,
0000FDF7,
0000FF00,
00000302,
0000FEFF,
00FFFEFF,
000000FF,
00000200,
0000FD04,
0000FF06,
00000403,
00000200,
0000FC02,
000005FC,
0000FC03,
00FF0201,
00FFFD03,
0000FCFE,
00000003,
00000200,
0000FE03,
00FF0201,
0000FE01,
00000101,
00FFFD02,
00000308,
0000FA05,
00FF02FF,
0000FD02,
0000FAF9,
0000FB05,
00000100,
0000FDFF,
00000305,
0000FBFB,
00FF0101,
0000FE01,
0000FBFD,
0000F4FC,
00000201,
00000000,
000004FF,
0000FEFE,
00000200,
0000FEFE,
0000FCFE,
00FFFEFD,
00FF0102,
0000FEFC,
0000FDF6,
00000304,
00FF0102,
000001FF,
0000FDFD,
0000F8FC,
00FF0200,
000001FF,
00000300,
00000605,
00FF03FF,
00000003,
00FF06FC,
0000FE02,
00FF0302,
000001FD,
00FF0907,
0000FEFF,
00FF0203,
000003FE,
00000C03,
00FFFE06,
00000201,
0000FF03,
0000FFFB,
000000F9,
00FF0201,
0000FD01,
00000200,
00FF0206,
00FF0201,
00000001,
0000FC01,
00FFFDFF,
00FF0301,
000001FD,
0000FDFD,
00000200,
00FF0303,
0000FF01,
00FF0809,
00FF04FE,
00000502,
00000204,
00000507,
00FF00FD,
00000203,
000002FC,
00000508,
00000100,
00000807,
000002FF,
0000FD00,
0000FD00,
0000FF00,
000002FE,
0000FFFC,
0000FD03,
0000FF00,
0000FE03,
0000FD01,
0000FEFD,
00FF0102,
00000100,
00FF03FD,
00000002,
00FF0002,
000004FE,
00000207,
0000FE03,
00FF0000,
000003FE,
0000FD06,
000001FE,
0000FEFF,
00000101,
00FF0204,
00FF0000,
0000FB00,
0000FE01,
000004FD,
0000FF01,
0000FA01,
00FFF805,
00FF0504,
000006FB,
0000FE01,
00000203,
000003FF,
0000FE00,
00000302,
000005FD,
00FFFCFE,
0000FB01,
00000102,
000001FF,
00FFFDFF,
000003FE,
00FF0002,
00000003,
0000FC02,
000009FB,
000003FF,
00000104,
0000F900,
000000FE,
00000300,
00000304,
0000FAFD,
0000FCFE,
00000301,
00FF0208,
00FF0302,
0000FCFB,
00000303,
00FF0201,
00000504,
0000FDFE,
00FF0102,
000000FA,
000005FF,
00FF01FF,
00000000,
0000FE00,
00000005,
0000FDFC,
0000FF01,
00000105,
00FF0000,
00FF08F7,
0000FD02,
0000FF04,
00FFFE05,
0000FEF8,
0000FF02,
000002FC,
0000FB07,
0000FEFD,
00000004,
00FFFAFB,
00FF03FD,
0000FD04,
0000FF02,
00FF00FC,
0000FDFE,
00FFFFFE,
0000FD01,
0000FE02,
000004FF,
0000FFFD,
00FFFE02,
00000101,
00000101,
0000FF01,
0000FF01,
0000FFFE,
0000FD01,
00FFFDFF,
0000FD00,
0000FDF9,
000003FF,
0000FCFC,
0000FFFF,
000000F8,
0000FD01,
0000FF00,
000002FF,
0000FDFB,
000002FB,
0000FD03,
00000101,
000002FA,
00FF01FC,
0000FF02,
000003FE,
00FF0304,
000000FB,
00000201,
00FF0301,
000004FE,
0000FF02,
0000FBFF,
0000FEFF,
000002FD,
0000FD00,
000001F6,
00000000,
00FF0001,
0000FF03,
000001FD,
00FF0000,
0000FEFA,
00000704,
000000F8,
000000FF,
0000FDFF,
00FF010B,
0000FBFD,
0000FE00,
0000FC02,
00000603,
00000505,
0000FC02,
0000FCFF,
00000801,
0000050A,
0000FB00,
00FFFB01,
00000AF9,
00000000,
0000FC01,
0000F901,
0000FEFE,
000003F3,
00FFFE00,
0000FBFF,
00000303,
000002F2,
000001FF,
000000FE,
0000FCF8,
00000203,
0000FE00,
0000FDFE,
00FFFEFF,
0000FC00,
00FF0100,
0000FCFF,
00000003,
0000FBFE,
00000400,
00FF03FF,
000003FF,
0000FD02,
00000500,
00FFFF02,
000007FE,
0000F5FF,
00000301,
000000FD,
0000FE02,
0000F602,
00FF0102,
000002FE,
0000FF05,
0000F402,
0000FF01,
000004FC,
000000FB,
0000FA06,
000000FF,
00000004,
0000F904,
00FF0806,
00000201,
0000FB03,
0000FF06,
0000FF02,
0000FD02,
00FFFE01,
0000FDFD,
0000FD07,
00000002,
0000FD03,
00FF0009,
00FF0008,
0000FE01,
0000FB01,
0000FE0C,
00FF0501,
000000FF,
00FF0201,
00000002,
0000FE03,
000001FE,
00000003,
00000603,
0000F7F5,
00000000,
00FFFDFF,
00000606,
0000F806,
00000101,
000001FE,
00FFFE05,
000009FC,
00000000,
000003FF,
000000FD,
000003FC,
00000100,
00000204,
0000FFEC,
00FFF904,
00000001,
00FFFD03,
0000FCFD,
00FF00FC,
00000002,
00000101,
0000FCFA,
000003FC,
000002FF,
00000003,
00FFFF00,
0000FDFC,
00FF03FF,
00000000,
00000305,
000001FD,
00000101,
000000FE,
0000FE01,
00FF0305,
00000000,
00000201,
00FF01FE,
0000F604,
000000FF,
000000FE,
00FFFEF9,
000001F7,
0000FEFD,
00000101,
00000101,
00000300,
0000FE01,
00000002,
000002FF,
00000303,
00FFFC00,
00000101,
000004FE,
00000202,
0000FB01,
0000FCFE,
00000301,
000003FB,
0000FB01,
0000FA00,
00000200,
0000FFFE,
0000FD01,
0000F9FF,
00000AFD,
000002FD,
00FFFE00,
0000FA01,
0000FCFE,
000004FF,
0000FEFF,
0000FD01,
0000F801,
0000FFFB,
000002FF,
00FF0101,
0000FDFC,
000001FA,
00000302,
00000301,
00000001,
00000600,
00000503,
00000500,
000000FD,
000000FB,
00000103,
00000001,
000004FF,
0000F2FE,
0000FB02,
0000FDFE,
000000FE,
0000FAFD,
0000FF00,
00FF0002,
0000FF00,
0000FB02,
000000FE,
0000FE02,
00FF01FC,
000002FF,
00FFFFFB,
00000001,
000008FD,
00000000,
0000FFFF,
0000FFFE,
00000006,
00000303,
00000100,
00FF0101,
00000508,
00FFFB03,
0000FFFE,
0000FF02,
0000FB05,
0000F9FF,
00FF00FF,
0000FF01,
0000FD02,
00FFFEFC,
00000001,
00000200,
00000104,
00000106,
00000000,
00FFFFFE,
00000202,
0000FE00,
00000001,
00FFFFFD,
00000703,
00FF0404,
0000FF01,
000002FE,
00000700,
00000000,
0000FF00,
00000003,
000006FA,
00FF01FA,
0000FEFF,
0000FF01,
0000FF02,
0000FE08,
000000FF,
0000FEFE,
00000201,
0000F808,
0000FFFE,
00000003,
0000FDFA,
0000FD05,
000004FE,
00FFFF00,
0000030D,
00FFFE01,
00FF0003,
0000FFFF,
0000F9FE,
0000FB05,
00FF0000,
0000FE03,
0000FCFD,
00FFFB03,
00000000,
00FF01FF,
00FFFF01,
0000F901,
0000FE04,
00FF0102,
00FF02FE,
00000400,
0000FD01,
00FF0300,
00000000,
00FF0403,
0000FC02,
0000FF00,
0000FEFF,
000000FC,
0000FB01,
0000FBFD,
00000100,
000004F6,
00FFFD00,
0000FCFC,
00000203,
000004FF,
0000FE00,
0000FCFF,
00000002,
00FF01FB,
0000FE00,
0000FDFF,
0000FCFD,
00000401,
0000FDFD,
00FF0000,
00FFFF02,
0000FD00,
00000101,
0000FE00,
000000FD,
00FFFF02,
0000FE05,
00FF0203,
000000FC,
0000FC00,
00000204,
000002FF,
00000300,
00000700,
00FFFD02,
00FF0300,
000004FB,
00FFFE07,
00000002,
00000205,
00FF0002,
00000301,
00000203,
00FF0102,
0000FA02,
00000502,
00000003,
00000100,
00000500,
00000305,
00FF0101,
000001FE,
0000FF02,
00000103,
00000301,
000002FF,
000004FF,
00000302,
000001FE,
00000202,
00000405,
000000FE,
000000FE,
00000304,
0000FD04,
0000FCFC,
00000200,
00000101,
00FFFA02,
0000FF00,
00000001,
000003FF,
00FF06FF,
0000FF04,
0000FF00,
00FF00FF,
00000403,
000006FF,
00FF0101,
0000FFFD,
00FF0104,
00FFFF01,
00FFFEFF,
0000FEFF,
00000100,
0000FF01,
0000FFFD,
0000FD04,
000003FC,
0000FFFD,
000001FE,
0000FC03,
00FFFD03,
00FFFA03,
0000FFFE,
00000002,
00FF01FD,
00FFFC00,
0000FFFF,
00000004,
0000FE00,
00000102,
000004FF,
00FF0202,
0000FF00,
0000FEFC,
000003FF,
000002FF,
00FFFB01,
00FF0202,
0000FF00,
00000003,
000000FE,
000000FA,
00FF00FF,
000002FF,
00000002,
000001FD,
00FFFF03,
00000100,
00000203,
000004FF,
00000001,
000000FF,
0000FCFE,
000004FF,
0000FE00,
000002FF,
0000FEFF,
000006FF,
0000FEFF,
0000FDFF,
0000FC01,
00000302,
00FFFB00,
0000FC00,
000002FD,
00000502,
0000FD02,
0000FCFF,
000005FE,
00FF06FD,
00FFFFFF,
0000FE01,
000000FF,
00000203,
0000FFFF,
0000FDFF,
00FFFE00,
00FF05FD,
0000FD01,
00FFF904,
00FF02FC,
0000FE06,
0000FCFF,
0000FA07,
00000400,
0000FD01,
0000FC03,
000001FE,
00000202,
000001FE,
0000FE02,
0000F900,
000003FF,
000001FF,
000000FF,
0000FDFF,
0000FDFC,
00000204,
00FF0104,
00FFFEF8,
000000FE,
00000702,
0000FD03,
00FFFFF3,
00FF0100,
00000003,
00000903,
00FFFF04,
00FF02FD,
00000503,
00000800,
00000304,
00FF07F9,
000001FF,
000006FF,
00FFFF05,
0000FBFB,
00FFFD00,
00FF02FF,
00000408,
0000F602,
0000FBFF,
0000FE02,
00000000,
0000F701,
000001FF,
00000001,
00FFFFFD,
00FF0000,
00000400,
0000FE02,
0000FDFE,
00000103,
00000402,
00FFFF00,
0000FFFF,
00000200,
000003FF,
000000FE,
0000FFFF,
00000300,
000001FF,
0000FFFD,
00000002,
00000505,
0000FD01,
000000FD,
00FF0102,
0000F7FF,
0000FFFC,
00000000,
0000FE02,
00000003,
00000001,
00FFFF00,
0000FF01,
000001FF,
0000FE04,
00FF04FD,
0000FD02,
000005FC,
0000FD02,
00FF0001,
00000102,
0000FFFD,
000006F7,
00000000,
0000FD04,
00000101,
00000405,
000001FF,
0000FFFF,
0000FE02,
0000FFF6,
00FF01FF,
000000FF,
0000FD02,
00FFFB00,
00000101,
00FF0001,
00000001,
00000103,
0000FE01,
0000FEFF,
0000FE01,
000000F8,
0000FEFD,
00000203,
0000FD00,
000006FF,
0000FF00,
00FFFF00,
0000FBFF,
00000202,
000002FC,
00000303,
0000FF00,
00000203,
000000FB,
00FF0305,
0000FC01,
00000201,
000005FB,
0000FCFE,
0000FE01,
0000FF00,
00000300,
0000F6EB,
00000102,
00FF03FC,
0000FA00,
0001FBF7,
00000003,
000002FC,
00FFF703,
000001FB,
00FF01FF,
0000FDFC,
0000F805,
0000FD01,
00FFFEFD,
0000FEFE,
0000FE00,
000002FC,
00000000,
00FF0501,
000000FE,
0000FEF8,
00000500,
00000203,
00000201,
0000F3FA,
00FF05FA,
00000305,
00000601,
0000ED07,
000004F7,
00FF0005,
000003FD,
0000F70A,
0000F8FC,
0000F906,
00000302,
0000FD01,
00FFF3FF,
0000FC00,
00000003,
00000509,
00FFF8FD,
00000103,
00000101,
00FF04FF,
0000FBFB,
0000FB03,
00000400,
00FF09FD,
0000FCFE,
00000701,
000001FF,
0000FDFC,
00000100,
0000FA05,
000000FD,
00FFFDFF,
00000703,
0000FF05,
000001FD,
00FF00FC,
0000FE00,
0000FC02,
000000FD,
0000FFFF,
00FFF502,
000000FE,
000000FE,
000001FE,
00FF07FF,
00000300,
00000002,
00FFFE00,
00FF00FF,
0000FCFF,
0000FF02,
00FFFE02,
000001F7,
0000FE01,
000005FE,
0000FE05,
00000901,
000003FF,
00FFFF00,
0000FF00,
0000FEFD,
00FF01F0,
00000100,
00000100,
0000FC00,
000001FB,
00000101,
000000FE,
00000103,
000001FE,
00000000,
0000FFFF,
00000201,
0000FD04,
00FF0101,
0000FF00,
00FF0203,
000001FE,
0000FCFF,
000003FE,
0000FC04,
00FFFDF1,
00000002,
0000FEFD,
00FFFB00,
0000FD00,
00FFFD04,
000005FF,
0000FC02,
00FF01FB,
00000601,
00FF020A,
00FFFA02,
0000FF03,
000008FD,
00FF080D,
0000FAFE,
0000FF00,
000003F9,
000005DF,
000000FF,
0000FB03,
0000FBFB,
0000FDDD,
0000FD00,
0000FC00,
0000F800,
000000EB,
000003FD,
00000402,
0000F701,
0001FEF1,
00FFFEFB,
000004FF,
0000FBFF,
000006EE,
0000FA00,
00FF02FB,
00FFFA00,
000004F2,
00FF04FB,
00000705,
0000F9FE,
0000F9F1,
00FF0300,
00FF0204,
0000FB03,
0000EBF7,
00000400,
000003FF,
00000104,
0000E9FC,
0000FEFB,
0000FB05,
000001FE,
0000ECFB,
0000FCF9,
00FFFA03,
00000507,
0000F8FA,
0000FAF6,
000007FC,
000004FC,
00000404,
0000FBF9,
00FF0003,
00000303,
00000A04,
000001F8,
00FF04FF,
00000103,
00000F07,
000006FC,
00FFFE03,
0000FFFE,
00000203,
00FF07FD,
00000300,
0000FFFD,
00FFFEFF,
000003FB,
00FF0304,
000001FE,
000002FB,
000007FF,
0000FFFC,
000001FC,
000001FE,
0000FE02,
0000FE01,
000000FF,
000001FE,
0000FBFE,
00010401,
00000200,
000003FF,
0000FA00,
0001FEFE,
00000101,
0000FF00,
0000FF00,
000003FF,
000005FD,
00000001,
00000104,
00000502,
00000102,
000004FD,
0000FE02,
000100FB,
00000101,
000004FF,
00000103,
000004F4,
00000100,
000000FF,
000001FB,
00FF0001,
00FF0002,
00000100,
00000003,
000003FA,
00000300,
00000000,
00000002,
00FF02FD,
00000104,
000002FF,
0000FF02,
000004FE,
00FF06FD,
0000FA00,
0000FBFB,
0000FAFF,
00000503,
0000FF0D,
0000FDFF,
0000F901,
000005FE,
00010010,
0000FB02,
0000F801,
00FF01FD,
00000805,
0000FD01,
0000FDFA,
00FFFDFC,
000001DE,
000001FD,
0000FAFA,
0000FCFE,
0000FED3,
0000FE00,
00FF04FA,
00000000,
0000FFEA,
00FFFE02,
0000FEFE,
0000FDFE,
000000F2,
0000FC04,
00000801,
0000FEFE,
00000503,
00FF04F1,
000007F8,
0000F8FC,
000002F9,
0000FFFB,
000009F8,
0000F5FE,
0000FFF2,
00FFFFEE,
00010107,
00FFF6FC,
00FFFAF2,
000001FF,
0000FFF4,
0000FBFD,
0000EDFA,
000000F1,
0000FDF8,
000006FF,
0000F2FC,
00FFF7F7,
000005FD,
00FF0D06,
0000FEFB,
0000F9FF,
000000FB,
00000401,
00FF0302,
0000FCFC,
0000FF06,
00000403,
0000110A,
000004F1,
00000301,
0000FAFE,
0000170C,
000008F6,
00FFFEFF,
0000FFFC,
0000050C,
00FF05F8,
00000303,
00FFFFFB,
0000FE09,
000003FB,
0000FD01,
000000FD,
00000501,
0000FFFB,
00000103,
000001FE,
000002FA,
000001FE,
0000FB04,
000000FF,
000001FD,
0000FFFE,
00FF00FE,
00FFFFFF,
000002FE,
00FFFA00,
00000701,
00000100,
00000004,
00000001,
000001FF,
000005FD,
0000FF02,
0000FC01,
00FF07FD,
0000FF02,
00FF0001,
000000FD,
0000FEF9,
00000003,
00FF0403,
0000FF08,
00FF0107,
00FFFF02,
00000100,
00000101,
000002FF,
000003FE,
00000200,
00000302,
00000101,
000001FE,
00FF0405,
00000202,
0000F9F9,
00FF0301,
000102FF,
0000FF01,
00FF00FB,
00FF0404,
0001FA03,
0000FE00,
0000FCFD,
00000503,
0001FB09,
0000FE00,
0000F7FC,
00FF0300,
00000310,
0000FC02,
0000FA00,
0000FBFE,
00000506,
00FFFCFE,
0000F4FD,
00000103,
00FF03E8,
000002FC,
0000FBFA,
00000205,
0000FBDB,
00000102,
00FF0102,
000004FD,
0000FDF8,
0000FCFE,
00000CFD,
0000FFFD,
00000104,
0000F4D8,
0000FFF4,
00FFFFF7,
00FF0501,
0000F7D6,
00FFFC04,
0000FFF7,
000003F8,
00000103,
0000F3F7,
00FFF7FC,
0000FEF5,
000000FD,
0000FCF6,
00FFF9FB,
0000F9F9,
0000FDFF,
00FF09FA,
0000F9FB,
0000F9FE,
00000003,
0000FCFF,
000009FD,
0000FB03,
0000FBF7,
0000FCF9,
00000B01,
00000301,
0000F9F1,
000000F8,
00000407,
00000604,
000101FA,
0000FE01,
00FFFE06,
00000A08,
000002FE,
0000FF08,
0000FA03,
00000B11,
00FF00F5,
00000301,
00000003,
00FF070F,
000002F2,
0000FC02,
00000000,
00FFF807,
0000FEF7,
0000FEFD,
000001F9,
0000FA0B,
0000FEF7,
0000FC02,
0000FFFC,
0000FFFB,
00000503,
0000FF00,
000000FF,
00FF00FF,
00000101,
00000100,
0000FFFD,
000002FD,
000000FC,
0000FEFB,
0000FFFD,
00000000,
0000FEF9,
00000203,
000004FD,
0000FFFE,
0000FD04,
00000103,
00000000,
00FF00FF,
000002FB,
00000600,
00000005,
0000FCFF,
00FFFF04,
000002FC,
0000FF01,
00000001,
00000000,
00000503,
00FF05FE,
0000FFFF,
0000FFFE,
0000FE09,
000005F4,
00000307,
00FFFF02,
0000FBFB,
000003FE,
00000A07,
0000FC00,
0000FE00,
00FF0A04,
000001F2,
0001FC01,
0000F7FA,
00000805,
000003F7,
0001000A,
0000F600,
000004FD,
00FF0508,
000004FC,
00FFFFFF,
00FFFF03,
000005FC,
00000502,
0000FB01,
00FF0308,
000005F2,
000003FF,
00FFFA03,
00000407,
0000FFF4,
000002F6,
00000407,
00000303,
0000FFF5,
0000FBC1,
0000FE0E,
000000FB,
00FFFCF5,
000000E3,
0000F509,
0000FEFC,
0000FFF6,
00000209,
0000F5FA,
0000FFF9,
000002F9,
00000503,
000001FD,
0000FB01,
000002FF,
00FF03F9,
0000FC00,
0000FBFE,
0000FD01,
0000F5FB,
0000F7FD,
000001FE,
0000FC02,
00000601,
0000FCFD,
00FF07FB,
00000000,
00FF04F8,
0000F8F7,
000001FE,
00000403,
0000FEF6,
0000FB02,
00FF0103,
00000107,
000003F7,
00000003,
0000FF06,
0000000B,
00FF05FA,
0000FE02,
0000FA03,
00FFFD0F,
000000E0,
0001FEFD,
00FFFF04,
0000FA0F,
000100FD,
0000FF00,
00FFFFFA,
0000F50B,
00010201,
00FFFEFF,
0000FEFD,
0000080E,
00FF00FE,
000001FF,
000000FC,
00FFFD08,
00000200,
0000FDFB,
000000FD,
0000FF00,
00000200,
0000FDFC,
0000FFFF,
00000200,
00FF0102,
000000FC,
00FF0200,
00FFFF05,
000000FD,
0000FB03,
000003FD,
00FFFF04,
00FF0303,
000003FE,
0000FD01,
00000302,
000000F8,
00000201,
0000FE03,
0000FFFF,
0000FB02,
00FFFB00,
00000001,
00FFFB02,
00FF0001,
00000300,
000006F7,
0000FB04,
00FFFCFE,
0000FDFF,
0000FDF8,
0000080A,
0000FC03,
0000FD03,
000003F9,
000000F7,
00FF0300,
0000F2FE,
00FF0701,
0000FDF7,
0000FD02,
0001FD02,
00000901,
000002FF,
000000FF,
0000F0FA,
00000203,
00000405,
0000F701,
0000FDFA,
00000106,
000006FC,
00FF0BF9,
0000FEFA,
00000207,
000005F9,
00FFFFED,
00FF08FB,
00FF0307,
000000FB,
000103CE,
00000403,
00000400,
0000FFF4,
000004EB,
00000810,
00FF09FA,
00FFFEF6,
00000502,
0000F9F7,
000004FC,
000002F4,
000004FE,
0000FD03,
00000000,
000000F8,
000103FC,
0000F405,
0000FB04,
000004FA,
000000FD,
0000FB02,
00FFFD01,
00FF01FB,
0000FFFE,
0000F800,
000000FC,
00000101,
00000600,
0000EE00,
000001FC,
00000205,
000008F7,
0000EF04,
0000FF03,
00000208,
000002EE,
0000F6FF,
0000FD09,
0000FF0A,
00FFFCF9,
000001F3,
00FF0004,
0000FC09,
000003E2,
0000FCFD,
0000FD05,
0000F80A,
000002F7,
0000F905,
00FFFC04,
00FFE50C,
00FFFCFE,
00FFFDFA,
00FFFEFC,
0000E910,
0000F904,
0000FE02,
0000FBFF,
00FF0911,
000003FE,
00FFFF02,
000000FE,
00000604,
00FFFF00,
000001FF,
000001FC,
000001F4,
00000206,
000000F9,
000000FE,
0000FFFB,
0000FFFE,
0000FCFD,
00FF01FD,
00000002,
00FFFE01,
00FF0000,
00FF04FC,
00FF01FD,
00000304,
00FF00FF,
0000FE01,
00000101,
00FF01FF,
00FFFF02,
00000003,
00000502,
0000F8FF,
0000FEFD,
00FF00FD,
0000F902,
00000005,
000002FF,
0000FAFA,
00FF0002,
00000001,
000003FB,
0000FEFA,
0000040A,
00000202,
0000FB05,
00000201,
0000FBFA,
0000FCFE,
0001FD04,
00000401,
00FFFFFB,
00FFFB06,
0000F6FC,
00FF0701,
000000FC,
0000FC04,
0000FAFB,
00000206,
00FF03F9,
0000F3FE,
000008F7,
0000020B,
000005F8,
0000FFF4,
0000FFFC,
0000FC0A,
00FF01F8,
000001DD,
00000900,
0000FA0B,
00FF02FA,
000001D2,
0000FB13,
00000403,
00FFFEF9,
00000305,
00010204,
000005FC,
000001FA,
000003FA,
0001F8FE,
00FF06FB,
000001FA,
000006FF,
0000FDFE,
00000203,
0000FCFC,
000004F9,
0000FC08,
00000002,
0000FDFC,
00000202,
00FFF804,
0000F9FF,
0000FFF4,
00000003,
00FFF904,
0000FEFE,
0000FFFB,
00000405,
0001F101,
00000002,
0000FD05,
00000802,
0000E505,
0000FD08,
0000000B,
0000010A,
0000EA0B,
0000FE09,
0000FA0B,
0000FBF5,
0000F4EA,
00FF0102,
0000FA08,
000100EE,
0000FEF4,
00000303,
0000F909,
0001FFFD,
0000FEEF,
00FFFE00,
0000EB09,
00000004,
0000FDFA,
0000FAFF,
0000EE0C,
0000FDFF,
00000201,
000002FC,
0000FF0E,
00FFFA01,
0000FF02,
000000FD,
0000020A,
00000203,
0000FFF8,
000004FA,
00FF00F9,
00000000,
0000FEFB,
000003F9,
000000F9,
0000FF03,
00000005,
0000FFFE,
00000108,
00FF0100,
00000301,
000004FE,
000001FD,
0000FF00,
00000002,
00000204,
00000100,
000001FD,
000000FC,
00000201,
00FF0401,
0000F502,
00FF04FF,
000001FB,
0000FB02,
00000201,
000004FA,
000000FD,
00000402,
00000400,
00FFFFF9,
000001FC,
00000A03,
0000FE03,
0000F701,
000004FE,
0000FC08,
00000802,
0000FC01,
000001FD,
00FF01F7,
0000FC01,
000000FC,
00FF0201,
000001FA,
000000FE,
00FF02FB,
00000106,
000001FB,
00000905,
0000F5F9,
0000FF08,
000003FA,
000000F7,
00000304,
0000FB0D,
0000FFFB,
000001CC,
000002FC,
00FFF204,
000003FB,
000000FC,
000000F3,
0000FD02,
000002FE,
00000303,
000004FA,
00000DFF,
00FF000B,
00000301,
0000FA01,
00000A01,
00FF0607,
000004F6,
0000F6FF,
00000302,
0000FAFC,
00FF03F6,
0000F809,
00FFFB04,
00FF01F3,
0000FE02,
00FFF806,
0000F8FC,
000000E4,
00FF0406,
0000F403,
0000F7FF,
000002EE,
00000409,
0001F504,
00000405,
00000006,
00000D10,
00FFEB05,
00000307,
00FFFF06,
00000306,
0000EF0E,
0000010B,
0000FC09,
000002F2,
0000EF07,
00000002,
00FFFE0A,
00010804,
0000FCE4,
00000000,
0000FC0A,
000003FE,
00000011,
0000FB03,
0000F90A,
0000FD07,
0000060A,
00000004,
0000F40D,
0000F900,
00000606,
00FF01FD,
0000F90E,
0000FD02,
00FF00FB,
000002F7,
0000000F,
00FF0301,
0000FC01,
000003FB,
0000FF05,
00FFFF01,
0000FDFF,
000000FB,
00FF0107,
000001FE,
00000504,
0000FF00,
00FF0104,
0000FFF8,
00000100,
000004FE,
000002F6,
00FF0208,
00000200,
00FF0302,
00000001,
0000FE02,
00000005,
00000102,
00000203,
000002FA,
0000FFFC,
00FFFFFC,
0000FFFF,
00000300,
0000FF03,
0000FDFA,
00000701,
00000601,
0000FD04,
0000FDFB,
00FF030B,
000002FE,
0000020A,
0000FD02,
0000FC03,
000004FE,
0000FE0B,
000001FB,
00FFFEFA,
000000FF,
0001FCFF,
0000FFFF,
000002FF,
0000FB05,
00000200,
00000304,
000002F9,
00000011,
00FFFFFD,
00000108,
00FF03FD,
000000E6,
00FF10FD,
0000EB07,
00FF0CFA,
00FFFF04,
000100FC,
0000F202,
000002FE,
00000003,
000115E0,
00FF0004,
0000E60F,
000001FF,
000004F2,
00000408,
00FFDF1D,
000004FC,
0000FCF8,
0000FFFC,
0000FC1D,
000006F3,
0000FA03,
0001FCFD,
00FFF30A,
000006F6,
0000F60C,
00FFFAFD,
00FF01F4,
00000400,
0000F30B,
0000F7FB,
000002C8,
00000A04,
0001F607,
00000400,
00FF038A,
0000040B,
0000EF04,
00000406,
0000FED9,
00FF0410,
0000E705,
00000806,
00FF0007,
0000FE05,
0000E907,
0000FD06,
0000FE08,
0000F7EC,
0001FB11,
00FFFEFE,
00000105,
0001FEF2,
00000111,
0000FDFB,
0000FB05,
00000404,
0000FE08,
00000001,
0000F908,
0001FD05,
00000201,
00FF0100,
0000F40B,
0000F506,
00000403,
00FF00FD,
0000F70F,
00FFFD02,
00FFFD03,
000001FB,
0000FE10,
0000FD00,
00FF00FF,
000002FF,
0000FD00,
00000200,
0000FF06,
000002F8,
0000FF01,
00FFFFFF,
00000202,
000000FE,
00000200,
0000FC03,
00000401,
00FF04FD,
0000FFFA,
00000106,
00000600,
0000FF02,
0000FE04,
00000000,
000003FC,
0000FF02,
0000FDFF,
000000FA,
00000200,
00FF00FB,
00000300,
00FF00FE,
0000FEFE,
0000FDFF,
00000305,
0000FE00,
000000FA,
00000105,
0000010C,
000004FA,
000100F9,
00FFFF01,
00FFFD00,
00FF00F5,
000004F5,
00FFFCFE,
00FF01FC,
00FF05FE,
00FF03F6,
000000FC,
000002FF,
0000F701,
0000FEFB,
000005F8,
000001F9,
00FF000D,
00000500,
00000401,
000003FA,
000002F8,
00FF0600,
0000EC00,
00000CFC,
00FF0204,
0000FAFD,
00FFF807,
00FFFB08,
0000FEFE,
00000AF6,
0000F706,
0000E80E,
0000FE05,
00FF03E9,
0000FC0B,
0000EC15,
000003F1,
0000FEE4,
0000FFFB,
0000FF16,
000006DF,
00FFFEDB,
000002F7,
0000FA0A,
00FF09F2,
0001F60F,
000004F2,
00000000,
00FF0AFE,
0000F10B,
000005F1,
000006F1,
00001004,
0000EE06,
000007FA,
000002DB,
0000010C,
0000DB06,
00000C0A,
000004CF,
0000FD11,
0000DA04,
00000B02,
00FFFE03,
000005F8,
00FFED0B,
00FFFE00,
00000006,
000004E3,
0000050C,
000000FD,
00000603,
00FFFF02,
00010301,
00FFFAFB,
0000FD02,
00FF01FE,
0000F808,
00010100,
0000FD03,
00000103,
0001FB09,
0000FD00,
00FFFF06,
0000FF06,
00000306,
0000FCFC,
0000FE0B,
0000FC01,
00000300,
000001FB,
00000211,
00FFFE00,
000000FF,
000000FD,
00000607,
000001FE,
0000FE07,
000001FC,
00000402,
000001FF,
00FFFF07,
0000FFFF,
00000403,
00000202,
0000FD02,
000004FD,
00FFFFFA,
0000FFFE,
00000600,
00000101,
00FFFF04,
000001FD,
0000FDF7,
00FFFE02,
000003FE,
00FF0100,
0000FB05,
0000FDFE,
00000503,
000001FE,
00FF0100,
00FF02FD,
00000702,
00000005,
0000FB04,
0000FEFE,
00000005,
000004FE,
00FF0202,
00FF00FE,
00FFFF04,
000001FC,
000000FD,
00000102,
00000100,
00000200,
00000300,
00FF08FA,
00FF06FB,
0000010E,
00FFFEF8,
000000FA,
000003FB,
0000FE03,
0000FFFD,
0000F700,
000002FD,
000004F5,
00000BF9,
0000FB02,
000003F7,
000101EC,
00000BF9,
0000FB04,
00FF0303,
0000FEE3,
0000FFEB,
0000F907,
0000090B,
000002C2,
00000CF8,
0000FB07,
0000F915,
000006BB,
00000102,
00FF0000,
00000111,
00000DD5,
0000FC1D,
000002FB,
0000FF0A,
00000AFC,
0000FE16,
000000FA,
00000407,
00000E08,
0000ED0B,
0000FDFB,
00000503,
00000A05,
0000EE0C,
000003F9,
000001F2,
00000017,
0000E705,
00000604,
000003DD,
0000011E,
0000F305,
00000503,
000000EE,
000005E0,
00000A08,
00FFFD05,
0000FD02,
000005F3,
00000201,
0000FC02,
00000101,
000003F8,
00FFFC00,
00FFFDF6,
0000FD01,
0000FFFC,
0000080B,
0000FDFF,
0000FB01,
00000606,
00000104,
0000FE00,
0000FB06,
00000602,
00000207,
00FFFC02,
00FF0008,
0000FD02,
00000404,
0000FFFE,
00000512,
00000001,
000003FA,
000001FE,
0000070B,
00FF0201,
00000600,
000003FB,
000004FF,
00FF0104,
00FFFD00,
00000200,
00000103,
00FF04FA,
00FF0102,
000004FC,
000001FB,
00000601,
00000001,
00FFFD00,
00000006,
000006F9,
000003FD,
00FF0201,
00000001,
0000FD00,
00000403,
00FF0001,
0000FF00,
0000F9FF,
0000FD00,
00000200,
00FF03FF,
0000FFFF,
00FF0402,
00FFFF04,
00FF01FF,
000002F8,
00000105,
00FF0204,
0000FD05,
000105FF,
0001F8FC,
000001FE,
00000203,
0000FBFD,
000002F8,
00FFFCF8,
000002FF,
0000FCF6,
000005F7,
0000FDFB,
000001FC,
00000206,
000009FD,
00FFF5FF,
00000200,
000102F7,
00000201,
00FF0004,
00FF01FD,
000106F1,
00000CFC,
0000FD04,
0000FD01,
000007E0,
000005F3,
0000FC04,
0000F809,
000005E3,
00FF0113,
0000FA04,
0000F609,
00000FE3,
0000070F,
00000101,
00000507,
00000BEB,
0000FA02,
000000FC,
00000406,
00000009,
00000011,
0000FFF9,
00000407,
00FF0008,
0000F61B,
0000FEFA,
00FF03FB,
00000201,
0000EB12,
0000FEF6,
000000F1,
0000FD22,
0000FC0A,
000005FF,
000004F0,
00000007,
00000707,
00000502,
000008F6,
000007EA,
00000908,
00000103,
000001FF,
000003F8,
00000708,
0000F7FE,
00FFFD03,
00FF0500,
0000F915,
000000FB,
00FFFB01,
00000A01,
0000FF11,
000001FD,
0000FA02,
00FF0909,
00000BFF,
000000FF,
00FFFE03,
0000FF00,
000000FE,
00FFFFFD,
0000FE04,
00000100,
00000800,
0000FF02,
0000000A,
00FF0101,
00FFFF00,
000003FF,
00000006,
0000FFFF,
00FF0007,
000002FD,
00FF0400,
00FF02FF,
00000403,
00000201,
000000FA,
00000400,
00FFFB02,
000003FC,
00FFFEFF,
00000403,
00000602,
000001FE,
00FF0003,
00FF05FD,
000003F9,
00FF0303,
00000100,
00000601,
0000FDFD,
00FF0102,
0000FE01,
00FF02FF,
0000FF00,
00000000,
000002FE,
00000002,
00000301,
0000FD02,
00000100,
00000801,
00010208,
00FFFEFF,
0000FE02,
00FF03F7,
00000000,
000002FC,
0000FE02,
000000FC,
000000F9,
000003F7,
00FF00FD,
00000205,
000001FD,
000001FD,
000000FC,
00000206,
000001FD,
0000FE03,
0000FFF9,
00000F04,
00000406,
00000007,
000001F6,
00000B03,
0000050D,
00000305,
00FFFDFC,
00001003,
00001205,
00FFFF03,
000000FF,
00FF09F8,
00FF050B,
0000FD02,
000005FC,
000005FF,
0000FE0B,
0000FE00,
00000405,
00FF1301,
0000FC06,
000000FF,
00000305,
00000B03,
0000FF00,
00FFFDFB,
0000FC06,
000004F7,
00FFFE16,
0000FAF8,
000001F7,
00000D00,
0000F908,
0000FEFC,
0000FBEB,
0000F408,
00FFFD03,
00000501,
000007F3,
000102F1,
00FF010A,
00000803,
00FF03FD,
00000AFD,
0000FE06,
00000806,
00000109,
000003F7,
00FFFE06,
000004F9,
0000F606,
000005FF,
0000F908,
000003F3,
0000FA01,
00000209,
0000FB07,
000003FE,
0000FA01,
00000302,
00000A00,
000009FE,
0000FCFF,
00000602,
000008FD,
00000000,
0000FF01,
00000002,
00000802,
00000302,
00FFFE09,
00000004,
00000100,
000002FD,
00000101,
00FF0300,
00000800,
000002FD,
00FF0101,
00000601,
000002FF,
00000000,
00FF0100,
00000503,
0000FFFF,
000004FD,
00000202,
00FFF8FF,
0000FFFF,
00FF0000,
0000FE00,
00000501,
000009FF,
00000003,
0000FF01,
00000300,
00FFFFFD,
00FF0002,
00FF00FF,
0000F8FF,
00000002,
00FFFEFF,
0000FE00,
000005FA,
0000FF02,
0000FF02,
00FF0002,
0000FEFA,
00FF0106,
0000FE01,
0000FE03,
000004FC,
0000FC02,
0000FEFE,
0000F803,
00000509,
0000FC00,
0000FEF7,
0000FE00,
0000000D,
00000105,
000000FF,
0000FFFF,
0000FD0D,
00000202,
0000FE02,
000000FC,
0000FF05,
0000FD02,
00FFFF03,
000001F4,
0000F90B,
00000A07,
00000304,
000004EF,
0000F80B,
0000FEFF,
00000403,
00FF05F7,
0000FF02,
000007F8,
00000401,
00FF08F5,
00FF07FE,
0000FFFF,
000003FE,
00FF05FF,
00000909,
0000FF03,
00FF04FC,
0000FD02,
00000201,
0000F806,
0000FEFB,
0000FF06,
00FF01F9,
00FF01FB,
0000FDFA,
0000FCFD,
0000FC02,
00FF0206,
000000FF,
0000FEEB,
00000AF4,
000006F5,
00FF04FD,
0000FDF2,
000006F7,
000006F4,
000008FD,
00000602,
00000005,
00FFF308,
00FF06FE,
000004F1,
00FF0101,
0000F40A,
000004F0,
00FFF808,
0000FC00,
0000FC0F,
000002FB,
0000FDFF,
0000FB02,
0000F904,
0000FD05,
0000FCFB,
0000FC01,
000000FD,
00FF0501,
0000FFFC,
0000FFFE,
00FF0605,
000002FD,
0000FAF9,
00FFFF02,
00000A01,
000001FF,
0000FB02,
00000102,
00000A05,
00FF00FE,
000003FB,
00000301,
00000101,
00FFFFFF,
000003FE,
00FFFF02,
0000FDFC,
0000FEFF,
00000200,
00FFFCFF,
000002FD,
000003FE,
00000100,
0000FB00,
0000FC03,
00FF00FF,
000001FF,
0000FF00,
000000FF,
00000200,
00000204,
000000FD,
00000008,
00FFFF03,
000001FD,
00000703,
00FF0002,
00FF0000,
00FF03FF,
0000060A,
0000FA01,
000000FF,
00000101,
0000FE00,
00000102,
0000FAFF,
0000FF02,
000008FC,
00FF00FF,
0000FCFD,
0000FE01,
000002FE,
00000300,
00000302,
0000FF03,
0000FF05,
0000FDFD,
00FF0000,
000002FC,
0000FE0B,
000004FE,
00000103,
00FF06FE,
0000FA06,
00FFFA06,
00000002,
000006F3,
00FFF80C,
00FF08FF,
00000100,
000009E8,
00000007,
000009FD,
00000001,
000007F8,
0000FC0F,
00FFF702,
00000600,
00FF04F8,
00FF0604,
00000508,
00FF04FE,
0000FA03,
0000F700,
000000F5,
000004FD,
0000FEFA,
0000FFFE,
0000F008,
00000202,
000003F8,
00000200,
00000500,
0000FC02,
0000F602,
000001F5,
00FF0304,
0000FC03,
0000F7FC,
000108FF,
00FF0B02,
000000FE,
00000303,
00FF04F9,
00FF0AFD,
00FF0500,
0000FF02,
00000300,
0000F30D,
000006F1,
000003FE,
0000FAFD,
0000FA09,
0000FFEF,
00000101,
0000FCFA,
0000EF08,
0000FC00,
00FF01FD,
00000001,
0000F905,
0000FF03,
000002F2,
0000FF01,
00000200,
00000200,
00FF00EF,
00FFFC02,
00000302,
000000FC,
00FFFCF0,
0000FEFF,
000007FE,
000003FF,
00FFFEFB,
0000FCFF,
0000F8FE,
00FF00FE,
00000200,
00000001,
000004FE,
00000001,
00FFFF00,
0000FD01,
00000301,
0000FD01,
00FF02FC,
0000FE00,
00FF0500,
000004FE,
00000001,
00000100,
0000FD09,
00000202,
000001FE,
00FF0302,
00FF02FE,
00000101,
0000FE04,
00000AF7,
0000FD09,
00000002,
0000FFFD,
0000FB06,
0000FCFF,
00000002,
00000101,
0000FEFB,
0000FC04,
00000000,
0000FE01,
00000008,
00FF0100,
000000FF,
00000002,
00000301,
00000102,
00000101,
0000FA03,
00000103,
0000FCFE,
0000FA01,
00FFFB03,
0000FB08,
00010003,
0000FF01,
0000FE03,
0000FD05,
0000FEFC,
000003FA,
000004FB,
00000104,
0000FDFC,
00000001,
0000FEF8,
0000FE04,
000005FA,
00FFFF03,
000009F7,
0000FE07,
00000001,
00FF03FE,
00FF03FF,
00FF060A,
000000FE,
000003FC,
0000FFF9,
000005F3,
0000FB0A,
000003FD,
0000FCFF,
000001FE,
0001FCF6,
00FFFEFC,
0000FFF3,
00FF04FA,
00000608,
00FF0103,
00FF03EE,
0000FEFE,
0000050C,
00FF0100,
000001F1,
0000FBF5,
0000000F,
00FFFD02,
00FFFB0A,
0001FFFA,
00000AFB,
00000101,
00FF0EFB,
0000FFFD,
0000FF02,
00000500,
0000F402,
000000FB,
00FFFA07,
00FF05F9,
00FF0103,
000002FD,
0000F40B,
000001FE,
00000010,
00000603,
0000FA08,
00FFFDFF,
00000901,
000003FF,
0000F904,
00FFFA03,
000006F3,
00000103,
0000F903,
000000FE,
000006F2,
000001FD,
00FF06FE,
0000FFFF,
00FFFDF6,
00FFFFFC,
00000107,
00000000,
00FF01FE,
0000FF00,
00000703,
00000102,
00000402,
00FFFAFC,
00FF0309,
0000FE02,
00FFFF00,
00000200,
000003FF,
00000004,
00000101,
00FF0700,
000007FD,
000004FF,
00FFFF01,
00FF0200,
0000FB03,
00FF0200,
0000FF01,
0000FCFE,
00FFF9F9,
000000FF,
0000FC01,
00000000,
00000507,
00000002,
00FFFEFD,
0000FD04,
0000FEFF,
00000202,
00FF0002,
0000FC05,
0000FFFE,
00FFFF01,
0000FF00,
0000FD00,
00FFFC01,
0000FFFD,
0000FE00,
0000FA02,
00000103,
0000FDFE,
0000FF02,
0000FAFF,
0000FEFE,
00FFFF06,
0000FD05,
0000FD02,
0000FC01,
0000FFFF,
0000FB08,
0000FD00,
00FFFFFB,
00FFFEFA,
00000003,
0000FDFF,
000008FE,
000003FE,
0000FDF5,
0000FF05,
00000202,
0000FF06,
000009FC,
00000104,
000001FD,
000004FF,
00000406,
000004FF,
0000FEFE,
00FF02FE,
0000FCFE,
00000906,
00FFFEFF,
000002FE,
0000FEFB,
0000020C,
000002FF,
0000FF00,
0000F9FD,
0000FAFC,
00000CF9,
00FFFE03,
000000F1,
0000F401,
0000040B,
0000FF01,
000005F7,
0000F901,
0000F7F0,
00000001,
00000611,
000001FC,
0000FFFA,
0000FFFE,
000017FE,
0000FCFF,
00000306,
000006FE,
0000F005,
0000FF03,
0000020B,
00000401,
0000F40D,
00000501,
0000FF07,
000002FC,
00000506,
00000200,
00FFF90C,
00000200,
00000801,
000005FF,
0000F706,
00000000,
000005FA,
000005FF,
0000F407,
0000FF01,
000001FF,
000003FC,
0000F806,
000000FE,
00FFFF01,
000004F8,
0000FD04,
00000102,
000003FE,
000006F8,
00000500,
0000FE01,
00000300,
000000F9,
000001FD,
00000000,
0000FDFC,
0000FFFC,
000001FA,
00000103,
00FFFCFB,
00000105,
000003FC,
000003FC,
00FFFC00,
00000301,
00FFFF04,
00FFFF01,
00FF04FB,
00000103,
00FFFDF9,
000001FF,
00FFFFFE,
00000BFE,
0000FB06,
00000001,
0000FEFD,
00FFFC02,
00000C07,
00000001,
0000FE00,
0000FE0C,
00000401,
0000FF02,
00000001,
0000FC02,
0000FC04,
0000FCFF,
00FF0201,
000005FA,
0000FE04,
00FFFDFF,
0000FFFF,
000001F8,
0000FBFF,
0000FE01,
00000002,
0000FF05,
00000101,
0000FD02,
0000FE02,
0000FB07,
000001FD,
0000FEFF,
00000102,
0000FC00,
000001FC,
000001FD,
00000400,
0000FD08,
00000403,
0000FF03,
00FF0000,
00FFFF01,
00000102,
000000FE,
000003FF,
000000FD,
0000FD01,
000002FC,
000001FE,
0000FA03,
00000201,
000000FE,
0000FEF9,
00000102,
00000503,
000000FE,
0000FDFA,
0000FBF9,
000003F6,
00FFFD01,
000002F7,
000001F1,
00000104,
0000FEFE,
000005F5,
000000F9,
000005F8,
000007FD,
00000806,
0000F8FF,
00FFFFF4,
00FF01FF,
00FF0D0B,
0000FBFF,
00FF0309,
0000FF01,
0000030B,
00000403,
00FFFF0B,
000001FD,
00FF011B,
00FF0204,
00000003,
000002FB,
000003FA,
00FFFF00,
000007FF,
00FF04FD,
000003FE,
00000402,
00000405,
00000200,
0000FFFE,
00000301,
0000F700,
00FF0100,
0000FF03,
00FF01FF,
00000C0C,
0000FF00,
000000FD,
00000601,
00000001,
0000FE02,
000001FD,
000003FB,
00FF00FB,
0000FE00,
000000FF,
000000FD,
00FF08F8,
0000FFFD,
00000000,
0000FD00,
0000FBFE,
00000001,
0000FDFC,
00000702,
0000FCFD,
000004FE,
0000FD01,
0000FE00,
00000000,
00000000,
0000FEFF,
000000FF,
00FF0405,
000000FE,
00FF0005,
0000FCF6,
000001FE,
000000FF,
0000FFFF,
0000FF02,
0000FE00,
0000FFFF,
00FFFE01,
0000FCFF,
0000FF04,
0000FE02,
00FF0200,
00000104,
000005F3,
0000FF01,
000001FF,
000001F7,
0000FE00,
0000FF01,
00FF00FE,
0000FD06,
00FF01FE,
0000FE02,
000000FE,
0000FA0B,
00000103,
0000FF00,
00000100,
0000FAFF,
0000FDFA,
000000FD,
0000FE03,
0000FF06,
00000001,
0000FD02,
00000306,
0000FE01,
00000205,
00000104,
0000FD05,
00000005,
00FF04FD,
00000303,
00FFFF01,
0000FDFD,
00000403,
0000FEFD,
00FF0301,
000003FE,
0000FE05,
00000002,
0000FC03,
00000508,
0000FF06,
0000FDFD,
00000102,
0000FCF3,
000002FB,
00FF0000,
00000200,
000006EC,
00FF00FE,
00FF0001,
000007FB,
0000FE00,
00FFFCFE,
00000501,
000005FC,
0000FEFE,
0000FEFB,
00000000,
00000808,
000000FE,
00000304,
000002FF,
0000FF0B,
000003FF,
0000F603,
000001FC,
00000008,
0000FF03,
00FF0603,
00FF02FE,
00FF03FF,
00FFFE05,
00000804,
00FF0100,
00FF00FD,
00000104,
00010BFE,
000002FF,
000003FF,
00FF0202,
0000F904,
0000FF00,
0000FE00,
00000703,
00000A0D,
00000001,
00FF0002,
00000000,
00000706,
00000100,
00000201,
0000FFFC,
0000F9FC,
00FFFF00,
000002FF,
0000F702,
00FFFF01,
00000001,
00FF0301,
00FF03FE,
0000FEF7,
00FF01FF,
00000101,
0000FE00,
0000FF03,
00FF05FE,
00000503,
00FFFEFE,
00000100,
0000FF00,
000001FE,
0000FD01,
00000403,
00000001,
0000FF03,
000001FB,
00000005,
0000FFFF,
00FF02FE,
0000FCFB,
000002FE,
00FFFE00,
00FF00FF,
0000FF02,
000000FB,
0000FF02,
00FFFFFF,
0000FE05,
00FFFE0A,
0000FE01,
000000FF,
00000104,
000002FB,
00000000,
00FFFFFF,
000004FE,
000000FF,
00000003,
000001FF,
0000F806,
0000FBFA,
00000002,
00FF00FF,
0000FDFF,
0000FCFC,
0000FF01,
00000001,
000004FE,
000002F9,
00FFFD01,
00FFFF02,
0000FF00,
000003FF,
0000FF01,
00000002,
00FFFDF3,
000003FB,
00000300,
0000FC00,
00FFFE0B,
0000FFF8,
000001FD,
000000FC,
00000404,
0000FA03,
000000FD,
0000FD00,
000002FE,
00FFFDFF,
00000201,
0000FB00,
00FF00EC,
0000FE01,
00000200,
0000FCFD,
00FF01F3,
0000FB01,
00FF0103,
00FFFCFE,
000006FA,
000002F3,
00FF01FF,
00FF01FD,
000000FB,
0000FB01,
00FFFF01,
0000FE02,
000002FE,
00000806,
00000002,
0000FD02,
000000FC,
000001FF,
000003FF,
0000FD02,
0000FBFE,
0000F802,
00000300,
00000304,
00FFFC04,
0000FD02,
00FF0000,
00FFFE01,
0000FF01,
0000FEFF,
00000100,
0000FDFD,
000002FF,
0000F7FF,
000000FF,
00FFFD00,
000000FC,
0000F602,
000001FE,
0000FE00,
0000FDFA,
0000FE01,
00FFFFFF,
00000001,
0000FCFC,
00FFFFFD,
00000000,
00000002,
0000FFFD,
00FFFC01,
00000100,
00000101,
00FFFFFB,
0000FD02,
000000FF,
000000FD,
0000FE06,
0000FFFD,
000004FC,
00FFFD00,
00000304,
000001FC,
00FF0001,
0000FFFB,
00FF0000,
00FFFD04,
0000FF01,
000000FE,
0000FA0A,
000002FB,
0000FE02,
00FF00FD,
00000603,
000006FF,
00000000,
0000FE00,
0000FE01,
00000003,
00000000,
0000FF00,
0000FE00,
00000301,
0000FD00,
0000FF03,
000007F9,
00FFFE03,
00000100,
00000201,
00FFFE03,
0000FFFC,
00000101,
0000FF02,
00FFFA00,
000001F7,
00FF0203,
00000102,
000007FA,
0000F9FF,
00010302,
00FFFE01,
00FFFE08,
0000FAFB,
00000000,
0000FFFF,
00FF0602,
00000109,
00000001,
000000FF,
000003F3,
000002FB,
0000FFFF,
0000FE00,
00000207,
00FFFEF6,
00000201,
00FFFE00,
00000104,
00000101,
00000000,
000000FE,
000001FD,
0001FEFB,
00000001,
0000FDFD,
00000402,
00FF0100,
00000201,
0000FFFE,
0000FE03,
000008FE,
0000FDFF,
000001FD,
0000FE00,
000001FD,
00FFFDFF,
000000FD,
00000504,
0000FFFD,
00000001,
0000FCFD,
000005F8,
0000FFFE,
00FF0301,
00FF02FD,
00FF0104,
00000402,
00000301,
00000201,
0000FDFC,
00000300,
0000FF01,
00000002,
0000FD01,
0000FC00,
00000000,
000002FF,
000002FA,
0000FDFA,
00FFFFFE,
00FF0000,
000000FA,
000000FD,
0000FFFD,
0000FE00,
0000F9FE,
0000FC01,
00FFFF00,
0000FD02,
00FF04FB,
0000FDFE,
00000200,
00000101,
0000FFFF,
0000F4FC,
000000FF,
000001FF,
0000FFFE,
00000502,
0000FF01,
00FF02FF,
0000FEFF,
00000206,
000002FE,
000000FD,
0000F800,
000003FE,
000005FE,
0000FE02,
00FF0402,
0000FEFD,
0000FF02,
00000000,
00000604,
0000FEF8,
00000101,
0000FE05,
00000705,
0000FE05,
0000FE00,
00FFFEFC,
000001FD,
000008FB,
00000201,
00FFFFFF,
0000FD03,
000004FC,
00000000,
0000FF00,
000002FC,
0000FC08,
00FFFFFE,
00FFFE00,
00FFFF02,
0000FD00,
000001FE,
0000FD02,
00FFFEFE,
0000030F,
00FF00FE,
0000FE00,
0000F900,
00FF0405,
00000202,
0000FF01,
0000FE09,
00000005,
00FF0001,
0000FE03,
0000F904,
000004FF,
000000FD,
0000FE02,
000004F7,
00000407,
00FF0001,
00000102,
00000301,
0000FE01,
00FFFF01,
00000201,
0000FCFD,
0000FAFD,
0000FDFF,
00000000,
00FFFBFB,
0000F701,
0000FF00,
000000FE,
000003FC,
000004FA,
0000FD01,
000004FE,
0000FB09,
0000FE02,
0000FE00,
000001FE,
0000F9FE,
0000FEFE,
00FFFFFE,
00FF03FF,
000001F9,
000008FF,
0000FFFE,
00000201,
000000FF,
000003FC,
000003FF,
00000100,
00FF06FB,
0000F9FF,
000002FF,
00FF0102,
00000602,
000007FE,
00FF0102,
00000002,
00FFFBFC,
0000FDF2,
0000FE01,
000001FF,
000002FC,
000002F9,
0000FE00,
00000200,
0000FBFC,
00FF07FD,
00FF0100,
000000FF,
0000FFFD,
00000206,
00FF0000,
00FFFE01,
00FFFAFD,
000008F9,
0000FF01,
00FF0102,
0000FFFF,
0000FF00,
00FF00FF,
00FF0203,
00000005,
00FF03ED,
00000000,
00FF03FE,
00000100,
00FF0901,
00000000,
00FF00FD,
00000001,
00000207,
000000FE,
00000200,
0000F9FE,
00000101,
000006FD,
0000FDFE,
0000FDFC,
00FFFC01,
00000000,
0000FC03,
00000302,
000002FF,
00000000,
0000FA05,
0000FC07,
00FFFDF7,
0000FF02,
00FF00FF,
000006FD,
00000200,
00000203,
00FFFEFD,
00FF01F8,
00FF01FC,
00FF02FF,
00FF0000,
00FFFB04,
0000FFFC,
00000100,
00000101,
000003FD,
00FFFC02,
00FFFFFF,
00000001,
00FF01FC,
000001FB,
00FFFEFF,
00FF0102,
0000FC04,
00000AFD,
00000000,
00000002,
0000FE07,
000008FE,
00FFFF00,
0000FF02,
0000FC04,
0000FC0A,
000000FF,
00FF0001,
00000B01,
0001FF06,
0000FFFF,
00000000,
0000FCFD,
00010608,
0000FFFF,
000001FC,
00000408,
00FF06FF,
00FFFFFE,
00000100,
00000400,
0000FCFE,
000000FF,
00000001,
00FFFE03,
000101FE,
0000FFFF,
00000000,
0000FCFD,
0000FCFE,
000000FF,
000000FF,
0000FBF9,
0000FDFE,
000002FF,
00000001,
000001F7,
00FFFF00,
0000FF01,
0000FE01,
000009FE,
00000302,
00FF0000,
000001FF,
00FF00FB,
0000FB06,
000001FF,
00000001,
000000FC,
0000FD02,
000000FD,
00FFFE00,
00FFFEFB,
00000DFE,
000001FD,
00FFFF01,
00000001,
000002FF,
00000000,
000000FF,
0000FF03,
0000FCF5,
000002FE,
000001FE,
00FFFB01,
00000508,
0000FF01,
0000FF01,
00000001,
000004EF,
00FFFEFF,
00000201,
00FF0504,
00FF04F4,
0000FD00,
00FFFF03,
00FFFA04,
000007FE,
00FF01FE,
00000401,
0000F400,
000001FC,
00FF00FE,
00000201,
0000F600,
00FF08FA,
0000FF00,
00FF0101,
0000F900,
0000FE04,
00FF05FC,
0000FDFE,
00FFFBFF,
0000FE01,
00FF0000,
0000FD04,
00FF0101,
0000FF01,
00FF0001,
0000FD01,
00000602,
00FF03FE,
00000102,
0000FFFE,
0000F502,
00000CFB,
0000FFFF,
0000FF00,
00FFF5F9,
000005FE,
000000FF,
0000FF00,
00000601,
00000002,
0000FDFE,
000001FE,
00FF06FC,
00000600,
00000000,
00000100,
00FF08F8,
00000400,
0000FFFF,
000002FF,
0000FD02,
00FFFE02,
00000000,
00000200,
000000F9,
0000FB06,
00FF01FF,
00000001,
000001FD,
0000FD02,
000000FF,
00FFFF00,
00000705,
0001FC14,
00000000,
00FF00FF,
00FFFEFE,
00010102,
00FF01FF,
0000FE00,
00000303,
00000302,
000001FE,
00FFFF01,
0000FE00,
0000FEFE,
0000FFFF,
00FFFF01,
0000FEFF,
0000F8FA,
000001FF,
00000000,
000001FB,
000108FE,
0000FE00,
00000101,
0000FCFD,
00000603,
0000FF01,
00000101,
0000FCFB,
00010401,
00000000,
00000300,
0000FC02,
000003FB,
00FF0202,
00000100,
0000F709,
00000500,
0000FFFF,
00000101,
00FFFDFB,
000009FF,
0000FEFE,
00000201,
0000F9F8,
00FFFAF7,
00FFFE00,
00000000,
00FFFB06,
00000100,
00FF0100,
00000200,
00000406,
000004FB,
00FF01FF,
00000001,
00FF04FF,
0000FFFA,
00000100,
00000000,
00FF06F4,
0000FF03,
00000201,
00000000,
0000FFFF,
0000FD05,
00000001,
0000FF02,
0000FA08,
0000030A,
00000102,
00000100,
0000F701,
000012FE,
00000000,
000000FF,
00FFFD02,
000005F1,
0000FD02,
00000300,
00FFFA08,
00FFFF00,
000005FE,
000002FF,
000000F9,
0000FF03,
00000000,
0000FFFF,
00000AFE,
00FF0303,
00FFFEFF,
0000FA02,
00000004,
0000FFFD,
00000000,
00000002,
00000003,
000003FA,
0000FEFF,
000000FF,
00000007,
0000FD06,
0000FD00,
000001FF,
00FF0600,
00000002,
0000FE01,
00000000,
0000FF04,
0000FB09,
00FFFF01,
0000FF00,
0000FF06,
00000303,
0000FF00,
00000001,
00FF0307,
00FF02FA,
0000FF01,
0000FEFF,
00000402,
000002FA,
000000FF,
00000000,
0000FE05,
0000FC00,
00FF0000,
00FFFE01,
00FF0105,
0000FCFE,
00FFFFFE,
0000FD00,
0000F902,
0000F9FD,
000001FE,
00FF0001,
0000FFF9,
000003FF,
000000FE,
0000FF01,
000006FC,
00000906,
00FFFE00,
00000100,
0000FF01,
000003FB,
000000FF,
000001FF,
0000FFFE,
00FF0405,
0000FFFF,
0000FE01,
00FF0001,
00000403,
0000FFFE,
0000FE01,
0000FAFF,
000003F5,
0000FFFF,
0000FF00,
0000FC04,
00000002,
00FFFF00,
00FFFF01,
0000010D,
00FF03FD,
00000001,
0000FF00,
0000FFFF,
00000203,
00000001,
00FF0000,
0000F8FC,
000008FC,
0000FF03,
00000001,
00000403,
000003FE,
000000FF,
00000100,
0000FFFD,
0000FDFE,
0000FF02,
00000001,
0000FD03,
000005FD,
0000FE03,
0000FFFD,
0000F4F9,
000003FD,
0000FE03,
00FF00FE,
000000FB,
00000600,
00000002,
000001FF,
00FF04FC,
0000FC08,
00000003,
00000000,
0000F90A,
000000FF,
00000000,
00FFFFFF,
00000405,
00000BFC,
0000FD02,
00000100,
0000FFFD,
000002FE,
00FF05FD,
00FF0001,
000002FE,
0000FF04,
0000FE03,
00000005,
00000300,
0001FE03,
0000FEFF,
000000FD,
0000FB02,
0000FC09,
00FF0002,
0000FF03,
000003F7,
00000000,
0000FFFF,
00000200,
000006F6,
0000FBFA,
000002FE,
00FFFDFF,
0000FEFE,
0000FD05,
000002FC,
000004FF,
0000FF02,
000000FA,
00000001,
00000002,
00FF00FB,
00000006,
0000FF03,
00000104,
000001FE,
00FF0400,
00000401,
00FF0005,
00FF0600,
0000FE0D,
000003FF,
00000202,
00FFFDF7,
00FFFD0A,
000000FE,
000003FF,
0000FDFE,
0000FF00,
00000101,
0000FFFE,
0000FF00,
0001FE05,
00FF0000,
0000FBFC,
0000FFF8,
0000F700,
00000203,
00FFFC00,
0000FDFC,
0000F8F4,
0000FE03,
0000FAFD,
00000101,
0000FDFE,
0000FFFF,
0000F8FD,
0000FD01,
00FFF409,
00000100,
00FFFDFE,
0000FEFC,
00FFF7FF,
00000301,
0000FEFF,
000000FC,
0000FC03,
0000FF02,
000001FE,
00000107,
00000303,
00FFFE01,
0000FA02,
0000FD05,
00000000,
00000500,
0000F804,
000001FE,
00000303,
000004FF,
0000F803,
00000304,
0000FDFF,
00000301,
00FFFCFF,
00FF0204,
00FFFC0A,
000002FE,
00000001,
0000FF05,
00FF02FE,
000000FF,
00000101,
0000F9FD,
0000FC02,
0000FE03,
00000101,
00FFFDF8,
00000406,
00FF0002,
0000FE02,
000003FB,
00000905,
00000002,
00000203,
00000601,
000007FF,
00000001,
00FF0306,
0000FE04,
00FF0003,
00000200,
0000FE01,
0000FE06,
0000FDFD,
0000FE00,
0000FE03,
00FFFD03,
000001FF,
00FF05FE,
0000FEFF,
00000000,
00FF00FF,
000004FF,
00000100,
0000FF09,
0000000C,
00000300,
000000FF,
00FF010D,
00000401,
000004FF,
00FFFF00,
0000F806,
0000FB00,
000004FF,
0000FD00,
0000050A,
00FF02FC,
000004FF,
000001FD,
00000A01,
00FFFD05,
000002FF,
00000501,
0000FE00,
0000FB01,
000002FF,
00FF0402,
000001F9,
00000005,
000002FF,
00000201,
00000005,
00FF0102,
00FF03FF,
000004FF,
0000FE04,
0000FA00,
000003FF,
000002FE,
0000FF09,
00000502,
000002FE,
000004FC,
0000FE08,
0000FF00,
00000200,
000003FC,
00FFFE03,
000000FE,
00000200,
00FF02FC,
000000FE,
0000FEFB,
00FF01FF,
0000FE00,
00FF00FF,
0000FBFB,
00FF01FF,
000000FF,
00FF0200,
000004FD,
00000100,
000002FF,
00FF02FC,
0000FEFA,
000002FF,
000000FE,
0000F900,
0000FFFF,
00000200,
00FF04FE,
00FFFB09,
000001FC,
00000200,
000003FF,
0000FEFF,
00FF0003,
00000300,
000000FE,
00000104,
0000FFFD,
000003FF,
000003FF,
00FFF908,
0000FFFF,
000002FF,
00000503,
0000F407,
00FF04F9,
00FF02FE,
00FF0104,
0000F603,
000003F7,
00FF02FF,
00000300,
00000104,
00FFFAFA,
000002FF,
00000400,
00FFFC04,
000001FD,
000003FF,
000002FC,
0000FDFD,
00000404,
000003FF,
000003FE,
000000FB,
00000301,
000003FF,
00000100,
0000FBF9,
00000102,
000004FE,
00000303,
0000FEF8,
00000602,
000005FD,
00000202,
000004FD,
000005FB,
000003FF,
0000FF01,
00FFFE06,
0000FD01,
000009FA,
00FF0000,
000003FE,
00FE0000,
000300FF,
00090000,
00FF0000,
00020000,
00020000,
00FF0000,
000000FF,
00000000,
000200FF,
00020000,
00010000,
00000000,
00000000,
00040000,
00FFFF00,
00FFFF00,
00FF00FF,
000000FF,
00FFFF00,
00FF0000,
00FE0000,
00FE0000,
000100FF,
00020000,
00FF0000,
00010000,
00FD0000,
00FF0000,
00010000,
00FE00FF,
00FE0000,
00FF0000,
00FF0000,
00FD00FF,
00FF0000,
00050000,
00010000,
00070000,
00010000,
00FD0000,
00010000,
00030000,
00010000,
00020000,
00FE0000,
0005FF00,
00010000,
00FE0000,
00FF0000,
00FE0000,
000000FF,
00020000,
000000FF,
00020000,
000400FF,
00000000,
00020000,
00FC0000,
00FAFFFF,
00FF00FF,
00000000,
00FB0000,
00FDFF00,
00010000,
00FF0000,
00020000,
000BFF00,
00060000,
00010000,
00080000,
00010000,
0003FF00,
00000000,
00040000,
00FC0000,
00070001,
00000000,
00FA0000,
00010001,
00000000,
00FF0000,
00000000,
00000000,
00010000,
00FF0000,
00FD00FF,
00060000,
00010000,
00FE00FF,
00FC0000,
00070000,
00040001,
00FF0000,
00FB0000,
00000000,
00020000,
00000000,
00FF0000,
00030000,
00050000,
00FFFF00,
0001FF00,
00000000,
00020000,
00FF0000,
00FE0000,
00FE0000,
00010000,
0000FF00,
00000000,
0000FF00,
00FC0000,
0001FF00,
00040000,
00020000,
00FF0000,
0001FF00,
00010000,
00000000,
00000001,
00010000,
00FF0000,
0001FF00,
00FA0000,
00030000,
00010000,
00FD0001,
0001FFFF,
00000000,
00FF0000,
00FD0000,
00FE0000,
00FD00FF,
00FA0000,
00000000,
00FA0000,
00010000,
00FD0000,
00F50000,
00FD0000,
00000000,
00FF00FF,
00020000,
00000000,
00FF0000,
00FDFF00,
000300FF,
00F200FF,
000000FF,
00FE0000,
000200FF,
00F60000,
00FF0000,
00000000,
00FB0000,
00FA0000,
000000FF,
00000000,
00FE0000,
00FF0000,
000000FF,
00FE00FF,
00FD0000,
00F90000,
00FF0000,
00FF00FF,
000D0000,
00FE0000,
00FE0000,
000100FF,
000600FF,
00FC0000,
00FF0000,
00020000,
00050000,
00030000,
00FE0000,
00010000,
00050000,
000300FF,
00000000,
00FC0000,
00FA0000,
00090000,
00FF0000,
00030000,
00060000,
00050000,
00FF0000,
00FD0000,
00080000,
00040000,
00FE0000,
00020000,
00FE00FF,
000D0000,
00010000,
00010000,
00040000,
00000000,
00FE0000,
00FE00FF,
00FE0000,
00FE0000,
00000000,
00FE0000,
00FC0000,
00000000,
0001FF00,
00FC0000,
00FA0000,
00FD00FF,
00FC0000,
00F90000,
00020000,
00FC0000,
00FD00FF,
00FA0000,
00F80001,
00FD00FF,
00FD0000,
00000000,
00F70000,
00050000,
00FB0000,
00030000,
00FC0000,
00040000,
00FE00FF,
00040000,
00060000,
00F70000,
00020000,
00010000,
00FD0001,
00080000,
00010001,
00FC0000,
000B0000,
00020000,
00000000,
00020000,
00010000,
00FF0000,
00FD0000,
00030000,
00FF0000,
00FC0000,
00FC0000,
00030000,
00040000,
00000000,
00010000,
00010000,
00F70000,
00FD00FF,
00FF0000,
00020000,
00040000,
00020000,
00FD0000,
00060000,
0002FFFF,
00080000,
00000000,
00010000,
000E0000,
00FB0000,
000000FF,
00FF0000,
00FA0000,
00FC0000,
00010000,
00FE0000,
00040000,
000400FF,
00010000,
0000FF00,
00010000,
00010000,
00000000,
0001FFFF,
00FF0000,
00FD00FF,
000100FF,
00020000,
00FC0000,
00FF0000,
00FF0000,
000100FF,
00FD0000,
00050000,
00FF0000,
00010000,
00FF0000,
00020000,
000100FF,
00010000,
000300FF,
00FE0000,
00FF00FF,
00020000,
00000000,
00FA0000,
00FE0000,
00FE00FF,
00030000,
00030000,
00020000,
00000000,
00FB0000,
00010000,
000000FF,
00FE0000,
00020000,
00FE0000,
00FF00FF,
00FC0000,
00FD0000,
000100FF,
00FF00FF,
00FF00FF,
000100FF,
00010000,
00FF0000,
00000000,
00FF0000,
00010000,
00FF0000,
00010000,
00F90000,
000100FF,
00020000,
00FE0000,
0004FF00,
00000000,
00020000,
00FF0000,
00030000,
00050000,
00FE0000,
00FC0000,
00020000,
00FD0000,
00FF0000,
00FF0000,
00030000,
00F10000,
00000000,
00FF0000,
00020000,
000A0001,
00000000,
00030000,
00020000,
00FD0000,
00FF00FF,
00FF0000,
000B0000,
00FB0000,
00010000,
00010000,
00FF0001,
00FB0000,
00010000,
00FFFF00,
00020000,
00FA0000,
00020000,
0001FF00,
00050000,
00FCFF00,
00020000,
00000000,
00050000,
00030001,
00010000,
00010000,
00FE0000,
00FC0000,
00030000,
00020000,
00FE0000,
00FF0000,
00FF0000,
000100FF,
00010000,
00FC0000,
00FE0000,
00040000,
00FE0000,
00FA0000,
00FF00FF,
00020000,
00030000,
00020000,
00000000,
00000000,
00FF0000,
000200FF,
00010000,
00010000,
00000000,
00FE0000,
00010000,
00FE0000,
00FC0000,
00000000,
00FF00FF,
00FE0000,
00FE0000,
00FE0000,
00030000,
00FD0000,
00FE0000,
00000000,
00FF00FF,
000100FF,
00FA00FF,
00000000,
00FE0000,
00010000,
00FE0000,
00FD0100,
00FE0000,
00030000,
00FC0000,
00FD0000,
00010000,
00050000,
00010000,
00FC0100,
00020000,
00050000,
0003FF00,
00030000,
000100FF,
000500FF,
00020000,
00FE0000,
00000000,
00060000,
00FE0000,
00020000,
00FF0000,
00010000,
00FD0000,
00FF0000,
00020000,
0003FF00,
000000FF,
00040000,
0007FF00,
0007FFFF,
00FD0000,
00040000,
00070000,
00000000,
00FD0000,
00FF0000,
00020000,
00FE0000,
00000000,
00FA0000,
00FF0000,
00050000,
00010000,
00FB0001,
00FD0000,
00000000,
00010000,
00FF0000,
00FE0000,
00FE0000,
00030000,
00FF0000,
00FF0000,
00FF0000,
00000000,
000200FF,
00FF0000,
00020000,
00020001,
00FB0000,
000000FF,
00FF0000,
00FF0000,
00FF0000,
00FF0000,
00020000,
00FD0000,
00FF0000,
00FFFF00,
00FE0000,
00F90000,
00F90001,
0001FF00,
00FF0000,
00050000,
00F90000,
00010000,
0002FF00,
00FF0001,
00020000,
000000FF,
00020000,
00FF0000,
00000000,
000200FF,
00FF0000,
00000000,
00020000,
00FE0000,
00FD0000,
00010000,
000000FF,
00000000,
00030000,
00010000,
00000000,
00030000,
0002FF00,
00FD00FF,
00000000,
00030000,
00FF0000,
00010000,
00040000,
00FF0000,
00000000,
00FF0000,
00FF0000,
000200FF,
00FD0000,
00010000,
00020000,
00FE00FF,
00FD0000,
00FF0000,
00010000,
000000FF,
00020000,
00010000,
00FB0000,
00FD0000,
000100FF,
00FB0000,
00070000,
000400FF,
0000FF00,
00FB00FF,
00FE0000,
000300FF,
00FE0000,
00FFFF00,
00FC0000,
00050000,
00FC0000,
00FC0000,
00FC0000,
00070000,
00FE0000,
00FD0000,
00FB0100,
00FE0100,
00F80000,
0002FF00,
00FE0000,
00FF0100,
00020001,
00FE00FF,
00FB0000,
00010000,
00010000,
00010000,
00FD0000,
00FB0000,
00000000,
00FF0000,
00F60000,
000300FF,
00010000,
00FEFFFF,
00FE0000,
00020000,
00000000,
0002FF00,
00FF0000,
00FD0000,
00030000,
00FE0000,
00FF0000,
00010000,
00050000,
00FB0000,
00020000,
00FD0000,
00FF0000,
00FC0000,
00FF0000,
00010000,
00FE0000,
00020000,
00010000,
00020001,
00FB0000,
00020000,
00FC0000,
00FE0000,
00030000,
00080000,
00F900FF,
00000000,
00030000,
00030000,
00FD0000,
00FF0000,
00FF0000,
00060000,
00FD0000,
00FC0000,
00FF0000,
00FA0000,
00FB0000,
00020000,
00000000,
00FE0000,
00FB0000,
000000FF,
0002FF00,
00040000,
00020000,
00010000,
00060000,
00FF0000,
00050000,
000200FF,
00020000,
00FD0000,
00FF0000,
00FF0000,
00010000,
00FD0000,
00FB0000,
00000000,
00FF0000,
00020000,
00F80000,
0002FF00,
00020000,
000400FF,
00F60000,
00FE00FF,
00FF0000,
00FC0000,
00030000,
00000000,
00FF0000,
00020000,
00040000,
00010000,
000300FF,
00000000,
00030000,
00FE00FF,
00FE0000,
000100FF,
00020000,
00FD0000,
00FD0000,
00030000,
00FD0000,
00FE0000,
00030000,
00000000,
00FB0000,
00000000,
00FBFF01,
00FBFF00,
00FE0000,
00010100,
00FD0000,
00FC0000,
00000000,
00010100,
00FDFF00,
00050000,
00F80000,
00010000,
00030000,
00FC0000,
00FB0000,
000400FF,
00020000,
00F80000,
00F6FF00,
00040000,
00030000,
00030000,
00FE0000,
00040000,
00040000,
00FB0000,
000100FF,
00FE0000,
00060000,
00FC0000,
000100FF,
00060000,
0007FF00,
00FB0000,
00000001,
00030000,
000FFF00,
00030000,
00070000,
00010000,
000F00FF,
0000FF00,
00010000,
00FD0001,
00040000,
00010000,
00FC0001,
00040000,
00FC0000,
00FE0000,
00FC0000,
00010000,
00F90000,
00030000,
00000000,
00FB0000,
00FD0000,
00000000,
00FD0000,
00000000,
00FD0000,
00030000,
000100FF,
00FB0000,
00FF0000,
00080000,
000300FF,
00FF0000,
00FF0000,
00FF0000,
00FF0000,
00020000,
00FC0000,
00FD0000,
00FE0000,
00010000,
00020000,
00050000,
00F80000,
00FD00FF,
00020000,
00080000,
00050000,
00FF0000,
00040000,
00FA0000,
00FE0001,
00030000,
00000000,
00FF0000,
0004FF00,
00010000,
00040000,
00FE0000,
00FA0000,
00FD0000,
000300FF,
00FD0000,
00FC0000,
00000000,
00000000,
00010000,
00FA0000,
00FE0000,
00FC0000,
00010000,
00000000,
00010000,
00000000,
00FE0000,
00FE0000,
00010000,
00FF0000,
00FF00FF,
00FF0000,
00FF0000,
00F90000,
00010000,
00FE0000,
00FC00FF,
00030001,
00010000,
00040000,
00FD00FF,
00040000,
0002FF00,
00FF0000,
000101FF,
00FB0000,
00FE0000,
00F30100,
00FF0000,
00FF0000,
0001FF01,
00FC0100,
00040100,
00040000,
00FF0000,
00FC0000,
00060100,
00FF0000,
00F90000,
00F40100,
00020000,
00FA0000,
00FE0000,
00FE00FF,
00010000,
00FB00FF,
000400FF,
00F80000,
000000FF,
00F6FF00,
00000000,
00FA01FF,
00000000,
00FE0000,
00FD0000,
00FD0000,
00FA0000,
000B0000,
00F60000,
00040000,
00020000,
00070000,
000000FF,
00090000,
00FDFF00,
00FB0000,
00FD0000,
00090000,
00030000,
00060000,
00030000,
00FC0000,
00040000,
00050000,
00040000,
00FF0000,
00FC0000,
00FA00FF,
00030000,
00000000,
00FD0001,
00F500FF,
00000000,
00FF0000,
00030000,
00FA0000,
00010000,
00000000,
00020001,
00FA0000,
00010000,
00FD00FF,
00FF0000,
00010000,
00FCFF00,
00050001,
00030000,
00000000,
00090000,
00FE0000,
00FF0000,
00FF0000,
00070000,
00000000,
00FE0000,
00010000,
00060000,
00030000,
00FD0000,
00010000,
00FEFF00,
0002FF00,
00040000,
00FF0000,
00080000,
00FFFFFF,
00020000,
00020000,
00FD0000,
00000000,
00000000,
000100FF,
00010000,
00010000,
00030000,
00FE0000,
00FC0000,
000100FF,
000100FF,
00FEFF00,
00FF0000,
00FF0000,
00040000,
00FF0000,
000300FF,
00FE0000,
00030000,
00060000,
00FE0000,
00FC0000,
00050000,
00080000,
00020000,
000500FF,
00040000,
00060000,
00020000,
00FF00FF,
00FE0100,
00040001,
00010000,
00FF0000,
000500FF,
00040000,
000300FF,
00F801FF,
00020000,
00060000,
00050000,
00010100,
00070100,
00020000,
00FF0000,
00F50000,
000800FF,
00FF0000,
00FF0000,
00050100,
00010000,
0003FF00,
00010000,
00070001,
00030000,
00FF0000,
00F600FF,
00000000,
00FD0000,
00F80000,
00FC0000,
00F90001,
00FA0000,
00010000,
00040000,
00FE0000,
00FCFF00,
000500FF,
00030000,
00FD0000,
00FA0000,
00050000,
000100FF,
00FE0000,
00FB0000,
0008FFFF,
00FF0000,
00000000,
00FF0000,
00040000,
000C00FF,
00050000,
00060000,
00000000,
00020000,
00000000,
00FC0000,
00020000,
000000FF,
000000FF,
00010000,
00030000,
000500FF,
00000000,
00010000,
00FF0000,
00010000,
00FC0000,
00FF0000,
00FE0000,
00FF0000,
00FE0000,
00FF0000,
000000FF,
00010000,
00030000,
00000000,
00FA00FF,
00010000,
000000FF,
00000000,
00010000,
00070000,
00050000,
000000FF,
00FE0000,
000B0000,
00000000,
00FF0000,
00FE0000,
00FF0000,
00020000,
000300FF,
00FE0000,
00050000,
00FF0000,
00000000,
00020000,
00FE0000,
00FE0001,
00FF0000,
00010000,
00FC00FF,
00070000,
00FF0000,
00000000,
00000000,
00FE0000,
00010000,
00010000,
00030000,
000A0000,
00030000,
00FE00FF,
00020000,
00040000,
00040000,
00030000,
00000000,
00010100,
00FE0000,
00FD0000,
00000000,
00030000,
00020000,
00FF0000,
00010000,
00FE0100,
000400FF,
00030000,
000100FF,
00FC00FF,
00060000,
00030001,
0004FFFF,
00F50000,
00010000,
0002FF00,
000300FF,
00FB0100,
000600FF,
00050000,
00FA0000,
00FC0000,
00070000,
00010000,
00F90000,
00FC0000,
00030000,
00020000,
00FB0000,
00ED0000,
00060000,
00030000,
000100FF,
00080000,
00040000,
00000000,
00040000,
000D0001,
00010000,
00010000,
00F80000,
00070000,
0001FF01,
0000FF00,
00050000,
00020000,
00F90000,
0006FF00,
00FA0000,
00FEFF00,
00FE0000,
00080000,
00070000,
00FE0000,
00010000,
00000000,
000A0000,
00040000,
00000000,
00050000,
000300FF,
00030000,
00030000,
00FC00FF,
000B0000,
00000000,
0000FF00,
00F70000,
00FF0000,
00FBFF00,
00FE0000,
00080000,
000000FF,
00010000,
00020000,
000400FF,
00F9FF00,
00000000,
00000000,
00FC0000,
00000000,
00FD0000,
00FD0000,
00FD00FF,
00FB0000,
00FE0000,
00010000,
00030000,
0005FF00,
00FF0000,
00FF00FF,
00000000,
00FF0000,
00010000,
000000FF,
00000000,
00030000,
00020001,
00020000,
00010000,
00FE0000,
00FE0000,
00FF0000,
00010000,
00FF0000,
00FA0000,
00FF0000,
00FE0000,
00FB0000,
0000FF01,
00FE0000,
00FF0000,
00030000,
00000000,
00020000,
00FF0000,
00000000,
00030000,
00000001,
00020000,
00FFFF00,
00030000,
00000000,
00FB0000,
00000000,
00070000,
00FF00FF,
00EF00FF,
00020000,
000200FF,
000A0000,
00F90000,
00000000,
00010100,
00070000,
00F80000,
00070000,
00FE0000,
00FF0000,
00F80001,
00130000,
00FC0000,
00010000,
00020000,
00020000,
00010000,
00060000,
00FFFF00,
00FF0000,
00F10000,
00050000,
00000000,
00060000,
00070000,
00080000,
0000FF00,
00020000,
00FD0000,
00060000,
00020000,
00010000,
00000000,
00030000,
00010000,
00030000,
00010001,
00010000,
00030000,
00FAFFFF,
00FE0100,
00000000,
0009FF00,
00F80000,
00040000,
00FE0000,
000F0000,
00F80000,
00FB0000,
00FF0000,
000A0000,
00020000,
00F30001,
00FE0000,
00040000,
000A0000,
00030000,
0000FF00,
00050000,
000500FF,
00FC0000,
0007FF01,
00000000,
00050000,
00FB0000,
00010000,
00000000,
00000000,
00F80000,
00020000,
00000000,
00000000,
00FF0000,
00FC0001,
000A0000,
00FE0000,
00000000,
00FD0000,
00FC01FF,
00FC0000,
00FA0001,
00FF0000,
000500FF,
00FDFF00,
00F80000,
00FF0001,
00040000,
00FDFF00,
00FF0000,
00000000,
00FE0000,
00FB0000,
00FA0000,
00FD0000,
00010000,
00040000,
00FB0000,
00030000,
00020000,
00FF0001,
0003FF00,
00000000,
00FF0000,
00020000,
000200FF,
00FE0000,
00FF00FF,
00FA0000,
00FD00FF,
000000FF,
000200FF,
00FE0000,
00050000,
000600FF,
00060000,
0000FF01,
00040000,
00000000,
00050000,
0001FF00,
00030000,
00010000,
00F10000,
00000000,
00060000,
00020000,
00F60000,
00000000,
00FA0000,
00000000,
00FB0000,
00000000,
00FC0100,
00FE00FF,
00F50000,
00F90000,
00FC0000,
00FB0000,
00FB0000,
000A0000,
00020000,
00020000,
00F90000,
000700FF,
00FF0000,
00030000,
00FB0000,
000300FF,
000F0000,
000700FF,
00FCFF00,
000200FF,
00000000,
000C0000,
00000000,
00040000,
00FF0000,
0001FF00,
00010000,
00FF0000,
00FB0000,
00020000,
00FDFF00,
00030000,
00FE0000,
00FF0000,
000300FF,
00FA00FF,
00FC0000,
00020000,
00080000,
00F80000,
00F70001,
00FCFF00,
000F0000,
00F400FF,
00F80000,
00FA0000,
00100000,
00080000,
00F30000,
00010000,
000700FF,
00050000,
00F90000,
0001FF00,
00030000,
000000FF,
00000000,
00050000,
000200FF,
00020000,
0001FF00,
00030000,
00020000,
00010000,
00010000,
00060000,
00FF0000,
00FDFF00,
00FC0000,
00FF0000,
00FC00FF,
00FF0000,
00020000,
00010000,
00F70000,
00FFFF00,
00010000,
00020000,
00030000,
00FBFF00,
000000FF,
00000000,
00050000,
00030001,
00FB0000,
00010000,
00FF0000,
00020000,
00060001,
00FF00FF,
00000000,
00020000,
00FE0000,
00030000,
00000000,
00FE0000,
00FE0000,
00010000,
00FF0000,
00000000,
00030000,
00000000,
00000000,
00FE0000,
00FB0000,
00FE0000,
00010000,
00FB0000,
00020000,
00FBFF00,
00030000,
0002FF00,
00FB0000,
00FD0000,
00F80000,
00FEFF00,
00FD0001,
00FE0000,
00F40000,
00FE0000,
00FD01FF,
00040000,
00F700FF,
00040000,
00FF0100,
00FC00FF,
00FA0000,
00FB0000,
00010000,
00FA00FF,
00000000,
00E00000,
00F40100,
00FA0000,
00FB0000,
00FE0000,
00F60000,
00FB0000,
00FBFF00,
00010000,
00FD0000,
00000000,
00FB0000,
00FEFF00,
000200FF,
00FE0000,
00000000,
00040001,
00030000,
00FD0000,
000300FF,
00030000,
00FE0000,
00FD0000,
00010000,
0003FF00,
0001FF00,
00FC00FF,
00FE00FF,
00020000,
00FE0000,
0002FF00,
00040000,
00020000,
00FA0000,
0002FF00,
00090000,
00F50000,
00FA00FF,
0004FF00,
001100FF,
00F70000,
00F60000,
00FC0000,
000EFF00,
000500FF,
00F40001,
00FD0000,
0009FF00,
00090000,
00F2FF00,
00010000,
00070000,
00040000,
00FC0000,
00FFFF00,
00FF0000,
00FF0000,
00090000,
00FF0000,
00030000,
00000000,
00FEFF00,
00070000,
00050000,
0001FF00,
00FCFF00,
00050000,
00FC00FF,
00010000,
00000000,
00000000,
00050000,
00040000,
00FD0001,
00FF0000,
000D0000,
00000000,
00040000,
00FD00FF,
00040000,
00090000,
00FE0000,
00000000,
00FF00FF,
00040000,
00050001,
00010000,
00FD0000,
00FE0000,
00000000,
00020000,
00010000,
00000000,
00010000,
00FE0000,
00FF0000,
00FC0000,
00040000,
00FF0001,
00FB0000,
00040000,
00010000,
0001FF00,
00000000,
00FC0000,
00060000,
00FAFF00,
00010000,
00FE00FF,
00FE0000,
00FE0000,
00FD0000,
00FF0000,
00010000,
0003FF00,
00F20000,
00FF0000,
00FE0000,
00FA0000,
00F500FF,
00FD0000,
00F70000,
00F90000,
00FA0000,
00F700FF,
00FE0000,
00F601FF,
00FD0000,
00EC0000,
00F90100,
00FF0100,
00FC0000,
00FC0000,
00FE00FF,
00EF0000,
00F9FF00,
00FB0000,
00F2FF00,
00E90000,
00F80000,
00020000,
00150000,
00EF0000,
00FB00FF,
00060000,
000F0000,
00FB0000,
00EB0000,
00060000,
00FD0000,
00F60000,
00EB0000,
0004FF00,
00F70000,
00000000,
00E90000,
00020000,
00F90000,
00010000,
00F100FF,
00000000,
00FA0000,
00FFFF00,
00FB0000,
00FB00FF,
00F90000,
00FC00FF,
000700FF,
00F70000,
00F90000,
00FBFF00,
000400FF,
00040000,
00FB0000,
00FBFF00,
00090000,
00010000,
00FCFF00,
00020000,
00000000,
000000FF,
00FF0000,
00FC0000,
00FB0000,
00F800FF,
00010001,
0001FF00,
00070000,
00020000,
00010000,
00030000,
00020000,
0001FF00,
00000000,
00020000,
00FA0000,
00020000,
00FC0000,
00FF0000,
00FF00FF,
00020000,
00FF0001,
00FF0000,
00000000,
00010000,
00FE0000,
00FF0000,
00040000,
0001FF00,
00000000,
00020000,
00FD0000,
00040000,
00040000,
00000000,
00FA0000,
00020000,
00FA0000,
0000FF00,
00FE0000,
00FD0000,
000000FF,
00010000,
00FD0000,
00FF0000,
00060000,
00FEFF00,
00FE0000,
000100FF,
00050000,
00000000,
00000000,
0001FFFF,
00020000,
00040000,
00020000,
00F900FF,
00000000,
00050000,
00F600FF,
00FF0000,
00FE0000,
00020000,
00F70000,
00FC0000,
00010000,
00FA0000,
00F800FF,
00F80000,
00FD0000,
00F501FF,
00FC00FF,
00F600FF,
00010000,
00FD0100,
0001FF00,
00F70000,
000200FF,
00F90000,
00FC0000,
00FA0000,
00FA0000,
00EC0000,
00FF0000,
00020000,
00140000,
00E50000,
00020000,
00040000,
0008FF00,
00FF0000,
00F400FF,
00070000,
00010000,
00FBFF00,
00EB0000,
00070000,
00020000,
00FD0000,
00DF0000,
00060000,
00FD0000,
00FE0000,
00E00000,
000E00FF,
00F70000,
00FF0000,
00F40000,
000500FF,
00F50000,
00FE0000,
00F90000,
00FA00FF,
00F40000,
00F80000,
00000000,
00FAFF00,
00F70000,
00FAFF00,
00FF0000,
00F40000,
00FDFF01,
00FAFF00,
00010000,
00FC0000,
00FCFF00,
00FB0000,
00FF0000,
00020000,
000B0000,
00FFFF00,
00F9FF00,
00FEFF00,
00FE0001,
00000000,
000200FF,
00FE0000,
00FEFF00,
00FE0000,
00070000,
00FF00FF,
0003FF00,
00FA0000,
00060000,
00FC0000,
00F70100,
00FF00FF,
00FC00FF,
00FD0000,
00050001,
00000000,
00010000,
00010000,
00FE0000,
00000000,
000A00FF,
00010000,
00FF0000,
00030000,
00FB0000,
00050000,
00010001,
00FF0000,
00FA0000,
00FF0000,
00F900FF,
00010000,
00FD0000,
00000000,
000100FF,
00020000,
000000FF,
00030000,
000A0000,
00010000,
00040000,
00FB00FF,
00040000,
00FF0000,
00030000,
0004FF00,
00010001,
0001FF00,
00010000,
00010000,
00000000,
00050000,
00F90000,
00FE0000,
00FBFF00,
0002FF00,
00FE00FF,
00080000,
00FA0000,
00FA0000,
00FB0000,
00FC0000,
00F60000,
00F90100,
00FD00FF,
00020000,
00F70100,
00FD0000,
00FD0000,
00F60000,
00FF0000,
00F80000,
00FE0000,
00000000,
00F30000,
00FC0000,
00FB00FF,
000100FF,
00FA0000,
00F40000,
000300FF,
0005FF00,
000EFF00,
00F90000,
000C0000,
00070000,
0004FF00,
00FDFF00,
00F20000,
00080000,
00F90000,
00000000,
00E80000,
000A0000,
00F80000,
00FDFF00,
00F00100,
00100001,
00000000,
00000000,
00F40000,
00200000,
00F50000,
00FD0000,
00F80000,
00140000,
00F7FF00,
00FA0000,
00FC0000,
00FA0000,
00FDFF00,
00F80001,
00030001,
00EC0000,
00FD0000,
00F8FF00,
00FC0001,
00FA0000,
00050001,
00FD0000,
00FC0000,
00FC0000,
000C0000,
00010000,
00F60000,
00010000,
0001FF00,
00FB0000,
00030000,
00000000,
00020001,
00000000,
00050000,
00FD0000,
00FA0000,
00010000,
00FD0000,
000000FF,
00FC0100,
00FE0000,
00FC0000,
00FC0000,
00FE0000,
000000FF,
0001FF00,
00FD0000,
00FD0000,
00FF00FF,
00030000,
00060000,
00000000,
00040000,
00FA0000,
00060000,
00010001,
00000000,
00030000,
00000000,
00FC0001,
00020000,
00FA0000,
00030000,
00FEFF00,
0001FF00,
00FF0000,
000000FF,
00020000,
00010001,
00050000,
0000FF00,
00010000,
00030000,
00010000,
00FF0000,
00FD0000,
0002FF00,
00010000,
0003FF00,
00000000,
00010000,
00010000,
00060000,
00FF0000,
00000000,
00FC00FF,
0008FF00,
00FEFF00,
00FA00FF,
00FC0000,
00FC0000,
00FD01FF,
000100FF,
00FE00FF,
00FC0000,
00020000,
00FE0000,
00FB0000,
00FC00FF,
00F10000,
00FC0000,
00FD0000,
00000000,
00F90000,
00080000,
00F7FFFF,
0003FF00,
00060000,
000700FF,
000200FF,
00050000,
00F8FF00,
00FDFF00,
00120000,
0006FF00,
00F40000,
00FCFF00,
00000000,
00090000,
00F80000,
00FF0000,
00060000,
00040000,
00F50000,
00FD0001,
00020000,
000C0000,
00050000,
00FD0000,
00FA0000,
002200FF,
00FF0000,
00FE0000,
00F40000,
0016FF00,
00F70000,
00FCFF00,
00F4FF00,
000300FF,
00FB0000,
00FE0000,
00FE0000,
00F200FF,
00FC0000,
00FA0000,
00FD0000,
00000000,
00030001,
00FCFF00,
00F80000,
00000000,
00190000,
00010000,
00F50000,
00040000,
000A0000,
000B0000,
00000000,
00030000,
00FAFF00,
00050000,
00060000,
00FDFF00,
00FA00FF,
00050000,
00010000,
00FD0000,
00F90000,
00010001,
00FA00FF,
000000FF,
00FF0000,
00000000,
00FA0000,
00FD0000,
00FC0000,
00FF0000,
00000000,
00FD00FF,
00FF0000,
00020000,
00020000,
00000000,
00010000,
00000000,
00FC0000,
00FF0000,
00010001,
00020000,
00FD0000,
00FE0000,
000700FF,
00FE0000,
000000FF,
00FD0000,
00030000,
00000000,
000100FF,
00030000,
00FE0000,
00000000,
00000000,
00050000,
00040000,
00FF0000,
00030000,
00040000,
00FE0000,
00000001,
00010000,
00FFFF00,
00FA0000,
00FC0000,
00F90000,
00000000,
00FF0000,
00FC0000,
00FB0000,
00000000,
00FF0000,
00040000,
0000FFFF,
00FA0000,
00FE0000,
00040000,
00FB0000,
00FC00FF,
00F60000,
000A0000,
00FBFF00,
00010000,
00FD0000,
00050000,
00F90000,
00070000,
000D0000,
00030000,
00FD0000,
0007FF00,
00150000,
00FC0000,
00070000,
000300FF,
00030000,
00FE0000,
000F0000,
00FA0000,
00040000,
0001FF00,
001700FF,
00F10000,
00FE0000,
00FEFF01,
001500FF,
00FB0000,
00FA0000,
00FD00FF,
000B0000,
00000000,
00020000,
00000000,
00FA00FF,
00F90000,
00F400FF,
00F6FF00,
00F50000,
000400FF,
00F60000,
00F90001,
00FE0000,
00F90000,
00000000,
00FAFF00,
00FF0000,
00FE0000,
00080000,
00F4FF00,
00FA00FF,
00FC0000,
00100000,
000EFF00,
00000000,
00020000,
000A0001,
000C00FF,
000100FF,
00030000,
000100FF,
00030001,
00020000,
00FF0000,
00F600FF,
00030001,
00000000,
000000FF,
00FD00FF,
00040000,
00F80000,
00FDFF00,
00FA0000,
00FF0000,
00F70000,
00010000,
00FC0000,
00FE0000,
00FF0000,
00FE0000,
00010000,
00FF0000,
00050000,
00FE0000,
00FF0000,
000100FF,
00FF0000,
00FD0000,
00010001,
00020000,
00FE0000,
00FC0000,
00020000,
00000000,
00030000,
00FB0000,
00F90000,
00FF0000,
00050000,
00FE00FF,
00010001,
00020000,
00FF0000,
00FC0000,
00000000,
00FD0001,
00050000,
00FE0000,
00FE0000,
0002FF00,
00020000,
000200FF,
00000000,
00FEFF00,
00F60000,
00050000,
00020000,
00F9FF00,
00000000,
00F60000,
00FB0000,
00040000,
00FF00FF,
00FA0000,
00000000,
00070000,
00FF0000,
00F40000,
00F500FF,
00030000,
00F60000,
00FD0000,
00040000,
0005FF00,
00F800FF,
00FC00FF,
000B0000,
00010000,
00FE00FF,
00FC0000,
00FB0000,
00000000,
000C0000,
00F500FF,
00040001,
0001FF00,
00110000,
00E900FF,
00010000,
00FD00FF,
0015FF00,
00F40000,
00030000,
00FFFF00,
00140000,
00070000,
00FFFF00,
000000FF,
00010000,
00F70000,
00080000,
00F90000,
00000000,
00FF0000,
000E00FF,
00F80000,
00FD0000,
00030000,
00000000,
00FC0000,
00050000,
00FE0000,
00FA0000,
00FC0000,
000400FF,
00FC0000,
00FF0000,
0000FF00,
00000000,
00030000,
00010000,
001D0000,
00030000,
00030000,
00090000,
000600FF,
00010000,
00FC0000,
00FF0000,
00020000,
00020000,
00F70000,
00FA0000,
000601FF,
00010000,
00010000,
00FAFF00,
00020000,
00F80000,
00010000,
00F20000,
00FF0000,
00F50000,
00FD0000,
00F70000,
00FD00FF,
00FEFF00,
00F90000,
00090000,
00010000,
0002FF00,
00020000,
00030000,
00010000,
00020000,
00000000,
00FF0000,
00030000,
00FF0000,
00060000,
00020000,
00010000,
00030000,
00010000,
00F90000,
00FF0000,
00060000,
00FF0000,
00000000,
0001FF00,
00FE0000,
00FFFF00,
00FC0001,
00FE0000,
00000000,
00000000,
00FF0000,
00FE0000,
00080000,
000100FF,
00020000,
00FEFF00,
00FC0000,
00FA0000,
00020000,
00FD0000,
00020000,
00FB0000,
00010000,
00030000,
00FC0000,
00F40000,
00010000,
00FF0000,
00FD0000,
00FC0000,
00F20000,
00FF0000,
00F6FF00,
00F100FF,
00FA00FF,
00FD0000,
00F2FF00,
00FF0000,
00150000,
00FB0000,
00FB00FF,
00F80000,
00020000,
00040000,
00000000,
00F40000,
00F80100,
00030000,
000B0000,
00FB0000,
00070000,
000400FF,
000E0000,
00F70000,
000B0000,
0006FFFF,
00090000,
00100000,
00F200FF,
00060000,
00000000,
0009FF00,
00010000,
00FB0001,
0006FF00,
00F90000,
00070000,
00F90000,
00FF0000,
00090000,
00010000,
00FC00FF,
00040000,
00FE0000,
00FD0000,
00040000,
00FF0000,
00000000,
00030000,
00030000,
00030000,
00FB0000,
00FD0000,
00050000,
00090000,
00020000,
00FC0000,
00060000,
000100FF,
000000FF,
00FF0100,
00040000,
00FE0000,
00000000,
000000FF,
00020000,
00FE0000,
00FE0000,
00FC0000,
000300FF,
00FA0001,
00FF0000,
00FC0001,
00000000,
00FE0000,
00010000,
00FB0000,
00000000,
00FEFFFF,
00FE0000,
00010000,
00010001,
00FE0000,
00000000,
00010000,
00040000,
00FD0000,
00FC0000,
00040000,
0003FF00,
00FE0000,
00FF0001,
0002FF00,
00020000,
000200FF,
00030000,
00030001,
00010000,
00020000,
00010000,
00030001,
00010000,
00FF0000,
00010000,
00FE0001,
00010000,
000300FF,
00040000,
00020000,
00FF0000,
00060000,
000100FF,
00020000,
00000001,
00010000,
00FD0000,
00FEFF00,
00FFFF00,
00FD0000,
00F70000,
00030000,
0003FF00,
00FC0000,
00F60000,
00040000,
00020000,
00F40000,
00F600FF,
00F90000,
00FF0000,
00F7FF00,
00F400FF,
00F500FF,
00FB0000,
00FD0000,
00F90000,
00FC0000,
00FC0000,
00FC0000,
00F70000,
00FF0000,
00000000,
00FF00FF,
00FF0000,
00FF0000,
00010000,
00090000,
00070000,
00F40000,
0005FF00,
00050000,
00070000,
00F70000,
00060000,
000700FF,
000F0000,
00ED0000,
00030000,
00040000,
000B0000,
00000001,
00030000,
00050000,
00FC0000,
00040000,
00FF0000,
00000000,
00FC0000,
00FD0000,
00000000,
00000000,
00F80000,
00020000,
00040000,
000B0000,
00FE0000,
00FF0000,
000700FF,
00170000,
00FD0000,
00000000,
00060100,
001000FF,
00010000,
00FE0000,
00010000,
00FE00FF,
00FA0000,
00010000,
00010000,
00FE0000,
00010000,
00F10000,
000000FF,
00010000,
0000FF00,
00000000,
00FE0000,
00010000,
0001FF00,
00FE0000,
00FE0000,
00FD0000,
00FB0000,
00070000,
00FC0000,
00FE0000,
00000000,
000500FF,
00010001,
00010000,
00F90000,
00010000,
00040000,
00FC0000,
00FD0000,
00020000,
00030000,
000000FF,
00FB0000,
00FF0000,
00010000,
00FD0000,
00000000,
00000000,
00000000,
00FB0000,
00FD0000,
00010001,
00020000,
00020000,
00070000,
00FA0000,
00FB0000,
00020000,
00020000,
00000000,
00FF0000,
00FF0000,
00020000,
00000001,
0002FF00,
00000000,
00FC0000,
00010000,
00030000,
00FE0000,
00F90000,
00030000,
0006FF00,
00010000,
00FAFF00,
00030000,
0006FF00,
00FD00FF,
00F900FF,
00040000,
00FF00FF,
00FB0000,
00FB0000,
00FF0000,
00FC0000,
00000000,
00F60000,
00FE0000,
00020000,
00030000,
00FE00FF,
00F90000,
000000FF,
00FE0000,
00070000,
00F50000,
00FF0000,
000700FF,
000B0000,
00FA0000,
000100FF,
00070000,
00070000,
00F50000,
00020000,
000A0000,
00FB00FF,
00090000,
00FC0000,
00080000,
00030000,
000C0000,
00050000,
00080000,
00FF0000,
00060000,
00050000,
00070000,
00FB00FF,
00F30000,
00000000,
00F500FF,
00FBFFFF,
00080000,
00090000,
00090000,
00F40000,
000A0000,
000400FF,
00120000,
00020000,
00020000,
00030000,
00130000,
00FF0000,
00030000,
00FE0000,
00060000,
00FF0000,
00020000,
000200FF,
00FD0000,
00FF0000,
00F40000,
000200FF,
00010000,
00020000,
00F70000,
00000000,
00FE0000,
00010000,
00FC0000,
00FB00FF,
00FC0000,
00FE0001,
00FE00FF,
00FE0000,
00FE0000,
00FF0000,
00050000,
00FF0000,
0000FF00,
00FE0000,
00080000,
00040000,
00FA00FF,
00F70000,
00F80000,
00020000,
00010000,
00000000,
00000001,
00FF0000,
00FC0000,
00030000,
00000000,
00000000,
00FCFF00,
00F90000,
00040001,
00000000,
00010000,
00040000,
00FE0000,
00010001,
0000FF00,
000500FF,
00FE0000,
00FF0000,
00FF0000,
000300FF,
00FF0000,
00FF0000,
00FD0000,
00010000,
00FB0000,
00030000,
00000000,
00F90000,
00030000,
0005FF00,
00060000,
00FA0000,
00040000,
00020000,
00040000,
00FB0000,
00010000,
00FFFF01,
00060000,
00FF0000,
00030000,
00FE0000,
0003FF00,
00000000,
00FF0000,
000300FF,
00F70000,
00F70000,
00F90000,
00020000,
00FF0000,
00000000,
00FD0000,
00010000,
00FF0000,
00FB0000,
00FC0000,
00FD00FF,
00070000,
00F50000,
000A0000,
00FF0000,
00070000,
00FF0000,
000A0000,
00FAFF00,
00050000,
00FD0000,
00FE0000,
000500FF,
00F900FF,
00FA0000,
00010000,
000600FF,
00070000,
00FB0000,
00F30000,
00060000,
00FC0000,
00F50000,
00030000,
00FE0000,
00040000,
00FD0000,
000B0000,
00000000,
00010000,
000000FF,
00010000,
00030000,
00120000,
00FD0000,
00040000,
00FE0000,
00050000,
00FF0001,
0000FF00,
000100FF,
00FD00FF,
00FD0000,
00F70000,
00FC0000,
0005FF00,
00FCFF00,
00F90000,
00FF0000,
0004FF00,
00030000,
00010000,
00FDFF00,
00020000,
00020000,
00000000,
00FE0000,
00010000,
00030000,
00FF0000,
00020000,
00FD0000,
00FE0000,
00FE0000,
00FE0000,
000300FF,
00020000,
00FD0000,
00020000,
000400FF,
00030000,
00FE0000,
00FB0000,
00FB0000,
000000FF,
00000001,
00000000,
00F80000,
000100FF,
00080000,
00FF0000,
00000000,
00030000,
00FF0000,
00030000,
00000000,
00030000,
00020000,
00000000,
00FD0000,
000000FF,
00000000,
00FE0000,
00FD00FF,
00020000,
00000000,
0004FF00,
00FE0000,
00F900FF,
00030000,
00FF0000,
00FF0000,
00FD0000,
00010000,
00010000,
00030000,
00FA0000,
00000000,
00020000,
00020000,
00FEFF00,
00FB0000,
00FC0000,
00F800FF,
00FC0000,
00FC0000,
00FD0000,
00010000,
00FC0000,
00FE0000,
00060000,
00050000,
00FC00FF,
00F60000,
00010000,
000000FF,
00F90000,
00FF0000,
00FF0000,
00040000,
00020000,
000AFF00,
00FC0000,
00FF0000,
00020000,
00070000,
00FB0000,
00030000,
00FE0000,
00030000,
00020000,
00FBFF00,
00040000,
000300FF,
00010000,
000B0000,
00FF0000,
00060000,
0001FF00,
00050000,
00FC0000,
00090000,
00F7FF00,
00060000,
000500FF,
00020000,
00FF0000,
00FE0000,
00070000,
00FD0001,
000400FF,
00050000,
00000000,
00FA0000,
000000FF,
00010000,
00FE0000,
00F90000,
00FC0000,
00FE0000,
00FF0000,
00040000,
00FF0000,
00020000,
00FD00FF,
00020000,
00FC0000,
0002FF00,
00FD0000,
00030000,
00FD0000,
0002FF00,
00040000,
00FF0000,
00020000,
00FFFF00,
000000FF,
00F90000,
00010000,
00FE0000,
00040000,
00FA0000,
00FE0000,
00FE00FF,
00FD0000,
00FE0000,
00030000,
00FF0000,
00FE00FF,
000000FF,
00010000,
00010000,
00030000,
00F60000,
00FD0000,
000400FF,
00F90000,
00030000,
00020000,
00020000,
00030000,
00030000,
00010000,
000100FF,
00FE00FF,
00050000,
00000000,
00000000,
00FE0000,
00FC0000,
00010000,
00FF0000,
00FD0000,
00FF0000,
00030000,
00FF0000,
00020000,
000400FF,
00020000,
00FB0000,
00FE0000,
00020000,
00FE0000,
00000000,
00FB0000,
00010000,
00000000,
000400FF,
00010000,
00060000,
00020000,
000400FF,
00FD0000,
0002FF00,
00000000,
00030000,
00FB00FF,
00FF0000,
00050001,
00FE0000,
00FC0000,
000300FF,
00000000,
000100FF,
00F50000,
0000FF01,
00020000,
00FC0000,
00FF0000,
00090000,
00000000,
00FB00FF,
00FC0000,
00F60000,
00010000,
00F80000,
00010000,
00FD0000,
00FF0000,
00000000,
000600FF,
00FB0000,
00FD0000,
000E0000,
00010000,
00070000,
00FE0000,
00030000,
00050000,
00FE0001,
00FB0000,
00F50000,
0005FF00,
00050000,
000100FF,
00FA0000,
00FF0000,
00FEFF00,
00FE00FF,
00030000,
00FD0000,
00FAFF00,
00FC0000,
00020000,
00FE0000,
00080000,
00FEFF00,
00040000,
00020000,
00FEFF00,
00FF0000,
00020000,
00FF0000,
00070000,
00010000,
0001FF00,
00050000,
00F70000,
00000000,
00FFFF00,
00060000,
00FC0000,
000200FF,
0001FF00,
00F90000,
00050000,
000000FF,
000200FF,
00000000,
00020000,
00FD0000,
00010000,
00FC0000,
00FD0000,
00030000,
00FB00FF,
00FF0000,
00030000,
000300FF,
00050000,
000400FF,
00FE0000,
00000000,
0003FF00,
00F90000,
00FF0000,
00010000,
00010000,
00020000,
00030000,
00000000,
00FF0000,
00010000,
00070000,
00020000,
00FF00FF,
00FD0000,
00030000,
00010000,
00FF0000,
00010000,
00080000,
00020000,
00FE0000,
00FD0000,
00050000,
00010000,
00010000,
00010000,
00020000,
00000000,
00FE0000,
00FC00FF,
00FF00FF,
00FF0000,
0002FFFF,
00FAFF00,
00020000,
00010000,
00020000,
00F80000,
00FD0000,
00010000,
00FF0000,
00FE0000,
00FB0000,
000100FF,
00FF0000,
000A00FF,
000C0000,
00000000,
000100FF,
00020000,
00F80000,
00FE00FF,
00FE00FF,
00F80000,
00FFFF00,
00030000,
00FE00FF,
00FA0000,
00020000,
00010000,
00020000,
00040000,
00FA0000,
00FD0000,
00040000,
00F70000,
00FF0000,
00FF0000,
00110000,
00060000,
00040000,
00010000,
00020000,
00070000,
00FB0000,
00FB0000,
00FD0000,
00010000,
00FB0000,
00FF0000,
00FD0000,
00020000,
00FE0000,
00FF0000,
00000000,
00FE0000,
00F80000,
00FB0001,
00020000,
00FB0000,
00FDFF00,
00000000,
00010000,
00FC0000,
00FF0000,
00000000,
00000000,
00FEFF01,
00070000,
00030000,
000100FF,
00010000,
00FC0000,
00FF00FF,
000000FF,
00030000,
00FA0001,
00020000,
00FE0000,
00010000,
00020000,
00030000,
00FD00FF,
00FA0000,
00010000,
00FE0000,
00020000,
00FF0000,
00FD0000,
00020000,
00000000,
00FC0000,
00050000,
00030000,
00020000,
00FB00FF,
00F80001,
00000000,
000000FF,
00FF0000,
00070000,
00FF0000,
00FF0000,
00FD0000,
00030000,
000100FF,
00FD0000,
00060000,
00030001,
00020000,
00FF0000,
00040000,
00000000,
00FF0000,
00010000,
00030001,
00020000,
000000FF,
000000FF,
00020000,
00FF0000,
00010000,
00000000,
00FF0000,
00F10000,
000000FF,
00050000,
00010000,
00FE0001,
0002FF00,
00030000,
00FC0000,
00080001,
00FE00FF,
00030000,
00FA0000,
00FD00FF,
000400FF,
000000FF,
00070000,
00040000,
00FF00FF,
00FE0000,
00030000,
00030000,
00020000,
0000FF00,
00080000,
00030000,
00000000,
00FF0000,
00000000,
00FF0000,
00020000,
00FC0001,
00FF00FF,
00FD0000,
00FF0000,
00FF0000,
00FF0000,
00000000,
00FE0000,
000100FF,
00FD00FF,
00020000,
00FF0000,
000200FF,
00FD0000,
00F80000,
00FD0000,
00010000,
000100FF,
00010000,
00FDFF00,
00000000,
00FB0000,
00000000,
00FD00FF,
00000000,
00070000,
00000000,
00FF0000,
00FF0000,
00FC0001,
00FC0000,
00FF0000,
00FD0000,
00F80000,
00010000,
00FD00FF,
00FD0000,
00FA0000,
00FD0000,
00010000,
00FE0000,
00FE0000,
00FD0000,
00FF0000,
00000000,
00FA00FF,
00FFFF00,
00FF00FF,
00030000,
00FD0000,
00FD0000,
00000000,
00FF0000,
00FD0000,
00060000,
00FF0000,
00000000,
00010000,
00000000,
00FE0000,
00FF0000,
00000000,
00050000,
00040000,
00050000,
0006FFFF,
00000000,
00FF00FF,
00020000,
00010000,
00F7FF00,
00020000,
00FE0000,
000B0000,
00060000,
0000FF00,
00FC0000,
00F80000,
00FF0000,
00030000,
00FE00FF,
00010000,
00FF0001,
000000FF,
000100FF,
00FF0000,
00FC0000,
00FE0000,
00000000,
0006FF00,
00020000,
000000FF,
00FF0000,
00000000,
00020000,
00010000,
0002FF00,
00000000,
00FA00FF,
0000FF00,
00030000,
00FD0000,
00FB00FF,
00FE0000,
00010001,
000000FF,
00010000,
000100FF,
00020000,
00050000,
000200FF,
00FFFFFF,
00010000,
00050000,
00FE0000,
00000000,
00FF0000,
00020000,
00000000,
00020000,
00FE00FF,
000300FF,
00FC0000,
00020000,
00FEFF00,
00F900FF,
00FD0000,
00020000,
00030000,
00020000,
00FEFF00,
00FFFF00,
00FF0000,
00030000,
000D0000,
00FE0000,
00FFFF00,
00F90000,
00070000,
00FC0000,
000200FF,
00000000,
00010001,
00000000,
0001FF00,
00040000,
00070000,
00010000,
00000000,
00000000,
00FD0000,
00010000,
0000FF00,
00FE0000,
00040000,
00FD0000,
00FF0000,
00050000,
00F80000,
00FF0000,
00FE0000,
00010000,
00010000,
000100FF,
00020000,
00050000,
00040000,
00000000,
00FF00FF,
00FB0000,
00020000,
000000FF,
00010000,
00FE0000,
00FF0000,
00000000,
00FF0000,
00FB0000,
00FC0000,
00FF00FF,
00FE0000,
000700FF,
000400FF,
000100FF,
000100FF,
00020000,
0002FF00,
00FF0000,
000300FF,
00010000,
00020000,
00030000,
00000000,
00000000,
00FC0000,
0000FF00,
00010000,
00FF0000,
00F60000,
0001FF00,
00FF00FF,
000000FF,
00000000,
0003FF00,
00FCFF00,
000600FF,
00FF0000,
0004FFFF,
00010000,
00FE00FF,
00060000,
0001FF00,
00040000,
00FE00FF,
00FE0000,
00000000,
0001FF00,
00000000,
00050000,
00FFFFFF,
00FE0000,
00000000,
000400FF,
00FF0000,
00FF0000,
00FC0000,
00F9FF00,
00FF0000,
00FF0000,
00FC0000,
00F1FF00,
00FE0000,
00FF0000,
00070001,
00FF00FF,
00FF00FF,
00FE0000,
00FC0000,
000C0000,
00FEFF00,
00FE0000,
00030000,
00FB0000,
00FE0000,
00FE0000,
00FD00FF,
000100FF,
0000FF00,
00FF0000,
00F6FF00,
00FC0000,
0002FF00,
00FF0000,
00FF0000,
00070000,
00010000,
00000000,
000000FF,
00F80000,
000000FF,
00020000,
00080000,
00F90000,
00FE0000,
00FF0000,
00FB0000,
00000000,
00000000,
00FE0000,
00040000,
00FC0000,
000100FF,
00FD0001,
00FF0000,
00030000,
00010000,
00010000,
00020000,
00FB0000,
0000FFFF,
00020000,
000200FF,
00040000,
00FF0000,
000100FF,
00040000,
00F50000,
000100FF,
00000000,
00FD0000,
000EFF00,
00030000,
00020000,
00F30000,
000300FF,
0002FF00,
00020000,
000200FF,
00010001,
00010000,
00040000,
00030000,
00FB0000,
00FE0000,
00FE00FF,
00FD0000,
00040000,
00000000,
00000000,
00F50000,
00020000,
00000000,
00020000,
00FC00FF,
00000000,
00030000,
00020000,
00040000,
00FE0000,
00030000,
00FE00FF,
00FD0000,
0001FF00,
00000000,
00000000,
00FE0000,
00060000,
0001FFFF,
00FE00FF,
00FF0000,
00FC0000,
000200FF,
00FD0000,
00000000,
00070000,
0001FF00,
00040000,
00FC0000,
00050000,
0002FF00,
00020000,
00FB00FF,
00070001,
00FE0000,
00FF0000,
00010000,
000CFF00,
0001FFFF,
00FD0000,
00FF0000,
00000000,
00FFFFFF,
000000FF,
00010000,
00040000,
00FE0000,
00000001,
0005FF00,
000300FF,
00000000,
00FE0001,
000B0000,
00F90000,
00FF0000,
00FE0000,
00FC00FF,
00FE00FF,
0000FF00,
00000000,
00000000,
00F60000,
00010000,
00FE0000,
000200FF,
00FC0000,
0000FF00,
00FE0000,
00030000,
00F9FFFF,
00FFFF00,
00FE0000,
00000000,
00FA0000,
00000000,
00FF0001,
000300FF,
00F6FF00,
00FC0000,
00000000,
00040000,
00F80000,
0003FF00,
00FF0000,
00F900FF,
00FF0000,
0000FF00,
00010000,
00080000,
00040000,
0001FF00,
00FE0000,
00FF0000,
00040000,
0000FF00,
00010001,
000500FF,
00FBFF00,
00FF0000,
00020000,
000F00FF,
00060000,
00FF0000,
00010000,
000600FF,
000F0000,
00020000,
00020000,
00F8FFFF,
00000000,
0002FF00,
000100FF,
00080000,
0006FF00,
00020000,
00030000,
00000000,
00070000,
00010000,
00FF00FF,
00030000,
00FF0000,
00FE0000,
00FE0000,
00FE0000,
00020000,
00000000,
00010000,
0005FF00,
000E0000,
00010000,
00010000,
00FD00FF,
00040000,
00FE0000,
00010000,
00FEFF00,
00FE0000,
000500FF,
00FB00FF,
000000FF,
00010000,
00FE0000,
000400FF,
00FA0000,
00050000,
00FE00FF,
00FE0000,
00070000,
00FC0000,
00000000,
00FE0000,
00030000,
00010000,
00010000,
00010000,
00030000,
00F60000,
00000000,
0002FF00,
00010000,
00080000,
00010000,
00FF0000,
00010000,
00020000,
00010000,
00000000,
000A0000,
00020000,
00010000,
00000000,
00020000,
00FE0000,
00000000,
00FF0000,
00FE0000,
00FB0000,
00FFFF00,
00000000,
00FF0001,
00020000,
00010000,
00FF0000,
00FD0000,
00040000,
00FF0000,
00FE0000,
00FE0000,
00FB0000,
0002FF00,
00000000,
00020000,
00010000,
00FFFF00,
00000000,
00FB0000,
00F800FF,
00FF0000,
00010001,
00020000,
00000000,
0001FF00,
00000000,
00040000,
00FA0000,
00010000,
00000000,
00040000,
00FD0000,
0000FF00,
00FE0001,
00060000,
00FC0000,
00000001,
00000000,
00FC0000,
00040000,
00010000,
00000001,
00030000,
00000000,
00020000,
00000000,
00080000,
00040000,
00020000,
000000FF,
00040000,
00070000,
00FF0000,
00000000,
00FC0000,
00FF0000,
00FFFF00,
00000000,
00040000,
00060000,
00FE0000,
00FF0000,
00040000,
00FF0000,
00000000,
00FF0000,
00F70000,
0003FF00,
00FE0000,
00000000,
00FE0000,
00060000,
00000000,
00020000,
00070000,
00FC0000,
00010000,
000200FF,
00FF0000,
00FD0000,
000000FF,
00020000,
00020000,
00060000,
00FF00FF,
00010000,
00FE0000,
00040000,
00050000,
00FF0000,
00040000,
00070000,
000000FF,
0001FF00,
00000000,
00FD0000,
00FF00FF,
00000000,
00FB00FF,
00010000,
00020000,
00010000,
00F40000,
00080000,
0000FF00,
000200FF,
00FF00FF,
00000000,
00010000,
00FC00FF,
00FD0000,
00060000,
00010000,
00FC0000,
00010000,
00040000,
00FE0000,
00FE0000,
00030000,
00F40000,
00FDFF00,
000000FF,
00F90001,
00090000,
0000FFFF,
00FD0000,
00030000,
00050000,
000400FF,
00010000,
00040000,
00FA00FF,
00FCFFFF,
00070000,
00010000,
00FC00FF,
00FF00FF,
00050000,
00040001,
000E0000,
00FFFF00,
00010000,
00FE0000,
00050000,
00FF0000,
00030000,
00FA0000,
000900FF,
00FB0000,
000400FF,
00030000,
00020000,
00010000,
000300FF,
00FD0000,
00090000,
00030000,
00040000,
00FD0000,
00FF0000,
00020000,
00030000,
00FE0000,
0008FF00,
00FF0000,
00020000,
00FA0000,
00010000,
00FF0000,
00FC0000,
00F90000,
00000000,
00010000,
00000000,
00FB0000,
00FE0000,
0002FF00,
000300FF,
000600FF,
000200FF,
00FF0000,
00020000,
00F80000,
00070000,
0001FF00,
00030000,
00FE0000,
00FF0000,
00050000,
00FE0000,
00FA0000,
00FD0000,
00FFFF01,
00FF0000,
00FE0000,
00060000,
00000000,
00FD0000,
000400FF,
00080000,
00000000,
000300FF,
00030000,
00080000,
00FF00FF,
00FF0000,
00F9FF00,
00FD0000,
00020000,
00FD0000,
00FC0000,
00FF0000,
00FE0000,
00FE0000,
00FF00FF,
00020000,
000500FF,
00FC0000,
00FB00FF,
0003FFFF,
00030000,
00FFFF00,
00F70000,
00FA0000,
00010000,
00020000,
00060000,
0001FF00,
00020000,
00000000,
00F80000,
00010000,
000300FF,
00000000,
00010000,
00020000,
00030000,
00010000,
00080001,
00FE0000,
00020000,
00000000,
0009FF00,
00FA0000,
0001FFFF,
00020000,
00060000,
00FEFF00,
00000000,
00010000,
0002FF00,
0000FF01,
000100FF,
00010000,
00080000,
0000FF00,
00020000,
00030000,
0003FF00,
00080000,
0002FFFF,
00040000,
0000FF00,
00000000,
0002FF00,
00020000,
00F70000,
00000000,
0002FF00,
00020000,
00FD0000,
0002FF00,
00010000,
00FE0000,
00F80000,
00FCFF00,
00000000,
00FE0000,
00FC0000,
00FFFF00,
00010000,
00FF00FF,
00000000,
00000000,
000100FF,
00FD0000,
00020000,
00080000,
00010000,
00000000,
00F90000,
00FD0000,
00010000,
000000FF,
00010000,
0000FF00,
000200FF,
00FB0000,
0002FF00,
0003FF00,
00020000,
000000FF,
00FF0000,
00FF0000,
00010000,
00000000,
00030000,
00FFFF00,
00010000,
00000000,
00030000,
0004FF00,
0002FF00,
00010000,
00FD0000,
0000FF00,
000200FF,
00010000,
00F70000,
00FBFF00,
000100FF,
00FF0000,
00FB0000,
00FDFF00,
00030000,
00020000,
00FC0000,
0001FF00,
00020000,
00FD0000,
00020000,
00FFFF00,
00030000,
00000000,
00010000,
0000FF00,
000200FF,
00010000,
00010000,
00FD0000,
000300FF,
00FB00FF,
00FB0000,
00000000,
0006FF00,
00FD00FF,
00000000,
00FF00FF,
00FE0001,
00FF0000,
00020001,
00000005,
00FE0000,
00FF0001,
00000000,
0000FFFC,
00FF0000,
00FF00FC,
000000FF,
00000001,
00FF0001,
00FF00FD,
00000006,
00FF00FF,
00010000,
00FF0000,
00FE0001,
00FE00FC,
00000001,
00FF0000,
00FF0002,
00FF00FE,
00FF0000,
00FF00FF,
00FF00FE,
00FF0002,
00000002,
00FF0005,
00FE0001,
000100FC,
00FF0001,
00FF0005,
00FE00FD,
000000FE,
00000002,
00FF0000,
000000FE,
0001FF05,
00000000,
000000FD,
00000000,
00000000,
00000000,
00000002,
00FF0000,
000100FE,
00000000,
00000002,
00000001,
00FF0000,
000000FF,
00FF0004,
000000FD,
00FF0001,
00010000,
00000000,
00FFFF02,
00FF0000,
00000000,
00000002,
00010002,
00FFFFFD,
000000FD,
00FF00FF,
00000002,
00FEFFFD,
000000FE,
000000FF,
00FFFF04,
00FF0000,
00000000,
00000000,
00000002,
000200FB,
00020000,
00FF0001,
0000FFFE,
000000FC,
0001FF00,
00FF0000,
00FFFF00,
0000FFFF,
00FF0003,
00FF00FF,
0000FF02,
00000001,
00010001,
00FF0000,
00FFFF00,
00000002,
000000FF,
00FF00FD,
000000FD,
00FF0000,
000000FF,
00FF0000,
0000FFFE,
00FE0008,
00FF0001,
00FF0003,
000000FB,
00FFFFFE,
000000FF,
00FF00FE,
000000FF,
000000FE,
00000001,
00FF00FD,
00FF0002,
00FF0003,
000000FE,
00FF0000,
00FF0000,
00000004,
000000FE,
00FF0000,
00000003,
0000FF03,
00FF0001,
00FF00FF,
00FF0000,
0000FF00,
00010002,
00FFFFFE,
00FFFFFC,
000000FD,
00FE0001,
00000000,
00FF0004,
00FF00FB,
00FE0002,
000000FC,
00FF00F3,
00FF0006,
00FFFF01,
000000FE,
00000001,
000000F4,
00000000,
00000001,
00FF0009,
0000FFFE,
00FF0001,
00FF00FD,
000000FF,
00000001,
00FE0000,
00FF00FE,
00000000,
0000FF04,
00FF00FF,
00000001,
00FF00FA,
000000FE,
00FFFFFF,
00000003,
00FF00FB,
00FF00FA,
00FFFF00,
00FF0003,
00FF0000,
000000FB,
00FF00FE,
00FF00FC,
00000003,
00000000,
00FF0000,
00FF00FF,
00000001,
000100FE,
00FF0000,
00FF00FF,
00FF0002,
000000FD,
00FF00FF,
00FF00FD,
000000FE,
000000F6,
00FF0000,
000000FE,
00FF00FE,
00FE0002,
00FF0001,
000000FF,
00000003,
00000001,
00010001,
000000FE,
00FF00FE,
00000001,
00010001,
00000001,
00000003,
00000004,
00000000,
00000005,
00FF0004,
00010000,
00000000,
00FF0003,
00010004,
00FF0000,
00010000,
00FF0005,
000100FB,
00010006,
00010002,
00FF0001,
00FF0003,
00000002,
00FF00FF,
00FF00FD,
00FF0006,
00FF0003,
00FF00FF,
00FF0003,
00FF0004,
00010002,
00000000,
00FFFFFF,
00FF00F9,
00FF00FE,
000000FF,
00FF00FE,
00000000,
00FF0004,
00FF0001,
00FF00FD,
00FF0001,
00FF00F7,
00FF0002,
00FFFFFF,
00FE0002,
000100FF,
00000002,
00FFFF01,
00FF00F9,
000100FE,
00FF00FE,
00FF0004,
000000FF,
000100F8,
00000002,
00FF0002,
00FF00FF,
000000FD,
00FF0001,
00FF0002,
000000FD,
00FF00FB,
00000000,
00FF0001,
000000FC,
00000000,
00FE0001,
000000FE,
00FF0000,
00FF0004,
00FEFFFF,
000000FD,
00FF0000,
00000002,
00FE00FF,
000000FF,
000100FF,
00000002,
00000000,
00000000,
00000003,
00FF0003,
0000FF01,
000000FF,
00000001,
000000FE,
00010001,
00000000,
000000FF,
00010001,
00010001,
000000FE,
00FE00FF,
000100FF,
00000000,
00010003,
00FE00FE,
00FF00FD,
000000FE,
00000001,
000000FD,
000000FA,
00FF0000,
00000001,
00FF00FE,
00FFFFFF,
00FE0001,
00FF0001,
00FF0004,
00000000,
00000001,
000000FE,
000000FD,
000100FD,
00000000,
000100FF,
000100FF,
00010003,
00010001,
0000FF00,
00FF00FE,
00010002,
00000002,
00000000,
000000FE,
00FF0003,
000100FF,
000000FF,
00000000,
00FF00FF,
00020000,
00FF0001,
00FE00FF,
00000000,
000100FE,
00FE0000,
00FF00FF,
00FF00FC,
0000FFFC,
00FF00FF,
000000FC,
0000FF00,
00010000,
00FF00FC,
00FEFF04,
0001FF01,
000000FF,
00FF00FF,
00000002,
0002FF00,
000000FE,
00FF0000,
00010002,
00FE0002,
00FE00FF,
0000FF00,
0000FF01,
00000003,
000000FF,
0000FFFF,
000100FA,
000000FE,
00000002,
00000000,
00FF00FC,
00FF000B,
00FFFF02,
00FF00FC,
000000F9,
00FF0000,
00FF0004,
000000FE,
000000FD,
00FF0006,
0000FF01,
00FF0002,
000000FE,
0002FFFF,
000100FE,
000000FF,
00000004,
000000FE,
00010000,
0000FFFD,
00000008,
00010003,
00FF00FD,
00FF00FF,
00FF0002,
000000FF,
0000FF01,
00FE0000,
000100FE,
00010000,
00FF00FF,
00000002,
000000FF,
00000003,
00FE00FF,
00000001,
00FF0001,
00FF00F5,
00FFFF00,
00000002,
000000FF,
00000001,
00000003,
00000000,
000000FD,
00000001,
00FF0000,
000000FF,
00FF0001,
00000007,
00FF0000,
00010003,
00000000,
0001FFFC,
00FF0001,
000000FF,
00FF0000,
000100F6,
00000001,
000000FD,
00FF0003,
000000FF,
00FF0000,
000000FD,
00FF00FF,
000000FD,
000000FF,
00010000,
000000FF,
00FE0005,
00FE00FF,
00000006,
00FF0000,
00FF0000,
000100FF,
00000002,
00FF00FE,
00000001,
00020001,
00FF0001,
000100FE,
00010003,
00000003,
00FF00FF,
000200FE,
00010002,
00000002,
00FF0000,
00010000,
00000005,
00020000,
00FF00FE,
00FF0000,
00FF0004,
00010001,
00FF00FD,
00FF0000,
00FF0001,
000100FF,
00FF00FD,
00010000,
0001FF00,
00FF00FF,
0000FFFF,
00FE0000,
00FF00FF,
00FF00FF,
000000FC,
000100FC,
0001FF03,
00FF00FD,
00000000,
00020003,
000200FF,
000000FD,
000000FF,
00FF0007,
00020003,
0001FF02,
000000FF,
0000FF03,
000200FE,
00000005,
00FF00FE,
00000000,
00010003,
00FF0006,
000000FD,
000100FC,
00000004,
00010005,
0000FF01,
0001FF01,
00010003,
00010006,
0000FF00,
000000F7,
00FF00FA,
00000000,
00000004,
00FF0000,
0001FFFB,
00000001,
0000FF03,
000000FE,
00000001,
00FF0002,
00010003,
000000FE,
000100FB,
00000001,
00000004,
00000002,
0000FF00,
0000FF03,
0000FF02,
0000FF06,
00000002,
00000001,
00000001,
00FE0004,
00000002,
00FE0000,
000100FE,
00FF00FD,
00FFFFF8,
00FF0001,
00FF0002,
000000FD,
00FF00FD,
00000000,
00000001,
00000002,
00000006,
000100FF,
00010001,
000100FC,
00FF0003,
000000FF,
000100FE,
000100FF,
0001FF04,
000100FF,
000000FE,
00000000,
000100FF,
000100FF,
00010001,
00000002,
00FF0004,
000000FE,
000000FE,
000000FC,
000000FF,
00FF0000,
00FF0004,
000000FE,
00FF00FF,
00000103,
00FF0002,
000000FF,
00FD00FD,
00FE0103,
00FF00FE,
000100FE,
00FFFF02,
00000004,
00FF00FC,
00FE0003,
00FF0003,
00FE0106,
000000F8,
00FF0001,
00FE0101,
00FE0001,
0000FFFD,
00000002,
000000FD,
00000005,
00FF00FC,
000100FC,
00000000,
00000005,
0000FFF7,
000100FE,
00FE0002,
00FFFFFD,
000000F4,
00FE00FE,
00FFFFFF,
00FFFF00,
000100F9,
000100FE,
00FFFFFE,
00FF0000,
000000FD,
000100F5,
000100FE,
00FD00FE,
00000000,
000000FC,
00FF0000,
0000FF01,
00000001,
00FF0003,
000000FC,
00010003,
00FFFF00,
00FF0004,
00000001,
0000FF05,
00FE00FE,
0000FF05,
000000FF,
00010007,
00FF00FF,
000000F7,
00FF0004,
00FF0007,
00000001,
00FE0001,
00010001,
00000002,
00000002,
00FFFFFC,
00010004,
0000FFFF,
00000005,
00FE0000,
00010002,
00000001,
00FFFF03,
00FF0004,
000200FA,
00000003,
00000002,
0000FF05,
000000FC,
000000FE,
00000003,
00000002,
00000003,
00000004,
0000FF03,
0001FFFF,
000000FF,
00FF00FF,
00000002,
00FF0002,
00FFFF05,
00000001,
00000004,
00FF0002,
00000009,
000000FF,
00000000,
00FF0000,
000000FD,
000000FF,
000000FF,
000000FF,
00000002,
000000FE,
000100FF,
00010002,
00000002,
000100FF,
00FF0000,
00000003,
0000FFFD,
00010000,
00000000,
00010000,
000100FF,
000200FE,
00000000,
000100FE,
000000FD,
000000FC,
00010000,
00010002,
00020004,
000101FE,
00FF00FD,
00000000,
000200FF,
000000FD,
00000001,
0000FF01,
000100FD,
00FE0003,
00FF0001,
000000FF,
00FFFFFF,
00000003,
000000F4,
00FF0005,
000100FD,
00FF0103,
00FF00FE,
00FFFF03,
00000002,
00000004,
00FF00F9,
00000001,
00010000,
0001000A,
00FF0002,
00020003,
000000FD,
00000004,
000000FA,
000000FE,
00FD00FF,
00FF0002,
00FF00FE,
000000FC,
00FEFF00,
0000FF00,
00FE0001,
000000F6,
00FF0001,
00FE0000,
00FE0009,
000000F8,
00FFFF05,
00FFFFFE,
00FF0003,
00FE0001,
00FF0001,
00020000,
00FE00FE,
00000000,
00000001,
00000002,
0000FF01,
0000FF02,
00000003,
00FF0002,
000000FF,
00000005,
000000FE,
00FF0004,
00FF0001,
000000FD,
00FE0002,
00FE0004,
00FF0002,
000100FB,
00FF0006,
00FE0000,
00FF0003,
00000001,
000100FE,
000000FF,
00FF0003,
00010001,
00FE00FB,
00000000,
00000004,
000000F9,
00FF00FE,
00000001,
00010002,
00FF00FB,
00FFFFFB,
00FE00FD,
00010004,
0001FFFE,
000000FF,
00000004,
00FF0002,
00FFFFFF,
00000001,
00FF0001,
000000FF,
000100FF,
000000F8,
00FF0000,
00000004,
00FF00FC,
000100FC,
00000001,
00000000,
00FF0002,
000000FC,
00FF00FF,
000000FE,
00FF00FD,
00FF00FE,
00020000,
00000001,
00FF0000,
00FF0000,
000200FF,
00FF0002,
00000003,
00FF00F4,
000100FC,
00FF00FF,
00000001,
00FFFFFF,
000000FC,
00FFFF00,
0002FF00,
000100FD,
00FF01FE,
0000000D,
00FF0000,
000000FD,
00FD00FD,
00000008,
00FF0000,
00FF0000,
000000FF,
000000F8,
00FD00FF,
00FF0004,
000001FE,
000100F7,
00FF00FC,
00FF00FF,
00FF0001,
000000FA,
00FF00FD,
00FF0001,
00FF0002,
000000E7,
000000FB,
00FE0000,
00000006,
00FE00DD,
00FF0005,
00FF00FB,
00FF0007,
00FE00F9,
00000001,
00000003,
00FFFF04,
00FF00FD,
00FF00FC,
00FFFFFC,
00010006,
00FF00FB,
00FF0004,
000000F6,
00FF0005,
00FF00FF,
000000FB,
0001FF03,
00FE00F7,
00000003,
00000003,
0000FF06,
0001FFFD,
00FF0003,
00000001,
00000002,
000000FF,
000100FA,
00000002,
000000FF,
00FF0002,
00FE00FB,
00000009,
00FF0000,
00FF0001,
00FF00FE,
00FE0002,
00FF0004,
00FFFF03,
00000002,
000100FE,
00000005,
00FE0001,
00FF0008,
000100FD,
00FF0003,
00FFFFFE,
00FF0001,
000000FB,
00FF00FE,
0000FFFF,
0000FF04,
00FE00F9,
000100FD,
00FF00FF,
00000002,
0000FFF9,
00010000,
00010000,
00000001,
000000FE,
000000FB,
00FF0000,
00010002,
0000FFFA,
00FF0001,
00000003,
00000004,
00000004,
0001FF02,
00000000,
00000001,
00010002,
000000F7,
00FF0001,
00000001,
000000FF,
00000001,
00FF0001,
000000FF,
00FF00FE,
00FF00FF,
00FF00FE,
00000002,
00FF0001,
00FFFFFC,
000200FF,
000000FF,
00FFFFFE,
00FF00FF,
000100FE,
00FF0002,
00000001,
00000000,
000000F9,
00FF0006,
0001FFFE,
00FF01FE,
000000FB,
00FF000C,
00FF00FF,
00020002,
00020001,
00000014,
00000002,
00000000,
00010001,
00FF0004,
00010002,
00FF00FC,
000100FE,
00FF00F7,
00FF00FC,
000100FB,
00020000,
000000F5,
00010005,
000100FA,
00020000,
000000EE,
00010008,
000100FD,
000000FF,
000100E3,
00010005,
00FE00FE,
00FF0004,
000100E3,
00000003,
0000FFF9,
00000001,
000000F5,
000000FA,
0000FFFF,
0000FF01,
000000F4,
00FF0003,
00FF0002,
0001FF03,
000000EF,
00FF0001,
00FF0004,
00000002,
00FF00FD,
000000F7,
000000FD,
00FF00F5,
000000FF,
00000006,
00000000,
0001FFF2,
000000FF,
00000013,
00FF0001,
0000FFF7,
000000F2,
00FF0012,
00FE0009,
00FF0001,
00FF00F2,
00FF0009,
00010004,
00000003,
00FF00F7,
0000FFFC,
00000000,
0001FFFE,
00FF0000,
000000FE,
00FF0004,
000000FF,
00FF000E,
00FEFFFD,
00FF0003,
000000FE,
000000FF,
00FE00FA,
00000002,
000000FE,
000000FF,
00FD00FE,
00FE0000,
00000001,
0000FF00,
00FF0000,
000000FE,
00FF00FF,
000000FF,
0001FFFD,
00000002,
00FF00FF,
00000005,
00000006,
00000008,
00000003,
000000FF,
0000FF09,
00FFFFFE,
00FF0002,
00FF00FD,
00FF0000,
00FFFFF5,
00000000,
00000001,
00FE0005,
00FF0008,
00000001,
00020002,
00FE0003,
00000000,
000100FF,
00000001,
000000FE,
00FE00FC,
00020000,
00FF0000,
00000001,
000000FF,
00040002,
00000003,
000100FE,
00FE00FD,
00FE00FD,
0000FF06,
000000FF,
000000FF,
00FF00FB,
00FF0000,
00000001,
000200FE,
000200FF,
00FF000F,
00010003,
000201FD,
000100FD,
00FFFF0A,
00FF0000,
000100FD,
000000FF,
00FF00F7,
00010003,
00000000,
00000004,
0000FFF1,
000100F5,
000200FF,
000100F8,
000000F1,
000100F9,
000000FE,
00000100,
000000F3,
000000F3,
00FF00FB,
00FF0003,
000100F6,
000000F0,
00000000,
000000FE,
000100FD,
00FF00F7,
000100F4,
00010000,
000000F9,
000000F5,
00FF00FA,
0001FFFF,
000000F6,
00000006,
00FF00FB,
0000FFFC,
000100FF,
00FF00FC,
00FF0005,
00FF00F3,
00000000,
00FF00FE,
0000FF00,
000100F3,
000000FC,
00FE0010,
00000000,
0000FFF7,
000000F7,
00FF0012,
00000006,
00FFFF02,
000000F2,
00010003,
00000006,
0000FF0A,
000000F7,
00010001,
0000FF04,
00FFFF05,
00FE0007,
00FF0008,
0000FF03,
0001FFFF,
00FF000E,
00FF0008,
00000001,
000100FE,
00FF0006,
00FD0004,
00020002,
000000FC,
00FE00FC,
00FF0002,
00FF00FE,
000000FE,
00FF00FD,
0000FFFE,
00FF0006,
000000FE,
000000FC,
000100FA,
00FE0004,
00010003,
000100F9,
000000FB,
00020005,
00000005,
0000FFFC,
00000003,
000000FD,
00FF0000,
000000FD,
00FF00FC,
00FFFFF5,
00000002,
00FF0002,
00FE0004,
00FEFFFA,
00FF0001,
00010001,
00010005,
00FF0007,
00000001,
00010002,
000100FD,
00000004,
000200FA,
00000004,
00010000,
00020001,
000200FB,
000000FD,
000000FF,
00020002,
00FF0001,
000000FB,
0001FFFF,
00FE00FD,
00FE0001,
0001FFF7,
00000005,
00FF0003,
00010000,
00FF000E,
00FF0001,
000200FE,
00020104,
00FF000D,
00000005,
00010002,
00010006,
00FF0000,
00010003,
00000006,
00010001,
0000FFFD,
00FF00F3,
00000005,
000100FF,
000200FB,
00FF00EB,
00000009,
00FF0004,
0001FFFF,
00FF00E1,
000001FF,
00010002,
000000F9,
000000E3,
00FF00F9,
00010000,
000000FB,
00FF00F4,
0000FFF1,
00010001,
000100FA,
00FF00F4,
0000FF03,
000000FF,
000200FA,
00FE00F8,
00FF00FC,
000000FB,
000000FD,
00FF00F1,
000000F9,
00FF00F7,
00FF0003,
00FF00F7,
00FF00FB,
00FFFFF7,
00FF0001,
00010016,
0000FFF8,
0000FFF9,
00FF00FF,
00020000,
0000FF06,
00000004,
000000FA,
000100FF,
00000004,
00010007,
00010001,
000000FD,
0001FF00,
00000006,
0001000B,
00FF000A,
00020000,
000200FE,
0002000C,
00FE000D,
00000001,
000000FC,
00010008,
00FFFF07,
000000FF,
00FF00FC,
00FF00FD,
00000002,
000000FF,
0000FFFE,
000000FC,
000000FD,
00FF0001,
000200FE,
00FFFFF3,
0000FFFB,
00010004,
0000FF03,
000000F5,
00FFFFFE,
0001FF06,
00000003,
0000FF00,
00FF0001,
00FE00FC,
00000000,
00FF00FE,
000000FC,
00000000,
00020001,
00000002,
000000FE,
00FF00FE,
00010001,
000200FF,
00000001,
00000001,
000100FB,
000100FF,
00010001,
00000003,
000200FA,
00000003,
00000000,
00FE00FC,
00FE00FA,
00000004,
000000FF,
00010000,
000100FF,
00000000,
00FF0001,
000000FD,
00010100,
000200FE,
00FFFF00,
00FE00F6,
00FF0105,
00FFFF09,
00000000,
000100FA,
00000109,
00FFFF0B,
00020002,
00010002,
00000003,
00FE0003,
00FE00F7,
000100FD,
00FF0004,
00FF0003,
00FF00EA,
00020004,
00FF0000,
00FF00FC,
000000E2,
00FF01FD,
00000003,
00000000,
000100D6,
00FF01F9,
00010006,
000000FD,
000000E1,
000000F5,
00000007,
000100FA,
00FE00F0,
000000F8,
00FF01FF,
000100F5,
00FF00FC,
00FF00FE,
00FF00FC,
000000F9,
00000004,
00000002,
00FF00F9,
000100FD,
00FF0001,
000100FD,
00FFFFFA,
00000003,
00FE00F9,
00020000,
000100FD,
00FF0003,
000200FB,
000000F7,
000000FE,
00FF0003,
0001000A,
00FF00FE,
0000FF02,
00010003,
000000F6,
0000FF05,
0001FF06,
00010007,
00000007,
0001000A,
00010005,
0002000A,
00FF000B,
000000FF,
000100FF,
0003000A,
00FF0006,
00000002,
000000FA,
00020008,
00FF0000,
0001FF02,
0001FFFD,
000000FF,
00FEFF00,
00FF0002,
000000FC,
000000FC,
000000FC,
00010001,
000200FD,
000000F7,
000000FD,
00000004,
00010000,
000000F8,
000000F9,
00000005,
00010002,
000000FC,
00FF0005,
000000FF,
00000001,
00000006,
00FD00FE,
000100FF,
0001FF03,
00000003,
00FF0000,
00FF00FE,
00FFFF00,
00010001,
000000FE,
00FF00FD,
000200FB,
00000004,
000000FF,
00000001,
000000FA,
00000004,
00010003,
00FF0008,
00FF0001,
000000FE,
00FF0004,
00FE0003,
00030001,
00FF00FB,
00000006,
000100FD,
00030103,
000000FF,
00000002,
00FF00F9,
00FF0004,
0000FF03,
00020000,
00FF00F8,
00FE0109,
00FFFF00,
000000FC,
00FF01F8,
00010108,
0000FF02,
00FF00F0,
000100FD,
00010004,
00FF00FE,
000000EB,
00000002,
000000FC,
000000FC,
000000CF,
000000FF,
00000002,
000100FD,
0000FFCA,
000100DF,
00000009,
000100FE,
000100E1,
000000EC,
00010004,
000000FF,
000200F2,
000100F7,
000200FF,
000100F6,
00FF00FB,
00010000,
000200F9,
000100F0,
00000004,
00FF0002,
000000FB,
000200F8,
00FF00FE,
00FF00FD,
00FEFFFA,
00000003,
00000002,
000100FD,
000100FF,
00FF0007,
00000008,
000100FD,
00000002,
00000008,
00000008,
0000FFF8,
0001FF05,
00010006,
00FF00E1,
00000012,
0002FF07,
00010006,
00FD00ED,
000000FB,
0001FF09,
00010008,
000000F4,
00FF00F6,
000100FF,
00010006,
00FF0001,
000100FC,
000000F8,
00010006,
00FF00FE,
00FEFF00,
000200FB,
0000000C,
00FF00FE,
00FF00FA,
000100FA,
00000006,
00FE00FC,
00FF0004,
000100F7,
00FF00FB,
00FE0000,
00FEFF01,
000000FD,
00000004,
00FF00FF,
00FF0001,
00000003,
00FE00F8,
00FF00FF,
00000001,
00000000,
00FF0000,
00FF00FF,
00FF00FF,
00FF0001,
000000FF,
000100FC,
00010005,
00FF00FD,
00020001,
00010002,
0000FF01,
0000FFFC,
00000003,
00000000,
0001FF01,
000200FF,
00000006,
00000004,
00000006,
00010001,
00000007,
000000FD,
00FE010B,
00010004,
000200FD,
0000FF01,
00FF01FD,
000001FC,
00FF00F9,
000200FD,
000100FE,
00FE0103,
00FF00F8,
00FFFF02,
000000F7,
00FF0001,
00FF00FF,
00FF0002,
00FE00FF,
00010104,
00000000,
000100F9,
00FFFF07,
000100FC,
000000FC,
000000CC,
0000FFFE,
000100FB,
00FF00F9,
000100C5,
0002FFF1,
00000008,
00000001,
000100CC,
0000FFE9,
0000000D,
00000003,
00FF00EA,
000000F1,
0001FF07,
00000004,
00FF00F5,
000000FD,
00000001,
0001FFFA,
000000FA,
00000001,
000100FF,
000100EE,
00FF0003,
0000FF00,
000000FC,
000000F0,
00FE0001,
000000FF,
000000FC,
00000002,
00010005,
00FFFFFC,
00000007,
00000005,
00000008,
00010001,
0001FF06,
0000000D,
00FF0005,
00000001,
00FF0006,
00010004,
000100D7,
00FF0007,
00FF000A,
00000006,
000000FC,
000000FD,
00000006,
00000007,
000000FA,
000000F0,
000000FE,
00000008,
000000FC,
000000F4,
000000F9,
00000008,
000000FA,
000000F4,
000200F6,
0000000B,
0000FFFA,
00FFFFFA,
000000F9,
0000000A,
00FF00FF,
00000001,
000000F8,
00000001,
00000000,
0001FFFF,
000000FF,
00FF00FF,
000100F9,
000000FC,
00000005,
00FF00FB,
00FF0003,
00000000,
00000002,
00FF00FF,
000100FD,
0000FF00,
00000001,
000000FB,
000200FE,
000000FF,
00FFFF00,
00010002,
00010001,
00010002,
0000FF04,
00000107,
00000001,
00000000,
0001FFFC,
00000005,
00FFFFFB,
00FFFF0B,
0002FF00,
00020008,
000000F7,
00010009,
000100FE,
000100FE,
00FF0001,
00FF000A,
000000FA,
000100FF,
00FF00FC,
00010004,
00FF00FE,
00FF0004,
0000FF03,
000100FB,
000001FB,
00FEFF01,
000000FE,
00FF00F1,
00FF0002,
00FFFFFE,
000100E3,
00000009,
00FF00FD,
00000002,
000100E8,
00000000,
00010001,
000000FC,
00FF00A5,
000000F0,
0001FF0C,
00FF0102,
00FF00B6,
000000D1,
0001000A,
00000009,
000000E2,
000000F4,
00000007,
0000010B,
0000FFF0,
00010004,
00020005,
00010003,
00FE00FD,
00FF0006,
000100FE,
000100FC,
00000003,
00000001,
00010002,
0000FFD9,
00010002,
000000FF,
00000000,
0000FFED,
0002FF01,
00FF00FE,
00FF0002,
0000000D,
00000006,
0000FF00,
00010002,
00000011,
00FF000A,
00FF00FC,
00000003,
00010005,
000000F4,
0000FF04,
0000FF0A,
00000007,
0000FFF3,
00FF00F0,
00000008,
00010006,
00FF00FA,
000000EF,
00010003,
00010008,
00FF00FA,
000000F4,
000100F7,
0000000C,
000000FA,
00FFFFF3,
000100FA,
0000000E,
000000FD,
0000FFF9,
00FF0001,
00FF0002,
000000FA,
00000001,
00FF00FC,
000000FB,
0001FF03,
000000FC,
00000001,
00FF0001,
00FF00FF,
00FF0000,
00000006,
0000FFFA,
00000004,
00000002,
00000000,
00000003,
00000000,
0000FFFF,
00000002,
000000FC,
000100FA,
00000002,
000000FF,
00010002,
00000002,
00FE00FF,
00FFFF04,
00010000,
000000FE,
000000FE,
00FF0008,
000100FE,
0000FFFC,
000000F8,
0002FF00,
00010003,
000000F1,
000100FD,
000300F8,
000100FF,
00FF00F7,
000200FA,
000100F3,
00000003,
00FF00FC,
000100FD,
000101F7,
00FFFF02,
0000000A,
000000F4,
00FF00F9,
00FF0001,
00010004,
000100F8,
00FF0000,
00FF00FB,
000000F6,
00000003,
00FF0002,
00000007,
000000DD,
00000005,
000000FF,
00000000,
0000FFC8,
00010004,
0001000B,
00010102,
000000C1,
000000F7,
0001FF0C,
00FF0106,
000000D3,
0000FF07,
00010007,
00FF0008,
00FE00F0,
00000001,
000300FF,
00000008,
00FE0001,
00000006,
00010001,
000000FE,
00FFFF05,
0000FFFE,
00010002,
000000F4,
00010007,
000000FE,
00010003,
0000FFED,
00010001,
000000FF,
00FF00FD,
00010012,
000000F6,
00FF00FF,
0001FF01,
00FF000B,
000000DB,
000000FE,
00000005,
00000004,
000200F4,
00000017,
00000007,
00000003,
000100E9,
00010005,
0000000E,
00FF0006,
000100F8,
0000000C,
00000009,
00FF0008,
000000F9,
00010000,
000100FC,
0000000B,
000000FB,
00FF00FE,
00FF00FA,
00FF000A,
000100FE,
000000F6,
000000FD,
00FF0000,
000100FE,
00FF00FC,
000000FC,
000000F8,
000000FD,
0000FFFE,
00FE0004,
00000004,
000000FF,
00010000,
00000007,
00FF00F7,
00FF0001,
000100FF,
0001FF00,
00000002,
00FF00FD,
00FFFFFD,
00000001,
000000FD,
00FF0000,
00000002,
00010000,
00010002,
00FF0001,
00000000,
00FEFF03,
00010003,
00010002,
00FD0002,
00FE0008,
000100FE,
00FF0000,
0000FF02,
00010003,
000000FC,
000100FD,
00000001,
000200F6,
00000001,
00FE0006,
0000010A,
000100F1,
00FF0003,
0000000F,
00FE0001,
00FF00F2,
00FF0003,
00FF0003,
00FF00F3,
0000FFF5,
00FE0000,
000000FB,
000000F2,
00FF01FB,
000000FE,
000100FC,
000000FC,
00010100,
00010004,
000100F3,
000000F4,
00000002,
00010000,
000000E8,
00FFFF05,
00010008,
00000003,
00FF00E6,
00000009,
00FF0007,
00FF0104,
000000E3,
00FF000F,
00000007,
00FE0006,
00FF00FA,
0000FF05,
00020003,
0000000A,
00FE0004,
00000004,
00010005,
00FF0009,
00010007,
00010003,
00FF0005,
00FF0000,
0001000A,
000000FE,
00000002,
000000F4,
0000000D,
000100FF,
0001FFFE,
00000009,
00FF0008,
0000FF01,
00000001,
0000000A,
000000EF,
0000FFFD,
00000002,
00000002,
00020002,
00FF0004,
0000FF06,
00000001,
00FF00F6,
00010007,
0000000C,
00000003,
00010005,
00FF00FE,
00FF000A,
00000007,
000000FC,
00FF0006,
00000001,
00FF0006,
000000FC,
00FF00FF,
000000FD,
00FF0009,
00010002,
0000FFF6,
00FF0001,
00FF0004,
00FF0002,
00FF00FF,
000000FE,
00FF00FB,
00FE0000,
000000FF,
00FF0001,
00FFFF02,
00FF00FD,
000100FF,
00010005,
00FFFF02,
00000003,
000100FD,
0000FF01,
00000006,
000000FC,
000100FD,
00FF0000,
000000FE,
00020001,
00000000,
00010001,
00020000,
000000FD,
00000000,
00FE0004,
00020000,
00FF00FF,
00FF0002,
00000007,
000200FE,
000000FD,
0000FF07,
00020008,
000000FF,
000000F7,
0001FF04,
00010002,
00000001,
000000FB,
00FFFF01,
000000F3,
00FF0003,
000000FD,
00FF00FC,
00FF00F8,
00FE0001,
00000006,
00FE0000,
00FF00F8,
00FF00FF,
00000003,
0000FFF0,
000000FA,
00FF0001,
0002000E,
00FFFFF5,
00000002,
00010002,
000100F9,
000000F1,
0001FF04,
000100FA,
00FF00FD,
00000006,
00000003,
00FF00FE,
000100F8,
000101F8,
00000003,
000000FF,
00FE00FC,
00FF000B,
00000001,
00FF0005,
00FF0004,
00000017,
00000000,
0000000D,
00FE00FE,
00000013,
00010001,
00000005,
00000007,
000000FD,
00010003,
00FF00FC,
00000018,
00FF00FD,
00000000,
00FF00F8,
00FF0017,
00FF00FE,
000000FF,
00FF0003,
00FE0006,
000100FC,
00FFFF01,
000000FA,
000000F0,
000000FC,
00FF0001,
000000FE,
000000F6,
00FF0012,
000200FA,
000000F8,
00FF0000,
00000012,
00020006,
000000FB,
00010007,
000200FE,
00000004,
00000000,
00FF00FF,
00FF0001,
00FF00FC,
00000004,
00FF0001,
00FEFFFF,
00FF00FF,
00000008,
00000002,
00000000,
00010000,
00FF0008,
0000FFFE,
00000004,
00FE00FE,
00FE00FD,
00FE0000,
00FF00FE,
00FE0002,
00FF00FE,
00000001,
00FF00FE,
00000004,
000100FD,
00FF0002,
00000001,
000000FF,
00FF0004,
00FF00FD,
00000003,
00000000,
000000FD,
00000002,
000000FD,
00010002,
00010000,
00FF00FD,
0001FF02,
00010002,
00020002,
00000004,
00FEFF02,
00FF0003,
00020000,
00010006,
00FFFF06,
00FF0006,
00FF00FF,
00FFFFFE,
00FFFF02,
000000FF,
000000FF,
00FF0003,
00FF0000,
000000FD,
000000FF,
00FF000F,
000000FE,
00010000,
00FF00FF,
0000000A,
000000FE,
00FE00FA,
00000000,
00020008,
00FF00F2,
00FE0002,
000000FD,
00010008,
000000FA,
00000005,
000000FD,
00FF0002,
000200F9,
00000005,
00FE00F7,
00FD00FA,
0000FFFE,
000100FD,
000000FC,
00FF00F8,
00000009,
00010001,
000200FE,
00FD00FC,
00FF0004,
000100FD,
00000007,
00FE00FD,
00000002,
00000000,
00FF0008,
00FF00FC,
0000000E,
000000FA,
000000FC,
00010009,
00000105,
00FF00FC,
000000F7,
0000000A,
00FF00FD,
00FF00FF,
00FF00F9,
00FF0003,
00000000,
00010000,
000100F9,
00FF00FA,
000100FF,
000000FE,
000100F9,
00FF0002,
0001FF00,
000000FF,
000000F4,
00000000,
00FF010A,
000100F7,
000000F8,
00FF0001,
00FF010A,
000100FC,
00FF00F8,
00000002,
00010004,
00FF00FE,
000000FE,
00000002,
00020001,
00000002,
00010001,
00FF00FF,
0001FF03,
00010000,
00010007,
00FE0001,
00FFFF04,
000100FE,
00000006,
00000000,
00FF00FE,
00FF00FF,
00FF00FF,
00010001,
00FF0003,
00FF0001,
00FF00FE,
00FF00FE,
000000FF,
00FF0004,
00000000,
00FF0001,
00000000,
00FF0001,
00000006,
00000001,
00FF0004,
000000FF,
00FF00FC,
00FF00FE,
000000FE,
000000FF,
00000000,
00000002,
00020000,
00FFFFFF,
000100FF,
00000000,
0000FF01,
00000000,
000100FF,
00000001,
0000FF01,
00FF0002,
00FF00FF,
0002FF0E,
00000002,
000000FF,
000000FB,
00010009,
00000000,
0000FFFE,
00FF00FC,
0000000B,
00010102,
00010001,
00FE00FA,
00010007,
00000103,
000000FB,
00FF00FA,
00020005,
000200F9,
00FF00FF,
00FF00F4,
00FE0007,
000000FA,
00010002,
00FE00F8,
00000008,
000100FB,
00000002,
00FF00FE,
00FE00FE,
00FF01FD,
000100FD,
000000FA,
00FE0001,
000101F9,
000100FE,
0001FFFF,
000100FD,
00000001,
000000FF,
00000001,
00FF00F5,
000000FB,
00010004,
00000002,
00000002,
00010002,
000000F8,
00000004,
00000001,
00000005,
000100FE,
000000F8,
00FF00F9,
000000FC,
00FF0000,
000000F5,
00FE00F8,
00000000,
00010000,
00010000,
0000000B,
00000003,
00FF0000,
000000F2,
000000FB,
00010003,
00FF00F9,
000200FA,
00FE0000,
00020002,
00FF00F8,
00FF00F9,
00000002,
00FF0004,
00FF0003,
00FF00F8,
00FF0002,
00FF00FD,
0002FFFE,
00FE0002,
000000FF,
00000005,
000200FE,
00FFFF01,
000000FF,
00FF0004,
000100FF,
00000008,
00000000,
00000003,
000000FF,
00FF00FF,
00000001,
000000FE,
00FEFF03,
000000FF,
00FF0002,
00000001,
00000000,
00FF0001,
00010001,
000100FE,
00000003,
00FF0002,
00FF00FC,
00FFFFFD,
00FF0000,
00000005,
00FF00FF,
00FFFF06,
000000FF,
00FF00FE,
00FF00FF,
00000004,
00FF0000,
00FF0001,
00FF0004,
00FF0000,
00FF0000,
000000FF,
00FF0008,
000100FF,
0002FFFE,
00000001,
00010005,
00000000,
000000FE,
00000000,
00010001,
00FE0001,
00FF00FE,
00FF00FE,
00FF0006,
000000F8,
00FFFF04,
00FF00FF,
0001000A,
00FF00FC,
000000FE,
00FF00F8,
00020009,
000000FD,
00FEFF00,
000000F3,
00010008,
00FF0005,
00FF0002,
00FF00F8,
00FD0004,
00FF0004,
00000002,
00FF00FA,
00FE0002,
000100FD,
00FFFF02,
00FF0000,
0000000C,
00FF0008,
0000FFFC,
00FF0005,
00FF00FE,
00030006,
000300FF,
000100FD,
00010001,
0000000A,
00010000,
000000F7,
000000F9,
000100F8,
00010001,
00FF00FC,
00000000,
00FFFF0C,
000000FF,
00FF00FB,
000000FC,
0000FF03,
00000000,
0000FFFC,
000000FF,
000100FA,
00FE0000,
00FF0000,
00000003,
00FEFFF6,
000000FF,
00010007,
00FF0001,
00FF0000,
000000FF,
000000FE,
00000002,
00FE0008,
00FF00F5,
00000001,
00000002,
00020101,
000000FD,
00010005,
00FF00FD,
00010105,
00020002,
00FF00F9,
00000003,
000000FF,
00010000,
00FF00F9,
00000001,
00010004,
000100FD,
00FFFF02,
00FF0000,
0001FF00,
00000000,
00FFFF03,
00FF0001,
000000FF,
00FF00FE,
00FF00FC,
00FF0001,
000100FA,
00FF00FE,
00FF0001,
0000FFFE,
00FEFF03,
0000FF00,
00FF0001,
00FE0000,
00FF0000,
00000004,
00000001,
000000FE,
0000FF05,
0000FF03,
00FF0003,
00FE0003,
00000000,
00FF00FF,
00FF00FF,
00FF0001,
00FFFFFD,
00FF0002,
00000003,
00FF0005,
000000FE,
00FF0001,
00000000,
0000FFF5,
00000000,
00FF00FD,
00000002,
00010005,
00010000,
00FF00FF,
00FF0002,
00010000,
00000001,
00FF0001,
00000003,
00000009,
000100FE,
00FE00FD,
00FF0001,
0002000A,
00FF0004,
00FF00FF,
00000003,
00010003,
000100FA,
00FF00FD,
000000FC,
00000003,
0000FFFE,
00FF0004,
000100FF,
00000002,
000100FB,
00000002,
00FFFFFB,
00000000,
00000005,
00FFFF01,
00FF0000,
00FE0008,
00FE0005,
00000000,
00010007,
00FF00FC,
00FF0008,
000200FC,
000100FD,
00000002,
000000FD,
000100FF,
000000FA,
00FF0004,
00FF000F,
00FF0004,
00FF00FB,
000000FA,
00FF0018,
00FF0000,
000000FC,
00FF0001,
0000000A,
00FF0000,
00010003,
000100FE,
00FF0005,
00010001,
000000FC,
00FF0002,
000000FD,
00010000,
00010007,
000100FD,
00FF00FF,
000000FF,
00FF00FF,
00FF0002,
00FF0005,
00FF0000,
00000004,
00FF0000,
000100FF,
000100FC,
00000006,
00FE00FE,
000000FF,
000000FD,
00FF00FC,
00020003,
0000FF00,
00000000,
00FF00F7,
0000FFFD,
00010000,
00000000,
00FF0001,
00FF00FD,
00010002,
00FF00FF,
00FF00FE,
00FE00FF,
00010001,
00FF0002,
00010002,
00FF00FC,
00FF0001,
00000001,
00000001,
000000FF,
00010004,
00FE0002,
000000FF,
00FEFF01,
00FF00FB,
00000004,
00000001,
000100FC,
00000002,
0000FF03,
000000FB,
00000001,
0000FFFF,
000000FE,
00000000,
000000FD,
00000000,
00000001,
00FF00FF,
00FF0004,
000000FA,
00FFFF00,
00FF0000,
00FF0002,
00FF00FD,
00FF0002,
00000001,
00FF0003,
00FF0002,
0001FF00,
00000000,
00FFFF01,
000000FF,
000000FD,
000000FF,
00FFFF00,
00010000,
00000002,
00FF0003,
00000002,
000000FD,
000000FC,
00FF0005,
00FF0003,
00FF00FD,
00FF00FE,
00000002,
00FF00FE,
0000FFFD,
00FF00FE,
00FF00FC,
00020005,
00FF0006,
00FF0002,
00000000,
00010005,
000100FF,
00FF0002,
00000000,
00000002,
0001FFFF,
000200FF,
0000FF05,
000100FF,
00FE0002,
00FE00FE,
00010002,
00020006,
00010000,
000000FE,
000000F8,
000000F1,
000000EF,
00FFFF04,
000000F9,
000000F8,
00FF0000,
00FF0003,
000100FD,
000000FF,
00000000,
00010005,
00010006,
00FE00FB,
00020005,
000100FE,
00000002,
00000003,
0000FF05,
000100FE,
00FF0006,
00FEFF04,
00FE0007,
00FF0003,
00FF0001,
00FF0003,
00FF0009,
000100FE,
000000FE,
00FFFFFD,
00FE0004,
00010000,
000000FF,
000100FE,
00FF00FE,
00000000,
00FFFFFF,
00FF0003,
0000FF01,
00000000,
00000001,
00FEFFFF,
00010005,
000000FF,
00000000,
00FF00FC,
00FE0000,
00FE0002,
000200FD,
00FF00FE,
000000FF,
00000001,
00010000,
00FF0000,
0000FF05,
0000FF00,
000000FD,
00FEFFFF,
0000FFFE,
00FF0000,
00000000,
00FF0002,
00FF0003,
00000003,
000000FE,
00000000,
000100FF,
000000FC,
00FF00FB,
00000001,
0000FFFA,
00FF0000,
00000000,
00FFFF02,
00000001,
00FFFF00,
00000000,
00FF0005,
000000FF,
00FF0000,
00000002,
00FE000A,
00FEFFFF,
00000004,
00010000,
00010005,
00FFFF01,
00000000,
000000FF,
000000FC,
0001FFFE,
000000FF,
00000000,
00FF0002,
000000FE,
00020000,
000000FF,
00FF0008,
000000FE,
000000FF,
00000002,
00FF0007,
000000FD,
00FE0001,
00000003,
00FF0002,
00FF00FC,
00FF0001,
000100FF,
0003FF04,
00FF0003,
00FF00FF,
00010004,
00FFFF00,
00FF0000,
00FF0000,
00000002,
000100FF,
00FF0001,
00FE00FD,
00000001,
00000003,
0001FF00,
000000FE,
00010003,
000000FF,
0000FFFF,
00FE0001,
000000FC,
00000008,
00000002,
00FFFF03,
000000FB,
00010007,
00FF0001,
00FF0001,
00000002,
00FE0000,
00010000,
00010002,
00000000,
00000000,
000000FA,
000000FC,
00000005,
000000FF,
000100FB,
0001FF01,
00000014,
00000004,
0002FF09,
00FF0000,
0000000A,
0000FF04,
00000005,
000000FC,
00FF0002,
000000FE,
00FFFFFF,
00010000,
00FF00FD,
00FF00FF,
00FF0000,
00FD0001,
00FF0000,
00000002,
00FFFF02,
0000FF00,
00FF0002,
00FF0000,
00000005,
00FF0001,
0000FFFF,
00FF0003,
00FF0002,
000000FF,
000000FD,
00000001,
00FE0002,
000000FF,
00000000,
00FF00FC,
000000FE,
000000FF,
000000FE,
00FE0002,
0000FFFC,
000000FD,
000000FD,
00FF0000,
000000FD,
00000003,
00010000,
00FF0000,
00000001,
00000000,
00FF0002,
00000002,
00FFFF04,
00010001,
0000FF05,
00FF00FE,
00FFFFFE,
000000FF,
00010000,
00FF0001,
0000FF04,
00010000,
00000000,
0000FF03,
00000003,
0001FF02,
00010000,
00000002,
00FE00F8,
00FF0001,
00010001,
00FF00FD,
00FF00FF,
00000000,
000000FE,
00000002,
000000FE,
00000000,
000000FD,
00FF000C,
00010002,
00FF0000,
000000FD,
000000FC,
00FE00FD,
00FF0003,
00000001,
000100FE,
00010001,
00FF0003,
00000002,
0000FFFC,
00000002,
00000001,
00010003,
000100FB,
000000FC,
00010001,
00000002,
000200F8,
000000FE,
00FF00FF,
00000004,
000100F7,
00000003,
00000002,
00000002,
00000000,
00000007,
000000FE,
000000FD,
00000000,
00000000,
000000FF,
000000FE,
0000FFF6,
0001FFFB,
00000001,
00000001,
00000004,
000100FF,
00FF0002,
00000000,
00000000,
0000FF04,
00000002,
0000000B,
00000002,
000100FF,
00000000,
00000006,
000000FE,
00010001,
00FF00FF,
0001FFFC,
00FF0001,
00FD0006,
00FF00FD,
000000FE,
00FF00FF,
0000FF03,
00FF0001,
0001FF02,
00000002,
00FF0000,
00010000,
000000FF,
00FF00FD,
00FF00FE,
00000002,
00010000,
00FFFF05,
00010000,
00010000,
00010004,
00FF0006,
00000008,
00020001,
00010001,
00FF00FD,
00FF00FF,
000000FF,
00000003,
00FE0002,
000000FC,
00010000,
00010000,
00FF0000,
00000001,
0001FFFE,
000100FF,
000000FD,
00FFFF02,
00000003,
00010002,
000000FD,
00000005,
000000FF,
00000001,
00000000,
0000FF01,
00FF0003,
000000FF,
000000FA,
00000001,
0000FFFF,
0001FF00,
00FF00FB,
0000FFFD,
00000002,
00010000,
000000FD,
0000FF00,
00FF0002,
000100FF,
00FFFF02,
00FF0004,
00000000,
00FF0001,
00010002,
000000FB,
00000000,
00000000,
00FF0000,
000100FF,
00FF0001,
000000FD,
00FFFF01,
00000000,
00010001,
000000FF,
00010008,
00000000,
00000000,
00010000,
0001FF06,
000000FC,
00FE0000,
00010002,
000000FD,
00000000,
00000001,
000000FF,
00FF00F5,
00FE00FF,
00000002,
000100FF,
00FE0002,
00FE00FD,
00FF0002,
000000FE,
00000004,
00FF0003,
00FE00FF,
00000000,
00FFFFFE,
00000003,
000100FF,
000000FE,
000000F7,
00FE00FE,
00010003,
000000FD,
00000007,
00FF00FE,
000100FF,
000000FC,
00FF00FF,
00FF00FC,
00000001,
000100FC,
000100FD,
00FF0000,
00000000,
00010002,
00FF0003,
0001FF0C,
00FF00FF,
0001FF06,
000000FE,
00FFFF00,
00FF00FF,
00010000,
000000FF,
00000004,
00000000,
0000FFFE,
00FFFF04,
000100FC,
00000002,
00010000,
00000001,
0000FF00,
00000000,
000000FF,
00FE00FA,
00FF0002,
00FF00FE,
00FFFFFE,
00FFFFFC,
00FF00FC,
00FF00FC,
000000FF,
000100FD,
00FFFF07,
00FF0002,
00000000,
00FF00FE,
00FF00FF,
00FF0000,
000100FD,
00000002,
00FFFFFF,
00000001,
00010002,
000000FF,
00000001,
000000FD,
00010000,
00000001,
000000FE,
00000003,
00010001,
00010002,
00000000,
00FF0001,
00000000,
00000002,
00000001,
00FF0001,
000000FB,
0000FF00,
00000003,
00000001,
000000FD,
00000001,
00FF0004,
00FF0001,
000100FE,
00FF00FF,
0000FF06,
00FF0000,
00000001,
00FF00FD,
0000FFFD,
000000FE,
000100FF,
0000FFFD,
000000F9,
00FE0000,
00000000,
00FF0000,
000000F7,
000000FF,
00000000,
00FFFF01,
00FF00FC,
00FE0002,
0000FF01,
000000FE,
0000FFFD,
00FF0003,
00FFFF02,
00FF000C,
00000001,
00000000,
00000002,
00FF0004,
00010003,
00000001,
00010001,
000000FA,
00000004,
00000000,
000100FF,
00000007,
00FFFFFF,
000000FD,
000100FF,
00FF0003,
00FF0002,
00000000,
000000FF,
00FF00F9,
00010004,
000000FE,
0001FF00,
00FF00FE,
00010001,
000000FF,
00000000,
00FF00FF,
00FF00FF,
00FF0000,
00010001,
00010002,
00FF00FE,
00000000,
00010000,
00FF0005,
000000FE,
00FF00FD,
000100FE,
00FF00FD,
00FE0001,
00000000,
000000FF,
00FF0001,
00FF0005,
00000003,
000000FF,
00FFFF06,
00FF00FD,
00FF0002,
00000004,
00FF0000,
00FF00FF,
00000000,
00000000,
00FEFFFC,
00FFFFFF,
000000FF,
00FFFFFE,
000000FD,
000200FE,
000000FD,
00000000,
00FF00FF,
000000FC,
00000000,
00000000,
00FFFFF5,
00FF00FA,
00FE00FF,
00010000,
000000FE,
00010004,
00000001,
00000005,
0000FFFF,
0000FFFE,
00000001,
00000002,
0000FFFF,
00000007,
00FE0000,
00000001,
0000FFFF,
000000FC,
00000004,
00000000,
000000FF,
000000FE,
00FE0002,
000000FC,
00000001,
000000FC,
00FE0000,
000100FE,
00FF0001,
00FF0004,
00FF0001,
000000FF,
00FFFF04,
00FF0000,
00FF0000,
000000FD,
00FF00FD,
00FF0000,
00FF00FE,
000000FE,
0001FFFD,
00FF0007,
00FD00FE,
0000FF00,
00FEFF05,
00FFFF01,
000000FF,
00FF00FF,
00FEFF00,
00000001,
00000001,
00FF0002,
00FF0000,
00FF0001,
00FF00FF,
00FFFF02,
00FF0001,
00FE0009,
00000001,
00000002,
00FFFF00,
00FF00FA,
00FE00FF,
00FFFF00,
000000F8,
00FF0005,
00000000,
00FF0002,
00000008,
00000002,
00020000,
00000001,
00FFFF08,
000000FB,
00FF0002,
000000FF,
000000FA,
00FF0002,
00FF0001,
000000FF,
00FF00FC,
00FE00FB,
00010002,
000000FF,
00FF0005,
00010006,
00000001,
000000FF,
000000FF,
000000FF,
00000002,
000000FF,
00FF00F7,
000100FD,
00FF00FF,
000000FF,
00FF00FA,
000200FF,
00000000,
00000001,
00FFFFF9,
00FFFF09,
00FF0002,
00000001,
0000FFFC,
000000F5,
00FF0000,
00010000,
00FF00FE,
00FF00F8,
00FF0001,
00010001,
0000FF05,
000000FF,
00FF00FF,
000000FF,
00FF0000,
00FF0002,
00FF00FF,
00000001,
00FF0001,
00FF0007,
00000000,
00010000,
00FF00FA,
00FFFFFF,
00FF00FF,
000100FF,
00FF00FA,
00FF00FD,
00FF0001,
0001FFFF,
00FE00FC,
00FE00F6,
00FF0001,
0000FF01,
0001FFFE,
000000FE,
00FF0001,
00FF00FF,
000000FD,
00FF0007,
000000FF,
00FF0000,
00FEFF00,
000000FE,
00000004,
0000FFFD,
0000FFFF,
00FE00FE,
00FE0002,
00000001,
00000002,
000100FF,
00010001,
00000002,
00000004,
000100EF,
00000001,
00010000,
00FFFF00,
00000000,
00FF0001,
00000003,
00FF0000,
00FFFFF4,
00000000,
00000001,
0000FF02,
00FF0002,
000000FD,
00FF00FF,
00FF0000,
00FF000A,
00000000,
00FF0001,
00FF0004,
00FF0001,
00FE00FF,
0000FF00,
00FFFF03,
000000FC,
00FF00FE,
0000FF02,
00FF000A,
00000001,
00FF0001,
00000002,
00FFFF05,
000000FD,
00FF0000,
00010001,
0000FF03,
00FF0003,
00000000,
0000FFFE,
00FF00FB,
00000002,
000100FF,
00010000,
00FFFF02,
000000FB,
000000FE,
0000FFFF,
00FF00FB,
00FF0000,
000000FF,
000000FF,
00000003,
00FFFF02,
00FF0001,
00000000,
00000003,
000000FA,
00FF0000,
00000001,
000000FD,
00FF00FF,
00FF00FF,
00010000,
000000F9,
00FF0000,
00FF0000,
00000000,
00010000,
00FF00FB,
00000001,
0001FF00,
000000F4,
00000000,
00010001,
000100FD,
00FF00F7,
00000000,
00FF0001,
00010001,
0001FFFC,
00FF00FA,
00FF00FE,
00010000,
00FF0004,
000100FD,
00000000,
0001FFFF,
00FF00FD,
00FF00FC,
00010000,
000000FE,
00FF00FA,
00FF00FE,
00FF0000,
000100FD,
00FF00FB,
00FFFFF0,
00FF0000,
0001FF00,
00FF00FF,
00FE00F9,
0000FF00,
00000001,
00FFFF03,
00000003,
00000000,
00FF0002,
00FF0004,
000000FD,
000000FF,
00FF0002,
00FF0002,
000000F4,
000000FF,
00FF0002,
00000003,
00000007,
00000005,
000000FF,
00FF0000,
00010000,
00FF00FF,
000000FF,
00000001,
00FF0013,
00FF0001,
00010001,
00000003,
00010003,
00000002,
00010001,
00FF0002,
000000F6,
00000001,
0000FF00,
00010001,
00000004,
00FF0000,
00FF00FD,
00FFFFF9,
0000FFFC,
00000001,
00FE00FD,
00FFFFFF,
000000FF,
000000FF,
00FF00FF,
00000004,
00000005,
00FF00FF,
00FF0000,
00010004,
000000FE,
000100FF,
00FF0001,
000000FE,
000000FD,
00000001,
00FF0002,
00FF0000,
00FF0001,
000000FF,
00000002,
00FF0005,
00FF00F9,
00000001,
00000001,
00FE00F9,
00000002,
00FF00FF,
00FF00FE,
00000002,
00FF00FD,
000100FF,
00FFFFFF,
00FF0001,
000000FC,
00FF0001,
00FF0001,
00000008,
00FF0003,
00FF00FE,
00FF0003,
000100FA,
000000FA,
000000FF,
00FF0003,
00FF00FE,
0001000B,
00000001,
00FF0001,
000000FB,
00000001,
00000001,
00000001,
0000FF08,
000000FD,
00FF00FC,
00000000,
00FF0005,
00FF0009,
00FF00FE,
00000000,
00FF0008,
000000FD,
00000002,
00000000,
000100FA,
00FF00FA,
00FE0003,
0000FF01,
000000F7,
000100F5,
00010001,
00FF00FF,
00FF000B,
00FF00F8,
00FF0001,
00FF00FF,
00FF0000,
000000EF,
00000001,
00FF00FF,
000000F9,
00FF00FE,
00FF0000,
000000FE,
0001FFF6,
000100FC,
00FF0002,
00FF0000,
00FEFF06,
0000000B,
00FF0001,
00FF0001,
00010000,
00000004,
00FF0001,
00FE00FE,
00000001,
000000F6,
00FF0001,
00FF0000,
000100FD,
000000FD,
00000005,
00FF0001,
00FF0003,
00FFFFFD,
00FF00FF,
00000003,
000100FF,
00FF0002,
00FE0000,
00010001,
00000000,
000000FF,
00000000,
00000000,
00000009,
00FF0002,
00000000,
00000003,
00FF0002,
00FF00FE,
000000FF,
000000FE,
0000FF05,
00010004,
00010000,
00FE00FE,
00010007,
00FF0008,
00FF00FF,
00FE0000,
00FF0006,
00000002,
00000001,
00FE00FE,
00FFFF05,
00FF00F7,
00010000,
00FF0001,
000100FA,
00FF00FF,
00000001,
00FF0002,
00000006,
00FF0000,
000000FF,
0000FF01,
00FF00FA,
00000002,
00010001,
00FF0001,
00FFFF02,
00000006,
000000FE,
00FF0000,
000000FF,
00000002,
000000FE,
00FF0000,
00010004,
000000FF,
00000000,
00FF00FF,
00FF0001,
00FF00F1,
000000FF,
00FF0000,
00FF00FD,
000100F6,
000000FF,
00000001,
00FF0002,
00FF0005,
00000000,
00000000,
0001000B,
000000FA,
00000001,
00000000,
00FF0007,
00FF00FE,
000000FE,
0000FF00,
0000FF07,
00FF0004,
00000000,
00000001,
0002FFFD,
00FF0003,
00FF0001,
0000FF00,
000000FC,
00000004,
00000000,
00000000,
00000004,
00FE00FE,
0000FFFF,
00000002,
00FFFFFC,
0001FFFF,
00000000,
00000001,
000000FD,
0000FF01,
00000000,
00FF00FF,
00FF00FE,
00FF00FE,
000000FF,
000000FE,
00FF00FE,
000000FF,
00FF0002,
000000FF,
00000002,
00FFFF0B,
00000001,
00000001,
00000006,
00FF0000,
00FF0001,
00000000,
00000007,
000000FA,
00FF00FE,
00000001,
00FF0006,
00010003,
00010004,
00010001,
0000FF00,
000000FF,
00FE0001,
00000000,
00000001,
00FF00FF,
00000001,
00000004,
00000007,
00000004,
00000000,
00000000,
00FF00FF,
00000007,
00010001,
00010002,
000000FC,
000000FB,
00030000,
000000FD,
00000001,
000000FF,
00010002,
00FF0000,
00000003,
00010009,
00010003,
0000FF03,
00FF0000,
00010004,
000000FE,
000000FF,
00000003,
00FF00FE,
000000FF,
0000FF02,
00000003,
00FF0102,
000000FF,
0001FF04,
0000FFF8,
000000FC,
00FF0000,
000000FF,
00000001,
00FF0002,
000100FB,
000000FC,
000000FD,
00FF00FD,
00FF0001,
0000FFFE,
000100F7,
000000FD,
00FF0000,
00FF00FB,
000000FD,
000000F8,
00FF00FF,
00FF00FD,
00FF000B,
00000000,
00FF0002,
00FF0000,
000000FD,
0000FF07,
00010002,
000000FE,
000100FF,
00FF0003,
000000FB,
00FF00FF,
0000FFFE,
00FF00FE,
00000001,
00FF00FF,
00000005,
00010003,
00010004,
00FFFFFE,
00000007,
00000004,
00010002,
000000FF,
000000FE,
00FF0000,
000100FF,
00000002,
00FF00FE,
000000FC,
00FF0001,
0000FF07,
000000FF,
00FF0002,
00FFFF00,
00FF0001,
00000005,
00FF00FB,
00FF00FF,
00FF0003,
000000FD,
0000FF01,
00FFFF00,
000000FE,
00FF00FC,
00000006,
00FE0003,
000000FD,
0000FF03,
00FF000D,
00000003,
000000FF,
00FF00FF,
00FF0002,
00000003,
00000003,
000100FB,
000000FF,
00FF00FE,
00000000,
0000FF04,
000000FE,
00000000,
000000FF,
00FF0000,
00FF0000,
00000004,
00000001,
00010000,
0001FF00,
00000001,
000000FF,
00000009,
00FE0005,
00000001,
000100FF,
00FF00F1,
00FF00FC,
00000002,
00FF00FE,
00FF00FE,
000000FE,
00000002,
000000FF,
000000FD,
00FF00FB,
00000001,
000000FE,
00FF0006,
00FE0003,
00000002,
00000001,
000000FB,
00000003,
00000002,
00FF0004,
00FF000B,
00010008,
00000001,
00FF0005,
00FEFF04,
00000003,
00000001,
00000004,
0000000A,
00FF00FF,
00FF0001,
000000FF,
00FF000A,
00020001,
00000002,
00FF00FC,
0001FFF8,
00FE00FE,
00000002,
00FFFFFB,
00FFFF0A,
00000002,
00000001,
00FF00FE,
0000FF02,
000000FF,
00000001,
00FF00FE,
00FF00FC,
00000003,
00000001,
00FF00FF,
00FE00FB,
00FF00FF,
00000000,
00000000,
000000FB,
000100FD,
00000000,
00000000,
0001FF00,
00000000,
000000FF,
000000FF,
000000FF,
00FE00FF,
00000001,
000100FE,
00000005,
00FF00FE,
00000001,
00FF0001,
00010001,
000000FC,
00000001,
00000003,
00FE00FC,
00FF00FD,
00000001,
00000001,
00FD0004,
00FF00FF,
00000001,
00FF0001,
000100FF,
00FF00FE,
00000001,
00FF0002,
00FF0000,
000000FD,
0000FF02,
00000002,
00FF00FA,
00000007,
00000001,
00000001,
00FE00FA,
00000004,
00000002,
00FF00FC,
00FF00FF,
00010004,
00000003,
00FE00FE,
00FF00F9,
0000FF03,
00010003,
00FE0001,
000000FC,
00FF0000,
00000003,
00000003,
00FFFFFD,
00000002,
00000002,
00000000,
000000FC,
000000FD,
00000009,
00FF0000,
00010001,
000209FF,
00FE0400,
0000FC00,
00FF0300,
0008FEFF,
0002FF00,
00F8F800,
00FE0000,
0006F6FF,
0002FF00,
00FB0200,
00020100,
0001F600,
0001FC00,
00FFFFFF,
00000500,
00050100,
00010000,
00FFFF00,
0000FD00,
00FE0600,
00000800,
00020100,
0000FBFF,
0005FEFF,
00010300,
000308FF,
0002FD00,
00FF0900,
00000300,
00FF01FF,
00FCF700,
00FFFB00,
00FD0300,
00FBFA00,
00000000,
00000100,
00FF00FF,
00000000,
00FD0700,
0001FF00,
0000FE00,
00FB0800,
00FFFC00,
0005FE00,
00FCFD00,
00FCFB00,
00060500,
00FFFD00,
00FB0300,
00FBFC00,
00FF0000,
00000500,
00FE0000,
00FEF100,
00FB0500,
00030100,
00FF0200,
00FBF900,
0001FC00,
00070400,
00FFFF00,
00FD0200,
0003FF00,
00010700,
00FDFFFF,
00FF0C00,
00F20500,
00FF0100,
0005FB00,
00020400,
00F7FF00,
0001FBFF,
0005FF00,
000503FF,
0002F5FF,
00FB0300,
0004FE00,
0002F500,
00000200,
00FCFF00,
000300FF,
0008F300,
00FDFF00,
00F9F700,
00030200,
0003FE00,
00000000,
00FC0100,
00030400,
00040400,
0003FE00,
00FDF900,
00010200,
0001F700,
00FF0300,
00FAFB00,
00020100,
000602FF,
0002FE00,
0001FA00,
00010000,
00080600,
0002FBFF,
00FC01FF,
00FFFD00,
00000900,
00FCFE00,
00010000,
00FF0000,
00FF1000,
0001FD00,
0001FA00,
0000FF00,
00FD0DFF,
00FCFF00,
000105FF,
00FEFCFF,
00FD0800,
00FE0200,
00040100,
00FF0000,
00FF0900,
00000400,
00FFFF00,
00020100,
00FD0300,
00FDF800,
00010BFF,
0001FF00,
00FFF800,
00FEFD00,
00F9F000,
00FEFC00,
0001F800,
0004FEFF,
00FC0A00,
00030100,
00FF06FF,
00FA04FF,
0003F600,
0003FE00,
00010300,
00FF0300,
00FE0300,
00010500,
0001FC00,
0000F700,
00FFFC00,
00020400,
00000000,
00FD08FF,
00FC0300,
000101FF,
00010500,
00FA0800,
00FEFE00,
00FFFD00,
0002FA00,
00020200,
00FF0300,
00FD0500,
0002F700,
00040400,
0001FA00,
00FF0000,
0001FE00,
00FE0500,
0003FC00,
00FB02FF,
00000500,
0004FD00,
00050600,
00F803FF,
00FAFA00,
0001FBFF,
000007FF,
00F90000,
00FBF900,
0001FE00,
00FCEE00,
00FCFF00,
00F8FC00,
0000FB00,
0006F400,
00FB0400,
00FB0800,
0001FE00,
0004FBFF,
0001F700,
00FC07FF,
00FAFA00,
00F5FE00,
0001FB00,
00FD0400,
00030800,
00FB0100,
00050100,
000104FF,
0006FA00,
00FC0400,
00020400,
00000000,
0005FF00,
00F9F900,
00030200,
0002FEFF,
00010700,
00FAEB00,
0002FFFF,
0000FB00,
00FF0200,
00FD0300,
0000FD00,
00030200,
00FA0300,
00FCED00,
0004FF00,
00040300,
00FB0100,
00FCE000,
00020100,
0003FB00,
00FB0000,
0003F800,
0002FB00,
00010200,
00FDFD00,
00FE0B00,
00010400,
00010500,
00FF08FF,
0006FC00,
0000FD00,
000100FF,
00FE0B00,
00F40C00,
00020400,
00FEFF00,
00020600,
00F8F800,
00000100,
00FE0300,
00F907FF,
00FB0D00,
00FEFC00,
00FF00FF,
00FFFE00,
00FF0E00,
00FFFEFF,
0003FF00,
0000FE00,
0002FC00,
00020200,
00FEFC00,
00F80F00,
00FDF900,
0001FC00,
00FC0000,
00010600,
00010600,
0001FFFF,
00FD0500,
00FCF600,
00F70800,
000206FF,
00FF0200,
00FF0100,
00FC0300,
0000FF00,
0000FC00,
00FFF500,
00FFFB00,
00020100,
0000FC00,
0001FE00,
0003ED00,
00000500,
0001FC00,
00010800,
00000600,
00FE0200,
00010000,
00010000,
00FEFC00,
00FEFC00,
00010100,
00030500,
00FF0AFF,
00FD0100,
0000FE00,
00FC0500,
0005FD00,
00FF0200,
00000600,
00FFFFFF,
00010100,
00FE0400,
00FE0700,
00020800,
00020700,
00F90100,
00FBFA00,
0002FF00,
0001FEFF,
00FC0200,
00FB0200,
00030100,
00FEFE00,
000002FF,
00FCFC00,
0001FE00,
0002FA00,
00020300,
00FBFAFF,
00FDFF00,
00070000,
00040200,
00FC00FF,
0000FF00,
0006FA00,
00020000,
00FEFC00,
00FA0700,
0003FE00,
00020400,
00020000,
00FE0100,
0002F500,
00010B00,
00030100,
0000F800,
00FEF800,
00010400,
0000FD00,
0001F400,
00FD0200,
00010800,
00000100,
00FF0B00,
00FEFF00,
00020500,
0001FEFF,
00000900,
0001F600,
0005FE00,
0001F700,
00FEFD00,
0003FE00,
00030300,
0001FD00,
000301FF,
00FFFDFF,
00000200,
00010300,
00FD06FF,
00030000,
0000FF00,
00FFFD00,
00FFF600,
0004FB00,
00000200,
0001F600,
00FF0500,
00000600,
0001FF00,
00010300,
00FD0700,
00FDFA00,
0000FEFF,
00010500,
0005FDFF,
00FEF800,
0001FF00,
000003FF,
00000000,
00040500,
00000000,
0002FE00,
0003F800,
0002F900,
00030100,
00FE0400,
0000FC00,
00FE0100,
0001FB00,
00FD0B00,
0000FB00,
00F8FE00,
00010100,
00FE0200,
00FDF400,
00FD0000,
00000100,
00020100,
00000F00,
00FEFE00,
0001FD00,
0000FF00,
00FDFE00,
0001FD00,
0000FF00,
00020100,
00040200,
00000200,
000006FF,
00FFFB00,
00FAFE00,
00FFFC00,
00FDFE00,
00FF0600,
00FF0100,
0002FD00,
0002FF00,
00020400,
0004FA00,
00010400,
00FFFE00,
00030400,
00FF0100,
0002FC00,
00FEFFFF,
00030100,
00FCFFFF,
0002FAFF,
00FC0600,
00FF0000,
00010100,
00FE0100,
00FCFF00,
00FA0400,
00000100,
00020300,
00FC0200,
00FD0900,
00FF0100,
00FE0000,
00000700,
00FC01FF,
0000F900,
00000000,
0004FF00,
00FD0000,
00FCFE00,
00020700,
00020100,
00FE0000,
00FDFD00,
00000200,
00000100,
00FF03FF,
00FEFC00,
00FFFF00,
00FFFB00,
00FD0500,
00010300,
00FFF300,
00FF01FF,
00FA0600,
0000FB00,
00020100,
00FE0A00,
00FE0100,
00FA0200,
000205FF,
00FF0100,
00020300,
0000F800,
00FEFC00,
0001FF00,
00020000,
00050500,
00FFFC00,
0000F500,
00FF00FF,
00FE01FF,
000802FF,
0000FD00,
00010000,
00FD0100,
0003F700,
00000100,
0001FE00,
00FCF9FF,
00020200,
0000FB00,
0001FD00,
00FF03FF,
0003FD00,
00010100,
0000FA00,
0003FC00,
0004FB00,
00010300,
00FF0100,
0002FA00,
0003FF00,
00030600,
00000600,
00FE0100,
00010400,
00FF0100,
000001FF,
0006F500,
00070800,
00FF0200,
00FFFDFF,
00000D00,
00FEFF00,
0003FF00,
00FDF7FF,
0004F900,
00000BFF,
000005FF,
00FE0000,
0000FD00,
00040F00,
00FF0600,
0001F9FF,
00FCF500,
00030600,
00000100,
0001FD00,
00FE0000,
00FCFB00,
0001FF00,
0000FB00,
000101FF,
00010400,
00FFFFFF,
0000FC00,
00FD0600,
0003F200,
0001FE00,
00010000,
00030600,
00000700,
00FE0200,
0002FFFF,
0001FF00,
00FEFF00,
00020200,
0002FDFF,
00FD0400,
00000300,
00FF0100,
00FE0000,
00FC0000,
00FEFE00,
00010500,
00FFFE00,
0000FB00,
00FC0200,
0000FF00,
00FB0200,
00000200,
00FF05FF,
00FEFA00,
00FC04FF,
00FBFF00,
00FF0700,
0004F700,
00FD0200,
00FCFF00,
00010200,
0005FA00,
0007FD00,
00FE0100,
00FDFD00,
00040000,
0006FE00,
00000200,
00FF0200,
00FE0500,
0005FB00,
00FB0200,
00030200,
00F8FDFF,
00050100,
00FC0100,
00FF0500,
0004FA00,
00FC0000,
0001FF00,
00FDF700,
00FFFAFF,
00F8F000,
0000F700,
00000800,
00FC0500,
00F9FB00,
0003FC00,
00FF0200,
00FFFDFF,
00020400,
00FF0900,
0005FC00,
00FFFB00,
00000600,
0002FA00,
0009FD00,
00020700,
00000600,
0004FAFF,
00030000,
0002FFFF,
0001FF00,
0000FA00,
0001FE00,
0000FD00,
00FEFFFF,
00FEEFFF,
00FEF6FF,
0002F9FF,
00FF0300,
00FFF200,
00040B00,
0002FF00,
00FD0300,
0000FC00,
0001F500,
0000FE00,
00FF0100,
0002F600,
00010A00,
00010300,
0001FD00,
00050100,
0007FCFF,
0001FE00,
0001FCFF,
0000FEFF,
0001FC00,
00FFFD00,
00010800,
00FBF700,
00FB0100,
00010300,
0001FEFF,
000600FF,
00FF0200,
00000300,
0002FF00,
0003FE00,
00040A00,
00FE0600,
00FDF800,
00000200,
0001FE00,
00FEFEFF,
00FDFE00,
00FD0800,
0004FD00,
00FEFE00,
00FEFD00,
00FF0CFF,
00FE0B00,
00FFFFFF,
0000FF00,
00FCFB00,
0002FFFF,
00010200,
0003FF00,
00FD09FF,
00FE0400,
00040500,
00020200,
00FE0200,
00020400,
00030100,
00FE0700,
00FE0600,
00FFFF00,
00FF0300,
00010100,
00FF0500,
00FC0200,
00FF0200,
00FBF700,
00FFFE00,
00FF0300,
00040300,
00FBF600,
0001FE00,
00010100,
0006F800,
00010F00,
00FAFF00,
00FA0300,
0002F800,
00070BFF,
00FF0000,
00FDFCFF,
000C0900,
001106FF,
0000F4FF,
0002F200,
000204FF,
000D0500,
00FD0300,
00010300,
00F50500,
00030F00,
00FAFE00,
00FFFAFF,
00F80500,
00001200,
00010000,
0002F800,
00000300,
00000D00,
00070F00,
00050300,
000209FF,
00000200,
00070300,
00FE0500,
00FE0700,
0000FB00,
00040300,
0007F900,
00FE0400,
000007FF,
00020900,
0004FD00,
00020200,
00031300,
000B0000,
0005FD00,
000203FF,
00FFFE00,
0005FC00,
00050400,
00FEFF00,
00FFFEFF,
00030500,
00FDFEFF,
00FE0300,
00FB0A00,
00FD0400,
00020200,
00FDFA00,
00000000,
00FDFB00,
00040400,
00010200,
00000100,
00040100,
00FB0600,
000101FF,
00FF00FF,
00050900,
0001FD00,
00010800,
00020200,
00F9F500,
00000200,
00000100,
00FFF500,
00FC01FF,
0003FD00,
00FFFE00,
00000500,
0001FAFF,
0000FE00,
00040400,
0001FA00,
00F90400,
00FB0000,
0000FE00,
00FE0D00,
00FC0200,
00FE0500,
00FD00FF,
00000700,
00FFF500,
00000100,
00FFFE00,
00FD0100,
0000FC00,
00FEF100,
00010200,
00FF03FF,
00FEFAFF,
0001F8FF,
0003FE00,
0004FC00,
00FCFB00,
00030500,
00040200,
00000000,
0007FE00,
00FF0900,
00030400,
00FA0200,
0000F9FF,
00FC0500,
00000100,
00FDFE00,
0002FCFF,
00FB0200,
00030900,
00000600,
00000300,
00F9F8FF,
00030600,
00060700,
00020200,
00F7FE00,
0004FF00,
000603FF,
00F9FF00,
00F9F1FF,
000A0400,
000C0500,
00F6FF00,
00F8FE00,
00040400,
000BF900,
00FCFB00,
00FAF9FF,
00070600,
0007F8FF,
00F8F900,
00FCFB00,
00FE0700,
0007F8FF,
00FAFB00,
00FDFE00,
00FA0700,
0002F700,
000201FF,
0008FE00,
00FDFB00,
0000FD00,
00040A00,
00040700,
00FCFB00,
00060000,
0007FA00,
0004FB00,
00FDFC00,
0000FE00,
0002FE00,
0000FE00,
00FA0500,
00F1FB00,
000501FF,
00020400,
00FE02FF,
00F4FF00,
000A06FF,
00030700,
0000FDFF,
00FEFF00,
0008FB00,
0002F800,
000304FF,
00FAF900,
0004FF00,
00FDF900,
0002FF00,
00FAFD00,
00020AFF,
0000F800,
0001FB00,
00000600,
00FAFC00,
0001FE00,
00010500,
00FCFE00,
00FEFA00,
000008FF,
00FFFD00,
00010400,
00FC0600,
00FEFA00,
0001FCFF,
00FF0300,
00FD0400,
00FE0A00,
00010200,
00FFFE00,
00FD04FF,
00FF00FF,
0000FF00,
00FFFD00,
0000FF00,
0000FB00,
00FEFCFF,
00FE0600,
00020200,
00020700,
00040500,
00FF0600,
00FEFD00,
00FD0800,
0001FD00,
000109FF,
00020700,
00FE1400,
00FEFF00,
00010400,
00FFFDFF,
00F90400,
000205FF,
00000100,
00010300,
0001F6FF,
00FF0200,
00040100,
00030300,
00000000,
0001FB00,
0001FE00,
00FF0600,
0003FB00,
00020400,
00000300,
000301FF,
00030500,
00FF0E00,
00F60700,
00020500,
00FE03FF,
00FDF400,
00040600,
00FE00FF,
00FEFD00,
0005F900,
0006FB00,
00000000,
00FBFA00,
000804FF,
0004FD00,
00FD0700,
00F7FC00,
00010A00,
0006F800,
00FEFF00,
00F9F700,
00030600,
00050200,
00FBFE00,
00F60600,
00020500,
00070100,
00F4F500,
00FE0200,
00000600,
0006F200,
00FD0300,
00000100,
00FEFFFF,
0007F600,
00FC0C00,
000FFF00,
00FC0400,
0000FBFF,
00000600,
0002FC00,
00FA0400,
00FF0300,
0003F000,
00050800,
00F90600,
00050000,
0005FF00,
0002EC00,
00FAFCFF,
00FFFE00,
0002F1FF,
0002FC00,
00FB0000,
00F4FF00,
00060400,
00000700,
00F8FD00,
00EBFD00,
000CFDFF,
00000600,
00FFFF00,
00E405FF,
00040BFF,
00FFFB00,
00FA0900,
00EBFB00,
0003FBFF,
00FE0A00,
00FFFF00,
00EFFD00,
00F80FFF,
00000100,
0000FF00,
00F80600,
00FA0000,
00010300,
0001FC00,
00010000,
00FC0700,
0004FD00,
00000100,
00050500,
00FC02FF,
0003FD00,
0000FF00,
0000FFFF,
00000600,
00000200,
00030000,
00000100,
00FBFF00,
00FCF300,
0002FF00,
0001FFFF,
000206FF,
00FDF800,
00020000,
00FFFC00,
00010100,
00FEEEFF,
000200FF,
0002FF00,
00FEFB00,
00FF0A00,
00FE0000,
0000FD00,
00010A00,
000401FF,
00FF0100,
00FFF8FF,
00060200,
00FDF600,
0000FDFF,
00010100,
0001FC00,
00010600,
00FF0100,
000302FF,
00FE0000,
0002F000,
00FB0700,
0001FA00,
00FEFF00,
00020000,
00FD0D00,
00FD0C00,
000003FF,
000305FF,
00020B00,
00FEF500,
00010000,
00FDFE00,
00030000,
0006F800,
00010300,
00FD0400,
0003FC00,
0006F100,
00030000,
00FB0300,
0004FE00,
00060000,
0001FF00,
00F70000,
0002FB00,
0003F200,
00FF0200,
00F30000,
0003FB00,
0008FB00,
00F0FB00,
00FEFB00,
0005FD00,
00060800,
00000900,
00F70900,
00FF0500,
0002FDFF,
00FDFB00,
00F90700,
00020700,
0000F4FF,
00010000,
0008F900,
00030400,
00FDFC00,
0006FF00,
00FBFB00,
00FDFC00,
00FDF900,
00FCF900,
00000300,
00FDFF00,
00FDF800,
0009FA00,
00010600,
00F60200,
00000500,
00FDF400,
00000E00,
00FCF700,
00FD0600,
00080200,
00080C00,
00FE0200,
00F20200,
0009FCFF,
00010C00,
00FDFB00,
00FB0300,
0003FF00,
0004F800,
0003FD00,
00F40400,
00F80300,
0002FE00,
00FFFCFF,
00F60200,
00F50000,
00000300,
00010600,
00030300,
00F907FF,
00FE0900,
00010000,
0005FE00,
00FE0100,
000206FF,
00000000,
00FDFAFF,
00FE0700,
00020200,
00FF0300,
00FF0200,
00000400,
00FF04FF,
0000FC00,
00FF0600,
00FA0400,
00FAFD00,
00FFF800,
0000FE00,
00FD0900,
0000FD00,
00030400,
000002FF,
0000FE00,
00020400,
00020100,
0001FD00,
00FCFF00,
00FDF900,
00FF0200,
00FE0200,
0001FF00,
00FC0000,
00010400,
00FFF400,
0002F800,
00FDF700,
00010000,
00020300,
00FDF900,
0001FC00,
00FD0600,
00020100,
0002FE00,
0000EFFF,
00FD0600,
00010000,
00010600,
0001F200,
00FB0400,
00050F00,
00010300,
00030300,
00FE0600,
00050000,
00FF0500,
00FE0300,
0003FEFF,
00070000,
00080100,
0000FA00,
0005FC00,
0003FC00,
0000FB00,
00F9FD00,
0003F100,
00FC0500,
00050900,
00FDF400,
0005F700,
0003F800,
00080E00,
00F0FB00,
0005F400,
0003FB00,
00020D00,
00E70E00,
0009EF00,
00030200,
0009FC00,
00F7F500,
00040000,
00FEFD00,
0001F800,
0001FB00,
0003F800,
00FBFF00,
0001F900,
00030200,
00FE0000,
00FD0400,
0005FD00,
0001F800,
00F8F400,
00FEFF00,
00020500,
00000200,
00FEFC00,
00FE00FF,
00FDF700,
00FC0400,
00FC01FF,
00030800,
00FFFC00,
00FC0200,
00000300,
00FC0400,
0009EB00,
00F60500,
00FD0200,
00FDFE00,
0007EF00,
00FB0100,
0002FE00,
00030000,
00FFF4FF,
00FAF000,
00070400,
00FE0900,
00FDF4FF,
00FEF400,
00FF0C00,
00FD0200,
00F70000,
0003FA00,
00FE01FF,
00F7F800,
00FEF3FF,
0001FD00,
00010800,
00080D00,
0000FE00,
00FC0300,
00FF01FF,
000501FF,
00020300,
00010200,
0000FEFF,
0004FA00,
0000FDFF,
00040400,
00FEFE00,
000000FF,
000002FF,
00030100,
00010000,
00FF02FF,
00FEFD00,
0002F800,
00FFFE00,
00FFFE00,
00FDFB00,
00000100,
00020300,
000101FF,
00FEFA00,
0000FA00,
00FE00FF,
00FC0200,
00010400,
00FDF500,
0001FE00,
00FD07FF,
0000F700,
0002FA00,
00010300,
00020800,
000004FF,
0003FB00,
00FDFD00,
00FDFE00,
00FE0300,
0002FA00,
00FBFF00,
0003FD00,
00010100,
00FFF700,
00FF06FF,
00010100,
00010400,
00000400,
00FDFB00,
00FF0500,
00030600,
00000500,
00FFFF00,
0004F300,
00060200,
00FFFB00,
0005FA00,
00FDF9FF,
0007FC00,
00000000,
0006F800,
00FFFDFF,
000911FF,
0004FD00,
0006EE00,
00010300,
000C0A00,
00FC0000,
0005F900,
000002FF,
000A0400,
00F70000,
0005F800,
00030400,
0002F700,
00F3EB00,
0003FF00,
000000FF,
0004FFFF,
0000F800,
00FEF700,
00FE0100,
0001F800,
00FDFF00,
00000100,
00F9FC00,
00090100,
00000400,
00FCFD00,
00FF0400,
0002FF00,
00FDFC00,
00FFF800,
00FF0500,
00FC0400,
00FEFB00,
00FB0400,
00FE0200,
00FBEF00,
00F80400,
00FA0000,
00FF0300,
0001EC00,
00FD0500,
00030900,
00F8FD00,
00FEE900,
00F60500,
00040000,
00FAF9FF,
0000EC00,
00FDF300,
00030300,
00FBFD00,
00FCFE00,
0002F700,
00020BFF,
00000700,
0000FC00,
00030600,
00FE0900,
00080400,
0000FB00,
0004F800,
0002FF00,
000A0100,
00010000,
00FE02FF,
00FF0200,
0001FE00,
0001FD00,
00FF0600,
00020100,
00FF0500,
00FC0100,
00FF0000,
0000FD00,
00F9FC00,
00FF0400,
00030200,
0000FD00,
00FD0000,
00FF0200,
0000F800,
00FE0000,
00FF0400,
00FE0000,
0003F800,
00020300,
00020100,
0000F7FF,
00FEFB00,
00010100,
00FF0300,
000104FF,
0000FBFF,
00020000,
0005FB00,
00010000,
00FD00FF,
00FF0700,
0002FE00,
00010200,
0000FAFF,
0001FE00,
00FF0100,
00FD01FF,
00020300,
0003FE00,
0001FE00,
0003FA00,
00050900,
00FF0000,
0001FD00,
0003FE00,
0005FE00,
0003F600,
00010100,
00021000,
00000400,
0004F5FF,
00040500,
00FD0200,
0001FEFF,
0002FC00,
0004FB00,
00FE05FF,
0004FF00,
0001FD00,
0002F700,
00090300,
00070400,
00FFFB00,
00030000,
000605FF,
00FA0E00,
00FEFF00,
00020900,
0002FA00,
0003FE00,
000401FF,
00040300,
0005FE00,
00F8DD00,
0001F4FF,
0006FDFF,
0006FA00,
00FEED00,
00FFF4FF,
00FDFF00,
0008FFFF,
00FCF000,
00FDF500,
00FAFA00,
00030300,
00FBF800,
00F9F700,
00F9F800,
0000F800,
00FBFBFF,
00FEFB00,
00FEFD00,
00FEFB00,
00FB0400,
00FE0000,
0002FB00,
00FFF500,
00FFFD00,
00FCFC00,
00FFF9FF,
00FCEE00,
00FD0400,
00FE0700,
00010000,
00FEEDFF,
00F60A00,
00010400,
00FEFB00,
00FFF100,
00F50400,
0000F900,
0000FD00,
00010400,
00040400,
00FC0700,
00F9FF00,
0001FB00,
00FEE900,
00FFFD00,
00010400,
00FEFF00,
0002F600,
00FFFA00,
000200FF,
00FF0000,
00FDFE00,
00FEFD00,
000BFBFF,
0000FEFF,
0002FCFF,
000001FF,
00FFFA00,
00000200,
00FDFC00,
00FDFA00,
00FF0800,
00FDFB00,
00010200,
00FE0400,
0000FF00,
00FC0200,
00FE0200,
00FE05FF,
0002FC00,
00FD0700,
0000FE00,
0004FC00,
00020200,
000204FF,
00FFFAFF,
00000000,
00020000,
0001FF00,
00FC0600,
0001FAFF,
0001F200,
00000600,
00FFFE00,
0003FEFF,
0005FA00,
0001F700,
000000FF,
0000F9FF,
0000FF00,
00000300,
00FEF700,
0001FC00,
00060300,
0002F700,
0000FC00,
000304FF,
00FF0200,
00F70200,
00040600,
00FFF900,
000000FF,
0004F000,
00040500,
0001FF00,
00010200,
000BFE00,
00FFFE00,
00010300,
0003FE00,
0008F600,
00090200,
00000400,
0004F900,
00040300,
00FDF800,
00FD0900,
0004FD00,
00010600,
00F90600,
00F80F00,
0008FE00,
0002F300,
000DF6FF,
00F70700,
0006FDFF,
00040200,
0001F400,
00FCF600,
00F907FF,
00080100,
00FAFB00,
0002F400,
00FE0800,
000B01FF,
00FFFE00,
0003FA00,
00F5FFFF,
00050700,
00FBF200,
0000F8FF,
00FEF700,
00FE0300,
00F9F300,
00FA0300,
00FDFF00,
00FEFBFF,
00FAF600,
00F805FF,
00010100,
00F7F500,
00FAFC00,
00F4F800,
00010500,
0005FE00,
00FA0100,
00F60000,
0000FA00,
0008F600,
00F60800,
00FE0C00,
00FAF6FF,
0002E900,
00FA0A00,
00FD0900,
00FCF500,
00FA05FF,
00FBF400,
00FE1000,
0001FD00,
00FC0300,
00FD0B00,
00040300,
00040500,
00FCFC00,
00FE0100,
0003FC00,
00FE0300,
00FC0300,
00FEF000,
00FCFC00,
00FDFC00,
00FFFC00,
0000FA00,
00FF0400,
0000FAFF,
00FE0400,
00020100,
0000FDFF,
00000F00,
00FE0200,
0001FE00,
0002FD00,
00020400,
00FCFC00,
00FFFA00,
00FFFD00,
00FFF700,
00020500,
000009FF,
0001FD00,
0004FE00,
00FF0200,
00FE0000,
00FF0000,
00FDFFFF,
0003FF00,
00FDF3FF,
0001FE00,
0003FA00,
00FDFDFF,
00FD0000,
00020100,
00020700,
00FFFEFF,
00FE0600,
00020300,
00030600,
00020300,
00040000,
0006F500,
00FC0600,
0001FB00,
00FFFB00,
00010400,
00FEFDFF,
00FB0100,
0002FD00,
00FF01FF,
0001FA00,
0005F400,
0004FB00,
00FAFC00,
0002FF00,
0004FAFF,
00FFF900,
00FF0700,
00070600,
00050A00,
00000400,
00010300,
0005FF00,
00021100,
0002F900,
00F21400,
000C02FF,
0001F700,
000D0500,
00EA0C00,
00070100,
0003F7FF,
00000600,
00F2FD00,
00E41400,
0006FFFF,
0000E900,
00010100,
00E51400,
000B0100,
00FE0700,
00050900,
000E0200,
000DFF00,
00FCF400,
0001FF00,
00FDF700,
00090000,
00FCF000,
0000F900,
00070BFF,
00FE0AFF,
00F8F900,
00FBFC00,
00030800,
00F911FF,
00FDFB00,
00F8F600,
00040A00,
00FD0000,
00F9F700,
00F7F400,
00020900,
0002F900,
00F90100,
00F90100,
00FEF900,
0006F100,
00EE0200,
00FF0600,
00FDFCFF,
0004F700,
00F70E00,
0000FD00,
00F7F200,
0001ED00,
00F90700,
00FD0400,
00FE0300,
00FDFE00,
00FFFE00,
00020A00,
00FD02FF,
00FB0A00,
0003F500,
00FEFE00,
00F90100,
00010600,
0005F800,
00FE0000,
00FCF800,
00FCFD00,
00FFF300,
00FEFC00,
00000400,
00FC05FF,
0001F800,
00010100,
00FEFF00,
00FFFE00,
0002FF00,
00000100,
00000100,
00FCFE00,
00FF0100,
00000000,
00FFF700,
00010100,
0005FB00,
0002FFFF,
0002F200,
00000400,
0001FA00,
00FE0000,
00FE0800,
00FF0600,
00FDFF00,
0002FA00,
00FE0800,
0002F800,
0000FD00,
00000200,
0001F900,
00FE05FF,
00000000,
0002FA00,
00FD0400,
00030200,
00FFFD00,
0003F900,
00FEFF00,
000003FF,
0003F700,
000205FF,
00030100,
0000F600,
00010100,
00020500,
00060400,
00FC0200,
0004FD00,
00F9FEFF,
00040100,
00060700,
0008F400,
00FD0400,
0002F800,
00FD0600,
00010100,
00FD0A00,
0004F700,
00050500,
00F9FF00,
00F30F00,
0008FD00,
0001F600,
00FE0100,
00F40DFF,
00F80700,
0006F900,
00010300,
00F5FC00,
00E20E00,
0008FE00,
00FE06FF,
0000F400,
00DCEE00,
0010FE00,
00FC0500,
0001FF00,
00F5EE00,
001404FF,
00FAFE00,
0000FAFF,
00F900FF,
00010400,
00FAFC00,
0003FBFF,
000000FF,
00FA0400,
00F9F200,
00FEFA00,
00040100,
00FCFF00,
00F9F700,
00FEF700,
00010400,
00F9FF00,
00F70100,
00F9F100,
00040300,
00FF0100,
00F50000,
00FFF700,
00FDEE00,
00020700,
00EB0000,
00020000,
00FEFB00,
00020200,
00F4FF00,
00030100,
00F9F700,
00020000,
00FB0800,
00FC01FF,
00FEFA00,
00FCF600,
00FC0100,
00FF0700,
00F8FD00,
00FDFC00,
0005F900,
0001FC00,
00F9FD00,
00000700,
0004F900,
00000700,
00FDF700,
00FEFF00,
00FAF100,
00FDFC00,
00010000,
00FB0300,
0003F500,
00FFF500,
00FF0300,
00FAFAFF,
0001F700,
0001FD00,
00FC0300,
0000FD00,
00FEFB00,
0002F900,
00030000,
00FC0100,
0000F900,
0003FD00,
00FFF7FF,
00000200,
0003F800,
0001FCFF,
00FF01FF,
0002FF00,
00020B00,
0001FDFF,
00020300,
0003F600,
000002FF,
0002FF00,
0001FC00,
0000FE00,
00FE06FF,
0000FEFF,
00FF0400,
0001FE00,
0002FF00,
00FE0600,
00FF0500,
00010000,
0001FA00,
00FD0700,
00FF06FF,
00040700,
0004F300,
00FC0500,
00040200,
00FDFAFF,
00000600,
00FAF700,
00010100,
00FFFFFF,
000BF800,
00FAFE00,
00FFF900,
0007F700,
0003FD00,
00FD0A00,
0001FE00,
0006FD00,
00F10000,
00F80B00,
00000300,
0005FD00,
00FBFF00,
00FA0D00,
00F60600,
00070600,
00F3FFFF,
00FDF800,
00EE0400,
000AF900,
00010400,
00FBEE00,
00E4F2FF,
0015FF00,
00FC0C00,
0001F900,
00FDED00,
0007FE00,
00F7FB00,
0000F900,
00010600,
00EEF800,
00010500,
0003FC00,
0005FA00,
00FC0800,
00F9EB00,
00000100,
0002FC00,
00030100,
00F2EF00,
00FEF900,
0002F800,
0004F800,
00EFF200,
00FEF800,
0003FBFF,
00090300,
00E5FC00,
0000FA00,
0001F7FF,
000A0200,
00DBF900,
00070200,
00FE0300,
0007F700,
00EDF700,
00040200,
00FFFA00,
00FAF800,
00030700,
00FE0500,
00FBFC00,
00FBF6FF,
00FCFE00,
00FD0900,
00F7FD00,
00000300,
0000FB00,
00020000,
00FAFF00,
00FC0100,
00FEFB00,
00030A00,
0005FD00,
00FEFF00,
0002F6FF,
00FD00FF,
00040200,
00FEF300,
0002F900,
00FF0000,
00FF0600,
00FDFB00,
00030600,
0002FD00,
00000CFF,
00010000,
00FA0A00,
00FF0200,
00020C00,
00FC0400,
000104FF,
0002FB00,
0001FEFF,
000102FF,
00FFFFFF,
00FDFB00,
0000FF00,
00000000,
00050B00,
0002FE00,
0006FE00,
00FEFAFF,
00000400,
00FE05FF,
00010000,
0001FB00,
00FE0100,
00FD0A00,
00FE0600,
00FCFFFF,
00000200,
00FB0100,
00000200,
00040000,
00010400,
00FC0200,
00FFFA00,
00040300,
00030400,
00FC0B00,
00040100,
0000F8FF,
0001FA00,
00FF0200,
0001FE00,
0004F700,
00FDFC00,
00FCFF00,
00FD0400,
0000EBFF,
00FC0000,
00FFF700,
00FE0200,
00060600,
00E80200,
00FCFF00,
0003FBFF,
0009FA00,
00EF0B00,
00FC0600,
00FC0900,
0009FE00,
000EFC00,
00010700,
00F3F800,
000F0200,
0008FA00,
00FDFF00,
00F3F200,
00FFFBFF,
00001700,
0001F900,
0008FA00,
00F80800,
0001FD00,
0000F700,
000C05FF,
00F7F900,
00FEF800,
00020100,
000E0600,
0002F000,
00F9F400,
00020300,
00060F00,
00050A00,
00E4E600,
00FDFF00,
00040100,
000BFC00,
00E7E300,
00FDFB00,
0002FD00,
000206FF,
00E4E200,
0002FA00,
0009FF00,
00070800,
00E5E600,
0001F400,
00060900,
00FEFC00,
00F6ED00,
00030200,
00050900,
00FFEDFF,
0002F000,
00000300,
00FE0200,
00FD0B00,
0005FF00,
00FE0A00,
00F90000,
00FB0900,
00FCF500,
00FE0100,
00FDFD00,
00FB02FF,
00FEF600,
00020B00,
000403FF,
0003FBFF,
0007EA00,
00FEF900,
0008FE00,
00FFFE00,
00020100,
00FEFBFF,
00FF0100,
0000FB00,
00F9F200,
0000FC00,
0000FDFF,
0001FC00,
0004F500,
00010000,
000007FF,
00000300,
00010300,
0002FF00,
0001F400,
00FDFC00,
00FB02FF,
0000FF00,
00FFF900,
00000500,
00FAFB00,
0000FC00,
0000F900,
0003E9FF,
00010200,
00000200,
0000FA00,
00010300,
00FEF400,
00FD0400,
00FD0000,
00050000,
000203FF,
0000FC00,
00FD0700,
0004F400,
0002FF00,
00FAFAFF,
00FE03FF,
00000B00,
0000FD00,
00F80200,
0002FD00,
00FFFE00,
0002FD00,
00000800,
0003F400,
00FEF800,
00010600,
00FFFA00,
00030100,
00F6F6FF,
00FB0100,
00FCF6FF,
00010800,
0001FA00,
00EBF000,
00FE0B00,
000502FF,
0001F700,
00EB0300,
00050300,
00010500,
00050800,
000FF400,
00010C00,
00010000,
00FCFB00,
0009E600,
00FFFD00,
000AF700,
00FC0400,
00081200,
00FDFD00,
0009F9FF,
00F6F900,
00011000,
00FFFA00,
000B0400,
00FB0400,
00F9FB00,
00000500,
00000600,
00000200,
0001FFFF,
0001FE00,
00050400,
00000C00,
00FFFF00,
00FD0300,
000DFD00,
0000FFFF,
00F10200,
00FFFF00,
0008FB00,
00FFF400,
00EBEF00,
00040600,
00070400,
0000F900,
00FFEDFF,
00090000,
00020D00,
0002F3FF,
000CFA00,
000AFF00,
00041300,
00040A00,
00050B00,
0002F400,
00FF0600,
00FE0700,
00040400,
00040800,
00FDFC00,
00FF0500,
0000F500,
00FB0800,
0003FB00,
00FFFC00,
0002F000,
00FB0D00,
00050000,
00FEF500,
0001F300,
00FEFF00,
000B0C00,
000101FF,
00FCF8FF,
00FDFF00,
00030400,
00030200,
00FEF700,
0002FC00,
00FAF700,
00FF0000,
00FB0000,
00020000,
00FF0400,
00020000,
000404FF,
00040400,
0001FE00,
000104FF,
00010500,
0000FE00,
00FF0400,
00FEFD00,
00FB0E00,
0001FE00,
0002FEFF,
0004FE00,
00FF0500,
00FFFC00,
00FFFB00,
00050000,
00020300,
00000100,
00FE0700,
0000F100,
00FE0100,
00FEFCFF,
00FC0100,
0000FC00,
00020000,
00FE0600,
00FFFFFF,
00FF0500,
00FFFC00,
00FE0300,
0003F800,
0003F000,
00FF0500,
00040A00,
0006F400,
00FFF300,
0001F700,
00030A00,
0007FB00,
00F8F500,
00FCFF00,
00FEF9FF,
00030400,
00FCED00,
00FA0300,
00FDFC00,
00080300,
00FEF100,
00F0FE00,
00000500,
00050C00,
0009FF00,
00F8F200,
00020C00,
0007FA00,
000208FF,
0011ED00,
00030400,
000AF5FF,
0001FA00,
000BF000,
0003FD00,
000AFC00,
0007FF00,
0007FC00,
0004FC00,
00020200,
000F0C00,
00FEFE00,
0004FF00,
0004FCFF,
00100000,
0001F200,
00020600,
0007FE00,
000107FF,
00000BFF,
00FA0600,
00180000,
00FBFC00,
00FE0E00,
00000100,
000907FF,
00FEFB00,
00F7FBFF,
000006FF,
00090E00,
0007FA00,
0005F900,
0001FA00,
00041100,
00050800,
00090400,
00FDF800,
00020600,
00020500,
0011FC00,
0006FCFF,
00FAFB00,
00FC0400,
0003FA00,
00040500,
00FCF700,
00FD0500,
0003F800,
00FEFE00,
0005F500,
0001F900,
0002FC00,
00FDFB00,
00030000,
0000FA00,
00FF0300,
0001FE00,
00080900,
00010000,
00FC0600,
00000000,
00020B00,
0002FFFF,
00FD0500,
0002F900,
00FDFBFF,
00010300,
00FA0700,
00FE0600,
00010800,
00040300,
00FFFA00,
000303FF,
00020000,
00020600,
0002FE00,
0000FC00,
00000100,
00030600,
00F9FE00,
0000FBFF,
000202FF,
00FDF1FF,
00FE0000,
00FEF900,
00FDFE00,
00FAFE00,
00FF0300,
00020200,
0000FC00,
00010500,
00000000,
00FDFF00,
0001FB00,
00FB0600,
00FEFE00,
00FE0000,
00FC0100,
0004F100,
0000FE00,
0002FEFF,
00FCFC00,
00FDF000,
0000FF00,
0001FE00,
0002FA00,
00FBFD00,
00000400,
00020A00,
00FFFEFF,
00FD0000,
00FC0500,
00FFFF00,
00060800,
00F70200,
00060E00,
00FEFF00,
000804FF,
0004EBFF,
00FCF700,
00FF0100,
0009FF00,
00FFED00,
00F6E100,
000007FF,
0008FD00,
00FFFA00,
000700FF,
00FF06FF,
0008FC00,
00FF0300,
00020300,
0006F900,
0001FB00,
000D0500,
0003FA00,
00030400,
0001FF00,
000F0600,
00070500,
0003F9FF,
0004FBFF,
0007F7FF,
00FE0000,
00000200,
00FF0000,
000005FF,
00020900,
00FB0000,
00090000,
00010100,
00F41000,
00FE0300,
000D0400,
00FC0200,
00F6FA00,
00FFF900,
00091400,
00060800,
0005F600,
0001F700,
00071100,
0009FA00,
000A0600,
0001FAFF,
00FE0600,
00040100,
000F0000,
0005F900,
00F70700,
0002FD00,
000D0400,
00040200,
00FAFF00,
00020400,
0007FD00,
00000200,
00000600,
0000FA00,
0003FA00,
00FC0400,
00070200,
0001FD00,
00FD00FF,
0002FC00,
00030000,
0001FB00,
0004F900,
0001FE00,
00FBF5FF,
00040400,
00020800,
00FF0500,
00010100,
00020600,
0000F800,
00FF03FF,
00020500,
00000800,
00FFF900,
000304FF,
0000FFFF,
00000300,
0000FD00,
00000300,
00FC07FF,
00FF0400,
00FCFF00,
00020000,
00FB0400,
00FB0000,
0001F300,
00040000,
00000500,
0000FF00,
00020400,
00FF0100,
0001FE00,
00010100,
00FF0200,
00FE0300,
00FE0200,
00000400,
00000200,
00FFFEFF,
00000000,
00040400,
00FDFF00,
00FF0300,
00FD0400,
0002FC00,
00FFFF00,
00030000,
0000FDFF,
00FDF900,
00FE0400,
00050600,
00FDFF00,
00FAF9FF,
0001FB00,
00FEFF00,
00010000,
00FEF900,
00030200,
00FFFD00,
00020600,
000AF000,
00030700,
0000FA00,
00090700,
0001FC00,
00FFF600,
00FFFBFF,
00070400,
00FF00FF,
00F505FF,
00FD0300,
00070100,
00090200,
0006FF00,
00030200,
0005FE00,
000E0C00,
0006F600,
0000FD00,
0005FA00,
00010200,
000CF500,
0000F700,
0003FF00,
00020100,
00120D00,
0000FF00,
0004FF00,
00F908FF,
00F61E00,
00FF03FF,
00020700,
00F90AFF,
00ECFB00,
00FE0100,
00FDFB00,
00000A00,
00080200,
0004F500,
00F90EFF,
00080000,
00010400,
00FDFC00,
00001A00,
00040300,
0002FE00,
00FAF7FF,
00F7FD00,
0002FE00,
0007FF00,
0002F300,
00F8FC00,
00000200,
0001FD00,
00FFFB00,
00FBF400,
00FF0200,
0005F700,
0000F800,
0001FE00,
0002FAFF,
0004F400,
000201FF,
00040300,
00010300,
0004F700,
0001FF00,
00FFF900,
0002FCFF,
0003FDFF,
0003FC00,
0000FE00,
00010100,
00000800,
00FF0300,
00000300,
0005FF00,
0006F600,
0001FDFF,
0001FB00,
00060500,
0001FC00,
00020400,
0004FD00,
00FFFEFF,
00FDF900,
00020100,
00010600,
000106FF,
0001F600,
00FFFC00,
00000500,
00000000,
00FFFEFF,
00020800,
000100FF,
0006FB00,
00FE0100,
00FE0100,
0001F900,
00000200,
0002FC00,
00FE0200,
0002FE00,
00FD0800,
00FE0500,
00FE0000,
000002FF,
00060500,
00FFFE00,
00FEFAFF,
00000200,
000406FF,
00020300,
000006FF,
0002FF00,
00FCFE00,
0001F900,
0002FA00,
00030100,
00FE08FF,
00020200,
00010300,
00020000,
00070200,
00010500,
0005FD00,
00F80200,
0005FA00,
00030300,
00030200,
00F90200,
00FCF500,
00040500,
00000300,
00050300,
0000FA00,
0005FB00,
00010200,
00010400,
0004F300,
0002FA00,
00FE01FF,
00040300,
0007FA00,
00030300,
0000FB00,
00FF05FF,
00FC0C00,
0005FFFF,
00010100,
00000300,
00FAFC00,
00020500,
00000C00,
00FBF800,
00FF0100,
00FBFE00,
00030700,
00FB0300,
0000FDFF,
00020600,
00050EFF,
00F80300,
0001F600,
00FCFE00,
0001FA00,
00FEFE00,
00050100,
00010800,
00010200,
00F60100,
00FCFEFF,
0007FE00,
00FE0100,
00FAEB00,
00010000,
00080500,
00FBFE00,
00FAFB00,
00FD0400,
000A0500,
00FB0000,
00FAFB00,
00FF01FF,
000C0000,
00020000,
00FC0000,
0001FAFF,
000DFB00,
000409FF,
00FC0100,
000105FF,
0001FA00,
000300FF,
00FFFA00,
0001FE00,
00030400,
000004FF,
000009FF,
000100FF,
00050400,
0001FE00,
00FF0500,
0003FEFF,
00020300,
0000FF00,
00040500,
00FDFC00,
000200FF,
0002FF00,
0002FE00,
00FD0200,
00050500,
00FEFB00,
0008FD00,
00FEFF00,
00090500,
00FF0200,
0004F9FF,
00FEFF00,
00F6FA00,
00FE0200,
00020400,
00F8F800,
00FC0100,
00000100,
0000FB00,
00010200,
00FA0800,
00010500,
00000200,
00040D00,
0001FF00,
00FF0100,
00010700,
0004FD00,
00FF0000,
00FE0000,
00010300,
00FFF9FF,
00FF0700,
00FEFA00,
0000FEFF,
0005FBFF,
0000FA00,
0006FB00,
000100FF,
00FDFC00,
0001FF00,
00010100,
00FFFF00,
00040100,
0006F8FF,
0002FE00,
00F8F700,
0002F8FF,
00040900,
00020100,
00F80300,
00FF0100,
00010800,
00FFFE00,
0001FE00,
00030900,
00010B00,
00000900,
0000FD00,
0007FC00,
00020100,
00FC0500,
000001FF,
0009FAFF,
0005F900,
0002F700,
00FF0500,
00F5FE00,
00F804FF,
00FEFE00,
000003FF,
0004F000,
00FD08FF,
00FFFD00,
00020100,
00FB0E00,
00FFEF00,
00FCFF00,
0000FD00,
0000FE00,
00010700,
0001F500,
00F90300,
0003FF00,
00030100,
0001FC00,
00120100,
00FBF900,
00FB0B00,
000100FF,
0001FD00,
0006FAFF,
00040000,
00010100,
00001100,
00FF0300,
00010100,
0000FD00,
00FC04FF,
00FFFE00,
00010800,
00FFFC00,
00FDFF00,
0000FF00,
00FF0000,
000502FF,
0001FF00,
00FF00FF,
00FE0800,
0002FE00,
00000600,
0005FF00,
0001FB00,
00FFFC00,
0000FE00,
0000FEFF,
0001FA00,
00000300,
00000100,
00FB0600,
00FA0000,
0001FF00,
0002FB00,
00FF0B00,
00010600,
0002FF00,
0006FFFF,
00FE04FF,
0003F800,
00030000,
0004FD00,
00040100,
00050200,
00000000,
0000FA00,
00FEFD00,
0005FC00,
00FE00FF,
00FFF200,
0001FFFF,
00FC0300,
000003FF,
000000FF,
00FFFB00,
00FFFA00,
000004FF,
00FEFE00,
0009FA00,
00010200,
000102FF,
0000FD00,
00010700,
00F7F900,
00FF0400,
00FF0000,
00FEFE00,
00050600,
00FFFE00,
00010100,
00020700,
00FD0000,
00FFFE00,
00FFFC00,
00050000,
0002FE00,
0002FEFF,
0000FD00,
00030000,
000501FF,
00010000,
00FDFDFF,
0003F400,
0001FE00,
0003FBFF,
00FF0300,
0002FB00,
00070200,
0001F9FF,
00FFFEFF,
00010000,
00FD0000,
0001FE00,
00010400,
000403FF,
00F40200,
00FE0800,
000600FF,
000804FF,
00010200,
00030900,
00000800,
00F90000,
000202FF,
000202FF,
00FF05FF,
00FFF800,
00FAFA00,
0000FDFF,
00FEFD00,
0007FA00,
00020BFF,
00FD0200,
000505FF,
0007FD00,
00FD0EFF,
00000200,
00050500,
0005FE00,
00FEEB00,
00FFFE00,
00FD0600,
00010D00,
00080EFF,
00000100,
00FFFE00,
00FC06FF,
00010000,
0001FC00,
00FDFB00,
00FF0E00,
000105FF,
00FFFB00,
000404FF,
00010200,
00FBEF00,
0000FCFF,
00FF0A00,
0000FE00,
00FFFA00,
00010400,
00010400,
00FEFE00,
00010D00,
00020000,
0000FA00,
00020A00,
00FD0500,
0001FF00,
00FFFC00,
00FF0000,
00000400,
00FFFAFF,
00FEFCFF,
00FF0000,
00030900,
00000200,
000100FF,
0000F900,
00080600,
00FEFF00,
00010100,
00000100,
00040000,
00FEFD00,
00030C00,
00060000,
00FE0100,
00020000,
000202FF,
00FFFB00,
00FF0900,
00010300,
00020100,
00FD0500,
000303FF,
00FFFD00,
00FDFE00,
00FB0D00,
00FA0E00,
0002FA00,
0000FB00,
00020900,
00FBFC00,
00000100,
0001FE00,
0002FC00,
00FB0100,
0000FF00,
0000FD00,
00FF0BFF,
00FD0300,
00000500,
00FFFE00,
00FCFCFF,
00FFF9FF,
000202FF,
0000FD00,
00F70A00,
000A0D00,
0002FCFF,
00000200,
0003FF00,
00FD0100,
00020600,
00000100,
00FDFA00,
00FCFB00,
00FDFE00,
00FFFF00,
00FEFE00,
00000000,
00010400,
00FEFF00,
00050300,
00FE0100,
000000FF,
0000FD00,
00FF0800,
00FC05FF,
0000FD00,
00FFFE00,
0005F200,
00000500,
000003FF,
0003FF00,
0003F5FF,
00F8F1FF,
000000FF,
00010400,
0003FF00,
00FE0100,
00FF0200,
000000FF,
00FF04FF,
00000500,
00FC0300,
00FEFD00,
00030000,
00FDF600,
00FF01FF,
00FC0000,
00FF0900,
00030BFF,
0003FB00,
000000FF,
00000700,
00FFFD00,
0001FD00,
00FC0000,
0003FD00,
000304FF,
00000000,
00030300,
00000AFF,
00FC05FF,
00FFFA00,
00FE0400,
00020300,
00FC0600,
00FF0200,
00000700,
0004F800,
00FF1200,
00FF0300,
00FEFD00,
00000300,
000100FF,
00020000,
00FEFF00,
00FF0A00,
0008FC00,
00FF0000,
0000FF00,
0003FB00,
00000900,
00010100,
00010100,
00FE0300,
0004F700,
00FFFC00,
0000FF00,
00000100,
00FDFA00,
00010600,
00000100,
00020200,
0001FC00,
00FF0400,
0002FE00,
00FFF900,
00FE0900,
00FEFF00,
00020000,
0001FA00,
0001F9FF,
00030000,
00FFFB00,
0002FD00,
00000500,
00000500,
00FCFE00,
00FCF300,
00FFFF00,
0000FE00,
00FEFE00,
0002F2FF,
00F9F300,
0001FE00,
00000700,
00FE0100,
00FDFF00,
00010300,
00FE0700,
00010100,
000B0D00,
00000200,
00000400,
00FC0700,
00FC0300,
00FEFC00,
00010400,
00F40100,
00020000,
0000FE00,
00020100,
00FEF900,
00FCFE00,
00010100,
0001F900,
0000FFFF,
0002FB00,
000102FF,
0003FD00,
0000F800,
00040500,
0001FF00,
00FDFE00,
00FDFF00,
000204FF,
00FFFDFF,
00FC0100,
00FD0100,
00040200,
0002FB00,
00FF0100,
00FDFF00,
00050600,
0001F9FF,
0000FE00,
00FBF900,
0001FC00,
00010300,
00030000,
0002F9FF,
00FDF8FF,
00FF0100,
00030000,
000200FF,
00FEFD00,
00FE0200,
00020100,
00020400,
00FDFE00,
00FC0700,
0000FF00,
00091100,
00FEFE00,
0002FF00,
00FF0200,
000308FF,
00FEF000,
00010200,
00FE0200,
00000900,
00FE0A00,
00FFFF00,
00FE0000,
0004FB00,
00030300,
00000100,
000203FF,
0000F700,
0005FF00,
0000F9FF,
00010700,
0001EF00,
00FE0700,
0000FB00,
00FFFFFF,
00030600,
00FDFF00,
00030100,
00FFFA00,
0004FBFF,
00FE09FF,
00010300,
00FF0000,
0001FD00,
0006F7FF,
000100FF,
00FF0500,
0004FE00,
00FB0500,
00FFFD00,
000102FF,
00020100,
0002FB00,
0001FC00,
00010400,
00FE00FF,
00050900,
00000100,
00FE0300,
00000200,
0003F700,
00000100,
00010500,
00F7EF00,
00040500,
0000FC00,
00000000,
00FDF800,
0000FC00,
00040200,
0002F700,
00FFF600,
00FEFE00,
00FFFF00,
00000400,
00FE0B00,
00FE0400,
00020300,
00000400,
0008F700,
0000FF00,
00FFFDFF,
00FE0100,
00FC0300,
00F80400,
00000200,
00FF0200,
0001FEFF,
00FE0A00,
00FE01FF,
00000100,
00FE0400,
00FB0400,
00FD0100,
00FF0200,
0004FC00,
00FD0AFF,
00010200,
00000100,
00FCFB00,
00FEFD00,
0000FEFF,
0002FEFF,
0004FD00,
00011500,
00010300,
0003FE00,
00010400,
00050100,
00FFFA00,
00000100,
00040600,
0006F500,
0000FE00,
00000400,
00FDFC00,
00F70B00,
0000FF00,
00FF0200,
00FDFE00,
00FBF900,
0000FF00,
00000100,
00FCFE00,
0003F800,
00FF0000,
0001FD00,
00FEF400,
00FEED00,
00FE00FF,
0001FF00,
00FC0000,
0000FF00,
00000300,
0004FF00,
000405FF,
00FEFA00,
00FE0100,
0000FB00,
00FF0800,
00FC0400,
00FFFDFF,
0000FC00,
00FAFA00,
00FDFA00,
00FFFD00,
0000FD00,
00FEFBFF,
00000600,
0001FE00,
00FEFF00,
00000100,
00050800,
0000FFFF,
00010600,
00F7FE00,
00FDFC00,
0003FCFF,
00010500,
00FEF300,
00FAFF00,
0000FF00,
00000200,
000501FF,
00FFF500,
00000200,
0001FF00,
00FCFD00,
00FCFF00,
00020800,
00010300,
0001F600,
00FC0400,
00000300,
00FE0000,
00FB0000,
00FAF800,
00FE00FF,
00010200,
00040200,
00FC0100,
00FF0300,
0001FE00,
00010500,
00FD0700,
0001FD00,
0000FC00,
00FBF800,
00FFF700,
0002FD00,
0001FD00,
0001FD00,
00FDFD00,
00FCFEFF,
00020000,
000008FF,
00FDFF00,
00030300,
0001FCFF,
00FEFE00,
0000FAFF,
00FEFE00,
0000FA00,
00FF00FF,
00060600,
00000400,
00FD0100,
00F80100,
00FC0300,
00010200,
0000FCFF,
00FAFAFF,
0003FA00,
00010000,
0000FEFF,
0005F700,
00030500,
00010100,
00010000,
00000D00,
00030A00,
00010400,
00020400,
0000FBFF,
00040500,
00000000,
00000100,
00FA1100,
0001FC00,
00FC00FF,
0001FF00,
000607FF,
00FEF2FF,
00FDFD00,
0002FF00,
00FAFD00,
00080300,
00FEFB00,
00FF0000,
00FEFD00,
00060000,
00FF0000,
00000100,
00F90D00,
00070200,
00000100,
00FF0100,
0000F8FF,
00FDF800,
00FEFB00,
00010200,
0005FE00,
000A0700,
00FF0100,
00020200,
00010200,
0003FF00,
00010400,
00000100,
00040000,
00010400,
00000700,
00010100,
00020600,
00020100,
00010700,
00010200,
00FDFEFF,
00FD0500,
0000FE00,
00000100,
00000400,
0000FFFF,
0000FB00,
00000100,
0005FD00,
00FEF300,
00000200,
00FF03FF,
00020500,
0000F700,
0001FC00,
00FF0200,
00000300,
00FD0A00,
00010200,
00FEFA00,
0001F900,
00010BFF,
00010500,
00FFFA00,
00FBF100,
00FE0300,
00010600,
00000100,
00FF0100,
00050C00,
000407FF,
00010200,
00FE0600,
00FDFD00,
00010200,
00FFFEFF,
00020700,
00FDF800,
00FF03FF,
0003FCFF,
0003FC00,
00000900,
00FDFF00,
00FCF900,
00010100,
00FC0200,
00000200,
00FFFB00,
0001F7FF,
00040700,
00000200,
0000FE00,
0001FD00,
00FC0000,
00000300,
00FF0200,
000508FF,
0002F600,
00020100,
00FD0200,
00000500,
0004F6FF,
00000400,
00FEFE00,
00011400,
000B0700,
000002FF,
00000800,
0002F6FF,
0002F0FF,
00020000,
00000200,
00030D00,
0002FC00,
0000FE00,
00030000,
0000FF00,
0000F600,
00FF0200,
00000100,
00000D00,
0005FF00,
00FEFD00,
0001FE00,
00FE0300,
00010700,
00020100,
00000000,
0000FCFF,
00F7FE00,
00010100,
0003FF00,
00FFEE00,
00030600,
00010300,
0001FD00,
00FDEB00,
00FC0500,
00010100,
00FFFE00,
00FCFF00,
00FF0500,
0001FE00,
00010100,
00FC02FF,
0000EE00,
0001F900,
00020100,
0001FB00,
00FFF800,
0000FD00,
00000200,
00030700,
00F6F400,
0001FF00,
00010000,
00FF0200,
0005FC00,
00FFFA00,
00000100,
0001F700,
00FF1200,
000200FF,
00FF0100,
00FFFF00,
00FA1400,
00FE0000,
0000FF00,
00000200,
0001EF00,
00010100,
0000FDFF,
00F6FE00,
00FF0200,
00FF03FF,
0001FFFF,
0002FE00,
0000EB00,
000100FF,
00FE0000,
00020300,
00FAFE00,
000100FF,
00FE0100,
00FFFE00,
0003F300,
00000200,
00FF00FF,
00FFFEFF,
00F9FB00,
00000100,
00FEFEFF,
00010300,
00070000,
000101FF,
00000100,
00FC0500,
00FCF8FF,
00000100,
00FE0100,
000401FF,
00F9FF00,
000001FF,
00FF0500,
0004FBFF,
00FEFC00,
0001FD00,
00FF05FF,
000409FF,
00030100,
00FEFD00,
00000300,
00FE0B00,
00FE0A00,
00000100,
00010000,
00FE0400,
00060000,
00000200,
00000000,
00FCF900,
00FD0DFF,
00FFFFFF,
00000500,
00000600,
00FE01FF,
000501FF,
00FE0300,
0000FCFF,
00020700,
0000FF00,
00010200,
00FAF700,
000D0100,
00FFFFFF,
00000500,
0004FCFF,
00F70000,
0001FE00,
000103FF,
00030700,
0006FB00,
0000FD00,
0002FE00,
00050600,
00FA0600,
00FDFE00,
0000FE00,
00020500,
0001FC00,
00FFFE00,
0000FE00,
0000FF00,
00030300,
00FFFF00,
0002FE00,
00080800,
00FCF800,
00000000,
0001FF00,
00FDE400,
0005FE00,
00010300,
00000100,
00FE0600,
00FC0E00,
00010000,
00000000,
00010D00,
00040700,
00010200,
00FFFE00,
000A0400,
00FB0900,
00FF0200,
0000FDFF,
00FC0500,
00FEFB00,
00010500,
0001FF00,
00FD0700,
00FDF500,
00010000,
0000FEFF,
00FD03FF,
00FEFA00,
0000FC00,
00020200,
0001F600,
0001FA00,
0001FDFF,
000100FF,
0003FB00,
00010800,
0000FE00,
00FFFF00,
0000FEFF,
00FE0300,
000000FF,
00000000,
00F90600,
0001F700,
00000400,
00010200,
00FC0300,
00FE0600,
00010100,
00010100,
0003FC00,
0004FC00,
00000100,
00FFFD00,
00FDFE00,
00FCF400,
00000000,
00FFFDFF,
00FF0100,
000004FF,
00FEFA00,
00FE0100,
00020400,
00010400,
00FFFE00,
00FFFF00,
00FE0500,
00FF0DFF,
00FE0400,
00FDFCFF,
000EF200,
00FBF400,
00FDFE00,
00FFFE00,
0009FE00,
00F8F600,
00FDFD00,
00010100,
00001300,
00FF0200,
00FFFE00,
00020200,
00FFFDFF,
00050700,
00000100,
00FF0400,
0005F900,
00FE0A00,
0001FC00,
00000100,
00030EFF,
00FD0C00,
00000000,
0000FE00,
00F9F400,
00000100,
000502FF,
0001FF00,
00FFFB00,
00000BFF,
0001FE00,
0001FE00,
0000FC00,
00060200,
0000FCFF,
00010400,
00040600,
00FE0800,
0003FD00,
00010200,
00020100,
00FE0600,
00FEFD00,
00000200,
0004FB00,
00FBFB00,
00FFFA00,
00F90100,
0001FF00,
000B0600,
00010100,
00FC01FF,
00FFFC00,
00040000,
00FF02FF,
00FD0400,
00050700,
00FDF700,
00FE0800,
00FDFD00,
00020600,
0001FF00,
00030100,
00FBFD00,
00040200,
00FCF900,
0004FB00,
00FCFB00,
00FDF3FF,
00010000,
00FCFD00,
00FEFE00,
00FE0300,
00060200,
00FFFE00,
00FF0200,
0004F500,
00FE0100,
000103FF,
00FD0300,
00FFF800,
00040800,
000204FF,
00000400,
0000FBFF,
0003FC00,
00FFFE00,
00020600,
00060E00,
00FAEF00,
00020300,
00000300,
000200FF,
00FF0E00,
0000FF00,
00020200,
000409FF,
00FD0200,
0001FFFF,
00020100,
00000000,
00FF1300,
0001FD00,
00030100,
0007FE00,
00FCFB00,
00FF0000,
00FEFE00,
00040500,
00F90500,
0002FF00,
00000000,
00FD0200,
00050400,
0001FE00,
00040400,
00010B00,
00FC0600,
00FF0000,
00010300,
00FE0600,
00050F00,
00010600,
00040400,
000304FF,
0004FC00,
00040900,
0003FEFF,
00060A00,
00FDF800,
00FD0000,
00030200,
00FA0300,
0002F200,
00FE0100,
00040600,
00FC0200,
00F8F300,
00000300,
00050800,
0000F500,
0000F300,
0001FDFF,
0001FD00,
00FEFB00,
0001FB00,
00030000,
00FF00FF,
00080400,
00FD0200,
00FFFC00,
00010000,
00FEF900,
00010400,
00040400,
00FE0600,
00FC0000,
00000100,
00040300,
00FF0100,
00FAF600,
00FAF900,
000200FF,
00010300,
00F90200,
00040400,
00020200,
000203FF,
00FB00FF,
0001F900,
00020100,
0001FAFF,
00FCFD00,
0003F8FF,
00020200,
0000FF00,
00FE0200,
0003FA00,
00010000,
00FFFB00,
00FD02FF,
00FD0900,
0001FE00,
00FFFC00,
0001FD00,
00FD0300,
0000FF00,
00FD03FF,
00FF0300,
00FF0300,
00010100,
000006FF,
0002FE00,
00FDF8FF,
00010000,
00FE0100,
00030A00,
0003FA00,
000101FF,
00FEFA00,
00FEFD00,
0003FC00,
000103FF,
00FEFD00,
00FDFC00,
00FA0200,
00010200,
0000FD00,
00020300,
00010BFF,
00000000,
00FDF900,
00FB0500,
00040500,
0000FF00,
0000FE00,
00FEF500,
0003F700,
0000FF00,
000003FF,
00FCFB00,
00FF0100,
00010000,
00FD0100,
00FFF8FF,
0005F500,
00010000,
00FF0000,
00FE0200,
00FFFE00,
00000000,
00FF0200,
00FB0900,
00FDFDFF,
000101FF,
00FCFE00,
00FDF000,
0000F900,
00020100,
0000FD00,
00FBF800,
00010100,
000100FF,
0002FA00,
00FCEE00,
00FD08FF,
00010000,
00FEF8FF,
00FC0100,
00010200,
00020100,
0000FF00,
00FC0D00,
00020000,
00020200,
000000FF,
00FD0200,
00020C00,
00010100,
000003FF,
00F70900,
0003FF00,
00020000,
00030700,
00FBF500,
00FCF500,
00020100,
00FE0100,
00FDF000,
00FAF900,
00030000,
00FFFB00,
0002FC00,
00FF0800,
00030100,
00000300,
0007F200,
00FEFC00,
00020400,
00FCFF00,
0000FA00,
00FF0300,
00070000,
00FF0000,
00010200,
00FE0100,
00010000,
00FEFB00,
00FBFE00,
00FF0200,
00020200,
00FC0000,
0005FF00,
00050200,
00020000,
00FFFFFF,
0001F500,
00050400,
00000000,
00FD0000,
0004FA00,
00FF0400,
00020200,
00040200,
0007FE00,
00010300,
00000200,
00020500,
00FE01FF,
00010000,
00FF03FF,
00020500,
00FA0400,
0003FA00,
00FC0400,
00FC0200,
00FB0100,
00FFF900,
00FD0200,
00010600,
00FE0200,
00F90200,
0002FE00,
00FF0100,
00FE0400,
00040100,
00020000,
0003FF00,
00060000,
0001F800,
00000100,
00F50300,
0006FE00,
00030300,
00010000,
0000FFFF,
00F90000,
00FF01FF,
00FF0000,
00050300,
00020400,
00F604FF,
0001FE00,
00FFFD00,
00000300,
00FF0100,
00FE0100,
00FEFFFF,
00FD0000,
00010400,
0000FF00,
00080500,
0003FE00,
00FDFE00,
00FFFF00,
00FEFD00,
00FFFE00,
00F80100,
00FEFFFF,
0000FCFF,
0005FE00,
00010100,
00FBFF00,
00FEFC00,
00FD0200,
00FFFCFF,
00FCFF00,
00020600,
00FE01FF,
00FDFE00,
0001FF00,
00040200,
00FCFD00,
00030000,
000000FF,
0006FF00,
0004FE00,
000200FF,
000200FF,
00FAFA00,
000103FF,
00FE0200,
00FF0201,
00FAFF00,
0003FF00,
00000100,
0001FFFF,
00FF0300,
00FAFEFF,
000208FF,
0003FF00,
00FE0100,
0000FFFF,
0007FC00,
00040300,
00040400,
00F80100,
00FB0300,
0004FE00,
00FFFF00,
000BFC00,
00FA0400,
00FF0200,
0001FF00,
0000FFFF,
0000FFFF,
00020100,
00080400,
00FF0000,
00030100,
00020200,
00F9FD00,
00FBFF00,
0005FF00,
00FF0200,
000A0000,
00FF0400,
00F90AFF,
00FF0100,
00FB0000,
00F7FD00,
00FDFE00,
00FD0000,
0005FE00,
0002FB00,
00FBF600,
00010100,
0006FF00,
0003FCFF,
00F60500,
00000200,
000101FF,
0006FF00,
00FE03FF,
00000300,
00FD0200,
0005FD00,
00130900,
00000500,
00FDFF00,
000102FF,
0000FA00,
00050100,
00010100,
00F80000,
0007F700,
0005FD00,
0000FD00,
000BF800,
0002F900,
0002FF00,
0005FE00,
00F70600,
00FCFBFF,
00FF0000,
0000FC00,
0003F800,
00F90A00,
00FF01FF,
00FEFC00,
00060100,
00FF0700,
00FC00FF,
0003FF00,
00FEFD00,
00020800,
00010200,
00000100,
00030100,
00FF0300,
00000100,
00FE0200,
00F8FC00,
0003FE00,
00FEFE00,
0002FE00,
00FE01FF,
00FE0400,
00040200,
00050100,
0006FF00,
000AF500,
0000FF00,
0001FF00,
0007F700,
00FC0100,
0001FDFF,
0000FF00,
00FD0400,
00F2F600,
00FDFF00,
00FF0300,
00FCFD00,
00F90300,
00FFFC00,
00F9FF00,
00030600,
00020100,
00FF0000,
0001FD00,
00FD0300,
0001FE00,
0000FE00,
00FFFE00,
00040100,
00070500,
0006FE00,
00F9FE00,
00090300,
00050100,
00FBFF00,
00FE0000,
0005FBFF,
000B0400,
0001FFFF,
000400FF,
00FB0200,
00FC0B00,
00020000,
0002FF00,
00050100,
00FFFE00,
00FC0100,
00020400,
00F80000,
0005FF00,
0001FF00,
00FF0500,
00080100,
00FA0200,
00FF0200,
00000300,
00ED0300,
0000FD00,
00080000,
00FC0100,
0000F600,
000105FF,
00010300,
00FE0300,
00100500,
0001FE00,
00FFFF00,
00020000,
00FC0400,
00FFF100,
00FE0100,
00FE0100,
00F9FC00,
00FEFC00,
00000500,
000403FF,
0001FE00,
00010100,
00FD0200,
00000300,
0001FE00,
00FDFB00,
00010300,
00000000,
00FD0200,
0000F800,
00FF0200,
00000200,
0008FCFF,
00020400,
00000300,
00FD04FF,
00FF05FF,
00FEFCFF,
00040200,
00020400,
00FAFD00,
0002F700,
00FE0000,
00000200,
00FEFF00,
00FCFC00,
0000FC00,
00FA0400,
00FF0200,
00F1FEFF,
00FFFEFF,
00FF0100,
00FE0500,
00FFFE00,
00030100,
00030200,
00010300,
00F80300,
0001FF00,
00FBFC00,
00010200,
00040000,
00FCFD00,
00FCFEFF,
00FF02FF,
00FAFC00,
0001FD00,
00010000,
0000FC00,
00FAFF01,
00040000,
00020100,
00FAFD00,
0003FE00,
00FA0100,
00FE0100,
00FBFE00,
0004FD00,
00FD0000,
00FEFF00,
00FCFF00,
00FCFE00,
00FB0100,
00FE0200,
00FD0100,
00070000,
00FE0000,
00040400,
00FD0100,
0001FC00,
0000FE00,
00FE0000,
00040300,
00FF0200,
00FE0100,
00FF0300,
00FA0400,
00FFFB00,
00FD0201,
00020100,
0002FA00,
00010400,
00030000,
000100FF,
00FFFB00,
00FCFF00,
00000000,
00020100,
00060100,
00000500,
000100FF,
00000000,
00FAFB00,
00FCFF00,
0000FFFF,
0003FE00,
0005FB00,
00080600,
00000000,
0001FDFF,
00FCF600,
00FE0400,
00010000,
00000000,
00F9FE00,
00F8FC00,
00FF00FF,
00000200,
00FFFE00,
00070100,
00040100,
00020100,
00040000,
000500FF,
000203FF,
00010300,
00FEFF00,
00FD0100,
00FCFF00,
00000100,
00FF06FF,
00EC0600,
00FF00FF,
00FFFFFF,
00030000,
000F0700,
00FF05FF,
00000000,
00FEFD00,
00FB0800,
00000400,
0000FFFF,
00FD0100,
00FCFC00,
00020400,
00020200,
00000300,
0001FD00,
00020300,
00020400,
00FA01FF,
00FEFEFF,
00FC0100,
00030700,
00000500,
0003F5FF,
00FC0200,
00000400,
00010400,
0000FDFF,
0000FCFF,
00020001,
00FE0800,
00FB0100,
00FD0100,
0009FF00,
00FB03FF,
00020B00,
00FF02FF,
00FDFE00,
00FAFF00,
00040300,
00000200,
0002FB00,
00FF05FF,
00000000,
0002FE00,
0001FC00,
00030400,
00020100,
0002FD00,
00FF0000,
00FE0000,
0003FD00,
00FEFDFF,
00FDFF00,
0006FD00,
0000FE00,
00060000,
00030100,
00FEFF00,
00020000,
00FE0300,
0005FEFF,
0001FD00,
00FFFF00,
000102FF,
0003FF00,
0002FD00,
00FE0100,
00FE0300,
000A0300,
000000FF,
00030200,
0001FE00,
00040200,
00FBFDFF,
0001FF00,
00010000,
00030000,
0002FB00,
00FAFB00,
0002FD00,
00FE0100,
0005FE00,
0000FD00,
000101FF,
00FD0200,
00FF02FF,
00FC0600,
0001FE00,
00040000,
00000400,
00FF0100,
0000FF00,
00FF0200,
00F7FD00,
00FB0101,
0000FE00,
00F8FE00,
00090500,
00FCFE00,
00030000,
00FF0000,
0006FF00,
00FC0200,
00FFFF00,
00FFFF00,
00070100,
00FC0500,
0001FE00,
0000FE00,
000F00FF,
00FFF900,
00FF00FF,
00020000,
00010300,
00040000,
00FE0100,
00FDFD00,
0003FDFF,
00FE0200,
00000400,
00000300,
00F80100,
00FEFE00,
0005FE00,
00FBF9FF,
00F40400,
00F2FE00,
00010200,
00FAFFFF,
00020000,
0004FC00,
00010500,
00FC0200,
0001FEFF,
00050300,
000005FF,
00FCFF00,
00FEFE00,
0002FD00,
00FF0400,
00000000,
00000300,
0004F600,
00FF0200,
00FE0200,
00FE0500,
00040000,
00010100,
00010400,
00FF0400,
00FBFC00,
00FE0200,
00FC0400,
00060500,
00FB03FF,
00FF0400,
00FC0200,
00050500,
00FE0000,
00FCFF00,
0003FB00,
000100FF,
00FA0100,
00FB0100,
0003FF00,
00010000,
00020800,
00000400,
00F90400,
00020500,
00020300,
00FEFA00,
0001FD00,
0003FE00,
00FEF800,
0001FBFF,
000BFB00,
00FFFD00,
00FFF5FF,
00020300,
00F4F700,
00FF00FF,
00FEF7FF,
00020400,
00F703FF,
0000FBFF,
0003FE00,
00010500,
00FBFB00,
00FCFB00,
0001FE00,
00030200,
00FE01FF,
0002FB00,
000500FF,
00F9FE00,
00FF0100,
0002FB00,
00010300,
0004FEFF,
00000700,
00FC0400,
00FF00FF,
00FDF800,
00FA0300,
00FE0200,
0000FE00,
00030000,
00F9FE00,
00FFFD00,
00FFFE00,
00FEFF00,
0000FC00,
0006FEFF,
0003FE00,
00FA0000,
00FFFFFF,
00FB0000,
00FDFEFF,
00FF0100,
00FE0300,
00FE02FF,
00FEFD01,
0001FF00,
00020200,
00010300,
0000FF00,
00010100,
00FC0100,
00F6FD00,
00FE0200,
00020000,
00FD0100,
00FF0300,
00F800FF,
00FE0000,
0003FFFF,
00FC0500,
00FFFD00,
00030100,
00050100,
00FCFF00,
00000400,
00F9FF00,
00FE0100,
00FD0100,
00FB0100,
000105FF,
00FD0000,
00040300,
00FDFEFF,
00FEFE00,
00FBFE00,
00040500,
00F9FF00,
00FFFF00,
00F700FF,
00F6FE00,
00000700,
00010300,
00FEFD00,
0004FF00,
00F60300,
00FF0300,
00FE0000,
00F90100,
00070100,
00020200,
00000200,
00FDFD00,
0001FEFF,
00000100,
00040200,
00030001,
00F9FA00,
00050300,
00000100,
00000300,
00FAF900,
0004FE00,
00FB0100,
00000600,
00FF0100,
00000100,
0006FE00,
00020300,
00FE0100,
00FEFE00,
00000300,
00010300,
00FC0D00,
0003FDFF,
0005FA00,
00000200,
00FD0500,
0003FF00,
000D02FF,
00FE0100,
00000400,
0002FD00,
0013FA00,
00FA0200,
0002F601,
00FCFE00,
0000EDFF,
00000000,
0002F700,
00FA06FF,
0000ED00,
00FC01FF,
00FFFC00,
00020000,
00F50100,
0008F800,
0005F8FF,
00020100,
00021100,
0001F900,
00FDFFFF,
00FF00FF,
00FD12FF,
00F9FE00,
00000500,
00FA0200,
00F01400,
00FB0500,
00FD0100,
00FE0000,
00EE1300,
00FE0000,
00FB0000,
00FF00FF,
00F90400,
00F8FF00,
00FF03FF,
00FD0100,
00FE0FFF,
00F8FE00,
00050000,
000501FF,
00020200,
00FDFDFF,
00FB0100,
00FCFE00,
00FEFE00,
00000200,
0002FF00,
0000FF00,
00000300,
00F90200,
00FC0300,
00FF0000,
00FEFEFF,
0003F700,
00FE00FF,
00030200,
00010000,
00090000,
000603FF,
00020000,
00FFFF00,
00050000,
00040200,
00FD01FF,
0003FE00,
0000F900,
00050000,
0001FE00,
00FDFF00,
00F9FC00,
00030100,
0001FFFF,
00FF0100,
00FF0200,
00010000,
00020400,
00FCFE00,
00FF0600,
0005FF00,
0002FC00,
0008FFFF,
000003FF,
0008FE00,
0003FF00,
0006FB00,
00FA0700,
00090000,
00FFFF00,
0005FC00,
00FEFDFF,
00030100,
00FE0200,
0000FE00,
0003FE00,
0001FE00,
0004FF00,
00010000,
00FFFF00,
00FBFCFF,
00FF0400,
00FF0300,
00FAFD00,
00FCFDFF,
00FFFEFF,
00FD0100,
00050400,
0001FF00,
00FFFD00,
00FAFD00,
000102FF,
000703FF,
00F80100,
0007FC00,
00000500,
00FD02FF,
0002FD00,
00090800,
00020400,
00010800,
0006FB00,
00000100,
000501FF,
00FF0BFF,
0001FD00,
000FEB00,
00040200,
00010100,
0002FD00,
0009E900,
00FEFC00,
0001FB00,
00090700,
0006EC00,
00FD02FF,
00F8F9FF,
00100900,
00F5F200,
00FB0600,
0000FA00,
00040000,
00FA0F00,
00FEF600,
00FBF900,
00F90300,
00FE1900,
0006F8FF,
00020300,
00FEFF00,
00FB1900,
00FC04FF,
00020000,
0005FD00,
00EF0900,
00010200,
00FE02FF,
00FF0300,
0002F400,
00FFFF00,
00FB0500,
00010000,
00F1F300,
00FFF900,
00020100,
00000100,
00F3FE00,
00FEFCFF,
00FD0200,
00FFFF00,
00FFF800,
00FC04FF,
00040000,
00FEFE00,
0003F900,
00F9FA00,
00040000,
0005FE00,
0004FC00,
00FFFB00,
00050000,
00000100,
00040000,
0000FD00,
000200FF,
00FE0000,
0002FF00,
000D03FF,
000504FF,
00FD00FF,
00030000,
00FE0A00,
00040200,
00020100,
00FDFEFF,
00FCFE00,
00010000,
000100FF,
00FFFE00,
0009FD00,
00030000,
00FDFF00,
00030100,
00F50100,
0005FC00,
00020400,
0002FE00,
00F80300,
00F90400,
00FCFFFF,
0002FB00,
000005FF,
00060100,
00FFFDFF,
0002F700,
00080600,
00FFFC00,
00FDFE00,
0001F800,
00010000,
00050A00,
00FF0200,
00FEFE00,
00FBFF00,
0001FD00,
0006FEFF,
00FB0100,
0001FC00,
00030000,
000802FF,
00050100,
0001F800,
0002F200,
00FE0300,
00FD0901,
000003FF,
0004FFFF,
000BFA01,
00001000,
00020300,
00030300,
00FCFC00,
000A04FF,
00010800,
00000400,
00FEFB00,
00040100,
00FE0700,
00FB0A00,
0001F400,
0005FA00,
00FF0200,
00FC0B00,
0007F500,
0002F100,
0007FA00,
00020500,
0007FC00,
00FEF600,
000FF500,
0000FB00,
00FC0E00,
00FCF100,
0005F900,
00F7FF00,
00FEFFFF,
00FDFD00,
00040600,
0001FE00,
00070000,
00FF0E00,
00040700,
00FCF500,
00FC0300,
00040C00,
0002F800,
00FEFE00,
00FDFF00,
00FE01FF,
00F3F7FF,
000902FF,
00010100,
00FF03FF,
00F40300,
00FF0200,
00060000,
0008EF00,
00FF0700,
00070200,
0002FD00,
00FBEC00,
0000FC00,
00030200,
0005FEFF,
0002EF00,
0001F900,
00FB0100,
00050200,
00F9E700,
00FEF900,
00FE0500,
00FE0300,
0003F1FF,
00FAFCFF,
00FF00FF,
00F90100,
0006F6FF,
00FBFE00,
0001FF00,
00FF0300,
00F3FBFF,
00020000,
00FD0000,
00040100,
0001FD00,
00030200,
00FE0200,
00020200,
00FE01FF,
00040300,
00060000,
0001FE00,
00FE0100,
000803FF,
0003FAFF,
0000FF00,
00FB0100,
0005FF00,
00020000,
00FE00FF,
00060200,
0002FB00,
00FFFE00,
000303FF,
00030100,
00FD03FF,
0006FF00,
00FFFE00,
0004FA00,
00020100,
00FD0500,
00FEFA00,
0002FB00,
0004FDFF,
0004FF00,
00FCFF00,
00FEFA00,
0000FC00,
00000000,
0000FF00,
00FDFB00,
0003FEFF,
00000000,
00060300,
00F9FC01,
00FFFAFF,
00FEFD00,
00FF0400,
00010100,
00FDFFFF,
00FDFDFF,
00FA0400,
00F70D00,
00010200,
00FF02FF,
00FEFA00,
000205FF,
00FE06FF,
00060000,
00FCF400,
0004FC00,
00030400,
00FE0900,
0005F500,
0005FE00,
00040700,
00FE0E00,
000AF100,
00F5F900,
00FB08FF,
00F60D00,
0000F001,
00FEF700,
000EFD00,
00F00400,
0002FB00,
0002FE00,
00F90700,
00F40100,
00000300,
0001FD00,
00010500,
0017F900,
000004FF,
00050400,
00140200,
00010D00,
0007F8FF,
00FE0900,
000B0400,
000E0200,
00FEFA00,
00FF0000,
00000400,
00FFFB00,
00FDFB00,
00040100,
00FFFB00,
0003FB00,
000404FF,
0007FFFF,
00000200,
00FE0200,
00010100,
0009F800,
00F70200,
00FF0100,
0006F900,
0002FC00,
00F8FE00,
00FA0700,
0005FE00,
00FEE900,
00FEF300,
00FB0200,
000C0201,
00FEEE00,
0001FE00,
0003FEFF,
00040000,
0006F600,
00FE0200,
00020200,
00010300,
0002F801,
00FC0000,
00FEFF00,
00FF0200,
00FE0400,
000404FF,
00FF0300,
00FEFF00,
00020300,
00FF0500,
00020001,
00FC01FF,
00020200,
00030200,
00020100,
00FF0000,
00020100,
000105FF,
0005FC00,
00FF0100,
00F9FF00,
0004FBFF,
00010200,
00FDFFFF,
00040200,
0001FAFF,
00FEFD00,
000404FF,
0000FE00,
00050100,
00FCFF00,
00FDFE00,
0001FF00,
00FE0300,
00F10000,
0000FA00,
00F80200,
000104FF,
00F3FD00,
00FEFDFF,
00FDF800,
00FD0300,
0008FA00,
0003FA00,
0008FB01,
00FEFE00,
00020300,
00000100,
00FEF700,
00FDFC00,
000201FF,
00F7FC00,
00FBFF00,
0004FE00,
00FD0900,
00FCFB00,
00F40800,
00FE0400,
00FF0700,
00F6F500,
0011FC00,
00FC0200,
00000600,
00F9EF00,
001A0300,
00FEFE00,
00010800,
0003F5FF,
00050600,
0002F900,
00FF0A00,
0006F700,
00FFF900,
000BFE00,
00100400,
00FAF400,
00FEF600,
00F30500,
00F60200,
00FEFC00,
0003FAFF,
00050100,
00F7F700,
00FF0700,
00000000,
00060100,
00F80100,
00070300,
00050300,
00090300,
00FC0300,
00FFFE01,
00FE0700,
0000FD00,
0005F900,
00FE0500,
00010200,
00FCF500,
00EFEB00,
00FD0500,
00090300,
0008FDFF,
00F7EF00,
00060300,
0001FD00,
00F7F700,
00FFFE00,
00FA0400,
00070400,
000CFA00,
00F3FF00,
00040600,
0003FA00,
0002F500,
00FE0500,
00030101,
00FDF800,
00FDF000,
00040400,
000A01FF,
0009F700,
0005F800,
00FDFE00,
00070200,
0002FB00,
00010300,
00FEFF00,
00FD0300,
00020600,
00FF03FF,
00000000,
00FF0100,
00040200,
00FE0600,
0000FD00,
00020300,
00F70500,
00000100,
0001FF00,
00000000,
00F70600,
000205FF,
00FB0100,
000100FF,
00FA0100,
00040600,
0002FE00,
00050000,
00FA0100,
00FD03FF,
0000FC00,
00FDFEFF,
0005FF00,
00030000,
000102FF,
00FE0300,
000502FF,
0001FE00,
00070400,
00030200,
0004FAFF,
00F90200,
00FB0300,
0002FCFF,
00FF0A00,
0000FEFF,
0008FE00,
0004FD00,
00FCFB00,
00030000,
00FBFB00,
0004F4FF,
0004FAFF,
0005FA00,
00FE0000,
00FE0500,
00FAF500,
00F9FE00,
0001FFFF,
00000100,
00F40200,
00FE0100,
000CFA00,
00F9FCFF,
0006FD00,
00020500,
000D0000,
0003F900,
000DF900,
000103FF,
00FCFE00,
00FBEF01,
0007FFFF,
00F5F7FF,
00010400,
00FEF900,
00000200,
0003FD00,
00FE0900,
0003F8FF,
00FEFD00,
00E703FF,
00FA0A00,
0000FB00,
0001FA00,
00F101FF,
00FEE101,
00F50100,
0000FF00,
00030300,
00DDEF00,
00FD0200,
00FB0300,
000A0000,
00F80400,
00FDFE00,
00FD0400,
000D0200,
00F30200,
00FAFF01,
00FCFD00,
0003FE00,
00FCF800,
00FD0A00,
0005FD00,
0000F900,
00F4E200,
00F50300,
000BFA00,
00FBFF00,
00FCBB00,
00010400,
00FDFF00,
00FEFC00,
0003D900,
00FC0400,
00010600,
00FAF700,
00E1F600,
00010600,
00FB0300,
00050200,
00F40500,
00FF0500,
00FC0200,
0000F4FF,
00FB0300,
00060100,
00FD0700,
00FBFC00,
00F60100,
00040400,
00030700,
00FF0100,
00FDFF00,
00020500,
00140A00,
00FF0500,
00FEFF00,
00FD0300,
000A0100,
00FE07FF,
0000FE00,
00F80100,
00F9FE00,
00FC0700,
0003FF00,
0002FF00,
00F5FE00,
00FE0B00,
00FEFD00,
00000200,
00090000,
00FB03FF,
00030000,
00010000,
0004FF00,
00000300,
00FDFEFF,
00FD01FF,
0005FB00,
0003FF00,
00030500,
000102FF,
00010100,
00FFFC00,
00070200,
0001FF00,
00FBFF00,
0000FF00,
00F8FE00,
00F9FBFF,
0009FA00,
0001FDFF,
000AFB01,
0002FD00,
0007FA00,
0006F900,
00FCFE00,
0003FD00,
0000FC00,
00FDFEFF,
0006FD01,
00FBFE00,
00F5FC00,
0000F900,
0009F300,
00010400,
00F803FF,
000202FF,
0009F000,
0002FE00,
00090600,
00FCFE00,
00EFE900,
00FFF400,
000101FF,
00191000,
00EBE600,
00F1F901,
0008FEFF,
00E7F0FF,
00F90600,
00FAFB00,
00040000,
00F50300,
00040B00,
0006FB00,
0003FE00,
00EEFF00,
00E20501,
0004FF00,
0000FF00,
00EE0000,
00FCFF00,
0000FD01,
0000FA00,
00FE0000,
00070101,
00F5FA01,
00FBFDFF,
00050100,
00E80400,
00FCF900,
0005F900,
0007FC00,
00F60000,
00FD0200,
0008FCFF,
000AFB00,
00FCF500,
00FF0B00,
000AFDFF,
0008EE00,
00F8D500,
00F90200,
0009FC00,
00FAF0FF,
0002AE00,
00FB0600,
0000FF00,
00FDEF00,
00F3DC00,
00FB0300,
00040600,
00040100,
00E1F500,
00030600,
00020200,
0003FF00,
00F8F900,
00030400,
00FF0300,
0005FD00,
00FB0900,
00F803FF,
00F606FF,
000703FF,
00EB0200,
00060000,
00FB0F00,
000301FF,
00F00000,
00FD07FF,
00090800,
00FF0800,
0008FFFF,
00020000,
0008FDFF,
00FF0700,
00030200,
00FBFE00,
0003F200,
00FB0900,
0002FC00,
0000FE00,
00FDFDFF,
00FF02FF,
00FB0000,
0002FF00,
00060000,
00FFFE00,
00050200,
00010100,
00FCFE00,
00FB05FF,
00FC0200,
0001FF00,
00FFFEFF,
00040100,
00050300,
00030300,
0000FB00,
0005FD00,
0004FEFF,
0008FE00,
00FF0200,
00FEFE00,
00FF0100,
0002FDFF,
00FF0200,
00FE0300,
0005F900,
0004FEFF,
0005FB00,
0004FE00,
00FF0000,
00010300,
0005FB00,
0004F900,
00FD0100,
0005FF01,
00FD0B00,
00FEFC00,
000CF500,
00FD0200,
00030300,
00010300,
00F3E100,
0005FE00,
00FF0200,
00FCF9FF,
00FAEC00,
00FFFC00,
00020400,
00F5EB00,
00F9DA00,
00FA0200,
0004FD00,
00FF0900,
00FB0400,
0005FF00,
00FF0100,
00E7FC00,
00FC0200,
000CFE00,
00FDFF00,
00FEFB00,
00F40700,
000A0400,
0004FDFF,
00F1FF00,
0007FE00,
00FCFE00,
0004FE00,
00FD0000,
000CFA01,
00FCF600,
000200FF,
00FB0100,
00F80200,
0007FB00,
00F70700,
0005FEFF,
00FD0200,
00020100,
00F30000,
0006FD00,
00FFF500,
00000500,
00FF0500,
0005F500,
00FCCFFF,
00000300,
00060200,
00FA0600,
00FC9800,
0001FF00,
000A0300,
00FDF3FF,
00E8E700,
00030100,
00070300,
00FBFB00,
00E1EF00,
0002FF00,
00FDFD00,
00010000,
00E1F1FF,
00000200,
00FB0000,
00020100,
00EE0200,
00000200,
00FDFF00,
00F80600,
00010400,
0004FD00,
00FFFF00,
00020700,
00FBFC00,
0005FBFF,
0006FC00,
00050200,
00040000,
0009FE00,
0008FB00,
00FC0F00,
00FB0200,
0002FF00,
0011F100,
00FC0700,
00030000,
00FCFDFF,
0004F400,
00FCF8FF,
0004FF00,
00FF0200,
00020200,
00FDFC00,
0005FD00,
00FEFF00,
0002FD00,
00FDFF00,
0007FBFF,
00020100,
00FDFF00,
00010300,
00FBFD00,
00010400,
00FEFE00,
00F9FC00,
00FC0100,
00FEFF00,
00010300,
0002FE00,
00FAFF00,
00FD0200,
0004FD00,
0003FFFF,
0000FC00,
0003FF00,
0002FC00,
00FFFE00,
00FD0200,
00040000,
0000FBFF,
0006FB00,
00030301,
00030100,
00F80600,
00FBFD00,
000AF700,
00040200,
00FF0400,
00F80B00,
0000EB00,
00070600,
00FD0200,
00FEF400,
00F8F500,
00060801,
000000FF,
0007FB00,
00F0E700,
00FC0400,
00FFFD00,
00E3F900,
00FEED00,
000A0200,
00F30200,
00F5FF00,
00111400,
00190100,
00FD0800,
00E2FF00,
00F90900,
00F5F900,
00110600,
00F0FE00,
0016FC00,
00EAFB00,
0024EE00,
00F8FE00,
000F0400,
00F2F600,
000FE100,
00FAFF00,
0009FF01,
00F30500,
00D508FF,
0002FD00,
00FDFB00,
00FB0701,
00E3FD00,
0008F200,
00F7F500,
00FF0300,
00010800,
000CEF00,
00FFBF00,
00FD0400,
000F02FF,
0009F400,
00EF9C00,
0000FD00,
00070300,
00FB0000,
00EEE000,
0013FF01,
0006FD00,
0005FE00,
00D4DEFF,
00000000,
0003FA00,
000003FF,
00D2F4FF,
0001FE01,
00FDF800,
00090200,
00E4F900,
00F8FD00,
00F8FF00,
00FFFF00,
00F9FE00,
00FDFE00,
00FE0100,
00F70100,
00FA0100,
00FF0300,
00040100,
00FC08FF,
00FB0700,
000B0100,
0009FDFF,
00020AFF,
00FE0200,
0005FCFF,
0008F900,
00FBFF00,
0006FE00,
00010000,
00FDFB00,
0000F8FF,
0000FD00,
00000100,
00FCFF00,
00FEFD00,
0004FF00,
00010200,
00FB0200,
000300FF,
0003FF00,
00070100,
00F80200,
00010000,
00FF0400,
00020300,
00FD02FF,
0001FD00,
00F5FE00,
00FD0000,
00FD0400,
00000100,
0007FB00,
00FCFE00,
000201FF,
0004FF00,
0000FF00,
00FEFE00,
0000F900,
000A0200,
0002FE00,
0002FF00,
0007F700,
0001FC00,
00FD0300,
00F90000,
00F50500,
0002FAFF,
000BF3FF,
00050200,
00030500,
000011FF,
0002F400,
00090700,
00FC0400,
000001FF,
00FCF400,
00020500,
000301FF,
00FC0400,
00F7F500,
00010100,
00FCFF00,
0010F7FF,
00FB0600,
0002FC01,
00F70000,
0003FD00,
00071D00,
00150100,
000103FF,
00F3FD00,
001309FF,
00F1F801,
001A1200,
00F8FE00,
00F7FD00,
00C50000,
0015F700,
00F8FF00,
00170500,
00EC0100,
00F2DA00,
00FBFC00,
000CFA00,
00F30400,
00D9FD00,
0004FD00,
00FBF700,
00F10701,
00F3F700,
0011EE00,
00F3EB00,
00FF0500,
00FE0100,
0009F300,
00FACB00,
00020400,
00FF0300,
000506FF,
00F29900,
000CFB00,
000401FF,
00130000,
00F5A800,
0004F900,
0009FB00,
00F90600,
00ECC700,
00050000,
0001F400,
00FA0200,
00DEE100,
00FBFB00,
0002FB00,
0001F700,
00DF0000,
00F6FBFF,
00FD0000,
00FDFDFF,
00EBFC00,
00F90300,
00010000,
00FA00FF,
000B04FF,
000B02FF,
00FBFF01,
00020400,
00FD0500,
00000300,
0006FF00,
00FD0400,
0004FE00,
00030000,
000EFF00,
00FBFAFF,
00FB0500,
00020100,
0005FD00,
0005FE00,
00F8FD00,
00FF00FF,
0001FE00,
00FDFE00,
00FF0400,
00FCFF00,
00FDFE00,
0005FD00,
00FE09FF,
0002FF00,
00000200,
00FF0000,
00FE0700,
00FE0400,
00000200,
00010100,
0000FE00,
00FFFE00,
00010500,
0000FD00,
00000300,
00FBFEFF,
000BFF00,
00FF0000,
0003FE00,
0000FD00,
0000FC00,
00FD0200,
00FB0200,
00FFFE00,
0008FD00,
0001FF00,
00FF0100,
000002FF,
00020300,
0001F700,
00020100,
00080200,
00F90800,
0001FF00,
0007F000,
00120900,
00FF0100,
00FDFF00,
0002FA00,
00FA0400,
00FDFFFF,
00F5F900,
00FCEE00,
0005FF00,
00F90000,
00FF0200,
00040700,
00060400,
00FB0100,
00F8FE00,
000AFA00,
000B0600,
00FEFF00,
00F4FDFF,
00081A00,
00F80500,
000D0700,
00FDFFFF,
00E90501,
00EE0200,
00091200,
00FA01FF,
000C0801,
00F00700,
00F6F700,
00FFFCFF,
000FFD00,
00F20400,
00EEFD00,
0012F4FF,
00EEFC00,
00FC0700,
00FAFA00,
0004F300,
00F2F300,
00FE0400,
00020300,
00F9F700,
00EFE500,
00FF0501,
00FC00FF,
000E0600,
00FDBCFF,
0005FA00,
0005FDFF,
00080700,
00F4CD00,
0007FA00,
0000F500,
00F80400,
00EAD300,
00060000,
0003F500,
0003F500,
00EAE4FF,
00FCF600,
00040200,
0000F700,
00F6F900,
00F5FAFF,
00FE0000,
00FDF800,
00F8FF00,
00FD0200,
00FBFD00,
00FCFCFF,
00FEFA00,
00060900,
00FB0400,
00FB0000,
00FDFC00,
00060C00,
00050400,
00FFFC00,
00FBFF00,
0009FF00,
00040100,
00FBFF00,
00FF00FF,
000400FF,
00FE01FF,
0003FD00,
00FA0000,
00FDFE00,
00FB0300,
00040000,
00F80600,
00FB0000,
0006FFFF,
0000FF00,
00030200,
00FC0000,
00020100,
0003FD00,
00FAFF00,
00010400,
00F9FF00,
00FD0000,
00FE0200,
00020300,
00F80300,
0007FB00,
00FCFD00,
00FCFD00,
00FFFE00,
00FB0200,
00050100,
00FFFEFF,
00000300,
00FFFD00,
00FC0000,
00FE0100,
00090000,
00000700,
00FDFD00,
00020100,
000D0300,
00FCF8FF,
0003FF00,
00020000,
00F10AFF,
0001FB00,
00FFFB00,
000B0600,
0003FBFF,
0000F9FF,
00020700,
00F60400,
00FEFC00,
000DF700,
00FC0700,
00FA0300,
00FD00FF,
00010200,
00F50300,
00090700,
00000200,
00F7FFFF,
000C0000,
00F60701,
00FF0300,
00000000,
0011F600,
00F3FF00,
000FFE00,
00F703FF,
00EE0A00,
00FB0100,
00F9F200,
00FD0500,
00F80700,
00F80500,
00FCF2FF,
000EFCFF,
00FD0500,
00FA0200,
0001FE00,
001FFD00,
00F60100,
00FD0300,
000BFB00,
00030100,
00E70400,
000305FF,
0004FD00,
00F60100,
0007F400,
00FA0400,
00010100,
00F30600,
0002E600,
00000400,
000DF800,
00FC0100,
00F7F000,
000E0200,
00FEF400,
00F5FA00,
00DEF000,
0010FD00,
0001F600,
000100FF,
00EBF500,
00FFFA00,
0008F900,
00FEF900,
0007F700,
00F60200,
0001FC00,
00FFF900,
000FFA00,
00010600,
000302FF,
00FCFE00,
00080000,
00070300,
00F70500,
00FAFDFF,
00F0FC00,
00070300,
00020500,
00F60500,
0008F800,
00FF03FF,
00010000,
00FDFFFF,
0004F500,
00FEFF00,
0003FF00,
00FC0200,
0000F500,
00FFFD00,
00000000,
00FE0400,
00000100,
00010200,
00FCFD00,
0001FD00,
0003FF01,
0001FF00,
000B0000,
00FC0500,
0003FF00,
00000300,
00020000,
00040400,
00FB0200,
00FF0200,
00020400,
00040200,
00FCFEFF,
00FDFE00,
00FEFE00,
00FB0300,
0001FD00,
0000FC00,
0001FF00,
00F9FE00,
00000100,
000001FF,
00FFFC00,
00000200,
00FF0000,
00FE00FF,
0009FF00,
0003FE00,
0004FDFF,
00070000,
00F50500,
0003FD00,
0004FE00,
00040300,
00F90000,
00F9FD00,
00FFFD00,
00FC00FF,
00FAFCFF,
00080100,
0000FA00,
00FC0200,
00FAFD00,
00FF0200,
0002FD00,
00FD0100,
00FFFE00,
00FB0200,
00FDF900,
00FA0200,
0003FE00,
00F6FD00,
0006F500,
00FDFE00,
000DFAFF,
0006FE00,
0003FF00,
00FD0200,
00FDF900,
000EFF00,
00F80700,
00F4FF01,
00FEFF00,
0009FE00,
00090100,
00FC0000,
00FF0200,
0002F100,
00FEFD00,
0004FF00,
00080000,
00FDFDFF,
00F20800,
00050200,
0005F900,
00000100,
00FAF600,
00FA0500,
00070000,
00FB0C00,
0013FA00,
00010500,
00FBFF00,
00FC0700,
00F2FAFF,
0007FE00,
00F702FF,
00FB0400,
00EEF700,
0007FD00,
00F0FF00,
000E05FF,
00F6FF00,
0000FC00,
00FDEF00,
00FEFB00,
00060700,
00FB0101,
00FC0000,
0009FDFF,
00020000,
00010600,
000303FF,
00020400,
000EFD00,
00010700,
00FD06FF,
00F10200,
00FBF700,
00050100,
00FB0200,
00FC0500,
00FBED00,
00030300,
00FDFC00,
00FF03FF,
0001E7FF,
00FDFE00,
0007FD00,
00010100,
00030200,
00030100,
00FE0300,
00010200,
000606FF,
0002FF00,
00F70400,
00010000,
00F90600,
00FD0000,
00070100,
00FE0100,
00FDFE00,
00000300,
00FEFFFF,
00FF0200,
00FD0300,
0001FF00,
000EFD00,
0002FF00,
00FE0400,
00FB0100,
00FEF9FF,
00FBFC00,
00FF0100,
000201FF,
00030000,
000CFDFF,
0002FD00,
00FD0000,
00FC0100,
00010100,
00FE0000,
00FF0000,
00FE0100,
0004FFFF,
00FEFE00,
000A0200,
00FD0700,
00FB01FF,
00000300,
0009FF00,
00FB0400,
00FB0200,
00FEFF00,
00000401,
00FD0200,
00FDFE00,
00FFFE00,
00F60600,
00FEFBFF,
00060200,
0001F800,
00EE0300,
00FC0200,
00010000,
00FFF700,
00FA0200,
0005FB00,
00F50300,
0025FB00,
00F50100,
0002FF00,
00080200,
00070600,
0000FF00,
00FF0100,
000CFF00,
00F00C00,
00FAFF00,
00020900,
00FFF3FF,
000A0600,
00FE0800,
00050C00,
0014F8FF,
000800FF,
000A00FF,
00FF07FF,
0000FF00,
00F70600,
0006FC00,
00FA0300,
00FB0100,
00FEFD00,
00FE04FF,
00010000,
001109FF,
0014F100,
000602FF,
00090B00,
00F90800,
00FD0100,
0004FE00,
00F30600,
0000FC00,
00F7FE00,
00040100,
00FFFD00,
00FFFE00,
00030800,
000BFC00,
000DF500,
00040200,
000A0800,
00F40200,
00FE09FF,
00030100,
00040300,
00FE0001,
00FB0800,
000507FF,
0009FC00,
00050200,
00FE0400,
00040600,
00F1F201,
00FBFE00,
00FD0000,
00FE0100,
0003DB01,
00F9FD00,
0001FE00,
00FD0200,
00FEF600,
0005FE00,
0004FFFF,
00030000,
00FCFC00,
00050200,
00FDFF00,
00FEFF00,
0004FE00,
00FE0100,
00FE0200,
00040200,
0006FBFF,
00FD0300,
0001FD00,
00F90000,
00060000,
000104FF,
0004FF00,
00FE0000,
0007FD00,
0000FF00,
00FC0000,
0003FD00,
00FF0000,
00FF0100,
00FEFE00,
00FE0500,
00FA0700,
00030100,
00010000,
00F30300,
00F20400,
00010000,
0001FE00,
00FEFC00,
00010200,
00040200,
00FBFC00,
00030300,
00020100,
0008FDFF,
00FC0201,
00010300,
00030200,
0003FF00,
00FF0800,
00FB0200,
00FE0000,
0002FC00,
00FF0600,
00030100,
00FCFD00,
00F60600,
00FD05FF,
00010200,
00FFFB00,
00F30300,
0003FE00,
00010500,
00060300,
00FB0500,
00FF0000,
0004FDFF,
00F90C00,
00010100,
00F5FE00,
000202FF,
00040600,
00030400,
00FD0600,
000E0700,
00030600,
00FA0300,
00010CFF,
00FC1000,
000CFD00,
00FC0600,
00F90400,
0004FC00,
0012F700,
00120100,
00FB0000,
00EFF5FF,
00F8FCFF,
0007F9FF,
00F70500,
00041100,
0006F601,
00060100,
00FAFF00,
00030900,
00FFE800,
0001FDFF,
000CF9FF,
00E2FF00,
0003FD00,
0003FF00,
00F10100,
00F7FF00,
00F30700,
00FE02FF,
0006E900,
00F90600,
00050600,
0012FE00,
0007F300,
00010300,
000D0700,
0005FF00,
00FA0300,
00F80300,
00000001,
00F9FE00,
00F90200,
00FB0500,
00FEF800,
00FF0200,
00FB0200,
000501FF,
00FDFB00,
00FE0101,
0007FF00,
00000100,
00FEEA00,
00FE0300,
00000300,
00010000,
00F4FF00,
0006FF00,
0002FE00,
00FD0100,
00EA04FF,
00FF0000,
00FB0400,
0002FC00,
00EB0000,
0002FFFF,
00FF0200,
0001FC00,
00FFFB00,
00010000,
00020300,
00FE00FF,
00FDFF00,
00010300,
0002FE00,
00030200,
00050000,
0001FD01,
00FE0600,
0004FC00,
00FC0100,
0000FE00,
00FC0100,
00F9FD00,
00FE03FF,
00FF0100,
00FD01FF,
00F1FC00,
00FF0401,
00FE0401,
0001FE00,
00F90100,
00FF0300,
00010300,
00FD00FF,
00060000,
00FC03FF,
00070000,
000102FF,
00FD0500,
00010200,
00040000,
00FD0600,
00FD0200,
00000000,
00080100,
00010300,
000306FF,
00FD0000,
00FF0000,
00F60800,
00030300,
00040100,
00FDFC00,
00FC0000,
00FD0100,
00090100,
00FAFF00,
00FD0100,
00010100,
00FA1000,
0008FF01,
00000600,
00030700,
00FAFF00,
00F60100,
00FD0300,
0004FD00,
0005FD00,
00FE0600,
00FE07FF,
00FBFA00,
0005FF00,
00030500,
00F80200,
000AFE00,
000BFA00,
001000FF,
00FBFE00,
00FF0F00,
0005F800,
000AFB00,
00FE0300,
00001400,
00EAFB01,
000EF701,
00FE0300,
00E1FC00,
00FDEE00,
00FEFF00,
0015FA00,
00D9FF00,
0001FA00,
0000FF00,
00040900,
00FC0700,
0002FD00,
00FBFE00,
0011EC00,
0001FF00,
0001FD00,
0008FE00,
00F5FB00,
0009FC00,
00FD0200,
00040300,
00EC0300,
0003FEFF,
00080100,
00F90500,
0009FF00,
000100FF,
0000FD00,
000202FF,
00FFFD00,
00FC0100,
00FE0100,
00FA0001,
0005FEFF,
00FF0100,
0002F301,
00FE0200,
00030800,
00030000,
00FD0300,
00FE01FF,
00020100,
00010000,
000BFD00,
0003FF00,
00FF0100,
00000300,
000A0000,
00FFFF00,
00FE0200,
0002FFFF,
0002FFFF,
0001FF00,
0007FD00,
00010000,
00010000,
00000300,
00FFFD00,
0006FF00,
00FE0400,
00020000,
00010000,
00030000,
00FB0000,
00FF0100,
0001FC00,
00FE0400,
00FF0500,
00020100,
00000100,
0002FC00,
00000700,
00FF0200,
00FE0100,
000A0300,
00FB0800,
00030400,
0002FE00,
00070100,
00F90100,
00020101,
00FF0000,
00060000,
00000200,
00010300,
00020200,
00FE02FF,
00000100,
0009FF00,
00FE0000,
00020000,
00FBFF00,
00FC0000,
00FE0000,
00010500,
0000FF00,
00F90200,
0006FF00,
0001FE00,
0004FE00,
00FBFC00,
000200FF,
00020100,
00FC0400,
000300FF,
00FF0500,
000EF8FF,
00F60100,
00FB0000,
00000100,
00F10000,
0007FF00,
00FF0000,
00F80600,
000EFB00,
00F10300,
00FF0200,
00FB0400,
00F3FA00,
00F40800,
00030300,
00FCF900,
00010A00,
000C0100,
0004FF00,
0002FB00,
00FC06FF,
00FFF700,
0009FD00,
00FCF900,
00F00100,
0015F600,
00FF02FF,
0016F300,
00F00200,
00FAFF01,
00FC0200,
000FF800,
00010300,
00F5FD00,
00F60000,
000A0200,
00FF02FF,
00FBFE00,
0004F800,
00EDFF00,
00020200,
00020000,
000C0200,
00F104FF,
00000200,
00FFFD00,
00010200,
00FDFC00,
00FBFF00,
0005FF00,
00010001,
00050300,
00000000,
0000FF00,
00FFFE00,
00FFFF00,
00FB0000,
00040400,
00FCFE00,
000200FF,
0003FB00,
00F1FC00,
00FF0201,
00FA0100,
00000100,
0000FF00,
0003FF00,
0002FF00,
0003FE00,
0008FC00,
00010000,
00010200,
0006FE00,
00FBFDFF,
00FD0101,
0007FCFF,
00FA0000,
0002FDFF,
00FE0500,
00FDFD00,
0005FF00,
00080200,
00000100,
00FEFF00,
00030000,
0005FF00,
00040100,
00FEFA00,
00F70100,
00FF0300,
000301FF,
00010100,
000706FF,
00FA0200,
00030100,
00000000,
00F2FF00,
00FD0B00,
00010200,
00000000,
00080200,
000102FF,
00FF0200,
0000FD00,
00FDF800,
00080000,
00FF0000,
00000000,
000102FF,
00010200,
00050300,
00020000,
000103FF,
00010100,
00030100,
000000FF,
00010300,
00060000,
00FC0500,
0004FE00,
00FEFE00,
00FEFE00,
00FEFC00,
00FEFE00,
00020200,
0008FC00,
000BFE00,
00FF0300,
00040200,
00050000,
00FCFF00,
00020200,
00F407FF,
0003FE00,
00020100,
00FD0400,
0008FC00,
0002FDFF,
00010200,
00FF02FF,
0005F100,
0008F700,
0006FDFF,
00FDFB00,
00EDFB00,
0008FC01,
0008FF00,
00FBFF00,
00FA0500,
00FEFF00,
00FA0000,
00F9FEFF,
00F20300,
00FE0601,
0002FD00,
000FEB00,
00FA0800,
000D06FF,
00FE0000,
0013EE00,
0001FD00,
00F7F800,
00FE0100,
00080B00,
00FD0000,
00F60500,
00FBFB00,
00F40F00,
0003FD00,
00FAFE00,
0003FE00,
00FE0000,
000000FF,
00060100,
00000101,
00F1FF00,
00FAFC00,
00040100,
0000FF00,
00FE0100,
00030000,
00FF0300,
0000FE00,
000402FF,
00010100,
00FDF500,
00FD0000,
00FC0200,
00FD0600,
00F30000,
00FD02FF,
00FFFFFF,
0000FE00,
00F9FF00,
00010000,
0004FEFF,
00FD0000,
00FDF8FF,
00000100,
00FF0000,
000BFB00,
000002FF,
00FA0100,
0001FC00,
0001F700,
00FDFF00,
00020500,
00FF0200,
00FEFDFF,
00FCFFFF,
00FFFE00,
0000FF00,
00FDFE00,
00FDF900,
0001FF00,
0001FD00,
00050A00,
00010300,
00FF0100,
00010100,
00FA0400,
0002FE00,
00FF0000,
00FF01FF,
00FCF900,
00FC0200,
00020000,
00FE0000,
00FFFE00,
00FD0500,
00020000,
0004FF00,
000AFF00,
00FD0100,
00FB01FF,
00FE01FF,
00000400,
0000FF00,
00FFFF00,
00040000,
00FBFF00,
00FDFF00,
0003FF00,
00020100,
00040200,
00040000,
00010100,
00FA0000,
00FE01FF,
00FFFE00,
00FC0000,
00000100,
0004FB00,
0002FB00,
0000FE01,
00010100,
00FEF400,
00FD0100,
00040000,
00070000,
00FAFFFF,
00000200,
00FB0100,
00FC0100,
0006F900,
00020100,
0001FF00,
00F8FD00,
0002FB00,
0007FF00,
00030100,
00FE0200,
0003FCFF,
0004FBFF,
00060300,
00FD0100,
00FE0300,
00FCFF00,
00FB0400,
0007FFFF,
00000400,
00FFFF00,
00FCFDFF,
000CF400,
0000FF00,
00FD0200,
0002FFFF,
000AF500,
00FFFE00,
00F1FB00,
00FEFF00,
00FF0B00,
0002FE00,
00F905FF,
00FE0000,
00060A00,
00060100,
000A0BFF,
0004FF00,
000402FF,
0001FC00,
00010100,
00010000,
00F9FE00,
0001FE00,
00FAF8FF,
00020100,
00F9FE00,
00010400,
0008FE00,
00FF00FF,
00050100,
0001FF00,
0006FA00,
00FD0000,
00000200,
00FBFF00,
00F9FE00,
00000000,
00FEFE00,
00FD01FF,
000B0600,
0002FF00,
00FEFE00,
00FC06FF,
00F9F701,
00010200,
00FF0100,
0003FD00,
0006F700,
00000100,
00FDFD00,
00FC03FF,
00FE0500,
000405FF,
00020200,
0001FF00,
00FF0500,
0000FF00,
00000000,
00020100,
0002FC00,
00FF0100,
00040200,
00040500,
0012FF00,
00000100,
00FA0000,
00FC0400,
00F30900,
00FF0000,
00FFFF00,
00FF0200,
00FF0000,
00FDFF00,
0001FFFF,
000E0100,
00FCFE00,
00FFFE00,
0000FF00,
00F9F800,
000F0100,
0002FF00,
00FF00FF,
00FB0100,
00F20400,
00FC0000,
00000200,
00FF01FF,
0003FEFF,
00FE0001,
00030100,
0002FD00,
00020100,
0001FF00,
00050100,
0000FE00,
00FEFFFF,
0002FF00,
0003FE00,
0002FC00,
00FCFD00,
00FFFF00,
00FD0100,
00060300,
00000000,
0007FF00,
000502FF,
00FCFD00,
0007FB00,
00FCFD00,
00FB0100,
00FE0400,
00FF0600,
00000000,
00FEFF00,
00F6FAFF,
00010700,
00010100,
00FC0600,
00030300,
000301FF,
00000100,
00FD0800,
00F408FF,
00FA0200,
00FC0200,
0001FF00,
00FB0000,
00FAFE00,
00FBFE01,
0004FD00,
00FDF900,
0006FC01,
00FC0301,
00000000,
00F80800,
0001FA00,
00010200,
00FB01FF,
00040400,
0005FC00,
00FF0000,
00000000,
00FD0300,
00FE0200,
00FFFF01,
0000FF00,
00F90400,
00060100,
00FF0201,
0003FF00,
000001FF,
00F9F800,
00FE0000,
00030000,
00FCFFFF,
00040000,
0002FF00,
0008FF00,
0007FE00,
000E0100,
00030000,
00000000,
00FF0300,
00FE0500,
00FEFE00,
00040000,
00FF02FF,
00070200,
00000300,
00FD0000,
0000F900,
0002F300,
00FD0000,
00FD0000,
00FB0000,
00F1FC00,
00030101,
00030100,
0003FC00,
0005FD00,
00020500,
00040000,
00040400,
00FC0100,
0002FF00,
0001FC00,
00FBFD00,
00F70101,
00000000,
000900FF,
00F6FF00,
00F80200,
00000200,
0001FD00,
00FCFC00,
00F9FD01,
0002FF00,
0003FD00,
0000FE00,
0004FB00,
00040100,
0000FF00,
00FC0100,
00FD0100,
0003FF00,
00020100,
00010000,
00FF0500,
0001FF00,
00FE0400,
00010100,
000EF500,
0001FE01,
00FCFEFF,
000AFC00,
00F70800,
00000100,
0002FE00,
00050000,
00FD0400,
0003FF00,
00FF0100,
000002FF,
0007F900,
00020000,
00000200,
00060000,
00FEFB00,
00FC0000,
00FC0000,
00FDFE00,
0001F900,
00000300,
00FEFF00,
00FBFD00,
00030000,
00020101,
00FEFF00,
0000FAFF,
00FBFA00,
00030200,
00020200,
00050300,
00040500,
00F90400,
00FE0100,
00F80200,
00010700,
00FFFF00,
00FAFF00,
00F60200,
00030100,
00FB0100,
0001FE00,
00010200,
00020000,
00FC0400,
0001FF00,
0003FD00,
00F40100,
00FE0200,
00FFFD00,
00FAFF00,
000CFE00,
0005FE01,
00FEFD00,
00FEFE00,
00EDFF00,
00FD0000,
0003FE00,
0004FB00,
0008F900,
0000FF01,
00000300,
000AFE00,
000B0400,
00020000,
00000200,
00F80200,
00FC0300,
0003FF00,
00F90200,
00FEFF00,
0002FD00,
0004FF00,
00000100,
00FA01FF,
00F70100,
00010000,
00FFFF00,
00030200,
00040400,
00FFFE01,
00010100,
00060300,
000C0001,
00010000,
00FC01FF,
00FC01FF,
00FF0401,
00000100,
0003FEFF,
0000FE00,
00FCFF00,
0001FF00,
00FAFE00,
00FF0400,
00FDFE00,
00040500,
00FD0000,
0002FE00,
00FF0200,
0000FE00,
00FD0300,
000CFD00,
0001FA00,
00020100,
00030B00,
0005F900,
00020000,
00FE0100,
0006FF00,
00090200,
0008FF00,
00FDFF01,
0003FF00,
00FB0200,
00F105FF,
00FFFE00,
00010100,
00FB0400,
00060500,
0001FE00,
00FF0200,
00F5FFFF,
00F70400,
00FD0201,
00FE0200,
000BFD00,
00000000,
00FF0100,
0000FFFF,
000DFE00,
00060000,
00050000,
00010100,
00030600,
00050400,
00010100,
000203FF,
00FB03FF,
00FD0300,
00000200,
00030000,
00030600,
00050000,
0001FF00,
0004FF00,
00FBFE00,
0009FF00,
00070000,
00000000,
00FC0600,
00030000,
00030100,
00FE0100,
00000300,
00F50A00,
00010400,
00020000,
0004FE00,
00020300,
00FEFF01,
00020300,
00000100,
00F40000,
00FE0000,
00FCFC00,
00060200,
00000000,
00FE0100,
00FFFEFF,
00F8FD00,
00FBFE00,
00FF0100,
00010000,
0002FC00,
00000300,
0004FE00,
0003FF00,
0010FC00,
000DFC00,
0000FF00,
00FE0100,
00F20800,
000BF600,
00F8FE00,
00FF0100,
00FD0600,
00FFFE00,
00010000,
00FB0100,
0004FE00,
00090100,
00FF0000,
00FF0000,
0001FDFF,
000CFD00,
00FEFF00,
00FCFF00,
00F5FFFF,
00F6FA00,
00FF0200,
0001FF00,
00FC0400,
00FAFE00,
00030100,
00020000,
00FC0200,
00FD0000,
00FF0000,
0000FF00,
00F70200,
00010300,
00FFFF00,
00030000,
000A0000,
000BF700,
0009FE00,
0002FF00,
0006F700,
00020100,
0000FF00,
00F90200,
00F90500,
00040400,
000105FF,
00000000,
00010300,
00FDFE00,
00FEFD00,
00FE00FF,
00FF0100,
00FCFC00,
00010001,
00050500,
00FDF9FF,
00030300,
0000FF00,
00FC0200,
00FDF800,
00050000,
00FE0000,
00FFFE00,
000001FF,
0000FD00,
00010000,
00FFFF00,
0001F800,
00FD0600,
00030100,
00FF0000,
00FBFF00,
000D0800,
00FF0101,
00FEFF00,
00030400,
00030500,
00FD0000,
00FF0000,
00030600,
00010100,
0000FF01,
0001FF00,
00080500,
000A0300,
00FD0000,
00030000,
00020000,
00030800,
00FFFF00,
0000FF00,
0001FF00,
0000FD00,
0005FE00,
00FDFF00,
00040200,
00FE0200,
00040000,
0000FFFF,
0003FD00,
00FE0200,
0002FF00,
00000000,
0001FD00,
00F9FD00,
00020200,
0000FF00,
00F6F900,
00E90100,
00FE0000,
00010000,
00020600,
00FB0400,
00010000,
00FF0000,
00FD0200,
00FF0800,
0002FE00,
00000200,
00010300,
0000FA00,
0002FF00,
00000000,
00FF0300,
00FA0200,
0001FC00,
00030300,
00020200,
00030D00,
0002FF01,
00000100,
00FE0100,
00FC0000,
00FEFF00,
00FE00FF,
0005FB00,
00FCFA00,
00020101,
00FF0000,
00F5FBFF,
00FA0500,
00000200,
0000FE00,
00010000,
00FBFB00,
00000200,
00010000,
00090100,
00F9FF00,
00FE0200,
00FCFE00,
00090000,
0003FB00,
00FC0000,
00FC0000,
00FBFDFF,
00FAFD00,
00FBFE00,
00FDFF00,
000AFB00,
00F80100,
00010001,
00030200,
00F00300,
00FC0200,
0003FF00,
00FB0000,
00070300,
000C0000,
00FF0000,
00000200,
00000000,
00FF0000,
00FF05FF,
00070000,
00F70000,
0005FF00,
0000FF00,
00010300,
00000100,
00FDF400,
00FFFF01,
00FB0700,
0009FE00,
00FF0100,
00FF0000,
00FE0100,
00EDFF00,
00FCF8FF,
00FFFE00,
0003FF00,
00000300,
00000200,
0001FF01,
0008FF00,
0000FC00,
00F005FF,
00FC0000,
00FFFF00,
00FDFE00,
00F8FC00,
00FE0400,
00FD0100,
00060200,
0006FCFF,
00FCFF00,
00FEFF00,
00F2FEFF,
00FAFE00,
00FF0000,
0000FFFF,
00FB0300,
00000000,
00FE0001,
00FEFEFF,
00FDFD00,
00010300,
00FC0100,
0000FFFF,
00070000,
0003FCFF,
0000FF00,
0001FF00,
0002FB00,
0003FA00,
0003FF00,
0000FFFF,
0007F800,
00F40700,
0001FF01,
00020100,
0005FE00,
00FB0000,
00FD0101,
0002FF00,
00FB0500,
00050700,
00000400,
0002FF00,
000F0200,
0000FC00,
00010100,
00FFFE00,
0002F8FF,
00FAFF00,
00000101,
0000FFFF,
00030200,
0002FC00,
00FEFC00,
00000200,
0002FF00,
0007FD00,
00000000,
00010100,
00070100,
000D0800,
00FEFF00,
00FEFFFF,
00F9FEFF,
00F10901,
00010200,
000000FF,
000FFD00,
00F70A00,
00010101,
00FCFF00,
00020600,
00F80200,
00020000,
00020000,
00FB0900,
00FEFD00,
00FFFE00,
00010200,
00FF0000,
000A0500,
0000FF00,
00010200,
0002FC00,
000C0000,
00FE0100,
00020100,
00070800,
00F805FF,
00FB0001,
0006FE00,
00020100,
00030300,
00FD0101,
0002FE00,
0002FF00,
00FBFFFF,
00010000,
00010100,
00040200,
00090000,
00000100,
00FE0000,
0000FE00,
00030000,
00010500,
00FE0000,
00020400,
00000000,
00FE0200,
0007FFFF,
00FC0100,
0009FB00,
00FF0000,
0002FF00,
00FFF7FF,
00080600,
00FF0100,
00FF0100,
00F70200,
00F90100,
0001FF00,
0000FF00,
0000FFFF,
0002FE00,
0001FE00,
00040000,
00FFFBFF,
00F40800,
00FDFF00,
00010000,
0000FA00,
00FAFF00,
00000100,
00FF0200,
00E6F100,
0006F301,
00FFFE01,
00FE0100,
00FAFD00,
00020300,
0000FE00,
00FDFF00,
00F50100,
0007FB00,
0000FF01,
00010000,
00FB0500,
0005F800,
0001FF00,
00020000,
00020300,
00FE0A00,
0003FF01,
0000FF00,
000105FF,
00FEF7FF,
0004FD00,
0000FFFF,
00060300,
00040300,
00060000,
00FDFF00,
00FDFC00,
0005FF00,
00030100,
00FF01FF,
00F004FF,
00FBF700,
00040201,
00030300,
0007F800,
00F9F600,
00010000,
00010000,
00FE0000,
00FE0600,
00000000,
00010000,
0013FF00,
00FEFE00,
00FF0000,
0000FFFF,
0005FF00,
00130600,
0000FF00,
00000000,
0002FFFF,
00FF0800,
00000100,
00010000,
00FEF900,
00F3FA00,
00030200,
0000FF00,
0008FF00,
00FDF700,
00000100,
00030100,
000CFE00,
00F8F900,
00010000,
00020400,
00FF0200,
0000FF00,
0002FF00,
00FE0400,
00FFF8FF,
0004F900,
00FF0001,
00000300,
00020000,
00F60200,
00FDFF00,
00000000,
000A0200,
00F4FD00,
00FE0100,
00FE0000,
00FFF800,
0006FA00,
00FC0100,
00FDFFFF,
00080600,
0008FF00,
00000001,
00FF0000,
0002FC00,
0005F5FF,
0001FF00,
00FF0100,
00F5FF00,
00F70801,
00030500,
00FDFF00,
0002FF00,
00FF0500,
00000000,
00FEFB00,
00020100,
00EDFD01,
00FF0000,
000001FF,
00FB0000,
00F7FE01,
00FF0000,
0002FD00,
000405FF,
00FA0000,
00FBFE00,
00030600,
00F60200,
00FE0601,
00FF0200,
000500FF,
00000400,
0005FD00,
00FF0200,
00060000,
00010200,
00FC0200,
0001FF00,
0000FF00,
00FBFE00,
00F8FD00,
00FF0201,
00F6FF00,
0006FF00,
00FBF700,
00FEFF00,
00FB0000,
0005FE00,
00F00100,
00FBFE00,
00FE0100,
00FD0000,
00FAFF00,
0002FB00,
00FF0200,
00FF0400,
00F20A00,
0001FE00,
00FCFEFF,
00FF0100,
00090400,
0000FD00,
0000FE00,
0005FF00,
00FFF900,
00010300,
00030100,
00FCFF00,
0006FE00,
00FF0100,
00030300,
00040100,
0004FC00,
00FE0000,
00FD0000,
00000100,
00080500,
00000000,
00FE0000,
0004FCFF,
0003FF00,
0002FE00,
0003FE00,
00FF0300,
0009FE00,
00FE0300,
000604FF,
0001FB00,
00FFFD00,
0002FE00,
00000000,
00080200,
00FCFD00,
0004FE00,
00FA0200,
00F7FDFF,
000BF500,
0005FF00,
00FF0100,
00F9F700,
00FCFC00,
00FEFB00,
0001FE00,
00010300,
00000000,
00FC01FF,
0005FE00,
00FBFFFF,
00070200,
00FE0500,
0000FBFF,
00FD0100,
00FB0200,
00040300,
0003FD00,
00050600,
000B0200,
00050000,
00FFFA00,
0003FFFF,
0005F900,
0000FE00,
0000FDFF,
0005FC00,
0002FB00,
0000FE00,
00010000,
000DFD00,
00F5F800,
0004FE00,
00040000,
00020500,
00FC0200,
0004FD00,
0001FF00,
000001FF,
0000FE00,
000104FF,
00010200,
00FE0000,
00FBFE00,
00010400,
00FF0300,
0000FB00,
00020000,
00010300,
00FF0100,
0004FB00,
00020800,
00000400,
000401FF,
00050500,
00F50500,
00FE0300,
00010200,
00150200,
00000300,
000103FF,
00FE0300,
000D0500,
00FD0200,
000102FF,
00FE0200,
00E80400,
0005FFFF,
000002FF,
00FE0000,
00EF0000,
00000100,
000003FF,
0001FD00,
00040600,
0013FBFF,
00000200,
000802FF,
00040000,
000001FF,
00FF01FF,
00020000,
00FFF900,
00FFF7FF,
00000200,
00FE0100,
0001FE00,
00FEFF00,
00020200,
00FC0300,
000AFA00,
00020700,
000203FF,
00FF0000,
000601FF,
0003FD00,
00000100,
00FF0000,
00010700,
00FBFF00,
00FE0000,
00030300,
00080400,
00FAFC00,
00FF02FF,
00030400,
00060200,
00090300,
000001FF,
00FAFFFF,
0003FE00,
00FF06FF,
00000100,
00FBFD00,
000A0600,
000102FF,
000104FF,
00FEFF00,
000E0000,
0002FCFF,
00000300,
0001FF00,
00FDFCFF,
00F8FC00,
000002FF,
00040100,
0000FD00,
00F900FF,
000000FF,
00080500,
0003FF00,
00050200,
00000200,
00020100,
00000100,
0004F700,
000003FF,
00FEFF00,
00FA0700,
00050200,
00000300,
00FB00FF,
00F40F00,
00000200,
00020300,
00FD0100,
00F20600,
00FBFD00,
000003FF,
00FD02FF,
00010100,
00030200,
00FF0200,
00FFFF00,
00FB0400,
00010600,
00020400,
00FF0200,
00020000,
00FCFB00,
00010300,
00FC0200,
00FCF600,
00FD0700,
00020300,
00FAFE00,
00FEFD00,
00FEFE00,
00050A00,
00000100,
00030000,
00000500,
00000000,
0000FD00,
000000FF,
00000000,
000000FF,
0000FD00,
000001FF,
00FF0100,
00FF0200,
0000FFFF,
0000FF00,
00000300,
00FF02FF,
00000000,
000000FF,
00000300,
00FF00FF,
0000FEFF,
00000500,
0000FD00,
00FF0000,
00000200,
0000FF00,
00FF0100,
000000FF,
000003FF,
0000FC00,
00000200,
00000000,
00FF0400,
00000000,
0000FCFF,
0000FF00,
0000FFFF,
00000300,
000001FF,
00000000,
00000400,
00FF01FF,
00FFFC00,
00FF0100,
0000FF00,
00000100,
00000000,
00000100,
00000200,
0000FC00,
00000000,
00000000,
000001FF,
00FFFC00,
0000FFFF,
0000FD00,
000003FF,
00FFFE00,
0000FF00,
00FFFE00,
00000400,
00000000,
0000FF00,
000000FF,
00000300,
00000300,
00000100,
000001FF,
00000100,
00FFFCFF,
0000FF00,
00000000,
00FF0300,
0000FC00,
00000000,
00000300,
00FF0400,
0000F500,
00FF0101,
00000700,
00000900,
00FFFE00,
0000FE00,
00FF0400,
00000600,
00000500,
0000FC00,
00FF06FF,
000001FF,
0000FB00,
0000F900,
00000500,
00000100,
00000400,
0000F900,
00000200,
00000100,
00000600,
0000F800,
00000300,
00FF00FF,
00000700,
0000FE00,
000001FF,
0000FD00,
00000900,
00FF0000,
00000100,
0000F900,
00000300,
0000FE01,
00000000,
0000FF00,
0000FD00,
00000000,
00000100,
0000FB00,
00000000,
00000400,
00000000,
0000FE00,
0000FB00,
0000FE00,
0000FFFF,
00FF0500,
0000FD00,
00000200,
00000100,
00000100,
00000301,
000006FF,
00000000,
0000FB00,
0000FD00,
0000FEFF,
0000FF00,
000001FF,
00000000,
00000100,
00000000,
00000100,
0000FDFF,
0000FF00,
00000000,
00000100,
00000600,
00000000,
000000FF,
00000000,
00000500,
00FFFB00,
00000100,
0000FF00,
0000FB00,
00000100,
00000100,
00000000,
0000FA00,
0000FF00,
00000000,
00000100,
00000000,
0000F000,
00000200,
00000000,
00000000,
0000F400,
00000000,
00FFFF00,
0000FE00,
0000FE00,
00000000,
0000FF00,
00000000,
00000200,
0000FFFF,
0000FFFF,
00000000,
00FF0A00,
0000FF00,
00000100,
00000200,
00000000,
00FFFFFF,
000000FF,
00FFFE00,
0000FB00,
0000FD00,
00000300,
00000200,
000000FF,
00000000,
0000FD00,
0000FB00,
0000F600,
000001FF,
0000FE00,
0000FC00,
00000800,
00000200,
00000200,
00000000,
00010600,
00000400,
00000200,
00FFFBFF,
00000400,
00000500,
00000300,
00000000,
00000600,
000004FF,
00000200,
000002FF,
00000100,
00FF0300,
00000100,
00FF0000,
00FFF700,
00000100,
0000FE00,
00FFF900,
00000200,
0000FF00,
00FFFF00,
00FFFC00,
0000F800,
00FF0000,
0000FE00,
00FF0001,
00FFFC00,
0000FC00,
0000FEFF,
00000300,
0000FB00,
0000FE00,
0000FF01,
00FFF800,
00000200,
0000FF00,
0000FE00,
0000FA01,
00000200,
00FF0100,
00000000,
0000F900,
00000000,
00000100,
00FFFF00,
0000FD00,
00FF0100,
00FFFEFF,
00000200,
00000201,
0000FD00,
00000300,
00FF0100,
00000501,
00000000,
000001FF,
0000FFFF,
0000FB00,
00000800,
00000100,
00FF00FF,
0000FA00,
00000500,
000000FF,
0000FE00,
0000FA00,
00FF0000,
00FF0000,
00000100,
00000000,
0000FC00,
00FFFFFF,
00FF0000,
0000FC00,
0000FC00,
00FF0100,
00FF0100,
00000000,
000004FF,
00000000,
00000000,
0000FF00,
0000FE00,
00000000,
00000000,
00000300,
00000400,
000000FF,
00FF0000,
00000000,
00000000,
000000FF,
00000200,
0000FD00,
00000500,
0000FEFF,
00000300,
000003FF,
0000FD00,
00FFFE00,
00000400,
0000FE00,
0000FD00,
00FF0100,
00000100,
00000100,
0000FE00,
0000FE00,
00000300,
00FFFFFF,
00FFFAFF,
0000FE00,
0000FF00,
00FF0100,
0000FF00,
00000000,
0000FD00,
0000FD00,
00000100,
00000000,
0000FE00,
00000000,
00FF0100,
00000200,
00000000,
0000FF00,
000002FF,
000002FF,
00000300,
0000FC00,
0000FF00,
00000100,
00000600,
00FF0100,
000005FF,
00000400,
00000500,
0000FB00,
00000000,
00FFFF00,
00000300,
0000FE01,
0000FA00,
0000FD00,
00000300,
00FFF800,
00FFFB00,
0000FD00,
000000FF,
00000600,
00000001,
0000FE00,
00000100,
00000200,
0000FE01,
0000FFFF,
00FFFE00,
00000500,
00000300,
00FFFF00,
0000FD00,
00000000,
00000700,
000000FF,
0000FD00,
00000600,
00FF0401,
00000100,
0000FF00,
0000FA01,
00000100,
0000FF00,
00000200,
0000FC00,
00000500,
0000FF00,
00000500,
00000100,
00000500,
000004FF,
00000200,
00000900,
0000FE00,
00000100,
00FFFD00,
0000FB00,
00000500,
00000000,
00000200,
00FFFC00,
000009FF,
00000000,
00FFFF00,
00000400,
00000100,
00000000,
00000200,
00000200,
00000500,
00FF0100,
00000200,
00000400,
00000200,
00000100,
0000FE00,
00000000,
00000800,
0000FF00,
0000FD00,
0000FD00,
00000700,
0000FF00,
0000FF00,
00FFFD00,
0000FE00,
00000100,
0000FF00,
00000100,
0000FB00,
00000100,
0000FF00,
000004FF,
0000FC00,
00000100,
00000000,
000000FF,
0000FDFF,
00000200,
00000100,
00000200,
0000FD00,
00000200,
00000100,
0000FE00,
00000000,
0000FE00,
0000FF00,
00000200,
00000300,
0000FE00,
000001FF,
00000100,
00000A00,
00000000,
00FF0100,
00000100,
00000700,
00000000,
00FF0300,
00FFFD00,
00000300,
00000300,
00000000,
00000000,
000005FF,
00000000,
00000400,
00000000,
00000300,
00FF0000,
00000300,
00FFFF00,
00FF0300,
00000100,
00000300,
0000FD00,
00000000,
0000FC00,
00000400,
0000FBFF,
0000FEFF,
0000FB00,
00000300,
00000800,
00FFFD00,
0000FBFF,
0000FE00,
000005FF,
0000FDFF,
0000FE00,
0000FD00,
00000400,
00000000,
0000FE00,
0000FB00,
00000701,
00000300,
0000FDFF,
00FFFA00,
00000300,
00000A00,
00000000,
0000FD00,
0000FE00,
00FF0500,
0000FE00,
0000FFFF,
00FF0600,
00000500,
0000FF00,
00000000,
00000200,
00FFFF00,
00000000,
0000FD00,
00FF0600,
00000200,
000004FF,
00000200,
00FF0000,
00000100,
000002FF,
0000FF00,
00000200,
0000FBFF,
00000100,
00000200,
0000FC00,
0000FB00,
000000FF,
00000100,
00000100,
000002FF,
00FF0000,
00000100,
00FFFF00,
00000400,
00000100,
00000100,
00000000,
0000FD00,
0000FF00,
0000FF00,
00000400,
00FFFC00,
0000FDFF,
00000000,
00000400,
00FFFD00,
00FF00FF,
00000300,
000002FF,
00000300,
00FF0100,
0000FF00,
000004FF,
00FF0001,
00000100,
00000200,
0000FEFF,
000005FF,
000001FF,
000000FF,
0000FFFF,
00FFF900,
00000000,
00000100,
0000FE00,
00000100,
00FF0100,
00000100,
0000FFFF,
0000FD00,
00FF0000,
00000700,
00000100,
00FF0000,
000002FF,
0000FD00,
0000FA00,
00000600,
00000000,
0000FD00,
0000FAFF,
00000C00,
00000100,
0000FE00,
0000FE00,
00000400,
000002FF,
0000FC00,
00000200,
00000300,
0000FE00,
00000900,
0000FC00,
00000800,
0000FD00,
00000AFF,
00FF0400,
00000200,
0000FC01,
00000300,
0000FEFF,
0000FF01,
00FFFD00,
00000500,
00000600,
00000300,
0000FE00,
00000000,
00000200,
00000000,
0000FD00,
0000FD00,
00FF0300,
00000400,
0000FD00,
0000FBFF,
000008FF,
00000100,
0000FEFF,
0000FA00,
0000FF00,
00000201,
0000FDFF,
0000FAFF,
00000100,
00000101,
0000FD00,
0000FD00,
00000001,
00000400,
00000000,
0000FE00,
0000FD00,
00000000,
00000000,
00000000,
0000FA01,
00000000,
000000FF,
00000000,
00000200,
00FFFE00,
00000400,
000000FF,
0000FD00,
0000FF00,
00FF0200,
00000000,
0000FEFF,
00FFFAFF,
00000200,
00000500,
00000100,
00000300,
00000000,
00FF0100,
000003FF,
0000F6FF,
00000000,
00000100,
0000FF00,
00000500,
00000100,
00000100,
00000300,
00FF0800,
0000FF00,
00000200,
00FF01FF,
00000000,
0000FC00,
00000500,
00000100,
0000FE00,
00FF0000,
00000100,
0000FF00,
0000FEFF,
0000FD00,
00000100,
0000FC00,
00000300,
00000200,
0000FB00,
00FF0200,
00000300,
000003FF,
0000F800,
00000000,
00FF0000,
00FF0300,
0000FA00,
00000000,
0000F6FF,
0000FE00,
00FFFF01,
0000FB00,
0000F9FF,
00000300,
0000FE00,
0000FD00,
00FFFE00,
00000200,
0000FE00,
00FFFD00,
00000300,
0000FC00,
0000F901,
0000FFFF,
00000600,
0000FC00,
0000F600,
00000400,
00000300,
00FF0400,
0000FC00,
0000FE00,
00000300,
0000FA00,
00FF0000,
00000600,
00FF0600,
0000FC00,
00000600,
00FF04FF,
00000401,
00FFFE00,
00FF0200,
00000E00,
00FFFD00,
00000100,
00FF0D00,
00000500,
00000100,
0000FF00,
00000600,
00000500,
00000200,
0000FB00,
00000200,
00FF0500,
000002FF,
00000000,
0000FB00,
0000FD00,
00FF0500,
00FFFC00,
0000F800,
00000000,
0000FE01,
0000FE00,
00FFFC00,
0000FE00,
00000001,
00FFFE00,
0000FD00,
00000100,
0000FD00,
0000FF00,
0000FC00,
0000FE00,
0000FC00,
00000200,
00000000,
00000500,
00000100,
00FF0300,
00FF0200,
0000FF01,
00000100,
00000400,
00000100,
00000300,
0000FF00,
00FF0100,
0000FF00,
00000100,
0000FD00,
00000100,
00000000,
00FF0600,
00FFFAFF,
00000100,
00000000,
000002FF,
0000FD00,
000000FF,
00000200,
0000FEFF,
00000200,
00000000,
00FF0200,
00FFFF00,
00000100,
0000FFFF,
00FF0100,
00000100,
0000FF00,
0000FF00,
000000FF,
00000100,
0000FE00,
00FF0500,
0000FB00,
0000FF00,
000002FF,
000003FF,
0000F400,
0000FF00,
00FF0000,
00000600,
0000FC01,
0000FF00,
0000FF00,
00FF0100,
0000F700,
00000000,
00000200,
00000700,
0000FC00,
00000000,
0000FC00,
00000600,
00FF0200,
0000FE00,
0000FCFF,
00000400,
0000FD00,
00FFF800,
00FF05FF,
0000FB00,
00000000,
00000100,
00000200,
0000FC00,
0000F000,
0000FF00,
00000700,
0000FF00,
0000F0FF,
0000FD00,
00000100,
00000400,
0000F8FF,
00000100,
00000400,
00000000,
0000FE00,
00000F00,
00000400,
0000FF00,
00000100,
00000600,
0001FD01,
00000500,
000000FF,
000001FF,
0000FF00,
00FFFE00,
00000400,
0000FFFF,
00000000,
00FFFE00,
00000400,
00FFFF00,
00000100,
0000FD00,
000007FF,
0000FE00,
00000000,
0000FF00,
0000FF00,
0000FA00,
00FFFCFF,
0000FB00,
00FFFA00,
0000F900,
000001FF,
0000FE00,
0000FBFF,
00000200,
0000F900,
0000FE00,
0000FDFF,
00000400,
00000200,
00FF0000,
00000000,
00000200,
0000FE00,
00000300,
00FF0000,
00000101,
0000FD00,
00000100,
00000000,
00000000,
0000FE00,
00000300,
00000100,
00000100,
00000100,
00000100,
0000FE00,
000006FF,
0000F600,
00000100,
000001FF,
00FF01FF,
0000FFFF,
00FF0000,
00FFFF00,
0000FC00,
00FF0800,
00000200,
00000200,
0000FE00,
0000FE00,
00FF00FF,
0000FC00,
00000400,
00000400,
000001FF,
0000FEFF,
00000500,
0000FC00,
00000300,
0000F901,
00000000,
00000500,
00000400,
00000300,
00FF0300,
00FF0100,
0000FF00,
0000FB00,
00000200,
00FFFE00,
00000400,
0000F301,
0000FF00,
000001FF,
0000FF00,
0000FA01,
00000300,
0000FC00,
00000500,
0000F600,
00000000,
0000FC00,
00000800,
0000F600,
0000FB00,
0000FF00,
00000000,
00FFFB00,
00000000,
00000500,
0000F700,
00FFFF00,
0000FC00,
00FF0000,
0000F900,
0000F800,
0000FC00,
0000F800,
00FF0000,
0000F4FF,
00FFFA00,
00000200,
0000FF00,
0000FCFF,
000000FF,
0000F601,
0000FC00,
0000FB00,
00000000,
00000000,
0000FF00,
0000FD00,
0000FA00,
00000100,
00FF0700,
0000FF00,
0000F900,
0000FD01,
00000200,
00000200,
0000FA00,
00000300,
00FFFA00,
00000500,
0000FEFF,
0000FFFF,
0000F900,
00FF0500,
0000FC00,
0000FD00,
0000FF00,
00000100,
00FFF800,
00000001,
0000FF00,
0000FD00,
0000FC00,
00FFFE01,
0000FD00,
0000FF00,
00FFFD00,
00000000,
00000000,
00FFFBFF,
00000100,
00FF0200,
00000200,
00FFFE00,
0000FE00,
0000FF00,
000003FF,
00000000,
0000FF00,
00000000,
000001FF,
0000FF00,
0000FE00,
0000FA00,
000004FF,
0000FF00,
00000200,
00000100,
00000100,
0000FEFF,
00FFFEFF,
0000FC00,
00000200,
0000FF00,
0000FF00,
00FFFD00,
000001FF,
0000FDFF,
0000FC00,
0000FB00,
000000FF,
00000000,
0000FEFF,
0000FA00,
0000FDFF,
00000300,
00000000,
0000FF00,
0000FEFF,
00FFFB00,
00000200,
00000401,
00000500,
0000FD00,
00000300,
00000201,
00000500,
0000FF00,
00000000,
0000FE00,
0000FD00,
0000F900,
00FFFEFF,
0000FC00,
00FFFF00,
0000EC00,
0000FE00,
00FF01FF,
000002FF,
0000F100,
00FF0000,
0000FF00,
00000400,
0000EE00,
0000FF00,
00FF0000,
00000101,
0000F800,
0000FE00,
0000FE00,
0000FB00,
00FF0600,
00FF0200,
0000FC00,
0000F4FF,
0000FF00,
0000FE00,
00000600,
0000FB00,
0000F800,
00000000,
00000400,
0000FCFF,
0000F800,
0000FDFF,
00000400,
0000FF00,
0000FA00,
00000A00,
00011000,
00000200,
0000FC00,
0000FDFF,
00000600,
00000500,
00000300,
00000C00,
00000100,
00000000,
00FF0100,
0000F100,
00000501,
00000100,
00000300,
0000FB00,
00000101,
0000FD00,
00000500,
0000F700,
00000201,
00000400,
00000900,
0000F4FF,
0000FC00,
00000200,
00FF0700,
00FFF100,
00000100,
00FF0000,
000007FF,
0000F200,
0000FE00,
00FFFEFF,
000002FF,
00FFF900,
0000FD01,
00000300,
0000FB00,
00000101,
00FF0200,
0000FF00,
00000100,
0000FF00,
00000401,
00FF0000,
0000FF00,
00000100,
0000FA00,
0000FE00,
0000FD00,
0000FF00,
0000FF00,
000004FF,
00FFFC00,
00FF0501,
0000FF00,
00000100,
0000FE00,
00000300,
00001101,
0000FFFF,
0000FF00,
0000FD00,
00000400,
00000100,
00000000,
00000000,
0000F800,
00000000,
00FFFF00,
0000FE00,
00000100,
0000FA00,
0000FB00,
00FF0000,
00FF0000,
00000300,
00000000,
00000000,
00000401,
0000FF00,
00FFFC00,
00000300,
0000FE00,
0000FE00,
0000F900,
00000400,
0000FE00,
00000000,
0000F100,
00FFFE00,
00FFFE00,
000001FF,
0000EF00,
00000000,
0000FF00,
00FFFF00,
0000ED00,
0000FDFF,
00000200,
00000600,
0000F500,
0000FD00,
0000FD00,
0000FE00,
0000F700,
00FFF900,
000007FF,
0000F800,
0000F800,
0000FC00,
00000500,
00FFF900,
00FFFA00,
0000FB00,
0000FE00,
0000FB00,
0000FA00,
0000FB00,
00000300,
0000FD00,
0000FC00,
0000FEFF,
0000FE00,
00000000,
0000FC00,
00FFFBFF,
00000700,
00FF0700,
00FF0200,
00FF0500,
00000B00,
00000400,
00000200,
0000FBFF,
00000D00,
00010200,
000004FF,
0000F300,
00000700,
00000000,
00000300,
0000EE00,
00000600,
00000300,
00FF0500,
0000F100,
00000400,
00000600,
00000700,
0000EB00,
0000FD01,
0000FD01,
00000B00,
0000F300,
00FF0200,
0000FD00,
00001000,
0000F600,
00000100,
00000000,
00000A00,
0000F7FF,
00000100,
00000100,
000001FF,
00FFFD00,
0000FD00,
0000FF00,
0000FF00,
00000100,
00000100,
0000FF00,
00000400,
00000300,
0000FC00,
0000FF00,
00000501,
00000400,
0000FF00,
00FF0500,
00000000,
00000500,
0000FD00,
0000FF00,
00000100,
0000FFFF,
00000000,
00000000,
0000FBFF,
00FF0000,
00000501,
00000200,
00000100,
0000FF00,
0000F7FF,
0000FFFF,
00000000,
0000FFFF,
0000F800,
0000FC00,
00000400,
000003FF,
00000400,
00FFFB00,
00000100,
00000300,
00000300,
0000FD00,
00FFFB00,
00000500,
00000700,
0000FE00,
0000FE00,
0000FF00,
00000100,
00000400,
00FFFC00,
00FF00FF,
00FF01FF,
00000000,
0000F4FF,
0000FD00,
0000FEFF,
00000200,
0000F000,
0000F600,
0000FF01,
00000400,
0000F800,
0000F100,
0000FE00,
000001FF,
0000FA00,
0000EEFF,
00000000,
00FFF900,
00FFFBFF,
0000F6FF,
0000F200,
0000FA00,
0000F900,
0000F800,
00FFFF00,
00FFFBFF,
0000FF00,
0000F800,
00000300,
0000FEFF,
00000000,
0000FEFF,
0000FF00,
00000000,
0000FE00,
0000FDFF,
0000FC00,
00000301,
0000FE00,
0000FF00,
00000400,
00000400,
00000200,
00000D00,
00FF0C00,
00000300,
000004FF,
0000F700,
00000C00,
00000500,
000004FF,
0000E200,
00FF0701,
00010700,
00000500,
00FFF400,
0000F300,
00000500,
000007FF,
0000EB00,
00010700,
0000FC00,
00FF0A00,
00FFEE00,
0001FD00,
0000FFFF,
00000DFF,
0000F500,
00000500,
00000200,
00000900,
00FFFC00,
0000FF01,
00000000,
000007FF,
00FF0200,
0000FC00,
0000FE00,
0000FFFF,
00000300,
0000FA00,
00FFFFFF,
0000FF01,
00000000,
0000F800,
0000FE00,
00000200,
00000400,
0000FF00,
000005FF,
00000100,
00000300,
00000000,
0000FFFF,
0000FFFF,
00000100,
00FFFEFF,
0000FEFF,
0000FF00,
0000FB00,
0000FD00,
0000FF00,
00000100,
0000FF00,
00000200,
00000100,
0000FF00,
000001FF,
0000FE00,
0000FC00,
00FF0100,
00FF0000,
00FFFF00,
0000F900,
00FF0600,
0000FFFF,
00FF0300,
0000FE00,
000002FF,
000000FF,
0000FC00,
0000FFFF,
0000FE00,
0000FF00,
000002FF,
000001FF,
0000FDFF,
0000FC00,
00FF0000,
00000500,
0000FCFF,
0000F600,
00000000,
00000600,
0000FB00,
00FFEDFF,
00000200,
00000700,
00000100,
0000E8FF,
00000100,
00000500,
0000FA00,
0000ED00,
0000FB00,
000001FF,
0000FA00,
0000F200,
0000FC00,
00FFFD00,
0000FC00,
00FFF700,
0000FDFF,
0000FB00,
0000FE00,
0000F7FF,
00000AFF,
0000F900,
0000FA00,
000005FF,
00000400,
00FFFF00,
0000FAFF,
00000B00,
00000000,
000001FF,
0000FD00,
00000900,
00000000,
00000101,
00000500,
000006FF,
00000400,
00000200,
000002FF,
00000500,
00001000,
00000400,
00000300,
0000F600,
00001300,
00000100,
000005FF,
00FFEF00,
00000C00,
0000FE00,
00FF03FF,
0000F600,
0000F4FF,
0000FF00,
00000900,
0000F7FF,
0000F900,
0000FD00,
00000800,
0000FD00,
0000FCFF,
0001FE00,
00000B00,
00000600,
0000FE00,
0000FF00,
00000500,
00000400,
0000F900,
00000300,
0000FD00,
00FFFF00,
00000200,
0000FF00,
0000FE00,
0000FF01,
00000201,
00FFFF00,
000004FF,
00000201,
0000FB00,
00000500,
0000FE00,
00000300,
0000FE00,
00000100,
00FF00FF,
0000FF00,
0000FD00,
0000FF00,
00000400,
00000400,
00FFFD00,
00000000,
00FF02FF,
0000FE00,
00000000,
0000FD00,
0000FE00,
0000FF00,
0000FE00,
0000F000,
00000600,
00FFFF00,
00FFFA00,
0001FF00,
00000300,
00FF0100,
00FFF800,
0000FAFF,
00000300,
00000200,
0000FE00,
00000000,
00000200,
00000200,
0000FDFF,
000002FF,
0000FC00,
00000000,
00000100,
000007FF,
00FF0200,
0000F500,
00000100,
00000600,
000000FF,
00FFE600,
00FFFD00,
000005FF,
0000FC00,
0000E100,
0000FF01,
000005FF,
0000FE00,
0000E900,
00FF0700,
00000100,
000001FF,
0000F200,
0000FF00,
00000000,
00000100,
0000F500,
00010AFF,
0000FA00,
00000400,
00FFF5FF,
00000CFF,
0000FE00,
00FFFE00,
000002FF,
00000400,
0000FD00,
0000EF00,
00000500,
00000200,
0000FEFF,
00FFF3FF,
00000500,
00000200,
0000FE00,
000006FF,
00000800,
0000FF01,
00000000,
00FF03FF,
00FFFD00,
00FF0801,
00000300,
000004FF,
00FFF700,
00001300,
0000FD00,
00000100,
0000F400,
00010300,
00FF0100,
00000300,
0000FD00,
0001F801,
0000FE00,
00000600,
000006FF,
0000FA00,
0001FC00,
00000900,
00000400,
0000FD01,
0000FD00,
00000800,
00000700,
0000FD00,
00FFFF00,
00000500,
00000700,
00FF0000,
00000400,
0000FE00,
00000000,
00000100,
00000100,
00000001,
0000FF00,
00000600,
00000200,
00000000,
0000FB00,
0000FD00,
00000400,
00FFFD00,
00000400,
0000FE00,
00000101,
00000200,
0000FF00,
00000400,
00000200,
000000FF,
0000FB00,
0000FE00,
0000FE00,
0000FD00,
0000FB00,
00000600,
0000FC00,
0000FF00,
00FFFD00,
0000FF00,
00000300,
00FF03FF,
00FF02FF,
0000FE00,
00000600,
00000300,
00FF05FF,
00000C00,
00000000,
000005FF,
0000FF00,
00000200,
00FF0200,
00000100,
000008FF,
00000900,
00FF0500,
00FFFC00,
00000300,
00000400,
00000500,
0000FC01,
0000F500,
00000700,
00000100,
00000200,
0000E5FF,
0000FD00,
00000AFF,
00FF00FF,
0000DD00,
0000F800,
00000900,
00000800,
0000E8FF,
00000F00,
00000200,
00000D00,
0000F000,
0000FA00,
00000000,
00000C00,
0000EF00,
00001300,
0001F600,
00000900,
0000F900,
00000B01,
0000FB00,
000000FF,
00000100,
00000700,
0000FF00,
0000EE00,
00FF0400,
00FF0500,
0000FA00,
0000D100,
00000600,
00000100,
0000FC00,
0000F400,
00FF0900,
00000000,
0000FB00,
0000FF00,
0000FC00,
0000FF00,
00000200,
00000400,
00000100,
00000E00,
00010500,
000003FF,
00000000,
00000600,
00000400,
00000300,
00000200,
00000000,
0000FF00,
00000300,
00FF0BFF,
00000900,
0001FD00,
00000500,
00FF0CFF,
00000600,
0000F8FF,
00000700,
00000900,
00000300,
00FFFDFF,
00000800,
0000FE00,
00000501,
00000200,
00000000,
00FF0100,
00000400,
00000000,
00000001,
00000300,
00000600,
00FFFC00,
00FFFD00,
00FF0200,
00000000,
000004FF,
0000FD00,
00000700,
00FFFCFF,
00000101,
00000000,
00000000,
00000100,
00000000,
0000FD00,
0000FB00,
00000100,
0000FC00,
0000FD00,
00FFFEFF,
00000500,
00000100,
0000FF00,
0000FF00,
00000100,
00000500,
00FF0300,
00000200,
0000F900,
00000200,
00000400,
00000600,
0000F400,
000004FF,
000006FF,
00000500,
0000FC00,
00000400,
00000200,
00000500,
0000FC00,
0000FF00,
0000FBFF,
00000900,
00000C00,
0000FFFF,
0000F900,
0000F800,
00FF0200,
00000300,
0000FC00,
0000E0FF,
00FF0000,
00000900,
00000400,
0000DB00,
00FF0200,
00000500,
00000C00,
0000E200,
00010A00,
00000600,
00000CFF,
0000E800,
00001300,
0000F800,
00000B00,
00FFEA01,
00001700,
0000F600,
00000800,
0000F900,
00000B00,
0000F9FF,
00000000,
00000000,
00000C00,
00000500,
00FFF000,
00000500,
00000600,
00000300,
0000E300,
00FF0400,
00FF0300,
00000200,
00FFE800,
00000400,
0000FFFF,
00000000,
00FF0500,
0000F200,
00000100,
00000200,
00FF0600,
00FFEB00,
00000300,
00000200,
00000000,
0000F200,
00000900,
00FFF900,
00000100,
0000F6FF,
0001FF01,
0000FD00,
00000100,
00FF0600,
00000101,
0000F800,
00000100,
00000500,
00000700,
0000FC00,
00000600,
00000200,
00000400,
000000FF,
00000900,
000001FF,
0000FE00,
00FFFF00,
00FF0000,
000001FF,
00000500,
00000000,
0000FF01,
00000200,
00000500,
0000FE00,
0000FF00,
00000000,
0000FF00,
00000500,
00FFFF00,
00FFFB00,
00000100,
00000100,
0000FF00,
00000100,
00FFFD00,
00000000,
0000FA00,
00000200,
00000300,
0000FF00,
00FFFF00,
0000FA00,
00000200,
00FFFD00,
00000100,
00FFFB00,
00000100,
00000100,
0000FF00,
0000F8FF,
00010001,
00000200,
00000300,
0000F800,
0000FE00,
00FF0600,
00000300,
0000FB00,
00000200,
000006FF,
000001FF,
00000200,
0000FC00,
00000000,
0000FD00,
00000600,
0000FF00,
00000200,
0000F800,
00000800,
000002FF,
00000000,
0000FD00,
0000F300,
00000900,
00FF0600,
00000300,
00FFE700,
00000500,
00000400,
00000900,
0000EA00,
00FF0001,
0000FF00,
00000A00,
00FFDF00,
00001000,
0000FB00,
00000B00,
0000EB00,
00011701,
0000FD00,
00000000,
0000FEFF,
00000D00,
0000FCFF,
0000FD00,
00FF02FF,
00010700,
00000500,
0000FE00,
00000200,
00010800,
00000300,
0000FA00,
000006FF,
00000200,
00000300,
0000F500,
0000FE00,
0000FFFF,
00000100,
00000000,
0000EF00,
00000100,
00010100,
00000000,
00FFFDFF,
00000200,
0000FD00,
00000300,
00FFFCFF,
00010900,
00000701,
00000000,
00FFFE00,
00000B00,
00000200,
00FF0500,
0000FD00,
00FF0500,
00FFFBFF,
00FF0500,
00000400,
00FF0600,
0000FD00,
00FF0700,
00FFFFFF,
00000000,
00FF0000,
00FF0900,
0000FE00,
0000FD00,
0000FBFF,
0000FE00,
00000000,
00000200,
00FFFFFF,
0000FF00,
00000100,
0000FB00,
00000100,
00FF0200,
0000FB00,
00FFFF00,
00000500,
0000FB00,
0000FF00,
00000600,
00000100,
00000400,
000000FF,
0000FF01,
00FF0300,
0000FE00,
00000900,
00000400,
00000100,
00FF0000,
00000200,
0000FE00,
00000100,
0000FEFF,
0000FA00,
0000FC00,
00000000,
00000000,
00000400,
00FF0400,
00010500,
000003FF,
00000000,
000003FF,
00000200,
00FF0400,
0000F100,
00FF0000,
00FFFD00,
000002FF,
0000FBFF,
0000F8FF,
0000FC00,
00FFFF00,
00FF0100,
00FFFC00,
00000100,
0000FC00,
00FF0200,
00000100,
00000200,
0000FC00,
0000F400,
00000301,
000001FF,
0000FC00,
0000F700,
00FFFE00,
0000FF00,
00000900,
0000EDFF,
00000701,
0000FD00,
00000900,
0000F6FF,
00000900,
00FF0200,
00000200,
0000F900,
00000400,
0000FFFF,
00000000,
00000300,
00FF1600,
0000FF00,
00000200,
00FF0900,
00001100,
0000FFFF,
00FF0200,
00FF0100,
00000000,
00FF0100,
0000FE00,
00000500,
00000600,
00FF0400,
0000F700,
0000FD00,
00000100,
00000200,
0000F900,
0000F800,
00000700,
000000FF,
00000500,
00001000,
00000B00,
00000100,
00000800,
00000400,
00000D00,
00000200,
00FF06FF,
0000FD00,
00000500,
00FF0000,
00000500,
000003FF,
00000600,
0000FC00,
00000400,
00000000,
00FFFF00,
0000FC00,
00000400,
00000100,
00FFFC00,
0000FE00,
00000300,
00000000,
00000400,
0000FF00,
00FFFE00,
0000FFFF,
00000300,
00000200,
00FF0200,
00FFFEFF,
00000200,
00000100,
00000100,
00000000,
00000200,
00000500,
000002FF,
00000200,
00000400,
00000000,
000001FF,
0000FC00,
0000FE00,
00000100,
00000600,
00000100,
0000FF00,
00000000,
00FF0100,
0000FF00,
00000100,
00000000,
00000200,
00FFFF00,
00000000,
0000FF00,
00000100,
00FF0200,
00000100,
0000FE00,
00FF0100,
0000F300,
00000001,
0000FF00,
00000200,
0000FB00,
0000FC00,
0000FB00,
00000000,
0000F900,
0000FA00,
0000FB00,
00000000,
00FF0800,
0000F700,
0000FD00,
0000FF00,
0000FF00,
0000FD00,
00000300,
00000200,
0000FD00,
0000F800,
0000FD00,
0000FD00,
00000400,
00000100,
0000FD00,
0000FF00,
000001FF,
00FF0D01,
00000200,
00FF0500,
00FF00FF,
00000C00,
00000200,
00000000,
00000400,
00000500,
000000FF,
0000FC00,
00FF0500,
00000100,
0000F900,
00000000,
00000200,
00000800,
0000FEFF,
00000000,
0000F800,
00000100,
00FFFFFF,
00FF0000,
00000000,
00000600,
00FF0000,
0000F900,
0000FA00,
00000100,
00000000,
00FFF400,
00FFFEFF,
00000800,
00000300,
00000000,
00000C00,
00000B00,
00000400,
00000300,
00000200,
00000600,
0000FD00,
00FF0100,
00000500,
00000300,
00000000,
00000100,
00000100,
00FF0100,
0000FF00,
00000400,
00000500,
00FF0300,
00FFFFFF,
00FF0300,
00000500,
00000400,
00000000,
00000600,
00FF0300,
00FFFD00,
00000100,
000003FF,
0000FE00,
00000100,
00000100,
00000100,
00000100,
0000FE00,
0000FF00,
00FF0400,
00000500,
0000FE00,
00000600,
00000100,
00000000,
0000FF00,
00000100,
00000000,
000002FF,
00000300,
0000FF00,
00000200,
00000700,
0000FE00,
00000100,
0000FF00,
00FFFC00,
00000200,
00000100,
0000FE00,
000006FF,
00000000,
00000100,
00000400,
0000F600,
00000100,
00000000,
00000000,
00000300,
0000FE00,
0000FE00,
00000200,
00FFF700,
00000300,
0000F700,
00000100,
00000000,
0000FF00,
0000FD00,
0000FE00,
00000300,
00000000,
00000200,
00000100,
000000FF,
00FFFEFF,
000002FF,
000002FF,
000006FF,
00FFFA00,
00000000,
0000FE00,
00000500,
00FFFD00,
00000100,
00FF0000,
00000000,
0000FD00,
00000600,
00000000,
00FFFF00,
00000400,
000005FF,
00000400,
00000C00,
00000900,
00FF0300,
0000FB00,
00000500,
00000100,
00FFFC00,
00000600,
00000500,
00FFF600,
0000FC00,
00000600,
00000700,
0000FF00,
0000FF00,
0000F900,
0000FF00,
0000FFFF,
0000FF00,
0000F9FF,
00FFFB00,
0000FD00,
00FFFCFF,
00000100,
00FFFB00,
000007FF,
00000000,
0000FE00,
00000800,
00000C00,
00FFFD00,
000002FF,
00000500,
00000D00,
00000400,
00000400,
00FF0200,
00000300,
00FF0200,
0000FC00,
000004FF,
00000300,
00000100,
0000FA00,
000004FF,
00000200,
00FFFE00,
0000FBFF,
00000300,
0000FF00,
000000FF,
000001FF,
00000300,
00000300,
00FF0000,
00000200,
00FF03FF,
00000900,
00000000,
0000FF00,
00000300,
00FFFC00,
00FFFE00,
0000FFFF,
0000FF00,
00000100,
00000400,
00FFFD00,
00000200,
0000FE00,
0000FE01,
00FF0200,
00000500,
0000FA00,
00000000,
00FF0100,
0000FC00,
0000FE00,
0000FE00,
0000FE00,
00000300,
00000100,
00000000,
0000FF00,
0000FE00,
00000000,
0000FF00,
00000100,
0000FA00,
00000200,
00000200,
00000200,
000003FF,
00000000,
0000FF00,
00000200,
0000F900,
00000200,
0000FB00,
000002FF,
00000000,
00010200,
00000400,
00000100,
00000700,
00000200,
00000100,
00000300,
00000500,
0000FF00,
00FF0000,
0000FF00,
00000300,
00000100,
0000FFFF,
000000FF,
00FF0500,
00FF0500,
00FF0000,
0000FD00,
00FF0900,
00000400,
00000700,
0000FF00,
00FF0000,
00000600,
000008FF,
00FF0000,
00000100,
0000FE00,
00000400,
0000FA00,
0000FE00,
0000FF00,
0000FA00,
00FF0000,
00000C00,
0000FC00,
0000FF00,
00000B00,
0000FF00,
0000FEFF,
00000200,
00000400,
00000300,
0000FE00,
0000FC00,
00000800,
0000F400,
00000500,
0000FE00,
0000FE00,
000001FF,
00FF0D00,
0000FB00,
00FFFE00,
0000FF00,
00000400,
0000F700,
0000FF00,
00FFFF00,
00FF0600,
00000300,
0000FD00,
00000200,
00000500,
000003FF,
0000FB00,
0000FF00,
00000300,
000000FF,
00FFF400,
00000100,
00000000,
0000FF00,
0000F800,
00000000,
00000000,
00000000,
0000FCFF,
0000FF00,
00000000,
00000100,
00000200,
00FF0400,
00000000,
00000300,
00FFFF00,
00000000,
00000000,
000003FF,
0000FEFF,
00000000,
0000FD00,
00FF03FF,
0000FE00,
00000300,
00FF0200,
0000FE00,
000000FF,
0000FF00,
00000500,
00000100,
000000FF,
0000FF00,
00000100,
00000000,
0000FD00,
0000FE00,
0001FE00,
00000100,
00000100,
0000FF00,
00000400,
00FF0100,
00FF0000,
0000FF00,
0000FF00,
00000000,
00000200,
000003FF,
00000300,
00FFFE00,
00000200,
0000FC00,
0000FF00,
00000000,
00000000,
00FF0100,
0000FC00,
000003FF,
00FFFF00,
00000300,
0000FF01,
00000400,
0000FD00,
00000200,
00000000,
0000FD00,
0000FA00,
00FF0200,
00000200,
00000000,
0000F9FF,
00FF0500,
0000FE00,
00FFF900,
00000200,
000002FF,
0000FC00,
000000FF,
0000FD00,
0000F3FF,
000005FF,
000002FF,
0000F800,
00FF0000,
0000FB01,
000001FF,
0000F9FF,
0000FF00,
0000FF00,
0000FF00,
0000F700,
0000F900,
0000FFFF,
0000FC00,
0000F500,
0000F800,
000009FF,
0000FCFF,
00000300,
0000F600,
0000F500,
0000FC00,
00000700,
0000FF00,
0000FE00,
0000FC00,
00000900,
0000FDFF,
00000A00,
0000F800,
00000700,
0000FCFF,
00000700,
00000100,
0000FE00,
00000400,
00000600,
00000600,
0000FE00,
00FF0000,
00000500,
00FF0300,
00000500,
00000000,
00000100,
00000300,
0000FC00,
00FFFE00,
00000000,
00000100,
00FF0000,
0000FF00,
00000400,
00FF0300,
00FFFC00,
0000FF01,
00FF0200,
00FF0100,
0000FE00,
00000100,
00000400,
00000100,
0000FDFF,
0000FD00,
0000FC00,
00000100,
0000FF00,
00000000,
0000FE00,
00000400,
00000000,
00000200,
00000300,
0000FF00,
00000000,
000000FF,
00000200,
00000000,
00000200,
0000FF00,
00000601,
00000000,
00FF0100,
00000300,
0000FE00,
00000100,
000002FF,
00FFFF00,
00010200,
00000300,
00000000,
0000F800,
00000100,
00000000,
00000300,
0000FF00,
00000401,
00000100,
00000100,
0000FD00,
00000200,
00000100,
00000300,
000002FF,
00000100,
00000300,
0000FE00,
00000100,
0001FE00,
00FF0100,
0000FA00,
00000100,
00000200,
00000000,
0000F900,
000006FF,
00000200,
00FF0500,
00000400,
0000FB00,
0000FC00,
0000FCFF,
00000200,
0000FC00,
0000FF00,
00FFFF00,
00000300,
0000FF00,
0000FA00,
00000000,
0000FB00,
00000800,
00000000,
00000000,
0000FA00,
00FF0700,
00FF0900,
00000100,
0000F700,
00FFFDFF,
00000200,
00000400,
0000F9FF,
0000FA00,
00000B00,
00000200,
00000200,
00FFFAFF,
0000F800,
0000FE00,
00FF0500,
00FFFE00,
0000FE00,
000000FF,
0000FD00,
0000FDFF,
00000100,
0000FD00,
00000F00,
00FFFBFF,
00000200,
0000FF00,
00000200,
00FF0000,
00000600,
000002FF,
00000000,
00FF01FF,
00010400,
00000100,
00000500,
0000FF00,
00000300,
00000200,
000001FF,
0000FA00,
00000401,
00000100,
00FF00FF,
00FFFB00,
00000300,
00FF0100,
00000000,
0000FD00,
00000200,
00000000,
0000FF00,
0000F8FF,
0000FD00,
0000FF00,
00FF01FF,
00000000,
00000000,
0000FF00,
00000100,
00FF0000,
0000FD01,
00000300,
0000FD00,
00000000,
00000000,
0000FF00,
00FF0100,
0000FF00,
00000400,
0000FE00,
00000000,
0000FD00,
00FF0000,
00000001,
0000FF00,
00FF02FF,
00000200,
00FF0100,
00000200,
0000FD00,
00000100,
00000100,
00000000,
00000200,
0000FF00,
00FFFE00,
0000FF00,
00000200,
000002FF,
0000FC00,
00000200,
0000FA00,
00000200,
00FF01FF,
00FF0300,
00000100,
00000100,
00000500,
00FF0100,
00000400,
00000200,
00000000,
0000FC00,
00000000,
0000FF00,
0000FEFF,
00FFFD00,
00000200,
00000800,
000001FF,
00000100,
00FFFF00,
00000700,
0000FFFF,
00000000,
0000FA00,
00FF00FF,
0000FB00,
00000100,
00000100,
00000200,
0000FF00,
0000FB00,
00000900,
00000200,
00000300,
0000FD00,
00000200,
0000FDFF,
00000100,
0000FC00,
0000F700,
0000FFFF,
0000FF00,
00FFFC00,
00FFFF00,
00000500,
0000FE00,
00000300,
0000FD00,
0000FA00,
00FFFE00,
00000A00,
0000FF00,
00000301,
00000000,
000009FF,
00000000,
00000700,
00000100,
00000600,
0000FD00,
00000300,
000000FF,
00FFF800,
0000FEFF,
00000000,
0000FE00,
0000FBFF,
00000100,
00000400,
00000000,
0000FF00,
0000FD00,
00000300,
00000100,
00FF0000,
0000FF00,
00000200,
0000FE00,
00000100,
00000100,
00FFFD00,
00000000,
0000FF00,
0000FF00,
00FF0400,
00FF0000,
00000000,
00000100,
0000FF00,
00000100,
00000100,
00000100,
00000100,
00FF00FF,
00000000,
0000FF00,
00000001,
00000400,
0000FF00,
00FF0300,
00000300,
0000FF00,
0000FD00,
0000FE00,
0000FE00,
0000FD00,
0000FF00,
00000500,
00000100,
00FF0000,
00FFFF00,
0000FE00,
00000600,
00000000,
0000FFFF,
000003FF,
00000300,
00FF0200,
00FF0000,
00000000,
00010200,
0000FF00,
00000100,
0000FA00,
00000200,
00FF0000,
0000FE00,
00000700,
00000500,
0000FE00,
00000000,
00000900,
000002FF,
00FF0000,
0000FE00,
00000000,
0000FC00,
0000FE00,
00000000,
00000700,
00000100,
000001FF,
00000300,
00000600,
0000FF00,
0000FE00,
00FFFE00,
00000900,
00000500,
000002FF,
00000000,
0000FF00,
00000800,
00FFFBFF,
00000400,
0000FFFF,
00FF0500,
000002FF,
000004FF,
00000100,
00000200,
00000400,
00FF0000,
0000FB00,
0000FD00,
00FF0100,
000001FF,
0000F800,
00000200,
000001FF,
00000100,
00FFF900,
0000FF00,
00FFFF00,
00000600,
00FFFE00,
00000000,
000001FF,
00001100,
00FF0100,
00000900,
000000FF,
00FF0501,
0000FC00,
00000101,
00000100,
00000400,
00FF0000,
00000300,
0000FD00,
0000FA00,
00000000,
00000000,
0000FF00,
0000FB00,
00000200,
00FFFE01,
00FF0000,
00FF03FF,
00000200,
00000300,
0000FF00,
00FF0100,
0000FE00,
00000F00,
0000FE00,
00000000,
0000FE00,
0000FE00,
0000FF00,
00FFFD00,
00000300,
0000FE00,
00000100,
00000000,
00000000,
00000301,
00000100,
0000FF00,
00FF0000,
0000F900,
00000200,
00000000,
0000FF00,
00000500,
00000400,
00000200,
0000FD00,
00000100,
00000100,
0000FF00,
00000300,
00000400,
00000100,
000003FF,
00000000,
00000100,
00000000,
0000FF00,
00FF0500,
0000F800,
0000FE00,
00FF0000,
000002FF,
00000200,
00000000,
00FF0000,
00000300,
00000100,
00000000,
00000000,
0000FD00,
00000200,
00FF0100,
00000000,
00000300,
0000FF00,
00000300,
0000FFFF,
00000000,
0000FE00,
00000200,
00000000,
0000FA00,
0000FD00,
00000000,
00000100,
0000FFFF,
0000FC00,
0000FEFF,
00000100,
0000F900,
00FFFE00,
000000FF,
00000200,
00FFFE00,
0000F900,
00FF0000,
0000FE00,
00FFFE00,
0000FB00,
0000FF00,
00FFFFFF,
00000100,
0000FD00,
00000100,
0000FEFF,
0000FE01,
00000400,
0000FC00,
00000100,
0000FC00,
00000800,
00000000,
000000FF,
0000FA00,
00000000,
00000300,
00000200,
00FFFA00,
0000F600,
00000000,
00000700,
0000FD00,
00000600,
00FF0200,
00FF0700,
0000FFFF,
00000300,
0000FFFF,
0000FC00,
0000FF00,
0000FD00,
00000000,
000000FF,
00000100,
00000000,
00000000,
00000300,
00000400,
00000300,
0000FF00,
00000100,
0000FE00,
0000FC00,
0000FF00,
0000FE00,
00000500,
0000FB00,
00000000,
00000000,
00000400,
0000FC00,
00000000,
00000200,
00FF0400,
0000FD00,
00FF0100,
00FF0200,
0000FD00,
0000F700,
00000200,
00000100,
0000FC00,
0000FE00,
00000000,
00FFFFFF,
00FFFD00,
00000100,
00FFFF00,
00FF0000,
00000200,
0000FD00,
00000300,
00000200,
00000100,
0000FF00,
00000000,
0000FC00,
0000FFFF,
00000900,
00000000,
0000FCFF,
00000300,
0000FF00,
00FF0000,
0000FD00,
0000FD00,
00FFFC00,
0000FE00,
0000FF00,
00FFFE00,
0000FF00,
0000FF00,
00000100,
00000200,
00FF0600,
0000FF00,
00FF0100,
000001FF,
00FF0400,
000000FF,
00000200,
00000000,
0000FC00,
00000300,
00FF0200,
00000100,
00000100,
00000200,
00000200,
00000200,
0000F801,
0000FFFF,
00000100,
0000FE00,
0000FD00,
0000FF00,
0000FF00,
0000FD00,
00000100,
0000FFFF,
00000000,
0000F800,
0000F800,
00FF01FF,
00000100,
000003FF,
0000F800,
00FF0000,
00000100,
000002FF,
0001FE00,
000000FF,
0000FF00,
00FF0400,
00000500,
0000FF00,
0000FD00,
00000800,
00000200,
00000100,
0000FD00,
00000400,
0000FE00,
0000FF00,
0000FE00,
0000FE00,
00000200,
00000200,
00FF0000,
00000000,
00000300,
0000FF00,
00000100,
00FFFB00,
00000100,
0000FFFF,
00FFFE00,
0000FD00,
00000900,
00000200,
000002FF,
0000FE01,
00FF0400,
000000FF,
00FFFE00,
00FF0000,
0000FC00,
0000FD00,
00FF0000,
0000FA00,
00000000,
0000FFFF,
00FF0000,
0000FB00,
0000FF00,
0000FF01,
00FF01FF,
00000300,
00000200,
00FFFFFF,
000002FF,
00000000,
0000FE00,
00FFFF00,
00000200,
0000FEFF,
0000FC00,
00000000,
0000FD00,
0000FE00,
00000200,
000000FF,
0000FBFF,
0000FF00,
0000FC00,
00000000,
0000FF00,
00000100,
0000FFFF,
00FF05FF,
00000000,
0000FE00,
0000FE00,
0000FFFF,
0000FEFF,
00000100,
0000FE00,
00FFFFFF,
000002FF,
00FFFD00,
00000100,
00FF0100,
0000FF00,
0000FFFF,
0000FE00,
0000FF00,
0000FF00,
000002FF,
00000300,
00000000,
00FF01FF,
0000FF00,
00000700,
000001FF,
00000300,
0000FD00,
00000400,
0000FF00,
00000100,
00000200,
00001300,
000002FF,
00000000,
00000200,
00000800,
000001FF,
000001FF,
00000600,
00000100,
00FFFFFF,
00000200,
00000000,
000003FF,
000002FF,
00FFFF00,
0000FB00,
00000300,
000000FF,
00000000,
0000FF00,
0000FEFF,
00000000,
00FF0000,
0000FD00,
00FF05FF,
0000FF00,
00FF0100,
00FF03FF,
00000100,
0000FF00,
0000FF00,
00000100,
0000F900,
00000200,
0000FF00,
000000FF,
00000500,
000000FF,
00000100,
0000FB00,
00FFFF00,
000000FF,
0000FF00,
00FF0100,
00000000,
00000100,
0000FF00,
0000F900,
00000401,
00FF00FF,
00000100,
00000400,
0000FB00,
000000FF,
00000000,
00000800,
0000FF00,
00FF0000,
00000100,
00000000,
00000400,
00000000,
00000000,
0000FD00,
0000FA00,
00000100,
0000FF00,
000000FF,
0000FE00,
00000000,
00000200,
0000FD00,
0000FB00,
0000FF00,
00000100,
00000300,
0000FB00,
00000000,
00000100,
0000FF00,
00000301,
000001FF,
00FF00FF,
00000800,
0000F800,
000001FF,
00000000,
00000300,
00FFFAFF,
00000100,
0000FDFF,
00FF0300,
0000FF00,
00FF0000,
0000FE00,
00000000,
0000FD00,
00000400,
00000200,
0000FE00,
0000FDFF,
00000100,
00000500,
0000FEFF,
00FFFF00,
00FF0100,
00000600,
00000300,
00000000,
0000FF00,
0000FD00,
000000FF,
0000FD00,
00FF0000,
0000FE00,
0000FF00,
0000FE00,
000000FF,
00FFFE00,
0000FC00,
0000FD00,
0000FF00,
0000FF00,
00000300,
00FFF900,
00FF0000,
00FF0100,
0000FD00,
0000FA00,
00000100,
0000FE00,
00000400,
000002FF,
00FF02FF,
00000000,
0000FD00,
0000FA00,
000000FF,
00FF00FF,
0000F800,
00FF0500,
00FF0100,
00FFFE00,
0000FCFF,
0000FD00,
00000100,
0000FE00,
00000400,
00000100,
0000FF00,
00000200,
0000FE00,
00000400,
00000000,
00000100,
00FF0100,
0000FCFF,
0000FEFF,
0000FF00,
0000FBFF,
0000FA00,
0000FE00,
00000000,
00000100,
00FFFC00,
00000000,
00FF0000,
00FFFF00,
0000FE00,
000001FF,
00FF0000,
0000FF00,
00FF0100,
0000FEFF,
00FFFF00,
00000400,
00000200,
00000100,
00000000,
00FF0200,
00001000,
000000FF,
000000FF,
00FF03FF,
00FF0700,
00000100,
00000100,
00FFFDFF,
00000000,
0000FF00,
0000FF00,
00FF01FF,
0000FD00,
00000100,
000000FF,
00FF0100,
00000201,
00FF0100,
00000000,
0000FE00,
00000700,
00000000,
00000100,
0000F900,
0000FE00,
0000FF00,
00000300,
00000400,
00FFF800,
00000000,
00000100,
000003FF,
0000FE00,
000000FF,
0000FF00,
00000200,
0000FF00,
00000100,
000003FF,
0000FD00,
00000500,
00000100,
000001FF,
0000FE00,
00000200,
00000600,
00000100,
00000000,
000002FF,
00000100,
00000000,
00000200,
0000FDFF,
00000000,
00000500,
00FF0400,
000001FF,
000001FF,
00000100,
00000200,
0000FD00,
00FF0000,
0000FCFF,
00000100,
00000800,
0000FF00,
00000000,
00000000,
00000100,
00000000,
00FF04FF,
00000300,
0000FA00,
00000000,
00000100,
0000FEFF,
00000600,
00000000,
00FF01FF,
00000400,
00000100,
0000FFFF,
0000FF00,
00FFFD00,
000007FF,
00FFFE00,
0000FEFF,
0000FF00,
0000FB00,
00FFFE00,
0000FF00,
00000400,
00000600,
0000FE00,
00000000,
000008FF,
0000FA00,
0000FF00,
00000000,
00000700,
0000FCFF,
00000000,
00000200,
00FF0100,
00000100,
00000100,
00000000,
00000200,
00000100,
00000100,
0000FF00,
00000100,
00000300,
00000100,
0000FE00,
00FFFD00,
0000FA00,
0000FF00,
0000FF00,
00000400,
00FFFF00,
0000FF00,
00FF0000,
0000FD00,
0000FA00,
00000200,
00000100,
00000100,
0000F900,
00000001,
000000FF,
0000FF00,
000003FF,
00000000,
00000200,
00FF0400,
0000FB00,
00000300,
00000000,
00000700,
00000000,
0000FF00,
00000000,
000001FF,
0000F8FF,
00000000,
0000FF00,
0000FD00,
000000FF,
00000000,
0000FF00,
00000100,
00FF0300,
00000000,
00000000,
0000FD00,
00000400,
000001FF,
00FF0000,
0000FDFF,
00000700,
00FF00FF,
00000000,
00FF0600,
00000100,
00000000,
000002FF,
00000300,
00000200,
00FF01FF,
00000000,
00FF0000,
00FF0100,
00000500,
00000000,
000001FF,
00000000,
00000000,
00000000,
00000100,
000006FF,
00FF01FF,
00000300,
0000F700,
0000FF00,
00000100,
00000200,
0000F300,
00FF0300,
00000000,
0000FE00,
000001FF,
00FFF700,
0000FF00,
0000FF00,
00000500,
00000500,
0000FF00,
000001FF,
0000F700,
00FFFC00,
0000FF00,
00000200,
0000FBFF,
0000FF00,
0000FF00,
0000FF00,
0000FE00,
0000FD00,
0000FE01,
00FF0000,
00000900,
0000FBFF,
000000FF,
0000FE00,
00FF0700,
0000F900,
00000000,
0000FF00,
00000900,
00000500,
0000FF00,
00000000,
0000FD00,
0000FD00,
0000FF00,
00000100,
00000000,
0000F700,
00000100,
00000100,
00000000,
00FFFE00,
00000100,
00000000,
00000400,
00000AFF,
0000FF01,
0000FF00,
00FF02FF,
00000300,
0000FD00,
00000000,
0000FF01,
0000FC01,
00000000,
00FFFF00,
00FFFA00,
0000FD00,
00FF0000,
00FF00FF,
00000000,
00000500,
0000FD00,
00000100,
000005FF,
0000F900,
0000FD00,
0000FF00,
00000200,
00000400,
00FF0000,
00000000,
00FF0600,
000005FF,
00000100,
0000FF00,
0000FF00,
000007FF,
00000200,
00000000,
000003FF,
0000FE00,
0000FE00,
00FF0000,
00000600,
00000000,
00000000,
00000100,
00FFFE00,
0000FC00,
00000000,
0000FE00,
00000600,
00000400,
00000000,
0000FF00,
00000300,
00000B01,
0000FF00,
00FF0100,
00000600,
00000900,
00000100,
000002FF,
00FFFC00,
00000800,
00000100,
00000200,
0000FF00,
00FFFD00,
00000500,
00000100,
0000FD00,
00000300,
00FFFE00,
0000FFFF,
0000FF00,
0000FF00,
00000100,
00000300,
0000FD00,
000001FF,
000001FF,
0000FA00,
0000FB00,
0000FDFF,
00FF0100,
000001FF,
00000300,
00000100,
00000000,
0000FC00,
00000300,
00FF0000,
00000000,
00000300,
00000200,
00000200,
0000FF00,
00000000,
0000FA00,
00000300,
0000FE01,
0000FF00,
0000FC00,
00000000,
00000200,
0000FF00,
0000FB00,
00000600,
00000100,
00FF0300,
00FFFF00,
00000700,
0000FF00,
00000200,
00FFFF00,
000005FF,
0000FE00,
0000FE00,
00000200,
00FF09FF,
00000400,
00000100,
00000000,
000000FF,
00000400,
00000000,
00000500,
0000FE00,
00000300,
0000FF00,
0000FE00,
00000A00,
00000200,
00FFFD00,
00000100,
00000200,
0000FF00,
00FFFCFF,
0000FE00,
00FF0100,
0000FF00,
0000FD00,
0000FB00,
00FFFB00,
00000000,
00FF0200,
00FF0200,
0000FD00,
0000FF00,
00FF01FF,
00000400,
00000100,
0000FF00,
0000FF00,
00000500,
00000200,
00000101,
00000100,
0000FF00,
0000FB00,
00000000,
000000FF,
00000400,
00FF02FF,
0000FE00,
0000F900,
00000300,
00FF0AFF,
0000FE00,
00000000,
00000300,
0000FB00,
0000FF01,
00FFFD00,
0000FE00,
00000B00,
00000200,
0000FFFF,
0000FB00,
0000FE00,
00FFFF00,
0000FE00,
00000300,
0000F900,
00FF0100,
00000100,
00000400,
0000FA00,
00FF00FF,
0000FD00,
000003FF,
0000FF00,
0000FEFF,
0000FFFF,
00000000,
00FF0100,
000005FF,
0000FF00,
00000100,
00000100,
00000400,
000001FF,
0000FFFF,
0000FD00,
00000200,
00000200,
0000FD00,
00000400,
00000300,
00000200,
00FF0400,
00FF0300,
00000200,
00FF0100,
00000200,
00FFFD00,
00FF0200,
0000FD00,
00000300,
00000200,
00000300,
00000000,
00FF02FF,
0000FB00,
00000300,
00000100,
0000F600,
0000FE00,
00000300,
00000100,
0000FA00,
00FFFD00,
000003FF,
0000FEFF,
0000FB00,
00FFFD00,
00000200,
00000000,
0000FB00,
00000100,
00000200,
00000000,
00000900,
00FF00FF,
00000100,
00FF0300,
00000400,
00000400,
00000200,
00FF0200,
0000FA00,
0000FF00,
00FF0300,
00000100,
0000F800,
0000FF00,
00000100,
0000FF00,
00000500,
00000000,
00000100,
0000FF00,
0000FF00,
00FF0500,
00000200,
00000000,
00000400,
00000200,
000002FF,
00FF0000,
00000100,
00000101,
00FF0200,
00FF00FF,
0000FF00,
00000200,
00000100,
00000100,
00FF0600,
0000FC00,
00000200,
00FF0100,
00000301,
00000300,
00000300,
0000FF00,
0000FBFF,
0000FB01,
00000300,
0000FF00,
00000000,
0000FF00,
00000200,
0000FEFF,
00FFFB00,
0000FF00,
000002FF,
0000FF00,
00000200,
00000000,
00000200,
00000000,
000003FF,
0000FF00,
000002FF,
00000000,
0000FF00,
00000100,
00000300,
00FF0100,
00FFFE00,
0000FE00,
000004FF,
00000400,
000000FF,
0000FE00,
00FF05FF,
00000100,
0000FE00,
00000101,
00000300,
0000FFFF,
00000100,
0000FF00,
00000900,
00000200,
00000100,
000401FE,
00010001,
0002FAFA,
00010401,
0007FDFE,
00FEFEFF,
0005FBFC,
00FF0300,
00000300,
00FCFFFF,
000101FF,
00000201,
000102FA,
00FCFFFF,
000005FE,
0007FEFE,
00FDF803,
000001FF,
000203FD,
00FB02FD,
0000FA03,
0001FE02,
00010001,
000202FC,
00FB03FF,
0001FD03,
00FEFE04,
000405FA,
00050304,
00000003,
00FEFD02,
00FBFDFF,
000500FB,
00010305,
00050202,
00FFF605,
00FB05FB,
00FF0000,
00FF00FD,
00FC0206,
00FE03FD,
00000202,
000001FC,
0001FF01,
0002FBFB,
00FE0302,
00030300,
00F90505,
000200F8,
00FE03FF,
00FB03FF,
00030005,
0000FCFE,
000001FF,
00030605,
00010005,
0000F405,
00FE00FE,
00FCFFFF,
000100FF,
00FBFC06,
00FE00FD,
00FC0200,
00020004,
00010202,
000101FD,
000501FF,
0000FA02,
00FFFD05,
00FDFEFD,
0004FFF7,
00030002,
00FD06FF,
00FEFEFE,
000001F9,
000203FC,
00FDFDFF,
0000FE01,
00FFFF00,
000600FE,
00000008,
00010000,
0002FF01,
0001FC02,
00020402,
00000002,
000401FC,
00FE0000,
00040400,
00000001,
000007FE,
0000FAFE,
00FF0402,
00FFFF00,
00FA03FD,
00FE00FF,
00020300,
000200FF,
00FE0600,
00FFFFFE,
00FAFF07,
000100FF,
000003FF,
00020000,
0001FEFF,
0000FF00,
00FCFEFB,
000009FC,
000304FC,
0001FF00,
000301FF,
0002FEFD,
00FFFC02,
00FEFFFF,
00FC0301,
0004FF01,
0000FEFE,
00FFFF01,
00FE0604,
0004FF02,
000000FE,
0000FF00,
00030005,
00FC0401,
00FFFFFE,
00020303,
00FEFE02,
000500FD,
0009FDFF,
000201FF,
0008FEFD,
00020102,
00F60405,
00000100,
00020102,
000202FE,
00FF0E08,
00FF02FF,
00010102,
00060501,
0002090E,
00FD01FD,
00FE0400,
00F90101,
00FE0BFF,
000000FE,
00000103,
00F8FF00,
00F50902,
0000FB05,
00020103,
00F9FFFB,
00F00203,
0002FD06,
00FB0101,
0004FEFE,
00F5000A,
00010005,
00FFFD04,
0006F709,
00FF07FE,
00FE0105,
0000FE03,
00FD02FC,
000009F4,
00020103,
00000306,
00FE040A,
00FEFFFE,
00020204,
00FD0605,
00F50105,
00FBF9F8,
00FE0703,
00F90804,
0001FA02,
00F6FD07,
00FB0400,
00000D00,
00FAF504,
0000EB05,
00020100,
00000601,
000103FD,
0002FE06,
0000FE00,
000300FC,
00FD0300,
000007FD,
00FE00FF,
000202FD,
0002FB07,
00000205,
0001FDFE,
000302FF,
0000FFFF,
00FEFA09,
0001FFFF,
0002FEFE,
0004FD02,
00FA07FD,
0000FFFD,
00FFFF00,
00FF01FE,
00000C04,
00010100,
0001FE03,
00FD0303,
000AFB04,
00FF0101,
0001FC02,
00FD04FB,
000206FB,
00010002,
00030006,
0003FF00,
00FEFEFF,
00FF01FF,
00000304,
00F90401,
0004FD03,
00000001,
0001FEFF,
0003FE00,
0000F902,
00010101,
0001FE02,
00070002,
000904F6,
00000200,
00020300,
00FD04FD,
00FAEE01,
00010000,
00FD03FC,
00FF07FE,
00FAFE04,
00000000,
00FD01FF,
0003FCFE,
00010603,
00000000,
00FFFEFF,
00020101,
00FD0401,
00010001,
00000000,
00050200,
000204FC,
00FF0002,
00FFFEFD,
00FBFEFF,
00FE03FD,
00030403,
0001FF00,
0004FF02,
00FE04FE,
00FE02FF,
00FF00FE,
0001FA00,
00030200,
000000FF,
000208FF,
00FE01FD,
0003FBFE,
000302FE,
00FF03FD,
00FBFDFD,
00030300,
0000FDFC,
00FF00FE,
00090206,
000A0200,
0003FD03,
00FEFEFE,
00FFFCFC,
000303FD,
0002F904,
00FEFFFF,
00FFFEFF,
00F7FC04,
0001FD05,
00FEFF00,
00FC01FC,
000601FE,
00010004,
00FDFE04,
0003FAFB,
00020502,
00020207,
00FCFD05,
0005FF00,
00FEFDFC,
00FF0504,
00000007,
0005FCFF,
0005FBFC,
00FF0602,
00010206,
00000101,
000102FB,
000006FF,
00FF0404,
00FBFF06,
00FCFC01,
00FE0100,
00FE0502,
00FFFFFD,
00FFF604,
0000FA00,
000003FE,
00000202,
00FE0005,
00FFFE02,
0005FF00,
0001FE03,
0003FF06,
00FFFD00,
00050102,
00FD0602,
00020500,
0000FF00,
00000001,
00000002,
00FE08FE,
000201FF,
0000FBFF,
000105FE,
000505FD,
0003FFFF,
0000FDFF,
000307F8,
0000FB01,
0001FFFF,
00000000,
0002FDFE,
000204FC,
00FFFF01,
00FB01FF,
0000FEFD,
00FC0100,
00FF0100,
00FDFF03,
0000FE02,
00FF0401,
000001FF,
00FFFD00,
0004FC07,
00020002,
0000FF00,
00FF00FF,
00FF0401,
00FEFB05,
00000000,
00FFFDFF,
00FEFA04,
00FCFE01,
0001FE01,
0000FC01,
0006FEFE,
00FE0EFC,
0001FEFF,
00FE0103,
00FE0003,
0003FEFF,
00000000,
00FF0002,
00FFFA04,
00030200,
00FFFF01,
0000FF02,
0005FF01,
0003FF05,
00FE0101,
00010000,
00F7FF02,
0000FEFD,
00FE00FF,
00FF0300,
00FB0303,
00FD0201,
00010504,
0004FEFE,
00FF00FF,
00040403,
00FE01FF,
00040202,
00FEFD03,
00040203,
000001FF,
00FF03FE,
00F40202,
000902FE,
000000FF,
000003FC,
00F80000,
00FE0301,
0000FD00,
000001FE,
0004FC02,
00FE0805,
0001F900,
0001FDFD,
00FFFEFD,
00F7FC05,
0002FB02,
00FE00FE,
00090300,
00FFFF03,
00FFFE03,
0000FFFF,
00FFFFFF,
00F507FD,
0000FF02,
0001FE01,
00FEFCFF,
00FC04FF,
00010306,
0000FD04,
000104FE,
000501F6,
00030302,
00010005,
0000FF01,
00F9FBF9,
0000FFFE,
00040204,
00FE0103,
0001FF00,
00000103,
0000FE02,
00FDFE03,
00FCFE00,
0004FEFF,
00FD0102,
00FEFFFF,
00FAFD05,
00020001,
00FB0101,
00FEFF00,
00FEFF07,
0004FCFF,
00FEFE03,
00010103,
0001FA03,
0000FE01,
0004FEFF,
0001FC03,
00FF07FC,
000202FA,
0004FEFC,
00020403,
000408F8,
00FF03FA,
00FFFBFD,
00020AF8,
000106FD,
00FFFE03,
0006F9FF,
000504FC,
0001FE00,
0000FC00,
0003FC00,
00070101,
00F7FEFD,
0001FE01,
00FEFBFD,
000101FF,
0003FE03,
0000FDFF,
0004FFFF,
0007FE00,
00FD0403,
0002FE02,
0000FF02,
0002FFFE,
000202FC,
00FEFF02,
00FFFF03,
00FBFD06,
00F7FE00,
00FF0001,
00FFFF02,
000300FF,
0006FDFE,
00010000,
00FE0001,
00FFFEFE,
00030102,
00020000,
00020103,
0002FFFF,
00020200,
00000001,
0002FE01,
0000FD02,
00F9FE01,
00FF0300,
0001FC00,
00FEFC02,
00020A02,
00010200,
00FF0100,
00FE0003,
000801FD,
00FF0300,
00FC00FE,
0006FF04,
0001FE00,
00030604,
00030000,
00FB0001,
0002FF03,
000002FF,
0004FFFD,
00FE0102,
000409F6,
000100FC,
00050300,
0003FE03,
00FC00FE,
000002FD,
000003FE,
0006F905,
00FB0800,
0001FDFE,
0004FFFF,
0001FBFF,
00FF02FF,
0002FDFE,
0003FCFB,
00030503,
00F80203,
0002FFFF,
000201FE,
000200FD,
00FCFFFF,
00FCFF04,
0001FCFE,
00FDFF01,
00FB07FC,
0001FE00,
00000004,
0000F9FA,
000B04F9,
00020200,
0000FE04,
0004FD01,
000101FD,
00FE04FD,
00FF0104,
00050000,
00FF0002,
000003FE,
00050804,
00FF0103,
00F8FE00,
00FFFE00,
00000502,
00FD0600,
00F5FF01,
00FFFFFC,
00FE0201,
00FF0104,
00F60408,
00070403,
00050600,
00020002,
00010704,
0005FE01,
00FD03FA,
00FE0003,
000602FE,
0004FC00,
00010A05,
00070003,
00020BF4,
000107FA,
000008F9,
00050600,
000102FA,
00FDFBFD,
00FF05F9,
00010AF8,
00FDFFFE,
00FFFC01,
00EF00FE,
000100FF,
0004FAFB,
0001FBFF,
00FCFC01,
00FCEF00,
00000001,
000001FF,
0006FAFE,
00FEFE00,
00FFFD00,
000002FF,
0001FE01,
00020103,
0000FE01,
00020200,
0000FD02,
00FE0202,
000003FB,
00FF0101,
00000002,
0002FF01,
00000100,
00020000,
00FE0101,
00FDFE00,
0005FF00,
00010000,
00FD0201,
00050203,
00FCF801,
00FF0001,
00000300,
000002FE,
00FFFC00,
0001FEFF,
00020300,
0004FC01,
00FD0500,
00FF0100,
0002FEFF,
00FDFB03,
000101FF,
00010300,
000001FF,
00FA0200,
0000F901,
00000001,
0001FFFE,
00FD0204,
00FDFEFE,
00030404,
0003FF01,
00FBFEFA,
0007FE06,
00010100,
0005FEFE,
00FDFC02,
00FE0703,
000200FC,
0003FCFF,
00020100,
00FA0402,
0001FFFE,
000101FD,
00FBFC05,
00FC0000,
0003FFFF,
000300FE,
00030203,
00F90403,
00000000,
0002FF02,
00050202,
00FC0200,
00FEFF02,
0000FDFE,
0007FD00,
00FC0302,
00FFFC03,
00FFFFFE,
0001FB01,
00FB0100,
00000302,
00FD0102,
00FDFEFC,
000805FD,
000701FB,
00FD0404,
0001FF02,
00020600,
000401F9,
00000305,
00020203,
00F40204,
00FBFDFD,
00F202FE,
00FD0204,
00FCFD00,
0002FDF7,
00F60401,
00FD0304,
00FB0102,
000501FE,
00000307,
00020203,
00FF0508,
0001FDFB,
00050FF9,
00FD0402,
00FE0602,
0000FCFE,
00040BE9,
00FE0101,
00FF01FE,
00FE0200,
000A07E7,
00FE0004,
000307F5,
00000203,
00FC03E9,
000304F7,
0003FFFC,
00FFFB04,
0004F2EC,
000400F7,
00FBF3FF,
00FDFA00,
00F5EC00,
00FFF4F6,
0000F804,
0000FDFD,
00F2F905,
00FCF400,
0000FAFC,
00FE0401,
00F5020A,
0002FE01,
000005FF,
0000FCFE,
00000204,
00FE0301,
00010001,
00FF00FE,
00FF0201,
00FC0402,
00FF04FE,
00FF0501,
00FA0900,
00FD05FD,
00FF0000,
00FF0401,
00FE0400,
00FD0304,
0000FB04,
00FF0301,
00FD0100,
00010300,
00FF04FA,
000200FE,
00010102,
00040300,
0003FE03,
000100FF,
00FE0102,
00FE05FD,
00FCFC04,
00000000,
00FC0102,
00FBFD08,
00030400,
00FE0200,
00FF00FF,
000401FD,
00FDF603,
00FE0101,
000300FE,
0000FD01,
00020001,
00020504,
00010000,
00FFFF01,
0001FE00,
00FF01FF,
00FFF6FE,
00FCFE03,
000801FF,
000400FE,
0000FC01,
0000FD00,
00000200,
000500FC,
000404FE,
00FBFF02,
00FC0402,
000201FB,
000403FF,
00030001,
0002FF01,
000000FD,
0001FD00,
0006FE00,
00040400,
00FCFD00,
00FF0300,
00040300,
00FF0602,
00FB0002,
0000FE00,
000101FD,
00FFFF01,
00FF0500,
00FD0201,
0002FBFF,
0007FF04,
000200FE,
00F2FE00,
0003FE01,
00040201,
0001FBF7,
00000306,
00010003,
00FF0503,
0000F7FC,
00F7FD00,
00FE0405,
00F80504,
0001FAFA,
00E2FE00,
00FE0505,
00FF0104,
0009FCFC,
00F40402,
00050A01,
00F90308,
0001F9F8,
000D08F8,
00FA0501,
00FB0901,
0001FCF9,
000D06ED,
0000FE03,
00000600,
00FBFF05,
000700EA,
000403FD,
000704F3,
00FFFB07,
00FDEDE8,
00FB03F5,
00FCFEF3,
00FFFB0C,
00E6E8F0,
00FDFBF5,
0001F4FD,
00F904FF,
00C3F20E,
00FBF902,
00FDF604,
000205FD,
00C8F814,
00FFF204,
00FDFDFE,
00FF04FE,
00FEFC12,
00FEFE00,
00FB06F9,
00FCFD02,
00060006,
000402FF,
00FB07FE,
00FFFFFE,
00030800,
00FC04FD,
000201FB,
00FE02FF,
00FA09FB,
000509FA,
00000100,
00FEFCFE,
00FD05F8,
00000506,
0003FA00,
00FF00FB,
000300FE,
000601FE,
000303FF,
0002FFFC,
000101FF,
000AFEFF,
0002FDFE,
000101FE,
00010001,
0009F7FA,
00F80001,
00030000,
00FF0102,
00030001,
00FFFC02,
00FE0301,
00010101,
00040002,
00010002,
000104FF,
000200FE,
00FD02FF,
0000FE05,
00030504,
00FE0200,
00010002,
0005FE02,
0001FE01,
00FAFE01,
00FC0300,
0008F8FE,
000401FE,
00FA04FC,
00F9FE00,
00010504,
000700FA,
000100FE,
00FFFF00,
00F702FC,
000201FA,
00050100,
00FB01FF,
00FB0102,
0001FDFC,
0002FBFE,
00FF0005,
0003FDFD,
00FEFAFE,
00FF01FF,
000704FA,
00F90008,
00FBFFFD,
0000F603,
0004FC00,
0000FE03,
00F9FFFD,
0008FB0A,
0004FCFD,
00070103,
00FEFFF9,
00F9FFFE,
0006FB00,
00080203,
00FAFDF9,
00F604FD,
0004FF01,
00040701,
0004FEFF,
00E10102,
00F6FF04,
00FF0401,
0000FEFA,
00E10108,
000104FF,
00000007,
00FEFCF7,
000A0204,
00020602,
000207FE,
0000F7F6,
000B01F5,
00FDFC04,
00FD03F9,
0003F5F7,
000C00F1,
00FC0004,
00F905F6,
0001F405,
0008F9F8,
00FEFAFF,
00FD07F7,
000AF60F,
0000F5FD,
00F707F9,
0004FEF4,
0003FE09,
00F4F909,
000302FB,
00FCFF01,
00FD0A06,
00F7FC17,
00F5F500,
00FAFDFF,
00FD0AFA,
00EB061A,
00F2F402,
0000FEFD,
0001FE02,
00F50F09,
00FBFFFC,
00FBFD03,
0002FBFD,
0005130F,
00030103,
00FF01FD,
0003FE00,
00FC0DF9,
000803FE,
0000FEFC,
0000FB04,
000305F4,
00FF04FC,
000203FE,
00FDFF01,
000BFBF6,
000003F8,
000200FF,
0000FDFC,
0009F802,
0007FFFB,
00FE0001,
00FE0001,
0006FCFF,
000CFF00,
00FEFEFE,
0001FF00,
00FE0203,
0005F900,
00000200,
00FF0000,
00FF0202,
0003F8FB,
00FF0102,
00020101,
0002FFFF,
0002FC01,
00FF05FD,
000001FF,
0004FEFE,
0005FF01,
000503FC,
00020404,
0000FF00,
0004FDFF,
00F901FE,
0000FF03,
00F9FC02,
0001FFFE,
000AFBFF,
000103FE,
00FD02FE,
00FBFC00,
00010300,
000103FB,
0000FEFC,
0003FEFF,
00000003,
0007FDF8,
0004FEFE,
00FBFF02,
00FAFAFE,
0001FE00,
00010000,
0002FEFF,
0001FA07,
00FE00FF,
00FF0000,
0008FDFE,
0002F905,
00FD03FC,
0004000C,
000500FC,
0001FA00,
00FA01FC,
0004FD02,
0005FBFD,
00020103,
00F4FCFA,
000602FE,
0004FBFF,
000EFB04,
00FBFF00,
00F5FFFB,
0001FB05,
0011FBFF,
0001FDFE,
00EA0102,
00FFFE0C,
0004FF06,
00FB00FD,
00F3FD02,
00000612,
00FE0805,
00F7FEF8,
000702FD,
0007080E,
00FB0402,
00FEF7F3,
000B00F9,
0004FF04,
00FDF703,
00FBF4F9,
0004FDF9,
0006FFFA,
00FEF6FB,
0003F205,
00FFF9FF,
00F00D00,
0009FF08,
0006F707,
00F8FB03,
00E50905,
00F20106,
00050506,
0002FF07,
00DAFEFE,
00FBFEFA,
000909FF,
000F0105,
00EBFD03,
0001FEF8,
000606F5,
00F20A04,
00E900FE,
00FFF7FC,
0000FDFF,
00F91407,
00F8FDFF,
00FEF3FF,
0000FD00,
00F210FD,
000900FD,
0001FD03,
00FEF8FA,
00FD08F2,
00080200,
0005FFFE,
0000FD05,
000FFFF3,
00FB0000,
00FFFEFE,
00FFFC00,
000CF4F4,
000203FE,
00010102,
000200FD,
0006F502,
0009FF06,
000001FF,
00FDFFFE,
0000F904,
0009F902,
00000100,
00010202,
0000FFFF,
000102FB,
00FF0000,
00FFFE02,
0000FE03,
0004FB03,
00060500,
0001FE02,
00FFFE00,
0001FC05,
00FB0400,
0001FE00,
0001FD00,
000304FE,
000201FF,
00030303,
00FEFF02,
00FE0101,
00FE00FC,
00020102,
00F7FB07,
00FFFE00,
00F80401,
000103FE,
00FC0006,
00FC0202,
00010204,
00050001,
00F801FF,
000003F9,
000003FC,
0005FCFD,
00FF0001,
00FD02F9,
0000FFFF,
0003FFF7,
00FDFFFF,
000401FC,
00FCFCFF,
00FF0503,
00FD04FF,
000100FC,
0004FB00,
00FE0700,
000D0208,
0005FDFC,
00FB02FE,
00F004FE,
00160003,
0004FDFB,
0006FAFE,
00E7FEFC,
00090004,
00F9F801,
000E0208,
00F2FCFF,
00FEFF00,
00FFFB05,
00060605,
00FD03FE,
00F10002,
00F8130C,
0012F401,
00F804FC,
00FB0205,
00030801,
00030405,
00F901FB,
00060102,
00050000,
00FD00F8,
0006F6F8,
0006FBFD,
00020303,
0004FCFB,
00FFF0FC,
0001FAFD,
00FD0503,
00F5F302,
000AF102,
00FEFBFE,
00EE0203,
00F2F707,
000DF901,
00FCFEFD,
00F10307,
00E603FE,
000B0800,
0002FC00,
00E5FD06,
00FD04FC,
000A0400,
00FCFFFE,
00E50FF7,
000103F3,
000500FD,
000504FF,
00FAFEF5,
00F808FA,
0002FBFF,
00F6FDF9,
000AF9FF,
0000F706,
0001F8FE,
00FBFBF7,
000204FE,
00F7FF08,
0004FAFD,
0001FFF7,
0006FDFB,
00010403,
0003FE03,
0009FAF1,
0003FDFE,
00040002,
00FEFE02,
0006F1F3,
0005FD01,
00000000,
00FA0000,
00FDFBFD,
00080002,
000102FF,
000103FE,
00FD0003,
000203FF,
00FD0300,
00000001,
0001FDFC,
00FB0004,
000304FD,
0000FE03,
0002FDFE,
00FFFF03,
00FEFF03,
00FEFE01,
00FFFF01,
00FE0405,
00050100,
00000001,
0001FCFE,
000300FF,
00FB0503,
00000403,
0000FF00,
00FF0003,
000302FE,
00FB0002,
00EFFF07,
00FEFC01,
00040005,
00F80201,
00070302,
00FC0702,
00FE0800,
00FFFF00,
00F604FF,
00FB0300,
0003FF00,
00FBFCFF,
00FB0101,
00FF0701,
00FFFC01,
00010802,
00FA05FE,
000003FD,
00FE04F9,
000304FE,
00000802,
0000FBFC,
00FAF9FB,
00F305FF,
00030105,
0004F7F5,
0008F8F0,
00F201FA,
00090206,
0000F901,
0009F7F7,
00F1FBF8,
00060401,
00F6F100,
000CFA04,
00FB03FF,
00FE03FF,
00FE070E,
000E0403,
00FD06FE,
00FA0403,
00FF00FE,
00070807,
00F805FE,
00FDFF02,
000501FF,
00FB00F5,
00F902FC,
00030103,
00080304,
000706FC,
00FEFFFE,
0002FD00,
00030902,
00F10100,
00FF0001,
0003FE01,
00F70800,
00EBFDFC,
000DFDFD,
00FFFDFF,
00F106FC,
00C3FBFD,
0007FBFA,
000002FE,
00F7000B,
00C201FE,
0002FD03,
00FF00FC,
00FA040B,
00D2F6E9,
0000FE00,
00FFFEFC,
00010BFC,
00D4FBCE,
000600FC,
0001FEF8,
000107F6,
00EC01E8,
0002FC01,
00FEFBFF,
0007FD01,
00FF0801,
0004FB03,
00FEF902,
000D04F9,
0002FF05,
00FFFA02,
0008F401,
000804F6,
00FB0103,
00FDFC00,
0008F0FB,
0005F9FA,
000302FE,
00FDF7FF,
0002EEFB,
0007FF03,
00FF00FE,
00FDFF00,
00F0F2FB,
0007FE02,
00FFFE01,
00010201,
00F70201,
00FFF903,
00FFFF01,
0001FEFE,
0002FE03,
00FAFE06,
000203FD,
00000100,
0001FF02,
000207FF,
00F908FF,
00010101,
0001FE03,
00FEFE00,
00FE0200,
00020202,
00020000,
00FF03FD,
00F7FEFD,
00020403,
00000001,
00000101,
00FEFF01,
00F9FF00,
00EF01FE,
0004FDFF,
0002FB01,
00F80200,
0003FAFE,
0000FF05,
00010404,
00FC0102,
00F40101,
00FEFE02,
0000FDFF,
00020503,
00FB0300,
00FFFEFF,
0001FE02,
00020401,
00FD07FD,
00FEF9FB,
00F8FD01,
00FE0204,
00080003,
0006FCF0,
00E7FEF5,
00FD0100,
00030506,
0006EFF0,
00FAFDF4,
00F600FD,
00010301,
000A000C,
00FDF9DB,
00F605FF,
000003FE,
00E6F90A,
000C04FB,
00FC00FE,
000004FD,
00000301,
000B0AFD,
00FAFEF9,
0000FEFD,
00FDFCFA,
00060CFC,
00FEFEF4,
000200FE,
0002FFFF,
0000F9FC,
00FBFFFD,
0002FAFA,
00030101,
000104F6,
00F90006,
0004FF01,
00040403,
00FE01FA,
000206FE,
00FDFD04,
00FC08FF,
00F700FE,
000A02FD,
0002FD01,
00F302FF,
00ABFD00,
0002F6FC,
0005FEFE,
00F50201,
0081FDFB,
00FEF408,
0000FCFC,
00F50704,
00D0F4E2,
0003FCFF,
00FFFAFB,
00FD09FB,
00EBEFD9,
00FFFB03,
0001FAF9,
000402FA,
00FCF5EA,
0004FC06,
00FDF903,
000A00FD,
00FA02F2,
00FFFE04,
0002F304,
00030300,
0003FF01,
00FF0006,
00FE0008,
00F8FCFF,
00FA02FF,
00FB0402,
0004FD07,
0003F8FC,
00FB0206,
00F200FA,
00FBF200,
0007F9FE,
000702FF,
00F9FF00,
00F3F505,
00FFF603,
0000FFFF,
00010101,
00E2FD02,
00F3FD06,
0001FF02,
00000303,
00F5FE02,
00FE0100,
0001FE01,
00FF03FD,
00010203,
0000FE02,
0004FEFE,
00030201,
00010004,
00FD0201,
0000FD04,
00FFFDFF,
00010001,
00FF04FF,
0002FEFB,
00020403,
00FFFC01,
0001FF00,
0003FFFC,
00F90100,
00F3FFFE,
00010400,
00FB0901,
00FE00FF,
0000FF02,
00020101,
00030200,
00FD01FF,
00EF0103,
00FBF903,
0003FCFF,
00FBFF00,
0001FDFE,
000106FE,
00FEFFFF,
00010101,
00080807,
0002FDFF,
00FB0500,
00FF0305,
0007FD03,
0009FFEA,
00E705F6,
00FEFF06,
00FF0603,
000AF2EC,
00CEFBF4,
00FB0605,
00010504,
00F401FA,
00D4FEEF,
00FC0302,
00FF0400,
00FD1010,
00E509F5,
00F9FBFC,
00010203,
00FC01FA,
000BF7FB,
00F9F9F2,
0001FE00,
00FB01FE,
00080501,
00F8F5FB,
00FAFD00,
0003FDFE,
00F502FE,
0002FF05,
00FE01FD,
0004FFFF,
00FA02FE,
00F801FC,
0003FAF3,
00050300,
00FBFB03,
00FC06FD,
0013FFFD,
00FA0301,
00F40000,
00F902FE,
0006F8F9,
00F10200,
00B30404,
00FCFCFD,
000A0202,
00EB0401,
0095FAFA,
0007F001,
000400FF,
00F80AF7,
00C6F5E3,
00FC0404,
00FEFEFF,
00FE09FE,
00F5E9CD,
00FE010A,
00FEF7FF,
0004FDFE,
0002DEEA,
00FC0503,
00F9FE07,
0001FBF7,
0001EEE9,
00FC0102,
00030009,
00FB0107,
00000DF9,
00F70807,
00010806,
00F7FF02,
00FEFFFE,
00FB0604,
00FC07FE,
0000FC01,
00FB07FE,
00FA05FA,
00F4FBFD,
00FFFE08,
0001FEFB,
0001FDF8,
00F4FD01,
00FBFE08,
00FA03FF,
000501FF,
00EFFDFD,
00FAFD03,
0000FD00,
00FE00FF,
00F703FF,
00010305,
00FF0007,
0003FFFF,
00000203,
00FCFE07,
00030001,
0001FDFD,
00FE0104,
000004FD,
000200FF,
0000FF00,
00FFFE00,
000300FD,
000201FF,
00020503,
00000001,
00030201,
00FE0101,
00FD0400,
00FD0305,
00010101,
0000FB06,
00FB01FF,
0001F9FE,
00000402,
00FFFF02,
00FC02FE,
00EFFF03,
00FE0002,
0000FF00,
0000FF01,
00FAFBFB,
00F601FF,
0004FCFC,
0007FF01,
0006FB03,
00FC0600,
00F701FD,
00060003,
00FEFC05,
0017F9F8,
00EAFFFF,
00060507,
00FC0303,
00FA01EA,
00E3FDFB,
00070604,
00FE0503,
00FBFAFE,
00E7F9F8,
0003FF03,
00FD0301,
00F803FB,
00EA070F,
000302FE,
00030204,
00FC02FD,
00F005FD,
0000F1ED,
00040A03,
00FCFEFB,
00FD01F0,
00FAF9FB,
00F80204,
0001FBFC,
00FD03FE,
0004F8F7,
00FAEAFA,
0001FFFD,
000C0401,
00F8FCFC,
00ECD6D9,
000102FF,
00FB04FD,
00010303,
00FC04FD,
00FA01FD,
00F60101,
00FD0003,
00FAF8F1,
00EDFE05,
00BA0002,
00FA0009,
000B0702,
00EA01FF,
00ABFEF1,
0006030F,
00070402,
00FD0AF7,
00C6F1D3,
00000C14,
00FF0304,
00060002,
00E5DFB0,
00040E01,
00F80106,
000800FE,
00EFD9E2,
00FD08FC,
00F6030A,
00F600FC,
00E9E3F0,
00F80103,
00FF0506,
00FCFCFF,
00FC01F8,
00FB0408,
00010703,
00FE0203,
00020201,
00FC0507,
00FD0502,
0000FB03,
000105FB,
000902FB,
00FC0101,
00F90606,
00FF00FB,
000A02FD,
00FA0000,
00FAFB05,
00FBFF02,
000600FB,
000104FF,
00FA0009,
0001FF01,
000301FD,
00040703,
0000040A,
0003FD05,
000400FE,
00010702,
00FF0103,
0004FBFF,
00FF0000,
00010202,
0001FBFF,
00F7FD02,
0002FF03,
00F9FE00,
000402FF,
00FE03FD,
00020504,
0000FF02,
00FF02FD,
000304FD,
00FF0100,
00FEFF01,
0002FF00,
0002F9FE,
00FE0001,
0002FCFD,
00FF0301,
0000FCFF,
00000403,
00F60003,
0001FE01,
0001FDFF,
0000FB02,
00FFFBFF,
00000204,
00FEFD01,
00030102,
0006FF03,
00FB05F9,
00F50003,
00050104,
000200FE,
0000F8FF,
00F3FFFF,
00080004,
000003FF,
000F00F6,
00ED03F7,
00050404,
00FC0200,
0007FB00,
00EE00F2,
00050204,
0000FE00,
00FA0506,
00021C1A,
00030103,
00020204,
00FC01FA,
001AF115,
0005EDF1,
000206FD,
00FDFBFB,
000009FD,
0001F2FC,
0004FF0A,
0001FAFD,
00FFF8FC,
0001F601,
00FEE804,
0000FD00,
00050108,
00FBF900,
00CCDDE6,
00FCFDFE,
0000FF01,
00050202,
00FBFFF9,
00F800FD,
00F505FF,
00030205,
00FCFAF3,
0000F5FF,
00D209F6,
00010506,
000802FB,
0010FF08,
00D4F7EC,
00020708,
00020501,
00110502,
00DCEDBB,
00FF0D0D,
00FD0306,
00090101,
00CFB197,
00FA10FA,
00F6050A,
00070203,
00D7B8CE,
00F904F8,
00FB0405,
00F60004,
00E6EEED,
00FAFB04,
00FF06FF,
00FC0301,
00F8FCFE,
00FDFC07,
00040301,
00FE0102,
00FA0EFB,
00030204,
00FFFF03,
00FA04FF,
0006FD07,
000504FF,
000400FD,
000504FB,
00F20206,
000A02F8,
000602FB,
00FF0003,
00FE0004,
00FF0A00,
000404FC,
00FE0906,
00FFFC04,
00FF02FE,
000006F9,
00020303,
00FF0704,
00FF0301,
00FC0301,
00020202,
00FCF800,
00000100,
00030301,
00FFFDFE,
00FBFC06,
00FE0101,
00FC0500,
00010000,
00FF03FE,
00010404,
00020100,
0001FFFE,
00FFFEFF,
00FE03FF,
0006FCFF,
0003FF03,
0007FE02,
00020000,
0009FE01,
0000F704,
000204FF,
00000100,
00F90203,
00FFFA04,
000102FF,
00FC0103,
0000FDFD,
00F70003,
0000FF00,
00FF0100,
00FF0003,
000A01FF,
00FCFDFB,
000402FE,
00030101,
000FFCF6,
00010003,
000CF700,
00FF00FE,
000703FB,
00ECFAFC,
00060608,
0000FFFF,
00FEFF01,
00F9FF02,
0003FE08,
0001FE00,
0006FFFA,
0016FE07,
000FF501,
00010604,
000000FF,
00FBF510,
0010F8FF,
000003FC,
00FEFC00,
00170B20,
0009F900,
00080209,
00FEFC01,
0009FBFC,
0004FBFD,
0017FF19,
00FC0303,
0008FE05,
0003FD04,
00FBF4FB,
00F901FA,
00F60506,
00030405,
00FFFFFA,
0007FF00,
00F70506,
00040506,
00FC00F8,
001BF909,
00F109FA,
00020203,
00FE06FC,
0005ECF5,
00ED01EA,
00050308,
00F90700,
00FF030A,
00E5E0BB,
00FC0B0A,
00FB0807,
00000507,
00E3B1C2,
00F709FB,
00FB0506,
00020601,
00EEDFF1,
0000FCFC,
00FF02FA,
00FE03FE,
00EC04F7,
00FBF9FD,
00FE03FA,
00F505FB,
00F700F7,
00F9FE02,
0003FFFF,
000207FB,
000207F2,
00020402,
000200FE,
000209FF,
00FE0900,
000B01FF,
0007FE01,
00F6FF01,
00EE0FFF,
00090801,
00040102,
00F90400,
00ED0305,
00FF0002,
000002FF,
00FB0706,
00F204FB,
00FC0301,
000002F8,
00010200,
00FA0AFF,
00FF0202,
000102FD,
000204FE,
00F401F8,
00010102,
000200FC,
00FE02FF,
00FDFD04,
00020000,
00FFFFFE,
0002FD00,
00FA0401,
00040404,
000204FF,
00FC00FD,
00FEFBFE,
0004FF00,
00FAFFFE,
000400FF,
0003FC00,
00FF0200,
00FC02FD,
00FE0503,
000407FB,
000101FF,
00010001,
00FDFE05,
00FFFF02,
00FFFF01,
00FE02FD,
00FE06FD,
0003FDFF,
0002FF04,
00FC0101,
00FDFFFE,
000100FD,
000403FF,
0001FF06,
000BFEF8,
0003FD03,
000C03FF,
00FC0001,
0008FD07,
00F8FD00,
0006FD06,
00FFFF00,
0004FC07,
0002FD04,
00030301,
00FE0100,
0008FB06,
00FF0A00,
0006F5FE,
00000302,
000AFAFD,
00FEF001,
00060002,
00000700,
00FAF7FE,
0000F301,
00000102,
00FE0102,
00FD0305,
0022F4F8,
0000FDFD,
00F6F5F7,
000203F9,
00FDFA04,
0001FD01,
00F5F7F6,
0009FCFA,
00FDF7F9,
00020405,
00FF03FD,
001C0012,
0003FAFA,
00030202,
00F7FFFD,
00020901,
00010108,
00FF0002,
00F502FC,
0002FBFE,
00F40BF9,
00FE0002,
00FE05FE,
0002FD04,
00EEF6ED,
00080206,
00FF04FF,
00F8FFFC,
00EBECFB,
00FF0503,
000303FB,
00050A01,
00F40601,
00FD0101,
00FB04F8,
00FD0DFC,
00FAFCF5,
0000FE00,
00FAFDF5,
0000FFFD,
00FAF7F8,
0005FAFD,
00FF00FE,
000003FB,
00FAF601,
000703FF,
000201FF,
0000FCF7,
00EEF5FE,
00020600,
0002FF01,
00FF00F9,
00F108F8,
000302FB,
00010004,
00060000,
00DD08FE,
00030302,
00FB0202,
000306FF,
00E201F9,
00010002,
00FE02FF,
000304FC,
00FD0AFE,
0001FE01,
00FFFD00,
00FFFF01,
00F40303,
0000FE01,
00FFFFFE,
00010400,
0001FFFE,
0000FD01,
0004FE03,
00F9FFFF,
00FFFC00,
00010505,
000404FF,
000202FC,
00FA00FF,
0003FFFF,
00FD0000,
00FCFDFC,
00030203,
00FF0200,
00FFFFFE,
0003F9FF,
00040300,
00010001,
00030001,
0002FEFD,
0003FDFF,
00030003,
000000FD,
0000FE03,
0002FF00,
0001FD04,
000006FE,
00FBFCFF,
00FEFEFE,
0006FE04,
0002FE02,
0006FA01,
0001FAFE,
00060200,
00020105,
0007FD03,
0004FD01,
0002FCFD,
00FF0102,
0007FA00,
0005FE04,
0005FAF6,
00FB0202,
00040206,
000C1402,
0009FD03,
00FE0302,
0008FBFD,
0000FFFD,
00020501,
00FF06FD,
0001F501,
00FC030F,
0001FEFB,
000001FF,
00F903F9,
00FE05FF,
00FDFEFE,
00FFFFFA,
00FE00FE,
000203FB,
00FD00FF,
000004FF,
000FF801,
00F8F5F9,
00FEFF01,
00010100,
00FBF6F9,
00FDFFFE,
00000000,
00FA0302,
0000FEFD,
00FC0401,
00FDFCFF,
00F5FEFC,
00FF04FF,
00FA01FE,
0003FB00,
00F4FBF8,
00FA0908,
00FA0E01,
00010003,
0006FFFB,
00FFF704,
00F60202,
00FD03FF,
00FFFCFC,
000B03F9,
00F505FD,
00FB02FC,
00010400,
000CF8F8,
0000F7FC,
00FCFCF3,
0001FFF4,
0004FF00,
0009F4F6,
0002F7FA,
000AFAFD,
00FCF703,
000DF4F6,
00070107,
0001FF01,
000CF9F9,
00F9F7F8,
0002F907,
00000202,
0001FDFB,
00DCFCF9,
00FC04FF,
00FF0301,
0000FD01,
00E1FDFD,
0001FFFF,
00000302,
00010103,
00F505FE,
00000501,
00FFFF03,
00000001,
00FC0900,
0002FF00,
00FFFD03,
0000FE00,
00F6FBF8,
00FC0000,
00FFFE02,
0002FE01,
00F60001,
0002FFFF,
0000FDFF,
0000FFFD,
00010200,
00000503,
000000FE,
00010300,
0003FD01,
00030000,
00FFFF00,
00FE0100,
00F80300,
00FD0000,
000300FF,
00F9FA08,
00FC05FE,
00FE0101,
00FF0003,
00FC03FB,
00FD0504,
0003FF02,
00030101,
00FFFD00,
000101FF,
00000104,
00020300,
00F8FE06,
0000FE02,
00020102,
00010400,
000606FC,
0002FD02,
00FF05FF,
00FF0002,
00FEF5FF,
00020202,
0004FDFA,
0003FE04,
00000205,
00050000,
0006FFFA,
00F70102,
00010403,
00FD0903,
00FE0301,
00FE0202,
00090609,
00EB06F8,
000301FF,
00FF0600,
00000507,
000000FE,
000101FF,
00000A01,
00FEFD00,
00090200,
00FEFF03,
00050502,
0004FCFC,
000AFDFC,
00040204,
000A0506,
00FA0600,
00FAFBFE,
00050507,
000A0206,
0000F5FE,
0001FFFF,
00000401,
00010104,
00FDFCF9,
00FF0004,
00FBF8FD,
00050003,
00030306,
00FAFEFB,
0001FC03,
00FDF8F8,
0004FE08,
00F2050A,
00FF0403,
00030407,
0004030C,
0000F801,
00FD0500,
0000F2F7,
00FF03FF,
0009FAFB,
00020502,
00FA05FE,
00F8F902,
0009F7F7,
00FAFDFF,
0006FCF7,
0005F9FA,
0009F3F6,
0001FD07,
0008EEFB,
0002FEFC,
000AED01,
0004FC03,
00FF0006,
0004FF00,
00F1EFFC,
0000F805,
00FF0202,
0004F402,
00D9FBF0,
00FFFCFF,
00010201,
0001FE01,
00B4FEF3,
00FD01FF,
00050104,
00FFFE03,
00FEFBFD,
00FFFF00,
00FCF801,
00FDFC02,
00FFF902,
0000FE00,
00FAFD03,
0001FB00,
00FF04FE,
00FFFE00,
00FD0004,
0000FC00,
00000006,
0002FFFF,
00FE0102,
000105FE,
0000FBFE,
00020504,
00FDFF00,
00FEFF02,
00030201,
0002FFFF,
000201FF,
000500FF,
00FD0008,
00FD0200,
000100FD,
00FE0203,
00FDFDFB,
00000000,
00010000,
00FF02FF,
00000300,
0000FF02,
000400FF,
00F9FBFD,
0002FE01,
00020004,
0000FE00,
00040602,
00000001,
00010201,
00FF0302,
0000FBFC,
000101FF,
00FB0103,
0001FF01,
00030006,
00FF0001,
000004FB,
0004FFFF,
00010203,
00000202,
00FFFEFF,
0002FAFE,
00F90207,
00FE0602,
00FB0103,
00FEFEFB,
0009FF04,
000203FB,
00010202,
0003FEFE,
0000FD09,
00FFFAFD,
00FF0205,
000206FD,
00FB0802,
00FB02FE,
00040204,
00070702,
0000FE05,
001108FE,
00050408,
00090205,
00090400,
00FA0402,
00060504,
0004FAFF,
0000F2FB,
00F4FFF4,
00010300,
00FC0001,
00FEF7F7,
00020102,
00FAFAFD,
00040607,
000EFBFB,
00E202FB,
00FB0001,
0003F3FE,
0001FA06,
00000609,
00FFFE01,
00F7FAFA,
00FE0104,
000604FC,
00FF00FC,
00F700FE,
00FDFD05,
0005FEFE,
00FF0204,
00F1FFF4,
0000FEFE,
0010F6F4,
00FEFCF9,
00FBF9F5,
0005FEFE,
0013F5FA,
00070005,
00FFF4FF,
0008FD00,
0014F4F4,
00020200,
00FB0202,
0004FCFE,
0001FEEC,
0005FCFF,
00000506,
00FF0003,
00EEFAF8,
0001FC02,
000300FF,
00010200,
00F7FCF2,
0000FF04,
00FC0003,
00000101,
00FAFAF6,
0001FEFE,
0001FEFE,
00020102,
00F9F2FB,
00FDFF00,
0001FE00,
00FDFDFF,
0003FDFC,
00000102,
0002FC00,
00FC0302,
0003FF00,
00FFFF00,
0003FD02,
00FF0201,
0002FF01,
00020403,
00FFFFFE,
00FFFA07,
00FE02FF,
00FF0200,
00010202,
00000102,
00F80300,
00FD00FF,
00FC0302,
000303FF,
00FB04FF,
000100FE,
00000101,
00FEFA04,
00FD02F9,
0000FE02,
00FE01FE,
00FCFF03,
00FEFE02,
0001FE03,
0001FF02,
00000100,
00FE00FF,
00FEFF01,
00FE0002,
00FD01FF,
00FEFE00,
00FF0000,
0002FD01,
00FF0200,
00010203,
0002FEFC,
0004F9FC,
00000204,
0002FEFF,
00FFFDFE,
0004FEFF,
00FE0106,
00FCF902,
00000300,
0004FBFD,
00030304,
0007FD01,
000105FE,
0005FAFA,
00000200,
00F8FDF7,
0001FE02,
000A0401,
00FDFD02,
00030101,
000201FE,
0008FCFC,
000101FF,
000502FF,
00030206,
0006FD00,
00FC0100,
00040BFF,
00060301,
0003FCFE,
000505F6,
00EB0DFE,
00FEFFFD,
00FF00FE,
00FE070A,
00ED0801,
00FEFFFC,
00010805,
0004F801,
00FA0200,
00FC01FB,
0004FF05,
00F8FD04,
00F80E09,
0001FDFA,
00FCFFFD,
00FEFD02,
00FC060F,
0002FCFD,
000E0D0B,
00FD0101,
000804FE,
00F7FD00,
00F9FBFA,
00FA03FF,
00FCFEF8,
00FE00FD,
0006F7F5,
00FB03FB,
0006F7FD,
0003FEFF,
00F4F603,
00F8FEFE,
000201FD,
0001FE02,
000301FF,
00FBFC00,
000B02FF,
0002FB02,
000101FC,
00000200,
000004F4,
0001FC02,
00FC03FD,
00000000,
0003FDF6,
00010000,
0001FFFE,
00FF0001,
00FA01FF,
00FF01FF,
0000FC00,
0002FF01,
00F803FD,
00FF0100,
000200FD,
00FEFD03,
00FB0103,
00010100,
00FF0300,
00FD01FD,
0006FDFE,
00FFFF00,
00FF0101,
0003FB01,
00000200,
00030302,
00000102,
00FB01FF,
00FD0303,
000000FF,
0005FC00,
0003FFFE,
00FC0C00,
00FF0001,
00FE0408,
000BFDFD,
00FE00F8,
00FFFF01,
000101FD,
00FDFF00,
00FE01F6,
00000101,
000204FF,
00FC03FC,
0003FDFF,
0001FDFE,
00FE02FE,
00FF0102,
00030100,
00020000,
00FF02FF,
00FF03FF,
00010000,
00040200,
00FE0100,
00FDFF06,
0003FFFD,
0002FDFC,
00FFFFFE,
00FFFF05,
000101FF,
00FFFE01,
000001FF,
00FCFE01,
00000301,
00FF0301,
0003FDFF,
00FF00FE,
000703F9,
00FC05FB,
00050003,
00FFFD03,
00FF00FA,
0001FFFD,
00060405,
00FE02FD,
00FFFC01,
00FD02FE,
0000FEFC,
00FD0803,
00000000,
0000FE00,
0004FDFE,
00F50902,
00FE0505,
00050001,
0004FFFF,
00FC0401,
00030AF9,
00000001,
00FAFBF9,
0011F803,
00F30508,
0003FEFD,
00FC0200,
000F0801,
000206FA,
000001FA,
00FD05FF,
0005FDFF,
0009FCFC,
0003F7FC,
00FC01F6,
0000FA05,
00010B03,
0002F5FD,
00030A02,
00020501,
00F3110B,
0003FEFC,
00FEFD05,
000000FE,
0001000C,
00FB01FD,
0005EBF5,
0001FBFF,
0001F807,
00FD02FE,
00FBFEFD,
0002FB00,
0005FCFA,
00000300,
00FE01FA,
00FC0002,
00FC0AFE,
0000FF01,
00020203,
00000100,
00F4FC02,
00FFFFFF,
00FCFEFF,
00FF0001,
00FF05FD,
00FE01FE,
00FAFDFD,
00FE0001,
00F80907,
00000502,
0000FEFF,
0002FCFE,
0002FE01,
00FF01FF,
000103FE,
000201FF,
0002FD00,
0001FF00,
000001FF,
00020202,
0006FF00,
0001FE00,
0001FF01,
0000FF01,
0002FC01,
00040404,
00FD0102,
00FD04FD,
0000FB01,
00FFFF01,
00010001,
00020000,
000100FE,
00FD0101,
00FC0703,
00F906FF,
000601FB,
00000002,
00010102,
00FC07F7,
00FC01FD,
0001FF00,
000000FF,
00020002,
0003FEFC,
0000FE00,
00000301,
00FDFB04,
00000801,
00010101,
000103FE,
0001FE00,
000002FE,
00FD0400,
00040001,
0001FB03,
000100FF,
000000FE,
00020101,
00FBF702,
0003FE01,
00FFFDFC,
00FD00FF,
0003FD02,
0000FF01,
000200FC,
00FE0100,
00FFFE02,
00040003,
00FF03FD,
00060305,
00FFFC03,
00F8FEFC,
00FF0200,
000A0204,
0006FCFF,
00FFFD00,
00FFFEFD,
00010005,
0000FB02,
00FE0003,
00030301,
00FF0204,
00FEFC09,
000202FE,
000201FF,
00FFFF04,
000BFBFD,
0002FAFB,
00FE01FD,
00FCFC01,
001108FB,
00050101,
000704FE,
00FC0403,
001908F9,
0004EF0A,
00FC0601,
00FB00FE,
0001FB04,
0006FC08,
0005FFFC,
00F7FCF0,
00F9FEFE,
0007FD03,
0005FFFE,
0004FEF4,
00000102,
00FE07FD,
00FE0301,
0007040A,
000401F7,
0003FE06,
00FC02FF,
0010FA05,
0001F8FC,
00080004,
00FFFFFF,
0000FFFC,
0000FD02,
00FCFB03,
0000FF01,
0002FD01,
000401FE,
00FFFEFA,
00FE0002,
00FFFC04,
0002FFFE,
00010805,
00FE0200,
0005FE00,
00FEFE02,
00FB06FE,
00FE01FF,
0002FEFF,
00FBF700,
00FAFE0D,
00010001,
0003FF03,
00FFFE02,
000202FA,
00020001,
00FF0001,
00000005,
0001FCFD,
0001FF01,
0003FFFE,
00FF02FC,
00F90104,
00FFFE00,
00FE00FE,
0005FF00,
00FE0101,
00020504,
00000203,
00FE0200,
00FDFDFD,
0000FF02,
0002FCFF,
00FF0001,
0002FEFE,
00FF0100,
00FB0103,
00030401,
0000FDFC,
00000101,
0003FE02,
00F8FD0D,
00FEFF02,
0001FEFE,
0000FEFF,
0002FC04,
00FEFA05,
0002FF00,
00FF03FF,
0009FC06,
000804F8,
00020101,
00FE04FF,
00FB0006,
000104F8,
00FF01FE,
000002FC,
00FFFEFF,
0000FD03,
0001FCFF,
000101FE,
00020301,
00FD02FE,
000100FC,
00FE00FE,
0000FE09,
00FEFD01,
0004FFFE,
00FBFE01,
00FEFE02,
00FFFEFE,
000101FE,
000000FF,
00010100,
0000F900,
00FFFF02,
000800FF,
00F909FE,
00FE00FF,
0001FB00,
00000101,
00FCFD02,
00FD0301,
0000FD02,
00F70406,
000406FF,
0004FEFD,
000002FE,
00F3FE01,
000701FE,
00FFFF01,
0001FE02,
00FB0107,
00FF0902,
00040403,
00010200,
00FF0104,
000904F1,
0003FE0A,
00020000,
0005FF00,
00FD01FF,
00F50809,
00FF0000,
0002F7FA,
00FEFEFB,
0006F7FF,
00FFFE03,
0008FBFC,
00FFFFFA,
000203FE,
00000202,
00040402,
00FD0000,
000103FB,
00FFFF00,
0004FCFE,
00FBFE01,
00FBFFFE,
0000FCFD,
000403FD,
00020300,
00FCFA09,
00FFFE00,
000201FF,
00FE01FE,
0002FF00,
000101FD,
00FE0100,
00FAFF02,
0004FB01,
000000FE,
0001FDFF,
00F5F701,
0003FFF9,
00FFFF00,
00000102,
00010204,
000002FC,
00FF0002,
00FFFF01,
000401FC,
00FDFA01,
0000FEFF,
0000FFFF,
00FF0104,
000501FC,
00010002,
000000FE,
0003FFFF,
00FD0105,
00010002,
00FDFFFE,
0005FE01,
00020100,
00050505,
00FF0301,
0000FF04,
00020102,
00030000,
0005FDFC,
000300FE,
00FCFCFB,
000201FF,
0002FF04,
0002F8F8,
00040205,
0001FFFF,
00000003,
0009FAFD,
00F60100,
0000FEFE,
00FD0103,
0006FCFC,
00FB0702,
00FF0101,
00FF0103,
00FC01FF,
00000106,
00010100,
00FF0000,
000501FF,
00FE07F9,
00010001,
000000FE,
000409FC,
00FC00FA,
0000FF01,
000201FF,
000402FB,
00020004,
00FF0000,
00FFFEFF,
00FE0507,
00060104,
00FF0000,
00000201,
0004FC05,
000403FD,
00FC01FF,
00010101,
0005FDFE,
00000204,
00FD0200,
00010500,
0008FDFF,
000EFD03,
0000FEFF,
000202FF,
00FC00FC,
000600FE,
000301FF,
00FF01FF,
0005F9F9,
0002FF05,
000101FF,
00FBFFFF,
000502FB,
00FF01FC,
0003FEFD,
00FF0004,
000101FA,
00020100,
0001FB00,
00050306,
000005FC,
00FEFF03,
000505FF,
0001FE00,
00FA0205,
0003F7FB,
00FD0100,
0004FE02,
00F800FE,
00F704FF,
0001FC01,
0002FDFC,
00FAF9F9,
000501FA,
00000000,
00FC00FD,
00FD01FE,
00010103,
00000001,
00FE01FE,
00020002,
0000FAFF,
00FEFF00,
00000103,
00FF05FD,
0007FE04,
00000100,
00FFFC02,
00FF03FF,
00080200,
00000200,
00FF0102,
00FDF901,
000202FC,
000000FF,
00FE0101,
0003FB00,
0005FCFA,
00010102,
000101FF,
000402FC,
00F60000,
0000FF00,
00020000,
00FF01FC,
00FC0702,
00000102,
0001FFFF,
00FB0100,
00FFFD0A,
00010200,
0003FFFF,
0002FB01,
0002FD09,
00050000,
00030001,
0003FDFD,
00FEFF02,
00050505,
0002FF01,
00FFFFFD,
00FF00FD,
00000100,
00FAFE00,
00010201,
00FD0001,
00FC01FF,
00FE0102,
00FEFD07,
0006F902,
000101FE,
00FF0200,
000403FF,
00F805FF,
000002FF,
00FF00FE,
000001FF,
00FE0304,
000002FF,
00FF0201,
000104FB,
00010003,
00FF00FE,
0001FE00,
00000AFF,
00FEFC02,
00FF0100,
00020001,
00FE0306,
00FF02FD,
00FD01FF,
0000FEFF,
00000104,
0002FAFF,
00FC00FF,
00FF0000,
0002FFFD,
0000FB01,
000001FE,
0001FE00,
00080101,
00020207,
000003FE,
0004FF01,
000102FD,
00FD07FD,
00FE01FF,
00000101,
0008FDFB,
0004FFFE,
00000101,
00FD0100,
00060200,
00030307,
00FF00FE,
00FF0100,
00050001,
00F904FC,
00FDFF00,
00FD0203,
0005FAFD,
00FF04FD,
0000FF02,
00FFFF00,
0002FEFE,
00FF0204,
0004FFFE,
00FFFFFF,
00FFF706,
00FEF704,
00010100,
00030200,
00FEFF01,
00F9F107,
00000101,
00050302,
00F507FF,
00070602,
000100FF,
000200FF,
0002FFFB,
0002FDFF,
00FE0101,
00020403,
00FE0206,
000D08FF,
00000100,
00FE01FF,
00FF06FC,
00FEFFFE,
00FD01FE,
00FEFF00,
00FB0400,
00FAFB02,
00FF0201,
00FD0001,
00FBFE00,
00010701,
00FF0000,
00FF0102,
00FEFEFE,
0001FBFD,
0000FCFD,
0001FF02,
00FC0004,
00000503,
000100FF,
00FE0001,
00FC0003,
0006FC01,
00FF00FF,
0000FF00,
00F90205,
0007FD01,
00000101,
00FF0000,
00090200,
00FC0403,
00FF0200,
000001FE,
0001FE02,
0002FDFC,
00000302,
00FE00FE,
000401FF,
00FF0001,
00050505,
00FC01FF,
00FEFC01,
00FC0302,
00FF0100,
00FD02FE,
00FFFC00,
0007FF0A,
00020300,
00FD0002,
00FC01FC,
0005FCFF,
00040000,
00010000,
000301F6,
000001FC,
000201FF,
00010101,
00000601,
00FF05F9,
00FF0100,
0001FF01,
000400FD,
00FB0506,
00FE00FF,
0001FD02,
000002FD,
0002FAF9,
00010202,
0002FE02,
00090200,
00FBFBFA,
000000FF,
0000FC00,
0001FEFF,
0000FC05,
00FF0001,
0002FE02,
0006FAFC,
00F3FD06,
00FF0100,
0002FE02,
0005FF01,
0000FEFC,
00010300,
00FFFF01,
000301FD,
00FA0801,
000002FF,
00FF0000,
00FE02FD,
0000FC06,
000202FE,
00000100,
00FE0203,
00FBFF08,
0000FFFF,
00010001,
0001FC03,
0008FD00,
00040100,
0000FF01,
00FEFF01,
00FC02FE,
0000FFFD,
0002FF02,
00050003,
00010BFB,
0003FE00,
00FCFCFD,
0003FC02,
000AFEFF,
00000101,
0000FE00,
0003FDFC,
0000FA04,
000003FF,
0001FD00,
00FA0700,
00FEF9FD,
000001FF,
00FFFCFD,
00FA0BFC,
000102F8,
00020100,
0002FFFF,
00FA0DFC,
00FE06F8,
00FD0400,
000401FF,
00FE0203,
00FBFFF7,
00000200,
000100FF,
00F9FC02,
00FD02FB,
0004FF01,
000000FE,
00FB01FF,
00FF06FE,
00FE0200,
000000FE,
000A06F8,
00030800,
0000FFFE,
0001FE00,
0003FBFF,
000109FE,
0002FF00,
00010203,
00FDF9FF,
000400FE,
0003FE01,
00FE0103,
00FFFD05,
00000300,
00010002,
00FEFFFF,
000303FF,
000300F2,
00FD0001,
0001FFFD,
000003FD,
00FA0301,
00FB0101,
0001FF00,
00F9FB06,
0002F900,
00040706,
00FE0001,
0004FD03,
00FF0301,
00FF00FF,
000003FD,
0001FDFB,
00F70502,
00010100,
00FD00FD,
000000FC,
00FFFA06,
0001FFFF,
00000200,
00FBFCFC,
0004FC03,
000000FF,
00FFFFFF,
00010006,
00FDFF00,
000001FF,
00FFFFFE,
00FE07FE,
0007F700,
00010200,
00010100,
00FFFFFF,
0007F9FF,
00FF0001,
00FFFF00,
00FE0505,
0005FC07,
00FFFD01,
00000000,
00FDFFFB,
00F90500,
00FFFF02,
000100FF,
00F80BFC,
00F4F803,
0000FF03,
0002FF00,
00FB07FC,
00FDFF03,
00FF0101,
00010102,
00FA0402,
00FCFFFE,
00010301,
00FE0102,
0002FDFF,
00000200,
00050000,
00FE0101,
00F9FF00,
00FD0202,
000200FF,
00010100,
0002F801,
0001F903,
00020101,
0001FEFE,
0003F901,
0004F701,
00FE0000,
0002FDFE,
0002F806,
00FCF90B,
00FE0101,
0001FDFD,
00FCF501,
0000FC06,
00FE0201,
0000FFFF,
0008070A,
000001FE,
00010000,
00FEFDFF,
00F903FF,
000108F8,
00FFFF01,
00FFFF01,
00FB04FF,
0003FEFD,
00000200,
00FDFD01,
00FC0207,
00FC0103,
000002FF,
00FFFE01,
0005030A,
00FDFAFC,
00010100,
00010202,
000A0203,
0008F7FC,
0000FF00,
00FE0402,
00000601,
00030000,
0000FFFE,
00000403,
00FDF804,
0005F902,
0002FDFF,
00FD0000,
00FF0103,
000207FE,
0002FE00,
00FF0201,
00020106,
000409FC,
0001FEFF,
00FFFF00,
00FFFFF2,
00FC00FF,
00020002,
00040200,
00FF0502,
00FFFE01,
000000FF,
000201FE,
0005F801,
00FC0100,
00FE0000,
0001FF01,
00FC0403,
00FD00FE,
00020504,
00FEFE03,
00FF02FF,
00FE0403,
00FF0101,
00040303,
00FE0700,
00FD05FC,
00FE0001,
00030102,
000801FF,
00FFFBFF,
00FE0101,
00000000,
0005F5FA,
00FA0607,
00FD00FF,
00FDFEFE,
00020201,
00FFFA08,
00FE0100,
0000FEFE,
00FF02FF,
00FAFDFE,
0000FE00,
0000FE00,
00FD0405,
000203FC,
00020003,
0002FF00,
0000FE01,
00FCFD04,
00FFFE01,
00020002,
0001FB00,
00FC0803,
0000FF01,
0001FF02,
00FB0003,
00030202,
0000FF01,
0001FE00,
00FD05FB,
00FCFE09,
0001FF01,
0001FF00,
00030006,
0004F9F9,
00010100,
00000002,
0001FE03,
00000301,
00030000,
00FF0002,
0004FAFC,
00FD0C02,
0001FF00,
00000104,
0001F402,
0008FD00,
00020101,
00FF0001,
00F9F804,
000CF903,
00030202,
00FFFF01,
00FE0702,
00FF0206,
0000FFFF,
00000001,
00020400,
0001FF02,
00FF0000,
00000001,
0008FAFA,
000901FE,
00FC00FF,
00030302,
00050001,
00F80000,
00000202,
00020201,
00FC01FD,
000701FE,
00FEFF00,
00FF0001,
00070306,
00FD06FD,
00FE00FF,
00010102,
000AFEFD,
000EF301,
0001FEFF,
00FE0000,
00060007,
0002FFFB,
0000FEFE,
00FE01FF,
00FD0308,
00FB0503,
00FEFFFF,
0001FEFE,
00F9FDFC,
0002FEFE,
00FFFF02,
0001FDFF,
00FEFE05,
00FFFD05,
00010203,
00FFFE00,
00FC03FC,
0002FEF9,
00000202,
00FEFC00,
00000904,
0005FEFB,
00020202,
0000FFFE,
0007FFFD,
0007FAF5,
00010001,
000200FF,
00FF0401,
0005F9FA,
00FF0001,
00FE0002,
00040202,
00FF0400,
00030605,
00010201,
00000301,
00FFFFFE,
00020102,
00FF0201,
00020101,
00FC0208,
0000FFFE,
00FAFDFF,
0005F8FB,
00070604,
0001FF00,
00000001,
00FCFE06,
00FF0300,
00FF00FF,
00FF0100,
00FA0300,
0000FCFB,
00FEFEFD,
00FF0100,
00FD0101,
00050102,
00FEFF00,
00FE0200,
00030400,
0002F5FE,
00010000,
000201FF,
00FBFCFC,
00F90AFD,
00FDFFFF,
00FF0001,
00FF0005,
0007FE01,
00FDFF00,
00FFFE00,
0004FFF7,
00FE0505,
0001FF01,
0001FFFF,
0002FC01,
00FBFE00,
0000FF00,
0001FEFF,
00F60207,
0000FB04,
00FF00FF,
0000FFFF,
0004F600,
000BF906,
00FD01FF,
00000000,
0004FC01,
00FE0B03,
00000100,
00FDFFFF,
00060302,
000602FE,
0000FFFF,
00FE0201,
00060206,
000002F7,
00030100,
00010201,
000904F9,
00010003,
0001FFFF,
00FF01FF,
000504FF,
0004F702,
00FEFEFF,
00FF00FF,
00060600,
00070205,
00FFFF00,
00FF00FF,
00F60303,
000005FF,
00FF00FD,
000001FF,
000100F7,
00FF01FF,
00000101,
0001FFFE,
0007FC07,
00FF08F8,
00000100,
000000FF,
0005FE02,
0000FFF6,
00010000,
000100FF,
00FB0700,
00F9FFFB,
00010000,
00040100,
00FEF9FC,
00FBFF05,
0000FEFF,
0002FF00,
0003FDFC,
00FE04F8,
0000FE00,
00000001,
00F607FF,
00FAFF05,
00FE0101,
00FE0201,
00040902,
00F9FFFF,
00000202,
00FF00FF,
00FF0301,
00030602,
00000101,
00FE00FD,
00060101,
00F90000,
00000001,
00FF00FF,
0000FFF9,
00FD03F8,
0000FF00,
0003FEFF,
00000004,
000003FE,
00030606,
00010100,
00FC01FC,
0001FEFD,
0000FFFF,
0001FFFF,
00000001,
0003FE00,
0000FFFE,
000000FF,
00FFFCFB,
0002FE01,
00000101,
00FFFDFD,
00FF030A,
00F90303,
00FDFFFF,
00070704,
00F90201,
00060305,
00FD0301,
0002FFFD,
00010102,
000103FF,
0001FE01,
0000FF02,
000506FE,
000BFAF5,
0001FC00,
0002FE02,
000602FD,
00030000,
0004FE03,
00010103,
0002FD01,
0002FE05,
0001FF01,
00FEFF03,
00FEFEFA,
000801FF,
00000001,
0001FCFF,
0004FFF9,
00FE04FC,
00FFFE00,
00020002,
00040301,
0000F605,
0000FC01,
0001FEFD,
00000103,
00FEFA01,
0000FDFF,
0001FCFD,
00020203,
0000FC04,
00020103,
0002FF00,
00000000,
00FE0307,
0007FCFF,
00030103,
00FC0000,
00020503,
0002FD00,
0001FE02,
00FF0001,
0002FF09,
0001FC01,
00040203,
00FCFD00,
00F30303,
00FFFF00,
00000101,
000002FF,
00FE0501,
00020004,
00030302,
00FDFDF7,
00FAFDFF,
00FCFE00,
0000FFFC,
000FFEFF,
00FFFCFE,
00F90300,
0004FCFE,
00010003,
00F906FC,
00FF0001,
0003FBFE,
000200FE,
0009FC03,
00FC0001,
0003FAFC,
000700FE,
0004FB02,
0004FC01,
0003FEFF,
000300FD,
0001FEFE,
0006FC02,
00010000,
00000100,
00FA0104,
0001FE02,
00030200,
00FC0103,
000204FF,
00020001,
00FF0200,
00FDFF00,
000503FC,
00FB00FF,
00FDFF01,
00FA0002,
00040501,
00FC0101,
0000FD01,
0005FCFF,
00F60103,
00FF0100,
00FFFDFF,
000409FF,
0005F903,
00FDFFFE,
00FC0104,
00010102,
00FF0101,
00040504,
00020103,
0000FFFF,
00FEFFFE,
00030404,
00050201,
00FEFBFC,
0006FCFD,
00020203,
000000FF,
00F903FF,
00020002,
00020404,
00FDFFFE,
00FEFA08,
0007FAFA,
00010303,
00FDFEFE,
00F6F9FE,
00FFF8FE,
00020303,
000101FF,
00040401,
00FBFE00,
00010202,
00010402,
0000FAFF,
00000302,
00020202,
00010201,
000506FB,
00FDFE00,
00020202,
00FDFFFC,
0005FD00,
00F70500,
00000201,
0001FF00,
0003FFFC,
00020502,
00010302,
00FDFCFE,
00FD0505,
00000300,
00010301,
00FFFE01,
000005FF,
0002FE01,
00010202,
00010001,
000103FF,
0002FC00,
00020202,
00FE0100,
0007FDFD,
0000FF00,
00000101,
00FFFFFD,
00FDFE00,
00FA0401,
00000000,
00000302,
0003FFFB,
00FB09FF,
00010201,
00010403,
0000020E,
00FD0403,
00000201,
00FDFFFF,
00FDF8FE,
0006FE00,
00000201,
00FC02FE,
00020405,
00000005,
00020203,
00FB03FE,
00010BFD,
0002FCFD,
00010403,
00FD03FC,
00FD07FE,
0001FD03,
00010302,
000105FF,
0004FFFF,
0002FDFE,
00FF0202,
00030301,
000304FD,
000200FF,
00020203,
00FEFDFD,
00010904,
00FD0505,
00020303,
00FDFFFE,
0004FDFA,
0005FEFD,
00020302,
000003FE,
0005FA02,
000003FF,
00020302,
000000FC,
0006F8FF,
00FB01F8,
00020403,
000102FD,
00FD0101,
00FE01FD,
00010303,
00FFFFFE,
0001FC01,
000BFEFD,
00030404,
00030100,
0001FBFC,
000100FE,
00020504,
00050101,
00F801FC,
000B0405,
00020303,
0001FFFE,
00FE0402,
0002FEFF,
0009090A,
00030201,
00FF0300,
00FEFF00,
00FDFF02,
00FFF801,
00FD02FF,
00020900,
000200FF,
0003FF00,
0002FC02,
000205FC,
00000200,
00000000,
000201FC,
00020202,
00010301,
00000501,
00040300,
0004FDFC,
00FD04FF,
00000000,
00FEFEFD,
0002FF01,
00FE0000,
00040000,
00020400,
00FEFE05,
0002FDFF,
00FF03FD,
00FE05FF,
0002FBFE,
0001FEFE,
0000FD01,
00040200,
0002FF01,
00000101,
0002FE00,
0001FD01,
0000FC01,
00FF0300,
00FD0601,
00FDF801,
00FDFE00,
000202FF,
00FD00FD,
00FE04FF,
0005FFFE,
000103FF,
00FF0200,
00000201,
00FDFAFB,
0000FDFE,
00FD0103,
00000201,
00FF02FF,
00FFFF02,
0005FBFE,
000202FD,
000001FD,
0000FC01,
0003FE00,
0000F9FF,
000100FC,
00020603,
0003FB01,
00FEFA01,
00FFFFFC,
00020204,
00FEFC01,
00FE0302,
000301FD,
00010102,
000102FF,
00020103,
000107F9,
0001FA01,
000202FD,
00FE0005,
00FD02FB,
0000FDFF,
000209FF,
0002FE05,
00FF01FB,
000001FD,
0001FDFB,
0003FC05,
00FD01FD,
000100FD,
00FCF3FA,
00020003,
000109FE,
000002FF,
00FFFAFC,
00FCFE02,
00FDFE04,
0000FDFD,
00020302,
00010001,
00010405,
00000100,
00030602,
00FA02FF,
00FFFD04,
00FE0100,
00FB05FF,
0005FA00,
00FFFA05,
0000FF00,
00FB01FB,
0000F4FE,
00FE0001,
00FFFAFE,
00FFFF00,
00FD07FF,
00FFF404,
00000200,
0008FCFA,
00FF0001,
00FD0302,
000103FE,
00000201,
00020700,
000000FD,
0002FFFE,
00F70406,
0001FC02,
00FF0002,
000202FF,
00020600,
00FE0302,
0000FFFC,
00FE03FF,
0002FCFC,
00FE0700,
000EFFF7,
00FEFD00,
000201FE,
000C0AFD,
0000F9F8,
0000FDFF,
00FB05FE,
00FBF407,
000707FD,
00FF0000,
00FE0201,
000005FF,
00FBF5FC,
00000300,
0000FF03,
00020203,
00FDF602,
0003FC01,
0003FA00,
00010405,
00020102,
0000FB00,
000302FB,
0001FB01,
0000FE07,
0000FE01,
00FF03FC,
00FDFB0A,
0002F902,
00000201,
0000FAFF,
00FE020C,
0002EE00,
00000000,
00FEFD01,
00010200,
00010002,
000200FE,
0000FF00,
00FF07FC,
0000FCFF,
000100FE,
000400FF,
00FF08FC,
00050CF5,
00010301,
00020203,
0009FB00,
0001F700,
0001FD05,
00FD0501,
000101FD,
0000FD01,
00FFFE04,
00010700,
000402FB,
000106FD,
00FEFC03,
0000FF00,
0002FA09,
00FF0409,
0000FD02,
00FFFAFF,
00FC05FD,
00F90608,
00FEFCFF,
00FEFC01,
00FD0000,
00000500,
00FE0101,
000103FE,
00FFFDFF,
00000000,
00FD0100,
000002FB,
000204FC,
00FF03FA,
000304F9,
00FD01FB,
000902FF,
00030300,
00FDFFFD,
000003FE,
00000203,
00040404,
00FF04FD,
0001F701,
00FF0201,
00FFFFFD,
000002FD,
0001FB02,
00070003,
00FBFD05,
00FF0101,
00010202,
0005FF03,
0002F707,
00FF00FF,
00000701,
00F60901,
0002FE02,
0001FFFF,
00020101,
00FF0605,
0004F605,
000003FE,
00010003,
00F9FFFB,
00FBFAFF,
00FEFF01,
00010400,
00FEF4FA,
00FE0003,
000003FF,
00FBF602,
000200FC,
0002F7FE,
00010001,
00010100,
00030CFB,
00FD0402,
00020003,
000201FE,
00FB0801,
000101FF,
0000FF00,
00FE0603,
00FE0208,
000101FB,
00FF0001,
00020400,
0002FD01,
0000FC01,
00FFFE01,
00FFFE00,
000207FC,
00FAFE04,
00FF0001,
00040000,
00FCFD03,
0001F702,
00000101,
0004FDFE,
0001FDFE,
0004FB04,
00FF0401,
000002FF,
00FDFF03,
00F9FCFE,
00FF0301,
00FD0200,
0000FCFF,
0006FE01,
0000FF03,
00FEFD01,
00010001,
00FDFDFD,
0000FD02,
0001FFFF,
00000001,
000101FD,
0000F701,
00FD0500,
00040401,
00FCFDFE,
000201FE,
00FF03FF,
00FD08FD,
0002FFFA,
00FF01FE,
00FF0000,
00FFFF02,
00FEFF02,
00FF0100,
0003FAFF,
00010201,
00020102,
000101FF,
00020100,
00010101,
00FF02FE,
00000104,
00FFFF02,
000101FD,
00FEFE01,
0000FA04,
0000FE00,
00010401,
0001FFFF,
0000FFFF,
00FFFD02,
0001FC04,
00FF02FC,
000100F9,
00FD0400,
00FFFEFF,
0003FEFF,
00FF00FD,
00050601,
0001FCFF,
0001FB03,
00FEFEFB,
000003FE,
00000004,
00FE0000,
000006FC,
000001FD,
00F90104,
00FFFD01,
0000FFFC,
000403FC,
00000506,
00020001,
000001FD,
000101FC,
00FE0009,
00FFF9FF,
000202FF,
000102FA,
00080600,
00010405,
0001FCFF,
0003FBFB,
00FD0301,
00FFFB02,
00010203,
000001FE,
00030301,
0002FEFE,
00FF0401,
0001FDFE,
00FC0201,
0001F7FD,
00000300,
0002FFFF,
00F801FF,
0005FEFF,
00000600,
00FFFAFF,
0002FB03,
000B0004,
00FF01FF,
00FCFE00,
00040AFB,
00FD03FE,
00FE0303,
00FF0002,
000001F7,
0002FD00,
00030003,
0000FDFF,
0005FF06,
00FEFF01,
00040301,
00030000,
0000FD03,
00FBFDFF,
000001FF,
00080502,
00FE03FA,
00010606,
00FFFEFF,
000200FF,
00000602,
00FEFD03,
0002FF02,
00010200,
00FDF9FB,
000100FD,
00FFFF03,
00FFFC02,
000205FE,
0002FBFE,
00FEFD03,
00020201,
00000602,
00FCF600,
0002FD01,
0002FEFF,
00020201,
0005F7F5,
0002FEFF,
00000003,
00020103,
000302FD,
00FDFE02,
00FD0100,
0000F801,
0002FFFB,
00FDFA00,
00FFFDFE,
0001FB00,
00FE05FE,
0000FFFD,
00FFFFFE,
00FFFE00,
00010600,
00FE01FF,
0000FCFD,
00FFFF01,
00FEFF00,
00FF0202,
00020901,
00FEFD04,
000001FF,
0003FEFF,
000100FF,
00020504,
00FEFDFF,
0002FB00,
00000304,
000001FE,
00FFFB03,
00FFFA00,
00FE0806,
000302FE,
0001FE01,
000204FD,
0002FF06,
00FE0201,
00FDFA00,
0003FAFD,
00FBFD03,
0001FC00,
00FEFFFD,
000103FF,
00FDFE05,
0000FC01,
000000FD,
00000AFC,
00FF0605,
0004FBFD,
00FF07FB,
00FE00FB,
00000202,
0003FF02,
00FF02FE,
00FFFAFE,
00010301,
0003FF05,
00FA0000,
000102FE,
00FE0300,
0000FFFB,
00000204,
00FF01FC,
000102FF,
0005FC00,
00010000,
00FEFCFF,
00FE02FE,
0008FA02,
00FE01FB,
00FDFAFF,
00FC0001,
00FFFB04,
000301FD,
00FEFFFF,
000002FF,
00FE0203,
0005FFFE,
000100FD,
00020402,
00FE0300,
0002FEFF,
000100FE,
00020402,
00FF03FE,
000107FD,
000000FF,
00000101,
00F9F7FD,
00FFFCFD,
0001FF01,
0003FD01,
00010200,
0002FCFF,
00030302,
00FE0402,
00FCFCFE,
00FDFE00,
00000101,
00000101,
00FBFF02,
00FEF606,
00FE0100,
00FE0103,
00FC03FF,
00030701,
0001FF01,
00FE04FF,
0006F701,
0004FFFE,
0004FF02,
0000FDFF,
0000FFFD,
00F5FB01,
00020101,
00FFFE00,
000101FE,
00F605FF,
0001FD01,
00FFFF00,
00FF0101,
00FEF90A,
0001F801,
0001FF00,
00FFFEFE,
000808FB,
00FF0000,
0003FAFF,
00FF01FE,
00FE02FA,
00FF0601,
0003FF00,
00FF02FC,
00FFFFFD,
00FE0400,
000000FF,
00000000,
000000FF,
00FA05FC,
00F8FDFF,
0000FEFF,
0000FE00,
00FFFCFE,
0000FC07,
00FEFEFD,
00FFFB03,
0000F9FB,
000AFE00,
00000500,
00FEF70B,
0001FAFA,
00FFFB05,
00FE0003,
0000FA02,
000001FA,
0001F5FE,
0000FC03,
00FEFA00,
00FF01F9,
0002F6FF,
0002F801,
0000FB00,
0003FCFF,
0002F503,
0001FE01,
00FCFAFD,
0005FF00,
00FDF703,
00020300,
000100FC,
0000FEFD,
00FC0009,
00030303,
00FE02FD,
0002F6FE,
0006F808,
000000FB,
000002FE,
00030600,
0003F800,
00FBFD03,
0001FB01,
00FEFEFE,
0001FE00,
000200F9,
00FF02FF,
00FFFFFD,
00FEFDFD,
00FB01FB,
00FEFFFE,
00FBFEFE,
0001FAFC,
00FF01FC,
00FF01FA,
00FF0400,
00030600,
000A0204,
0001F7FE,
00FDFD01,
00FE0001,
0001FE03,
00FE03FC,
00FF02FF,
00010001,
00FF01FE,
00FCFFFF,
0001FFFD,
00010401,
00FEFB01,
000005FA,
00FFFEFF,
00020000,
00030600,
00060101,
000001FF,
0001FE01,
0001FA02,
00FF07FC,
00FF0001,
00FFF900,
00FDFC02,
000000FB,
00020303,
00FF0000,
0001FDFD,
000302FD,
00FC0501,
0000FCFF,
0000FBFE,
00F70300,
0000FF00,
00FF0A00,
00FC0904,
00FDFAFE,
0000FF00,
000004FD,
00FFFFFE,
00FFF503,
0000FF01,
00030100,
00FF0200,
00F6FD02,
000202FF,
0000FE00,
000200FF,
00FF05F7,
00010000,
00FDFFFF,
00FFFF02,
00070200,
0000FB01,
0002FE00,
00FF02FF,
00050401,
00FFF702,
000004FE,
000105FF,
0006FB02,
000100FD,
00FD0103,
0002FE02,
0001FEFE,
00FEFFFB,
0003FEFF,
0000FB00,
0003F901,
00FDF9FA,
000500F9,
0000FCFE,
0002FAFF,
00FFFCF8,
000606FB,
000000FF,
00FFFF00,
0000F2F7,
000E09F9,
000001FF,
0001FD07,
00FCFFF9,
001303F2,
00FF0003,
000101FF,
000300FA,
000B0BFB,
00FFFC00,
00FF00FF,
000100F8,
000000F8,
0005F8FC,
00FF00FE,
00FDFCFD,
00FBFE09,
0001FB00,
0000FDFC,
00FE04FF,
00ECFD0B,
000401F9,
000103FF,
00050303,
00FCFA0C,
0002FEFE,
00FFF8FD,
00030306,
00FEFB01,
0001F0FA,
000000FB,
0001FAFE,
00F704FE,
00FFF6F2,
000101FE,
00FE0702,
00010103,
00FAF9FB,
00FFFEFE,
00FCFE02,
00FFF6FB,
00F8FEFC,
00FE02FD,
00010401,
00FB05FE,
00FAFCFE,
0003FF02,
0003FFFF,
00020500,
0004FF01,
0001FC00,
00000202,
000200FE,
0006FC02,
00FCFD02,
0000FC02,
00FCFBFF,
00FBFDFF,
000505FC,
00000400,
00FCFF02,
00F6FE02,
0006FFFF,
0002FEFE,
0002FEFE,
0005FD01,
00FC0300,
0003FE00,
00FF03FF,
0007FF00,
00FFFDFF,
0001FF01,
00FD0101,
00FE01FC,
00FE0600,
00050103,
00FE03FF,
00010603,
00FE08FF,
0001FEFF,
0002F8FE,
000001FF,
00050603,
0000FF00,
00000101,
0001FC03,
00030202,
000100FF,
00FFFFFF,
00FF02FF,
000104FE,
0002FF01,
00FDFE00,
00040101,
0005F9FE,
000000FE,
00000301,
00FFFD02,
000406FE,
0000FE01,
00FF02FF,
000201FE,
000704FD,
00050001,
00FC03FE,
00FEFE01,
00000601,
00FFF802,
000508FE,
00020201,
0004FEFC,
00FCFC03,
000808FB,
000102FE,
0004FAFF,
00FBFBFB,
000C0702,
00FFF0FF,
0000F8FC,
00FF02FD,
00F807F8,
00FFFEFF,
00FFFA00,
00FEFDF8,
00F310F7,
0001F7FF,
00FFFE01,
000002FB,
00030E00,
0000FCFD,
0000F506,
00FFFCFE,
00FD01F1,
00FFF301,
0003F5FB,
0001F5F8,
00FB02F0,
00FC05FF,
0004F3FD,
0000F9FC,
00F202F3,
00FEF8FF,
0002FBFF,
0004FEFE,
00EAFE04,
00FEFA05,
0007F501,
00050D06,
00CEFB0B,
00FFFEF6,
0007E7FC,
00020605,
00E1F707,
00FC06F0,
00FEEFFB,
000AFD05,
00FAFF01,
00FFFAE9,
0000F9FC,
0003FB04,
00FC0102,
00F6FEEB,
00FD0BFF,
0000F9FD,
000EFE07,
00EFF7F0,
00010404,
0000FC03,
000201FE,
00F2FFEB,
00FF04FF,
00030601,
00030300,
00FD01F4,
00FFFFFD,
00030203,
00020103,
00010300,
00FE00FE,
00FEFE02,
0001FFFC,
00030003,
0001FFFB,
0001FB04,
00FE02FD,
000203FE,
000402FF,
000103FF,
00FDFCFF,
00FEFF05,
00FF02FF,
0002FFFE,
00FF0401,
00FAFE03,
00010400,
00FFFF00,
000002FD,
00000404,
000703FF,
00000400,
0001FE00,
00040103,
00FE0200,
0005FD02,
0000FEFE,
00FE0104,
00FF0701,
000101FF,
00000000,
00FFFEFE,
0000FE04,
00FE0200,
00FAFC00,
00FF0700,
00FAFA02,
0002FDFF,
00FEFD00,
00FC0302,
00FF05FF,
00FFFFFE,
00FF0102,
00030402,
000101FE,
0003FE02,
00FFFD03,
0001FE02,
00FF02FD,
00010703,
00FFF800,
00FFFDFF,
00FA0703,
00050600,
0001FEFB,
00FD02FF,
00FCFF00,
0003F802,
000708FD,
000101FE,
0001FFFC,
00FC01FF,
000CFFF7,
00FD0302,
00010001,
00FEFEFE,
000E06F8,
00000400,
00FEF9FB,
00FD0303,
00F70C01,
0001FB00,
00FF0502,
0003FCFC,
00FC09F7,
00FA0203,
0000FFFF,
00FFF8FB,
00FD06E8,
00F9FF03,
00FDF701,
00FDF6FD,
000306F2,
0006FFFF,
00FBF803,
00FEFAFF,
00FD04F2,
00F1F1FF,
00FB08FD,
00FEF002,
00E209FD,
0001FA00,
00FDFBF8,
00000306,
00D50606,
00FBF6F4,
0005F504,
00FF0904,
00DDFD09,
000300FA,
0002FFF7,
00030B04,
00FFFF06,
0002F4F5,
000003F9,
00070C01,
00FDFE05,
0002FBED,
00F4FCFA,
000C0A09,
00FC0105,
000402E6,
00F10704,
000AFE08,
00070208,
00F8FCE5,
00FFFBFB,
00FFFD07,
0009000A,
00F1FBE9,
00FE0300,
0000F800,
0003FA0D,
00FFFBF6,
00010100,
00FFFB01,
00FFFF06,
0001FBFF,
00FF0000,
00FDFB04,
00F61000,
00010101,
00010000,
00000901,
0000FC01,
00FEFC03,
000003FF,
00050101,
00FFFA03,
0000FE03,
0003FF00,
000201FF,
00FF0101,
00FCFD03,
000201FD,
0000F900,
00030303,
00FD0303,
00FFFCFC,
00FB0700,
00020302,
00FEFB00,
00FC03FB,
00050303,
00030201,
00FD08FB,
0000F9FE,
000000FE,
00010202,
00FEFB03,
0002FC04,
0002FE01,
000102FF,
0006FD03,
00FE0BF9,
0003FAFF,
0000FF00,
0002FD00,
00FF0304,
00FFFFFF,
0000FDFF,
00030104,
000604FF,
00FF0305,
00020204,
0001FC02,
00FC0504,
00000201,
00FEFDFD,
0002FFFE,
00020700,
0003FA03,
00FBF8FC,
0003FFFF,
00FF03FC,
00000201,
000006FB,
00FFFBFD,
00FF01FE,
00020C00,
00030DFF,
00FEFBFE,
0003FD05,
00FF00FE,
00FC06FE,
000006FE,
00FC01FB,
000601FF,
00040801,
00F8FF00,
00F90200,
000309F8,
00FB0DFC,
0008FD03,
00FDF8FE,
000605F7,
00FE0FFE,
000AFF00,
00F6FA00,
00FE00FB,
000E0FFE,
00F303F5,
0000F9FC,
000100FA,
000F06FC,
00F50DF2,
00FA1202,
000006FE,
00FE0102,
000B04F8,
000306FF,
000205FE,
0003F606,
00FFFC05,
00F806F9,
000408FF,
0001FB05,
0004FC0F,
00F208FE,
00000204,
000AFC04,
0007FA03,
00F61701,
00FC070A,
00FD0207,
000905F6,
000306FE,
00080607,
00FC0504,
000708EF,
00F40705,
0008FD0B,
00060108,
00F401E9,
00FF15F8,
00FCF503,
000A050C,
000706F2,
00050FFF,
00F90303,
00F5050E,
0002F5F7,
000003FD,
00010402,
00F60400,
00FBF9FE,
00FF0300,
00000601,
00FE00FC,
0006FBFE,
00FDFE02,
000105FC,
00070200,
00000001,
000100FE,
00000002,
0000FC02,
0004FC03,
000401FF,
000600FF,
00000002,
00FE0001,
000100F9,
00020300,
0007FCFF,
000205FF,
00FDFFFE,
00FB03FE,
0005F700,
0001FAFD,
00FD0301,
00040002,
0008FBFF,
000201FE,
0002FE00,
00FF0302,
00030004,
00FDFAFE,
00FF0104,
0004FFFE,
00FCFF02,
00F90805,
0005FAFF,
00FFFD01,
0000FD01,
00F904FF,
00030202,
0000FBFD,
00020002,
0000FD01,
00080A03,
00010300,
00090402,
00FF0202,
00030503,
00F70204,
00060301,
000001FF,
000104FF,
00FD0003,
00F7FAFA,
00000700,
00FC0300,
00030304,
00DC02F6,
00040501,
00FAFC02,
00FA0A00,
00FCF4F9,
0000FEFC,
0000FB01,
00FF0D01,
00FDFDF8,
00F708FF,
0001FDFE,
00030AFF,
0003FEFC,
00000BF8,
00FFF701,
00090FF9,
00070703,
0012F3F6,
00020102,
000507FA,
00F90202,
00FBF5EF,
000DFAFF,
00FAFFFD,
00FF0802,
00F603F1,
000105FB,
00FC0600,
00000402,
00F3FCF4,
00020602,
00F80700,
00030202,
00E900FD,
00E8020A,
00040300,
0004FB06,
00F2FAFF,
00F90604,
00FC0000,
00F90003,
00FC000D,
00F20504,
00FBF805,
00FC0501,
00F7090E,
00FE0BFF,
00F8FE05,
00FF00FD,
00031003,
00F91007,
00FA0D07,
0001FEFF,
00FFFFE4,
00011202,
00FD0204,
0003F902,
001306F2,
00F7F507,
00EB0104,
0000FF09,
000A0A00,
0001FE01,
00F10600,
00F4070B,
00FCFBFB,
0000FCFC,
00FD0400,
00EE0605,
00FFFD00,
00FF0101,
00FD00FE,
00FC0502,
0006FC00,
00FFFE00,
00020600,
000700FE,
00FCFF05,
0001FEFE,
0002FC02,
000BFC00,
00060001,
00FEFFFF,
0005FC03,
000600FD,
00FD0003,
00FDFA01,
00FF0000,
0008FF02,
0001FA02,
00FEFD00,
00FE00FE,
00070201,
00FE07FE,
00FE0500,
00010304,
0009FDFD,
000001FE,
0002FE03,
000002FF,
00FBFA04,
00FE0201,
00FFFD00,
000101FE,
00F900FB,
0006FE00,
0003FFFF,
000001FE,
00FEFD01,
00FF0003,
00050303,
00FEFDFF,
00020603,
00FDFDFE,
00FB0207,
00FD02FE,
00010705,
00FFFBFF,
00040504,
00FF06FF,
0001FD00,
000107FF,
00FF0301,
00F901FD,
00EFF800,
000310FC,
000102FF,
00FA0703,
00FB0300,
000203FF,
000104FD,
00FA0504,
0008FBF2,
0005FBFE,
00FEF1FE,
00000300,
00FCFDFA,
00FC08F9,
00F700FE,
00010402,
00FEFCFB,
000CFDF2,
00FC06FF,
000305FE,
000502FD,
00FBFAF8,
00FAFA01,
000203FE,
00F9FF00,
00E5FDF8,
00F70C02,
00FF06FB,
00F50300,
00E7FAF3,
00F20201,
00FC07FE,
00FF06FF,
00E9FBF9,
00FBFE09,
00FFFFFD,
00FFFE04,
00CEFDFA,
00EA020D,
00050403,
0003FB06,
00E5F800,
00E60606,
00000D02,
000601FE,
00030007,
00FD0604,
00F80908,
00FF0FFE,
0002F905,
00030604,
00F8FE05,
00FC09FF,
00EA1103,
00040304,
00F80602,
00FE0800,
00F8FBF1,
00FD150B,
00F90804,
00000201,
0011F6F6,
00F31902,
00EC0004,
00FE0303,
00FD0CFE,
0009F3FE,
00F5FDFB,
00F70603,
000E03FF,
0006F7FC,
00F80500,
00F60707,
000701FF,
00FAFC00,
00020500,
00FC0206,
00FFFD05,
0005FDFF,
0002FE04,
0004FFFF,
0004F905,
0007FC02,
00040103,
00030400,
000800FD,
0000FB01,
00FC0001,
0001F800,
00040203,
00010001,
00030402,
0007FCFF,
00FEFC03,
00FDFE00,
00010300,
0002FDFD,
00000802,
00FFFBFD,
00000603,
000602FE,
000104FC,
00FFF903,
0001FF00,
0003FEFD,
0002FFFF,
0000FF03,
000204FE,
00FCF403,
0001FC01,
00030201,
0000FAFE,
00FDFC00,
00020AFF,
0000FD04,
000105FD,
0003FDFF,
00020000,
00080306,
000101FF,
0007FDFD,
00FE0100,
00FD0001,
00FFFBFE,
00F402FF,
00FE00FC,
00FAFE01,
00F9FEFE,
00FEFD00,
00F90400,
00FD05FF,
00FFFB04,
00F6FEF3,
00010B01,
0003F4FE,
0001F903,
0003F9F1,
00070AFB,
0009F8FE,
00FDF704,
00FE01F8,
00040BF3,
00FEFBFE,
000001FF,
00FD07F9,
0004F7ED,
00FB0004,
00020104,
000406FA,
00EEF6F1,
00FE05FF,
00060803,
000004FB,
00CDFEF4,
000D1EFF,
00F61101,
00FFF900,
00D2FAF8,
00D603F9,
00FC00FE,
00F90503,
00AAFCF8,
00FC030F,
0002E701,
00FD0803,
00C8F0FD,
00E7060A,
000F0602,
000BF800,
00CEFBFF,
00F40A05,
00020104,
0002F705,
00EE0C07,
00FF0707,
00F9FD09,
00F60506,
00F80A0C,
00FF0706,
00F9FF04,
00FE0903,
00000307,
00FFFE05,
00F90402,
00FF07FD,
00F10609,
0006060B,
00FD0605,
0000FDFD,
000EFE05,
00051814,
00FC0201,
0000FD02,
00EA0905,
0012FD06,
00FAFEFC,
00FDFD03,
00ED0808,
0006FF03,
00FE00FB,
0000FA04,
00E50408,
0008F903,
00050200,
00FFF902,
00F20006,
0000FC05,
00070301,
00050000,
00FD01FC,
0004FF00,
00FE0301,
000107FC,
0004FE02,
00030401,
00FCFD01,
0008F8FF,
0003F702,
00000000,
00FD02FF,
00FCFF01,
00FEFC01,
000000FF,
000100FE,
0005FA00,
00FF0104,
00010004,
00030405,
000005FE,
00FF01FD,
0002FF02,
00010200,
00FF0300,
00FFFE00,
0000FCFE,
000102FC,
0001FD07,
0000FD01,
00FFFDFE,
0000FEFB,
00010502,
00FEFE05,
000005FC,
0004FAFA,
00FC04FE,
00FF0401,
00F9FF00,
000E09FF,
000101FF,
00FFF800,
00FF00FF,
00020C01,
000403FE,
000208FF,
00FAFB02,
00020100,
00FE01FD,
00FCF503,
000101FE,
00F8FF02,
00FDFEFB,
0000F602,
000AF802,
00F9FC06,
0003FBF7,
0001FAFA,
00FAF2FE,
00FD0606,
000002FA,
0002FDF6,
00F307FD,
00070A04,
000102F8,
00FDF3F2,
00F001F9,
00030807,
000300F8,
00DFF4E9,
00FCE8F9,
0002F603,
0000FFFF,
00C1F8F4,
000BF70A,
00FAEFFD,
00FF0A03,
00DBF7F5,
00B00F04,
00FDF1FC,
00F90DFF,
00D0F6F2,
00CD080B,
000EF8F5,
00F70901,
00D6F7F9,
00EF070E,
000C0BFC,
0001E7F9,
00FAF007,
00F6050A,
00030C01,
00F9DEF9,
00F00409,
00FD0607,
00030103,
00F2F0FF,
00FF0108,
00FD0406,
00FF0204,
00FB050B,
00001305,
00FF0304,
00030102,
00F50105,
00FC08FF,
00050306,
00020405,
00030301,
00170000,
00070914,
00010200,
00030102,
00D5FC00,
00FF1101,
0001F600,
0002FF03,
000D0806,
00020502,
00FAFCFE,
0002FC06,
00000403,
00020609,
000903FC,
0004FD04,
00090102,
00060501,
00070103,
0004FA02,
00FF03FE,
000D0101,
00FE05FE,
000AFD01,
00020100,
0006FF03,
00FB00FF,
000E06FE,
00FFFBFF,
000504FD,
00FEFD00,
00EC0400,
00FFFC00,
000602FA,
00FEFF02,
00B9FD00,
00FEFB03,
00040401,
00050504,
00D30301,
000500FE,
00000102,
0000FE02,
00FD0205,
00030300,
00FF0004,
0001FE00,
00FCFF00,
00FC0301,
000103FD,
0002FF00,
0003FCFD,
00040002,
00FFFDFD,
0001F2FC,
000200FD,
0002FC05,
0002FC01,
000405F7,
000503FE,
000000FC,
000501FF,
00030504,
000303FC,
00FCFF04,
00F80401,
00F7F804,
00FA00FD,
00FF01FF,
00FCFAFE,
00F5EF03,
000105FD,
00FEFA06,
0006F9FF,
00F3EF0A,
00FEFEFA,
00010206,
00F5F600,
00F4FF06,
00FC00FD,
00FCEFFC,
00E5EFFE,
0008FE04,
00F601FD,
00EFF5F1,
00E5F8F9,
00FAEE04,
00FFFAFD,
00E9F0EB,
00EA03F5,
00FFE703,
00000706,
008EEFF0,
00EC1914,
0005EDFD,
00FD100A,
00A4FAF0,
00C5090B,
0000FE00,
00020407,
00A7F4F3,
00F30815,
0009FDF7,
00FCF908,
00C900F9,
00F3FA0D,
00100CF2,
000ADAFD,
00F80502,
00FBFE0D,
000107FE,
000FCCF7,
00F70807,
00FE0109,
00FE0607,
00F0E4ED,
00FD1106,
00FEFE07,
00FD0906,
00DDFB00,
00020C06,
0000FA06,
00090001,
00FD040C,
00110000,
0001FC04,
0006F1FF,
0006F907,
0021FEFA,
0005F811,
0002F7FE,
00030004,
0008FEFD,
00F11E08,
00030000,
0003FF04,
00FCFBFF,
00FC060B,
000300FE,
0002FC04,
00020003,
00FA0204,
00050500,
00000305,
00FA0500,
00F60103,
000602FF,
0004F704,
00F606FF,
0008FF06,
00FC02FD,
000502FF,
00FE0700,
0008FEFE,
00F5FEFE,
000B0CFB,
00FF0001,
0003FC01,
00FDF800,
00F00202,
00F9F9FE,
0004FEFE,
00FFFCFD,
00D601FD,
00F9FF02,
000601FF,
00050404,
00EA0300,
000200FE,
0004FFFC,
00FFFC03,
000406FF,
000105FF,
000103FA,
00FFFF00,
0004FCFE,
00FEFE03,
00FFFC08,
00040301,
00010000,
00000300,
00FEFEFD,
00FF0000,
00FFFEFE,
00FDF300,
00F90103,
0006FFFC,
00000300,
0001FE00,
0002FD02,
00FD05FF,
00FE0200,
00FEF503,
00F7F8FD,
0004FF07,
00F90300,
00FCEF00,
00F3F8FF,
00F2F506,
00FF05FD,
00FFFA03,
00EC01FD,
00F6F204,
000203FA,
0002F202,
00D4F008,
00FEF901,
000705FE,
0008FAF1,
00E309FE,
00F2F8FF,
00000303,
00E9FFF2,
00E8E4F9,
00F90604,
000D0C03,
00DDF8EC,
00D804FC,
00F8FE04,
00070009,
00C0E4E8,
00F01018,
0002FDFA,
0000F40A,
00C1EFEC,
00DD0716,
000102F9,
00FFF106,
00A0F5F5,
00DEEE17,
000407FF,
00FBF604,
00CDFC03,
00F4F812,
000205F6,
00FEFAFB,
00F01503,
00F70410,
00FF1BF6,
0009FFFA,
00F51D06,
00FEFB0A,
00F50F02,
000305EE,
00040904,
00FDF609,
00010806,
00DCFCEE,
0014E307,
00FEF506,
0007F706,
00FBF90D,
0015D2F6,
00FFF70A,
0001F3FD,
00040205,
00FBFFFC,
0001FF0F,
000705FD,
00FF0103,
00FFFF0A,
0016FB07,
000404FF,
0001FF04,
00ED0305,
00090505,
000AFF00,
00FDFF04,
000C0401,
00140806,
000AF3FE,
00FAFD05,
00EA0A01,
00EBF905,
000501FD,
00020004,
00FA04FF,
00E8FE03,
00FEFFFF,
000A00FF,
00FE05FE,
00D8FFFF,
00FE0101,
001E0207,
00FC0300,
00F8FFFE,
00FDFDFF,
00F4FB06,
00FE0000,
0005FFFE,
00FBFFFF,
00F703FE,
00FDFCFD,
0002FF01,
0002FF03,
00FB0803,
000304FD,
0001FF01,
00FF0201,
000506FF,
0002FFFE,
00FC0001,
00FEFD00,
00FF00FE,
0000FB02,
00FE0302,
000501FF,
00000000,
00FEFE04,
00FF0002,
00FE02FF,
0002FE00,
0005F803,
00FFFC04,
0005FA00,
0001FE05,
00F0FA06,
0003FAFD,
000102FF,
00040307,
00F3F400,
00FC0100,
00000607,
00FFFD04,
00F7FC00,
000EFEFC,
00FA0704,
00FFF7FE,
00EE09FF,
00FD0805,
00F50303,
0005FCFB,
00F800FB,
00110807,
00FDF602,
000301FE,
00F5FEF6,
00050202,
00F0F300,
00030104,
00FE05EC,
00E7FFFF,
00FA0403,
000A0906,
00FFF8EE,
00E91BFF,
0001F900,
0009EE06,
00F3F9EB,
00F20AFE,
000206FD,
0005F107,
00E3FFE7,
0002070E,
000102FB,
00F9F405,
00D205EC,
00F3EF11,
00060000,
00FEF901,
00F0FFFF,
0008F80C,
000709FE,
00FFF8FB,
00F60F02,
00FCFA0F,
000A1700,
0005FBFD,
00FAF704,
00FEEF0B,
00070D0A,
000009FB,
00060105,
00FBF508,
0006FC08,
00EB09FC,
0019CA03,
0000F208,
0004EF00,
00FAF5FE,
000BF1F9,
00FEF808,
0006FCFB,
0007F8FE,
00E2F904,
0004F70F,
0005F9FC,
00FD0208,
00EDFA04,
00FCFB04,
000F0804,
0000FE02,
00F50002,
00120501,
000D0A00,
0001FC02,
00030605,
000D01FD,
000B0AFD,
00FFFD04,
00000400,
0004FB04,
000503FF,
00FD0002,
00020104,
00EE0801,
00FF0300,
0005FF06,
00000002,
00D904FC,
00FB0302,
00060007,
00FE0400,
00FAFFFC,
00FBFF02,
00FEFC07,
00FCFF06,
000201FE,
00FEFDFE,
00F30308,
00FDFF01,
00FF0002,
00000005,
0003FD01,
00FF01FF,
00FFFB00,
00000000,
0000FF02,
000003FC,
00FF07FE,
00000001,
00FDFE00,
00FFF9F9,
00FF0301,
00020200,
00000301,
0001F4FF,
0000FD02,
00FFFFFF,
0000FAFF,
00030203,
0000FB03,
00020202,
00000003,
000102FD,
00FF0000,
00000506,
00010107,
00F0FBFC,
0000F902,
0006FFFF,
00FDFF06,
00FFFA03,
000300FF,
00FB0B02,
00FEFC00,
0003FF00,
00030206,
00010D04,
00FEFA00,
00FC08FE,
0008F007,
00FBFDFF,
0002FDFD,
00F200FB,
000E020A,
00FCFB01,
0004FAFB,
00FD0CEB,
00EC0C12,
00FC0300,
000A01FF,
00F8FEF3,
00FF0303,
00FEFEFF,
0007F706,
00F9FEEE,
00F5F902,
00FE05FE,
0003FC06,
00F408F3,
0003F70E,
00020600,
00FAF9FE,
0002FEFA,
00FAF801,
0003FBFF,
000000FD,
000F0601,
00DFFF12,
0002FE01,
0003FDFA,
0004FC07,
000B020D,
0008FA06,
00FE0C02,
00FE00FD,
00010009,
0016F601,
00F009F4,
0012F30C,
00FBFA07,
0009F402,
000705FA,
0019EF0F,
0000FF09,
0002F701,
000FFEF5,
00E8F2FB,
0000FA0B,
00FEFBFB,
00020103,
00F9F605,
00FFFB11,
000CF9F8,
0001F204,
0009F703,
0002FC02,
00090700,
00040106,
00F4FE06,
00030102,
0007F504,
000A0201,
00F30702,
000801FF,
00040604,
0009F9FE,
00FE0104,
00F50A01,
00FD0205,
0007FAFD,
00000100,
00F00801,
00FC0104,
00030302,
00000103,
00F403FC,
00FC0100,
00FE0707,
00FF0100,
00FBFAFE,
00FF0000,
00FFFF04,
00FFFC01,
00020200,
00FE04FC,
000003FC,
00FD0702,
000204FF,
00020303,
0004FCFE,
0002FFFE,
00FF0601,
0000FFFF,
0001FEFE,
0000FFFF,
00FD01FF,
0000FC00,
00FC0B02,
00FB0600,
00020703,
0001FBFF,
00FFFD00,
0004F703,
00000100,
00FDFE01,
00FE0200,
0000FBFD,
000000FE,
00FFFD02,
00FE00FF,
000303F9,
00FF0402,
0002FCFE,
00030106,
00FA0B00,
00FC0401,
000000FD,
00FC0003,
00F50204,
0001FB06,
00020402,
00F7F901,
00040400,
0001F608,
00FE0701,
00F901FF,
00FD02F8,
0007F808,
0004FC01,
0000FAF9,
00030DFE,
0012FC03,
0002FFFF,
000102F6,
0002FBFE,
000F120E,
00FAFA00,
000001F8,
0008FB06,
00091503,
0000FF01,
0003F9FD,
000703FD,
00190A02,
00010304,
00FDFBFC,
00030105,
00F9F405,
0005FF02,
00F400FA,
00061101,
00FD0000,
00FEFE01,
00F806FA,
000404FF,
0001F100,
0003EFFD,
00FD09FE,
00FDF103,
00FBF80B,
0003F008,
00F811FF,
00FF03FB,
000BFD0B,
0003E2FE,
00EF02FB,
00F70205,
00FDEF0A,
0000EEFE,
00FE03F7,
00120CF4,
0009F309,
00FAFD00,
000B00F8,
0002FCFF,
0002F506,
00FD01FD,
0006020A,
000BFDEC,
0000FE02,
00FF00F9,
0010FF09,
00FDF902,
000500FE,
000000F8,
0004F803,
00FAF505,
0002FF02,
00060BFC,
0007FB00,
00FFF901,
0004FB03,
00F70705,
0006FAFC,
00FEFD01,
00FE0001,
00020504,
0004FFFB,
0004FC00,
00F904FC,
00010005,
000304FE,
0003FD00,
00F300FD,
00FE0002,
00F8FFFE,
000000FE,
00000101,
00FF01FF,
0002FDFE,
0001FFFD,
00FCFE02,
000302FF,
00FFFF00,
00000103,
00FF0403,
00040104,
00FF0201,
00F8FE06,
0001FEFE,
000102FF,
0004F8FA,
0001FFFE,
0000FEFE,
0001FF00,
0003FE00,
00FE09FC,
00FEFF01,
00020502,
000100FF,
00010000,
0002FD00,
00FFFF04,
0000FFFF,
00FF03FF,
00010101,
0000FF03,
00010402,
0004F9FC,
00000204,
00FEFB00,
0003F901,
00F40BFA,
00FEFAFF,
0009FBFA,
00FEFD06,
00040506,
0003FD02,
000601FC,
00FCFE02,
00070501,
0005FB04,
00FDFE03,
00FBFBFE,
00080302,
0001FE03,
00FF0000,
00FCFDFE,
000206FE,
000CFB06,
000005FF,
00F9FC00,
00FD0404,
00060514,
0003FB01,
00FA04F4,
00FAF503,
00041C04,
0008FE00,
00FB00FD,
00FFFA01,
0002FD08,
00FF0706,
00F703FC,
00FCEE00,
0006FF02,
00010802,
00F70D00,
0003FA06,
00F91004,
00FDFD02,
00FA0AFE,
0008EF04,
00020204,
0005F2FF,
00010708,
00FC10FD,
00F5ED09,
0001EEFA,
000AFA01,
00FE09FC,
0000F608,
0000F3FD,
00F2F7F8,
00EB0D04,
00F8F00B,
00FFFCFD,
00F709FB,
00FE0003,
00F9E9FF,
00FDFDF8,
00FF11FE,
000302FA,
00FFFA08,
00F809F5,
00000203,
0004FDFF,
00030000,
00FA02F3,
0013F901,
00FB08FC,
00040205,
000003FA,
0002FB02,
00FAFE04,
0003FE04,
00FA0BFC,
0005F301,
00FDFCFF,
0005FC02,
00FF0103,
0007F3F4,
00FFFCFE,
00FFFC01,
00FF0503,
0004F8F5,
0002FFFE,
00FA0000,
0001FE01,
0002FEFB,
00030100,
00FB01FA,
0000FF01,
00F7FB03,
00010200,
00FCF6FD,
000001FF,
0000FF00,
0001FCFE,
00010706,
000100FD,
00FE03FC,
0000FBFC,
000001FE,
00060205,
00FCFE02,
000300FF,
00010203,
00FF04FF,
00FEFEFF,
0000FB00,
00F90600,
00020202,
00000502,
00FDFF02,
00010302,
0002FE00,
00FF0302,
00FF03FC,
00FFFD02,
0001FEFF,
00FFFC01,
00010503,
00FFFB04,
0003FB01,
000100FE,
00FDF7FB,
0000FE01,
00FDFCFF,
00FEFF00,
00F705FE,
0000FB01,
00FBFEFD,
0000FE00,
0011FC02,
0005FE08,
00FF01FC,
00FEFA01,
0004F801,
00FDF602,
00F7FEFC,
00F80201,
0006F9FE,
0002F800,
0000FF02,
00F6FE00,
0004FDFE,
0007F1FC,
00FEFA01,
00E004FF,
0006FB05,
00F30D07,
0007F802,
00F507F7,
0004E900,
00F70501,
0000FF05,
00FC06FA,
00FD00FB,
00FD0005,
00FC1007,
00000C01,
0002060C,
000B05F8,
00F80C03,
00F71004,
00FBF001,
00F8F8FB,
00FBFA02,
00F60700,
0006F901,
00FEFEFE,
0002F0FA,
00060005,
00F701FE,
0021FBFA,
000AF6F6,
000EFF0B,
00FEFBF6,
000BF8FF,
0004FFFC,
0012F105,
0005FC02,
00FEE810,
0002F8FC,
00F9000C,
00FEFA00,
00F505FD,
00FE08FA,
00FDF602,
000204FC,
00FA0606,
00F104F7,
0003F9FD,
00FC06F5,
000704F7,
00FB03F6,
0003FD02,
00F807F8,
0005FDFE,
00FC04FC,
0000FFFE,
0000FE01,
00010001,
00F80102,
00F9F203,
00FD03FE,
00000004,
00010102,
00FA02FB,
00FF0101,
00000000,
00FEFD03,
00FE07F6,
0000FFFD,
0001FDFD,
00FFFC00,
00FDFC03,
00020000,
0001FB01,
00FFFF00,
0003F905,
0004FBFE,
000407FE,
000000FF,
00020100,
0002FC00,
0000FEFF,
00FD0402,
000303FE,
00FF0300,
00FF0102,
0007FF03,
00FF0104,
00FE01FF,
0000F905,
00FF0002,
00FEFE02,
000204FD,
00FF04FE,
0000FE00,
0001FE05,
00FA04FD,
0007FC02,
00020200,
00FF02FF,
00030600,
00FFFA03,
00000201,
00FE0300,
0000FE07,
00020002,
00FF0800,
000000FE,
000AFD00,
0001FF00,
00FFFBFF,
0000FBFF,
0002F8FC,
00FF0200,
000005FE,
00FD02FF,
00010003,
0002FD02,
000103FB,
00FC0002,
0003FBFE,
00F8FD01,
00FF0AF7,
00FCFD03,
0005FD00,
00FD0703,
00F7F908,
00EFF802,
0001FF04,
000009F9,
0000F4FE,
00E20807,
00040CFF,
00F90107,
0003F3FA,
00F907FA,
00FE0CF6,
00FFF707,
0009FCFF,
000510FE,
0002FF00,
0001FD01,
00FCFE03,
00060900,
000BEC01,
00FDFC00,
00F70304,
00FD06FB,
0000F502,
0001EDF8,
00FBFFFF,
00FB01FD,
0000EC05,
00F40400,
000C02F9,
00FFF6FB,
0011FBF6,
0011F9FA,
0006F2F8,
0003FCF2,
00FAFAF8,
00100B06,
000609F9,
0014F800,
00FDFDFC,
0007FD01,
000603FD,
0008F20C,
00FDFCFA,
00FE13FB,
00030702,
0004F50F,
000000FA,
000A00FC,
00FB0F00,
00FDFC0A,
00FD05FB,
0010FAFC,
00FF04FF,
001004FD,
00FF06FD,
000603FF,
0001FF01,
00FF0401,
00010500,
0001FDFE,
0003FF00,
00FCFC02,
00FF0201,
0003FF00,
00FDFBFF,
000103FF,
00010201,
00FF07FF,
0001FD00,
00FC0202,
0000FFFF,
00FFF6FC,
00FF0101,
0001FB05,
00FE04FE,
00F70804,
0002FDFE,
000103FD,
00FF0102,
0000FBFC,
00020400,
00FD08FF,
00FFFB04,
00FEFF02,
0001FFFF,
0000FF00,
00020000,
0003FF03,
00060302,
0000FB02,
0001FCFF,
0001FF00,
0000FD01,
00FEFF05,
00020200,
000403FA,
00FFFF00,
0003FC04,
00FAFEFF,
000103FF,
0003FDFF,
00FE0500,
00FF0005,
0005F9FF,
00010001,
0002FFFF,
000604FB,
0001FCFF,
00FF0302,
0003FBFF,
00040BFA,
000201FF,
00FBFC01,
00010001,
0002FB04,
0000FEFF,
00000300,
0000FE01,
0001F906,
00FFFC00,
000208FD,
0006FF02,
00FEFA03,
00FEFF03,
000009FD,
0001FA00,
00FE0600,
00FEFDFF,
00F8F602,
00F90602,
00FE0605,
0002FEFE,
00FEFCFF,
00F40805,
0000F8FF,
00F5FD01,
000204FC,
0000050A,
00F9FA08,
0000F9FF,
0001FAF7,
00070CFF,
0002FB0C,
0002FAFD,
00FFFC02,
00080D05,
000BF2FF,
0000F403,
00FD0007,
000108FE,
00FE03FB,
0003FBFD,
00FEFE04,
00FE08FE,
000DF809,
00F907FB,
00030301,
0003FCFE,
0006EDF5,
0005FCFC,
0002FFF9,
00FF01F9,
0001FBF6,
0007050B,
00FD18FA,
001105FE,
00030700,
00060206,
000005FF,
0021EA02,
00020000,
00FD11FF,
0000FE03,
000BF6FB,
00FFFF00,
000405FE,
00FD0703,
00F9F70C,
00FDFE04,
000200F9,
00FB0302,
00F2FC05,
00FF0205,
000205FF,
0000FBFF,
00F90505,
00010000,
00050100,
0001FA00,
00FDFEFD,
00FE00FF,
00020500,
0001FEFF,
00FFFEFB,
0000FE01,
0000F301,
0002FFFF,
00020705,
00FDFF00,
00FE0002,
00FEFE00,
00FDFF01,
00FDFDFB,
0001FBFB,
000103FE,
00FF0000,
000204FF,
00F90000,
0001FDFF,
000200FF,
000101FD,
00000102,
00010100,
00FEFDFE,
00000901,
00FDFE00,
00020103,
00FDFF00,
00FEFD01,
00010301,
00030000,
00000503,
0002FC01,
00FF04F9,
00FE02FF,
000208FF,
00FEFBFC,
000101FB,
00FF0201,
00FEFEFF,
0001FF03,
00FFF703,
00FFFD02,
00020401,
00041400,
00FEFF03,
00000000,
00010200,
00010CFA,
00FFFE01,
00FEFE01,
000003FF,
00FC0DFD,
0001FBFE,
00000100,
00000202,
00020100,
00FEFC00,
000203FF,
0000F7FF,
000201FF,
00FDFF02,
00FEFF01,
0000FA01,
00FDF402,
00FE01FF,
0002F8FD,
00000702,
00FCF606,
00FFFEFD,
00FFFFFF,
00000404,
0006F002,
0005FBFC,
0005FBFE,
00010200,
00FFF903,
0001F4FD,
0004FDFC,
000005FC,
0001F206,
00FEFF00,
00FF0402,
00030901,
000300FE,
00FF0301,
0001FA05,
000102F9,
0007FC03,
0004FE05,
0004FDFF,
00050300,
00FCFBFF,
0004F003,
000301FE,
00FD0000,
00FCF1EB,
0001FD0A,
00FF09FA,
00FA00F8,
000602F3,
00F80101,
000201FD,
00F9FFF7,
0001F7FE,
00FBF105,
00FF0405,
000CF400,
0000FDFF,
00061100,
00FEFF03,
00E7FEFD,
0000F700,
00000FFA,
00000601,
00F8F207,
00FFFC03,
00FF05FA,
00000302,
000AFA05,
00FEFF01,
00FF04FF,
00FE0101,
000004FE,
000200FF,
000104FD,
00FFFCFD,
000007FF,
00FD0101,
0007FCFC,
00FF02FE,
00000500,
000102FF,
00FE06FF,
0001FEFE,
0000FC02,
00F901FF,
00FC0804,
000106FF,
00FFFF03,
00F70301,
00FFF802,
00000200,
00000001,
00FE01FF,
000E01F5,
00020001,
00010101,
00FEFFFF,
00FDF805,
0004FD00,
00FFFDFC,
0003FE00,
00FF02FE,
00040203,
0003FAFF,
00FF0003,
00FFFEFF,
00FF0300,
00020501,
00010AFE,
00030202,
00FDFCFF,
000400FE,
00FAF2FF,
00FEF900,
0001FF01,
00FE0201,
00FC04FD,
00FFFD07,
00000002,
00FEFD01,
00FA0502,
0000FDFF,
00FFFC01,
00000101,
000405FE,
00F2F804,
00010000,
00010001,
00FEFBFB,
00F8FFFE,
00010400,
0001FCFD,
00060500,
00FDFDFE,
000201FF,
0001FE02,
0002FCF9,
00010302,
0000FD01,
0000FB00,
0001F901,
00030202,
00FCFCFF,
0004FDFE,
000806FC,
00000105,
0001F802,
00010300,
00FDF702,
0001F8FC,
0006FDFF,
00010001,
0007F000,
000201F9,
00FE0501,
00FFFD00,
0002FD07,
000A11F9,
000002FE,
000101FF,
0005F20D,
00000802,
00FFFC03,
00FF05FD,
00000A07,
00FEFB04,
000102FD,
000301FE,
00FEFBFD,
0000F304,
0001FFFF,
00FB0806,
000006F1,
00FD00FE,
00FE0603,
00F7FFFD,
000307F6,
00FDFF03,
0001FD01,
00FEFDFF,
000206FE,
00FCF000,
00FD0301,
0009FB06,
000000FF,
000901FF,
00000201,
0005F7FC,
00040201,
00000CFC,
00FE0202,
0004FC03,
00FE0000,
00FDFDFD,
00010101,
00000006,
00040101,
0001F902,
0002F800,
00FDFE02,
0000FD00,
00FE0502,
00FFFBFE,
00FF0202,
0002FC03,
00FFFCFF,
0001FCFF,
00FFFF00,
000402FA,
00030E00,
000003FE,
00010301,
000108FF,
0002F500,
000104FE,
00000001,
00FDFA01,
0007F9FB,
00FE0303,
00FF0101,
0000FF04,
00F808FE,
00020200,
0000FEFF,
00FD05FE,
000008FB,
00000302,
00FE0200,
00FFFBFF,
00FFFE03,
00040303,
000102FE,
00FFFC02,
0001FDFF,
00FF0501,
00F902FE,
00000001,
00000EFA,
00FF0000,
00FEF7FC,
0004FA00,
00000002,
00010202,
00010201,
00FFFDFF,
0001FE04,
0001FDFD,
00FD0300,
00070B08,
00F8FEFE,
0001FF00,
00FF01FF,
00000001,
000004F9,
0000FE00,
00FEFFFF,
00FB0306,
00010002,
00010100,
00FFFCFF,
00FF0AFF,
000402FF,
00000101,
000102FE,
00FFFC04,
00FD0000,
00FF0002,
0001FEFE,
00FEF8FB,
00FCFEFF,
00FF00FE,
0001FFFF,
00FD05FA,
00FE0402,
0004FEFE,
00FF0300,
0001E500,
0003FF00,
00FFFFFF,
00FE0002,
00FD0DFC,
000002FD,
00FFFFFE,
0002FFFE,
00060DFB,
00FB0509,
0001FDFE,
000402FD,
00FE0705,
0002F502,
00000701,
0001FFFD,
00050301,
00FFFCFC,
0004FBFF,
0000FD01,
00F30100,
00FF09FF,
0000FD02,
00FFFF00,
00FB01F8,
0003F908,
0001FD02,
0000FCFF,
000202FC,
000006FD,
00FFFE01,
00FE0000,
00FE07FC,
00FD0901,
00FF02FC,
000102FF,
00FA05FF,
00FD0002,
00020401,
00FDFDFE,
00FE04FD,
000500FD,
00FE0302,
00FCFE04,
0001FFFC,
00FB0001,
0000FE00,
00010202,
0000FCFC,
00080501,
000103FF,
00000300,
0004FC03,
00FE0903,
000301FF,
0003FCFC,
00FD07FF,
00FF0C01,
0001FF00,
0001FE00,
00030102,
00030405,
00FEFCFE,
00010001,
00FDF700,
0001F900,
00FF0100,
00020000,
00FFF9FF,
00FCFCFA,
00FDFE02,
00FFFF01,
00000201,
00F90405,
00020001,
0001FE02,
0000FFFF,
00000000,
00FFFE02,
000001FC,
0000F9FE,
00000300,
00030002,
00FDFFFC,
0001FC01,
00010000,
00FE0202,
000201FF,
000301FE,
00FB07FF,
00FF02FF,
0000FCFD,
0006FDFE,
00FEFAFE,
000101FF,
00010100,
00050802,
000000FF,
0003FFFF,
00000002,
00FE0700,
00FC0CFC,
0005FBFF,
0002FF00,
0002FA08,
00FC0602,
00000202,
00FF0100,
0000FCFA,
000300FB,
00010000,
00000101,
00FC0A05,
00FFFB04,
0003FB01,
00FDFE01,
0000F807,
000006FE,
00FF0201,
00FE0201,
00FF0001,
00010004,
000205FF,
00FE0400,
00FF02FF,
000101FF,
00FF0000,
00FD03FF,
00040701,
00030102,
000000FD,
00FF0400,
00FE0402,
00FC02FD,
00FF03FF,
000001FF,
0008FE00,
000107FD,
00010203,
000001FF,
00FE0305,
0000F502,
0001FF03,
0001FDFD,
0002FE03,
00FAF8FE,
00FDFF02,
0001FC00,
0002F800,
0004FDFD,
0001FD00,
00FFFFFF,
00010001,
00FDFDFC,
00FF0101,
00010100,
00FBFF00,
0000F9FC,
00FEFC00,
00020401,
00FA0D06,
0000F903,
00010100,
00000502,
00F80102,
0002F703,
00000001,
00FE00FE,
00FE1001,
000607F9,
00000602,
00FE0001,
00FB01FC,
00FDFA03,
00FF0600,
000200FD,
00070002,
00FEFA05,
000101FF,
00FD0300,
000300FE,
00FEFEFC,
00FEFF01,
00FE0100,
000400FD,
00FF03FE,
00FEFCFF,
00FEFFFF,
00FF05FC,
00010BFE,
0002FEFE,
00020201,
00060801,
00FCF205,
00010400,
00020202,
00000202,
00F807FE,
00FE00FE,
0004FB02,
000502FF,
00030005,
00FFFF01,
000100FF,
00FF0DFE,
00FFFCFF,
00FE0102,
00FF0500,
00FEF3FB,
000201FF,
00050102,
0000FE00,
000205FF,
00FD0005,
0000FF00,
00FE0200,
00FFFA03,
0008F3F6,
00FFFFFF,
00050001,
0006F8FC,
00FF02FC,
0002FD00,
00000001,
00FA0601,
00FEF602,
000203FF,
00FCFDFF,
00010803,
00F70102,
000105FF,
0002FFFF,
00FF01FF,
00F7F904,
00000202,
00000001,
0003FD01,
00FC05FC,
00FEFBFF,
00FE05FF,
00F9F2FE,
000C00FD,
00010202,
0003FEFE,
00000901,
00F7F7FF,
00FF05FF,
0000FEFF,
00020305,
0002F9FC,
00020101,
00000501,
00FBF905,
0004FDF9,
00FEFE02,
0000FB02,
00FD0803,
00FF0801,
0001FF00,
0002FC04,
000708F5,
000D05FA,
00FE02FF,
00020202,
00FD04FD,
00FA02FE,
0002FF00,
00000201,
00FEFD01,
0000FB01,
00FFFFFF,
00FF00FF,
00FEF6FF,
0004FDFF,
00FD0100,
00FE00FE,
00FE0A02,
000701F9,
00FDFF01,
00FF0000,
0005FCFC,
000505FC,
0000FCFD,
00010101,
00020803,
00040303,
00010001,
0003FDFE,
00010103,
00000202,
00FCFD00,
0001FF01,
00FF0004,
000404FA,
00FDFF01,
0000FD00,
00F7F902,
000100FA,
00000200,
000103FF,
00FF0300,
00F5FD03,
00030201,
00020200,
00F90800,
000207FC,
00FFFF01,
00FF00FE,
0006FFFF,
000005FA,
0000F8FF,
0002FB01,
00FEF2F9,
00F90302,
00FEFB00,
00010201,
00FC03F7,
00010104,
0000FDFF,
00FF00FF,
00FB0702,
0000F804,
00010000,
00FFFEFC,
00FF0005,
0001FC01,
00FD0002,
00000401,
00FE04FE,
00FF0601,
00FEFF00,
00FF02FC,
00FEF800,
0007F4FD,
000302FF,
0001FEFB,
00FF05FF,
00FFFE04,
00040203,
0000FE02,
00FEFC01,
00FEFF04,
00020501,
00FC0604,
00FFFF02,
00FEF4FF,
0001FFFF,
00FBFC01,
000006FF,
00020D07,
0003FEFF,
00FFFC00,
0000FC06,
0003FEFE,
000105FE,
0001FF00,
00FAF505,
0003FC00,
00020500,
000000FE,
00020703,
00090AFF,
00FEFC00,
00FF0000,
0001F7FE,
000105FD,
00FFFCFF,
00010001,
0000FBF8,
00FE01FE,
0000FF01,
0001FFFF,
00FF0604,
00000B00,
0000FF01,
0003FFFF,
00FA05FF,
0009F401,
0001FCFF,
00010300,
0008FAFD,
00000505,
00FEFEFF,
00FE0000,
00FAFF07,
00FCFF00,
00000003,
00FDFA00,
00010503,
00010105,
00030000,
0000FF02,
000706FB,
00F90601,
00010000,
00FDFE00,
00FE0001,
00FB0AFD,
00010400,
00FFFDFF,
00F8F605,
00FF1301,
0002FE01,
0000FEFF,
0000F404,
00FCFF04,
00FFFC00,
0000FFFF,
0004FCFF,
00FCFEFD,
00FF0100,
00000001,
00FE0207,
00FDFA04,
0000F8FD,
00000301,
000AFEFF,
000B0807,
0002FFFF,
00FD0402,
00FEFBFD,
00F8FB00,
00FFFEFE,
00FE00FE,
00F60404,
00F9ED04,
00010000,
0004FFFE,
00010001,
000AFEFF,
000000FF,
0000FEFF,
00FEFCFC,
00070103,
00FF0800,
0001FE01,
00060203,
00FA01FC,
00FDFD00,
00FE0402,
00050603,
00FAFE09,
00FF02FF,
00000300,
0000FF01,
00FB0702,
00FD0402,
00010001,
00FEFBF8,
00FF03FE,
00000202,
000302FE,
00040102,
000106FD,
00FE0300,
000100FF,
00FFF900,
00FEF5FF,
000100FF,
0000FE01,
00FE04FD,
0004F201,
00020000,
0000FCFD,
00FE0403,
000100FF,
00060104,
00000204,
00FE0903,
00FE0203,
00FF02FF,
0001FAFD,
0000FCFC,
0006FBFD,
0000FD00,
0001FE00,
00FD0005,
00020102,
0000FFFF,
0001FD01,
00F7F305,
00010008,
000203FE,
0001FCFE,
00FCF409,
00F80E01,
000102FE,
00030502,
0009EF03,
000911FF,
00010200,
00010602,
000504FF,
00F70B00,
00FDFFFF,
00010101,
00F302FF,
00010902,
00FF0101,
0001FD01,
0007FA00,
0002F300,
00010001,
0003FCFE,
0005FE00,
0000FC04,
0002FDFF,
0001FEFE,
00F7F507,
00040401,
00FE00FF,
00010101,
00FC0401,
0003060B,
000100FF,
00000000,
000102FB,
0007F4FE,
000200FF,
00FF02FF,
00F9FEFA,
00FF1103,
00FE0301,
00FF0202,
00FBF604,
00FAFBFE,
00FE0201,
00000100,
00FEFDF7,
000DEA05,
0000FF00,
00010400,
00FA07FD,
0009F4FF,
00020000,
00FF02FE,
0005F904,
00FF0204,
0002FDFD,
00FE0100,
0001FA00,
00FC0905,
0002FD00,
00FF0301,
00070403,
00FF0306,
00010201,
00000001,
000700FE,
000000FD,
000102FF,
00FFFE00,
00FCFB06,
0002E8FF,
00FEFFFD,
00000002,
00FD08F9,
000105F8,
00000101,
0000FF01,
000A0108,
00000101,
0000FEFF,
00000100,
0001EAFF,
00FBF8FC,
0001FE00,
00000301,
0001FDFB,
00F70606,
00FF0201,
00000100,
000510FC,
000A0DFC,
00000002,
00FEFE02,
000109FD,
00FEF805,
00010102,
0001FDFF,
000900FD,
00050AFA,
00010300,
000100FE,
000201F9,
00FF0508,
00010100,
00FCFD00,
00FDF700,
00FFFA02,
00000201,
00FFFDFE,
0002F905,
00000101,
00040304,
00020301,
00FD06FF,
0004FFFE,
00FE0301,
00010201,
00FFFC00,
00070208,
00FCFF00,
0002FDFE,
0007FCF8,
00FCF901,
00FF0200,
00000202,
00F50601,
00000A02,
000000FF,
000101FF,
0006F403,
00030C00,
00FF00FE,
000103FF,
0008EC02,
00FBF800,
0001FEFE,
00000101,
000208FC,
00130C05,
00FFFFFE,
0001FE03,
00FFF4FA,
0002F8FD,
0002FF00,
00FEFF00,
00050403,
00FFF805,
0000FFFF,
00FF05FF,
00FE0705,
00060103,
00FF0001,
0001FEFD,
000205FA,
00FBFFF8,
00FFFF00,
0001FF00,
0007F9F7,
000101FA,
00020000,
00FFFF01,
0006FD05,
0000F5FE,
00010000,
00FFFF00,
000302FF,
000200FF,
00FDFF02,
0001FF01,
0002F5FD,
0008F900,
00FF0102,
0001FDFF,
0001FB00,
00000AF9,
00FF00FF,
0000FF00,
00050504,
0009F5FD,
000002FD,
0002FFFF,
0002FCF9,
00FF0B0F,
00000100,
00FFFFFF,
000311FB,
00F4FD04,
0001FE00,
00FE0000,
00FF0902,
00FA0501,
00FEFFFE,
00FFFF00,
0001F8FD,
00FAFA02,
0000FDFD,
0002FDFE,
00FBFFFF,
000D0305,
0000FEFF,
0000FD00,
0007EE05,
000707FD,
00000201,
000100FF,
00000803,
00F10604,
00FD0702,
00FF0501,
00FE06FE,
00FB0200,
00000301,
00FD0401,
00FBF5FE,
00040404,
00010300,
00FE0402,
00030501,
0006FCFD,
00010100,
00FE0101,
00FB0401,
000EF5F9,
0000FE02,
00000001,
00FB08FD,
000AE907,
0002FEFF,
0003FEFE,
00020205,
00FBF901,
0001FBFF,
0000FF00,
0001F4FC,
00F50C00,
00FD00FF,
00000001,
000007FB,
00FF0001,
00040304,
00FF01FF,
00FEFEFF,
00040200,
0006FFFE,
00000001,
00010201,
0006F500,
00040501,
00010401,
0000F5FD,
00FFFA06,
000100FE,
00FFF4FA,
000406FE,
00FBFFFE,
00FF04FE,
00FF0405,
000102FC,
00FD04FC,
00FCFEFE,
00FDFE01,
00FC0B03,
00060400,
00FFFAFD,
00FFFE03,
00F91001,
0003FCF8,
00060600,
0001FE02,
00FE02FF,
00FEFA05,
00FE0200,
00FC0702,
000304FF,
0002FD02,
00FE0102,
00000102,
000405FC,
00FC0103,
00FBFDFF,
0002FF03,
00F80507,
00020501,
0000FEFF,
0000FF00,
0001F602,
000C00FD,
000201FE,
0001FCFE,
00000B06,
00FE08FF,
00010101,
0002FF00,
000506FA,
000603FB,
00FEFE00,
00FD0500,
0000FF01,
00F7FEFB,
00000602,
00FE0500,
000409FC,
00FAF004,
0001FFFE,
00FF0400,
00030302,
0007FD01,
00000200,
000003FE,
00FDF9FD,
0002FEFC,
00FDFF00,
000201FC,
00FBFBFA,
00FEEA03,
00FD0104,
00040501,
00040400,
00000505,
00FFFE01,
00010402,
00F907FE,
0002FF00,
00010101,
000002FE,
00FEFD00,
00FEF800,
00FF04FF,
000102FE,
00FDFCFE,
00FE0903,
000102FE,
000600FF,
00000106,
00030508,
00FC0101,
00FEFDFC,
000506FD,
00FCF205,
0002FC00,
00FFFF03,
00FE0301,
000703FC,
0008FE00,
00FEF901,
00010401,
0002FB03,
0004FD02,
00FEFC03,
00FD06FB,
00F61105,
0000FB00,
0002FD02,
0003FEFF,
00FE0302,
00010000,
00010305,
0005F905,
00FAFC03,
00FDFAFF,
00FFFDFF,
00FFF200,
00040000,
0002FDFD,
00FF01FE,
00FF0001,
000007FF,
00040303,
0005FC00,
0000FEFE,
00FEFFFD,
00010203,
00FF0501,
0008F908,
0004F409,
00010102,
00FFFE01,
00F6080F,
00FF04FD,
00030103,
00FFFCFE,
00020701,
00FC0504,
0002FF01,
000503FD,
00FF07FE,
00030300,
0002FF01,
00FFFBFF,
00F40E03,
0002FE01,
00020101,
00FE0002,
00F90AFB,
000404FC,
00020301,
00010202,
00FEF2F6,
0002FEF9,
00010303,
00010402,
0004FC05,
0003F7FE,
00000202,
0001FE00,
00040201,
0000FA00,
00000101,
00FF0000,
00020EF6,
0003FF02,
00010201,
00FE0100,
00FE0101,
00FE0202,
00010201,
0001FF02,
0001F4FC,
00FE0201,
00010200,
00040001,
00FEF4FE,
00FF03FE,
00010302,
00020400,
00FCF605,
0005F9FD,
00000100,
0001FFFF,
00FC0505,
00FF0702,
00FF0000,
0000FB00,
00F80500,
000008FF,
00000102,
0001FCFF,
00FC0606,
00FCFEFF,
00FF0201,
0001FCFD,
00051003,
00010401,
00000001,
000001FE,
00FEF605,
00020701,
00010000,
00000202,
0003FB07,
0003F8FF,
00010202,
0002FF00,
00030B04,
000000FF,
00010402,
00FD04FF,
00FF0EFF,
00FA0200,
00010202,
00000A00,
00000001,
00010700,
00020102,
000008FF,
00F90A08,
00FCF8FD,
00020001,
00FE03FF,
000E0706,
00FB0202,
0003FF01,
00FFFE01,
00FE0303,
000603F9,
00030101,
00FEFB01,
00FE0A04,
00FB0F02,
00020201,
0000FD03,
00FD0903,
0006FEFD,
00040003,
00000204,
00F1ED03,
0000F7FB,
00030204,
00FEFEFF,
00FD02FD,
00FAFB07,
00020102,
00FB01FE,
0002FB04,
00FFFD00,
00090408,
00FF0401,
0001FDFF,
000002FF,
00000101,
00000600,
000000FF,
00000100,
0000FF00,
00000000,
00000100,
0000FC00,
00000100,
00000000,
00000400,
00000100,
00000200,
00000301,
00000400,
00000200,
00000200,
00000000,
00000300,
00000100,
0000FF00,
0000FE00,
000000FF,
00000000,
0000FD00,
0000FD00,
00000100,
00000000,
0000FC00,
0000FD00,
00000100,
00000500,
0000FB00,
0000FE00,
00000500,
00000200,
0000FDFF,
00000100,
0000FF00,
00000600,
0000FD00,
0000FA00,
0000FEFF,
00000200,
00000000,
0000FC00,
0000F500,
00000300,
00000100,
0000FC00,
0000FFFF,
00000900,
00000000,
00000000,
0000FD00,
00000400,
00000000,
00000000,
0000FC00,
0000FDFF,
00000200,
00000100,
0000F900,
0000FA00,
000005FF,
00000201,
00000100,
0000FE00,
00000300,
00000200,
00000400,
0000FA00,
00000100,
00000400,
00000500,
00000100,
00000000,
0000FE00,
0000FF00,
0000FF00,
000000FF,
00000400,
00000000,
00000000,
000002FF,
0000FD01,
000002FF,
0000FE00,
00000100,
000000FF,
000001FF,
0000FD00,
0000FE00,
0000FC00,
00000100,
0000FD00,
00000000,
00000200,
0000FEFF,
0000F900,
00000000,
00000300,
0000FE00,
0000FA00,
0000FF00,
0000FFFF,
00000400,
00000300,
0000FFFF,
0000FF00,
00000100,
00000300,
00000200,
0000FCFF,
00000200,
00000100,
000000FF,
000000FF,
0000FFFF,
0000FF00,
00000200,
00000100,
0000FE00,
00000000,
000003FF,
00000500,
0000FE00,
0000FE00,
0000FF00,
00000400,
0000FE00,
0000FB00,
000000FF,
00000500,
00000200,
0000F800,
0000FF00,
00000000,
00000300,
0000F400,
000001FF,
00000000,
000001FF,
0000F300,
00000000,
0000FE00,
0000FE00,
00000200,
0000FE00,
00000001,
00000500,
0000FF00,
0000FE00,
00000201,
00000300,
0000FD00,
0000FD00,
00000300,
00000200,
0000FF00,
0000FBFF,
00000101,
00000500,
00000200,
0000FCFF,
0000FB00,
0000FB00,
0000FF00,
0000FA00,
0000F700,
00000101,
00000900,
00000000,
0000F500,
0000FC00,
00000300,
00000100,
0000FE00,
000001FF,
0000FF00,
00000000,
0000FF01,
000001FF,
0000F300,
00000300,
00000300,
0000FE00,
0000FCFF,
00000500,
00000101,
0000FC00,
000006FF,
00000300,
00000201,
0000FE00,
0000FC00,
00000000,
00000400,
000001FF,
0000FD00,
00000100,
0000FF01,
0000FEFF,
000008FF,
0000FF00,
00000301,
00000100,
0000FF00,
00000000,
00000500,
0000FE00,
00000000,
00000000,
000003FF,
0000FFFF,
00000901,
00000000,
00000100,
00000300,
0000FC00,
000000FF,
0000FC00,
000003FF,
0000F700,
00000000,
0000F900,
0000FB00,
0000F900,
000001FF,
0000FD00,
0000FE00,
00000001,
00000000,
00000000,
00000200,
00000200,
000001FF,
00000000,
0000FF00,
00000000,
00000100,
0000FE00,
000005FF,
00000100,
00000000,
00000100,
00000100,
00000200,
00000100,
00000400,
000007FF,
00000000,
00000200,
0000FF00,
000001FF,
0000FF00,
00000000,
00000001,
00000300,
00000600,
00000100,
00000000,
000007FF,
00000800,
000000FF,
0000FE00,
00000100,
0000F900,
0000FF00,
0000FE00,
00000000,
0000FF00,
00000000,
00000001,
00000500,
0000FD00,
0000FE00,
000003FF,
00000100,
0000FF00,
0000FE00,
0000FF00,
00000300,
00000000,
0000FCFF,
0000FD00,
00000200,
00000000,
0000FB00,
0000FB00,
00000000,
0000FF00,
0000FA00,
0000FA00,
00000400,
000001FF,
0000FEFF,
0000F900,
0000FEFF,
00000500,
00000100,
0000F900,
0000FD00,
00000700,
00000100,
0000FD00,
0000FB00,
00000000,
00000200,
00000400,
0000FE00,
0000FF00,
00000100,
00000100,
0000FE00,
00000200,
00000200,
00000100,
0000FF00,
0000FC00,
00000000,
00000100,
00000400,
0000FA00,
00000200,
00000301,
0000FF00,
0000FD00,
00000000,
000002FF,
00000100,
00000100,
0000FE00,
0000FE00,
00000400,
00000200,
0000FE00,
00000000,
0000FD00,
00000100,
00000000,
00000000,
00000200,
00000400,
000001FF,
0000FE00,
0000FD00,
00000100,
00000000,
00000100,
0000FEFF,
0000FC00,
0000FF00,
0000FF00,
0000FE00,
0000FDFF,
00000100,
00000000,
00000000,
0000F700,
0000FFFF,
00000200,
000001FF,
0000FC00,
000000FF,
00000000,
00000400,
00000800,
00000000,
00000000,
0000FD00,
00000600,
00000100,
0000FE00,
0000FD00,
00000000,
0000FF00,
00000200,
0000FC00,
00000000,
000005FF,
00000000,
00000000,
00000000,
00000200,
0000FF00,
00000000,
0000FA00,
000001FF,
0000FB00,
00000400,
0000FC00,
000000FF,
00000000,
000002FF,
0000F700,
0000FFFF,
00000001,
00000000,
0000FC00,
0000FF00,
00000300,
000002FF,
00000400,
0000FD00,
00000200,
00000300,
0000FFFF,
0000FD00,
00000000,
00000100,
0000FE00,
0000FE00,
00000000,
00000000,
0000FE00,
0000FB00,
0000FE00,
0000FF00,
00000300,
0000FC00,
0000FE00,
00000300,
00000800,
0000FF00,
0000F900,
00000200,
00000600,
000004FF,
0000F900,
0000FC00,
00000400,
000000FF,
0000FF00,
0000F800,
0000FD00,
00000100,
00000201,
0000FD00,
0000FB00,
000001FF,
00000200,
00000001,
0000FF01,
0000FE00,
00000400,
00000001,
0000FB00,
0000FE00,
000007FF,
00000100,
0000FB00,
0000FF00,
00000600,
0000FF00,
0000FA00,
0000FC00,
00000100,
0000FE00,
0000FE00,
0000FF00,
00000200,
00000000,
00000800,
00000000,
00000100,
00000000,
000005FF,
000003FF,
00000500,
00000100,
0000FF00,
00000000,
0000FF00,
00000100,
0000FBFF,
00000000,
0000FF00,
0000FD00,
00000300,
00000000,
0000FE00,
0000FF00,
0000FE00,
000002FF,
00000000,
0000FE00,
0000FE00,
0000FF00,
000001FF,
0000FD00,
0000FE00,
0000FFFF,
00000100,
0000FE00,
00000000,
00000100,
0000FF00,
0000FC00,
0000FEFF,
0000FEFF,
000001FF,
0000FF00,
0000FB00,
00000000,
000001FF,
00000000,
00000400,
000004FF,
00000000,
0000FEFF,
0000FE00,
00000200,
00000001,
00000200,
00000100,
0000FF00,
00000100,
000001FF,
0000FC00,
00000000,
000000FF,
00000300,
0000FF00,
0000FF00,
00000000,
00000200,
0000FF00,
0000FF00,
0000FF00,
0000FD00,
00000400,
000000FF,
00000100,
0000FE00,
0000FE00,
0000FDFF,
0000FF01,
00000200,
00000100,
0000FE00,
0000FE00,
00000200,
00000300,
00000000,
0000FB00,
000000FF,
0000FF00,
0000FE00,
0000FD00,
0000FE00,
00000300,
00000200,
0000FD00,
00000001,
00000100,
000001FF,
00000300,
0000FD00,
00000300,
000002FF,
00000201,
0000FC00,
00000100,
0000FF00,
00000800,
0000FC00,
000000FF,
0000F800,
0000FD00,
0000FF00,
00000500,
000000FF,
000000FF,
00000100,
00000201,
00000100,
00000200,
00000100,
00000600,
000000FF,
00000400,
00000300,
00000500,
0000FE00,
00000A01,
0000FF00,
000006FF,
00000200,
00000300,
00000700,
00000100,
00000600,
0000FDFF,
00000700,
00000100,
00000000,
000007FF,
00000500,
000000FF,
0000FE00,
00000300,
0000FBFF,
0000FDFF,
0000FF00,
0000FF00,
0000FE00,
0000FF00,
00000000,
0000FE00,
0000FC00,
00000600,
00000100,
00000100,
0000FB00,
00000500,
000000FF,
0000FF00,
0000FBFF,
00000200,
0000FD00,
00000200,
00000400,
00000000,
0000FF00,
000000FF,
0000FE00,
00000500,
00000000,
00000000,
0000FCFF,
00000500,
00000000,
00000200,
00000200,
00000300,
000004FF,
00000100,
00000100,
0000FEFF,
0000FF00,
00000200,
00000001,
00000400,
00000100,
0000FF00,
0000FF00,
00000200,
00000100,
00000000,
00000300,
00000300,
00000100,
00000100,
0000FD00,
0000FA00,
00000000,
00000000,
0000FEFF,
0000FE00,
0000FE00,
00000000,
0000FF00,
00000100,
000000FF,
00000000,
00000200,
0000FC00,
0000FE00,
0000FF00,
000001FF,
0000FE00,
00000201,
00000100,
000000FF,
00000001,
00000201,
00000301,
0000FB00,
0000FC00,
00000600,
0000FEFF,
0000FCFF,
00000000,
00000500,
0000FE00,
0000FA00,
0000FF00,
00000000,
00000200,
0000FC00,
00000000,
0000FA01,
00000800,
000001FF,
00000400,
0000F700,
00000200,
00000100,
00000500,
0000FE00,
00000000,
00000200,
000005FF,
00000200,
000001FF,
00000600,
00000500,
0000FF00,
00000500,
00000400,
00000600,
00000200,
00000601,
00000700,
00000100,
00000500,
00000000,
00000600,
000005FF,
000003FF,
0000FD00,
00000600,
0000FF00,
00000100,
0000FDFF,
0000FC00,
0000FB00,
0000FD00,
0000FC00,
0000FC00,
0000FFFF,
0000FFFF,
00000200,
0000F9FF,
000000FF,
0000FF00,
0000FDFF,
0000F700,
000004FF,
0000FF00,
000001FF,
0000F800,
0000FCFF,
00000100,
000001FF,
0000F7FF,
00000300,
000000FF,
0000FF00,
000004FF,
00000100,
0000FF00,
0000FF00,
00000100,
00000200,
00000100,
0000FF00,
00000100,
000003FF,
00000200,
0000FF00,
0000FC00,
0000FE00,
000005FF,
0000FF00,
0000FF00,
0000FF00,
00000000,
00000000,
00000000,
000002FF,
0000FF00,
00000400,
00000100,
0000FF00,
00000100,
00000200,
00000000,
00000300,
00000200,
00000000,
00000000,
00000300,
00000200,
00000100,
00000200,
0000FF00,
000001FF,
00000000,
0000FD00,
0000FF00,
00000000,
0000FE00,
0000FDFF,
000000FF,
00000000,
00000600,
0000FF00,
0000FA00,
0000FF00,
0000FDFF,
0000FD00,
0000FA00,
00000500,
000001FF,
0000FAFF,
0000FD00,
00000400,
000002FF,
0000FAFF,
0000FBFF,
00000000,
00000200,
0000F800,
00000100,
0000FD01,
00000200,
000002FF,
00000200,
0000FB00,
0000FD00,
000002FF,
00000500,
0000FD00,
00000300,
00000600,
00000500,
0000FD00,
00000600,
00000300,
00000BFF,
0000F900,
00000400,
00000400,
000008FF,
0000FC00,
00000300,
00000A00,
00000500,
00000000,
0000FB00,
00000600,
0000FB00,
0000FE00,
0000F101,
00000900,
0000FE00,
00000000,
0000EA00,
0000FD00,
0000FD00,
0000FC00,
0000F0FF,
0000F400,
0000FB00,
00000700,
0000F800,
0000F700,
00000100,
000005FF,
0000FDFF,
0000F500,
00000200,
000000FF,
00000100,
0000F5FF,
00000100,
00000100,
00000100,
0000FE00,
0000FE00,
00000200,
00000100,
000000FF,
0000FF00,
00000000,
0000FF00,
0000FA00,
00000200,
00000000,
0000FD00,
0000FD00,
00000200,
00000300,
00000000,
0000FC00,
00000100,
000001FF,
00000000,
00000000,
00000000,
000005FF,
0000FF00,
00000100,
0000FF00,
00000200,
00000100,
00000000,
000003FF,
00000000,
000000FF,
0000FE00,
00000200,
000001FF,
00000100,
00000300,
00000200,
0000FF00,
00000100,
0000FF00,
00000000,
000001FF,
00000100,
0000FE00,
000003FF,
00000200,
00000300,
000002FF,
00000101,
00000301,
0000F8FF,
0000FF00,
0000FB00,
00000200,
0000FA00,
0000FEFF,
0000FA00,
00000000,
0000FE00,
0000FA00,
0000F500,
00000400,
000004FF,
0000F900,
0000FB00,
00000100,
000004FF,
00000200,
0000F900,
0000FE00,
0000FD00,
0000FE00,
00000200,
0000FF00,
0000FF00,
0000FF00,
00000200,
0000FE00,
00000200,
00000A01,
00000200,
0000FD00,
00000500,
00000300,
00000700,
0000FB00,
00000400,
0000FF00,
00000500,
0000F700,
00000500,
00000200,
00000600,
0000F800,
00000100,
00000501,
000002FF,
0000FC00,
0000F300,
00000700,
00000700,
000002FF,
0000EA00,
000005FF,
0000FF00,
00000200,
0000EF00,
0000F701,
0000FA00,
00000600,
0000E9FF,
0000F700,
00000200,
00000300,
0000F9FF,
0000F600,
00000200,
000000FF,
000009FF,
0000FBFF,
00000000,
0000FF00,
000008FF,
00000300,
00000200,
0000FF00,
00000501,
00000100,
000004FF,
000000FF,
00000200,
00000500,
00000000,
0000FF00,
0000FF00,
00000100,
000004FF,
000000FF,
0000FDFF,
00000300,
0000FF00,
0000FF00,
00000100,
0000FC00,
0000FF00,
000000FF,
0000FFFF,
00000100,
0000FE00,
000004FF,
0000FF00,
00000000,
00000400,
0000FF00,
00000000,
0000FF00,
00000600,
000001FF,
00000100,
00000200,
0000FC00,
00000000,
00000200,
00000200,
00000000,
00000400,
00000301,
0000FD00,
00000400,
0000FE00,
00000700,
0000FFFF,
0000FF00,
00000000,
00000400,
00000100,
0000FE00,
0000FC00,
0000FF00,
00000000,
0000F700,
00000100,
00000200,
0000FE00,
0000FA00,
0000FE00,
00000500,
0000F600,
0000F700,
0000FD00,
00000600,
00000300,
0000F400,
000002FF,
000003FF,
000000FF,
0000FB01,
00000101,
0000FB00,
0000FA00,
00000901,
00000200,
0000FCFF,
00000500,
0000FF00,
0000FF01,
00000000,
0000FA00,
0000F901,
00000100,
000005FF,
0000F8FF,
0000FD00,
0000FF00,
000004FF,
0000FF00,
0000FC00,
0000F700,
00000000,
0000FCFF,
0000F800,
0000FAFF,
0000FB01,
00000300,
0000FF00,
0000F5FF,
0000FC00,
000000FF,
00000300,
000003FF,
0000F7FF,
0000FF00,
000008FF,
000007FF,
0000FAFF,
0000FB00,
0000FD00,
00000500,
00000400,
0000FC00,
0000FB00,
00000500,
0000FFFF,
0000F7FF,
0000FFFF,
0000FF00,
00000700,
00000000,
00000400,
0000FF00,
00000EFF,
00000400,
000004FF,
000001FF,
000003FF,
00000400,
0000FF00,
00000000,
00000300,
00000100,
000002FF,
0000FD00,
0000FDFF,
0000FF00,
00000300,
00000100,
00000000,
00000000,
00000000,
000000FF,
00000100,
0000FE00,
00000200,
000002FF,
000001FF,
00000400,
0000F900,
000005FF,
00000000,
00000100,
00000100,
00000300,
00000000,
00000000,
000009FF,
00000200,
0000FE00,
0000FF00,
0000FF00,
000001FF,
00000000,
0000FF00,
00000300,
0000FF00,
0000FF00,
000001FF,
00000000,
00000100,
000004FF,
00000000,
000001FF,
0000FD00,
00000801,
0000FFFF,
0000FAFF,
00000001,
00000400,
0000FF00,
0000F300,
00000500,
00000200,
0000FF00,
0000F400,
00000200,
0000FFFF,
0000FF00,
0000F700,
0000FDFF,
00000000,
000002FF,
0000FB00,
00000100,
00000200,
00000BFF,
0000F9FF,
000001FF,
0000FE00,
0000FF00,
0000FE00,
00000600,
00000000,
0000FE00,
0000F800,
00000200,
0000FDFF,
0000FD00,
0000FD00,
000002FF,
000002FF,
0000FB00,
0000F901,
0000FC00,
000005FF,
00000200,
0000F800,
0000F500,
000005FE,
00000100,
0000FB00,
0000F6FF,
0000FCFF,
0000FBFF,
0000EF00,
0000FCFF,
0000F9FF,
00000100,
0000EF00,
000002FF,
0000FAFF,
00000400,
0000FB00,
000002FF,
000000FF,
0000F800,
0000FC00,
00000600,
000003FF,
0000FC00,
0000FE00,
00000400,
000002FF,
00000300,
00000200,
0000FA00,
000008FF,
00000300,
00000400,
0000FE00,
000009FF,
00000100,
00000200,
000003FF,
0000FCFF,
00000000,
00000300,
000002FF,
000004FF,
000000FF,
00000200,
00000300,
0000F701,
00000000,
00000200,
0000FFFF,
0000FF00,
0000FF00,
00000200,
000000FF,
000002FF,
0000FD00,
00000200,
000001FF,
00000000,
00000200,
0000FF00,
000004FF,
000001FF,
00000200,
000000FF,
0000FF00,
00000200,
0000FF00,
00000100,
0000FF00,
0000FD00,
00000100,
00000000,
00000400,
00000000,
00000000,
00000100,
0000FE00,
000000FF,
0000FD00,
0000FD00,
0000FE00,
00000800,
0000FF00,
00000100,
0000FDFF,
00000700,
00000100,
000000FF,
00000201,
00000000,
00000000,
0000FB00,
00000800,
00000000,
0000FB01,
0000F800,
000003FF,
0000FD00,
0000F8FF,
0000FA00,
00000200,
000003FF,
000007FF,
00000300,
0000FF00,
000003FF,
0000FE00,
000007FE,
000002FF,
00000100,
00000400,
00000000,
00000200,
00000100,
00000000,
0000FB00,
0000FF00,
0000FE00,
000002FF,
0000F600,
0000FA00,
000001FF,
00000300,
00000101,
0000F800,
000000FF,
000008FF,
0000FE00,
0000F800,
000003FF,
00000300,
0000FA00,
0000F9FF,
0000FFFE,
0000FBFF,
0000F800,
0000FDFF,
0000FDFE,
0000FA00,
0000F800,
000002FF,
0000FD00,
00000200,
0000F000,
000004FF,
000001FF,
0000F900,
0000FB00,
000004FF,
0000FE00,
0000FE00,
0000FB00,
00000100,
00000000,
000004FF,
000004FF,
0000FDFF,
00000300,
0000FE00,
00000100,
0000FD00,
0000F8FF,
0000FE00,
00000200,
00000000,
0000F7FF,
0000FE00,
00000100,
0000FFFF,
000006FF,
00000000,
00000100,
000001FF,
0000FC00,
0000FD00,
00000100,
0000FFFF,
0000FAFF,
0000FC00,
0000FE00,
0000FEFF,
00000100,
0000FB00,
0000FF00,
0000FFFF,
0000FF00,
000001FF,
000000FF,
000004FE,
00000000,
00000200,
00000100,
00000100,
00000001,
00000000,
00000000,
00000100,
00000000,
00000200,
0000FF00,
00000200,
0000FF00,
00000400,
00000300,
000001FF,
0000FF00,
000003FF,
00000000,
0000FD00,
0000FF00,
00000200,
0000FD00,
00000000,
0000FD00,
000003FF,
0000FC00,
00000900,
000000FF,
0000F400,
0000F800,
000009FF,
0000FFFF,
0000FC00,
0000FD00,
000004FF,
00000200,
0000F8FF,
0000FE00,
00000300,
00000500,
0000FE00,
0000FD00,
0000FDFF,
00000300,
00000200,
000000FF,
00000000,
000006FF,
00000300,
000002FF,
0000FF00,
00000500,
00000400,
00000000,
0000FB00,
00000600,
00000500,
0000F900,
0000FDFF,
0000FFFF,
00000800,
0000F900,
0000FA00,
0000FEFF,
00000800,
0000F800,
0000FA00,
0000FFFF,
00000500,
0000F900,
0000F800,
000001FF,
0000FDFF,
0000FA01,
0000FA00,
000000FF,
0000FFFF,
0000F500,
0000FD00,
000000FF,
00000500,
0000FA00,
0000FDFF,
00000100,
0000FA00,
0000E800,
0000FFFF,
0000FC00,
0000FC00,
0000F500,
000003FF,
0000FC00,
0000FF00,
0000FF00,
000000FF,
0000F7FF,
00000001,
00000200,
0000FC00,
0000F4FF,
0000FE00,
0000FF00,
0000FC00,
0000F400,
00000000,
000002FF,
0000FD00,
0000F6FF,
0000FF00,
00000200,
0000FFFF,
0000FA00,
0000FDFF,
00000100,
000001FF,
0000F8FF,
0000FE00,
00000000,
00000100,
00000000,
0000FC00,
0000FB00,
00000000,
00000100,
0000FFFF,
00000300,
000005FF,
000002FF,
00000200,
00000700,
00000200,
0000FF00,
00000100,
0000FC00,
00000100,
00000000,
0000FF00,
00000100,
000003FF,
00000000,
00000301,
00000100,
00000000,
00000001,
0000FC00,
00000400,
00000000,
00000300,
000000FF,
0000FF00,
0000FF00,
00000100,
00000200,
00000101,
00000800,
000005FF,
000001FF,
00000600,
000004FF,
00000000,
000000FF,
0000FF00,
000004FF,
00000300,
000005FF,
0000F800,
000001FF,
00000500,
0000FF00,
0000F400,
00000301,
00000700,
00000500,
0000FA00,
0000F400,
00000C00,
00000300,
00000EFF,
0000EEFF,
00000200,
00000500,
00000100,
0000F6FF,
0000FA00,
00000600,
0000FB01,
000003FF,
0000FCFF,
000009FF,
0000FA00,
000003FF,
0000F4FF,
00000700,
0000F800,
0000FD00,
000000FF,
00000500,
0000F9FF,
0000FA01,
0000FEFF,
00000700,
0000F8FE,
0000F700,
00000000,
000001FF,
0000F400,
0000FB00,
0000FF00,
00000400,
0000F4FF,
0000FB00,
0000FDFF,
00000800,
0000F300,
000000FF,
0000F5FF,
0000FD01,
0000F700,
000000FF,
0000FA00,
00000100,
0000FD00,
0000FBFF,
0000FCFF,
00000000,
0000FA00,
0000FBFF,
0000FA00,
0000FF00,
00000200,
0000FDFF,
0000F2FF,
0000FA00,
00000100,
0000FFFF,
0000F4FF,
0000FE00,
00000300,
000002FF,
0000FB00,
00000300,
0000FD00,
000002FF,
0000F7FF,
00000100,
00000200,
00000200,
0000FFFF,
0000FF00,
00000000,
000000FF,
0000FF00,
0000FE00,
000006FF,
000003FF,
000004FF,
00000300,
0000FC00,
00000100,
0000FE01,
00000100,
0000FFFF,
00000000,
00000400,
0000FB00,
00000500,
000000FF,
0000FF01,
0000FF00,
00000000,
00000000,
0000FF00,
00000200,
0000FD00,
0000FD00,
0000FC00,
00000200,
000002FF,
0000FF00,
000000FF,
00000A00,
00000300,
0000FF00,
000002FF,
000000FF,
00000100,
00000100,
000004FF,
000004FF,
0000FD01,
00000401,
00000600,
00000200,
0000FB00,
00000100,
00000300,
00000500,
00000E00,
0000ED00,
00001000,
00000200,
00000800,
0000E700,
00000600,
00000200,
00000400,
0000F9FF,
0000EE00,
00000400,
0000FF00,
000001FF,
0000E300,
00000A00,
0000FC00,
00000300,
000003FF,
00000F00,
0000F800,
0000FCFF,
0000F7FF,
00000900,
0000F7FF,
0000FC00,
000004FF,
00000300,
0000F900,
0000F700,
000002FF,
000002FF,
0000F6FF,
0000F8FF,
00000300,
000003FF,
0000F300,
0000FCFF,
00000000,
00000100,
0000EA00,
0000FDFF,
0000FD00,
00000700,
0000E800,
000004FF,
0000FCFF,
00000000,
0000F400,
000002FF,
0000FAFF,
0000FD00,
00000300,
0000FDFF,
000000FF,
00000100,
0000FCFF,
0000FDFF,
0000FCFF,
0000FDFF,
00000200,
0000FBFF,
0000F3FF,
00000000,
00000400,
00000100,
0000F5FF,
0000FA00,
00000300,
00000300,
0000FE00,
0000FE00,
00000100,
000001FF,
0000F9FF,
0000FE00,
00000500,
0000FF00,
0000FE00,
00000000,
0000FE00,
0000FE00,
00000100,
00000000,
00000000,
000004FF,
00000100,
00000200,
00000101,
0000FEFF,
0000FE00,
0000FF00,
0000FF00,
0000FF00,
0000FA00,
0000FD00,
000002FF,
000002FF,
00000200,
0000FE00,
000003FF,
000000FF,
0000FE00,
0000FB00,
0000FF00,
00000000,
00000001,
0000FD00,
000003FF,
0000FF00,
000002FF,
00000000,
00000300,
0000FE00,
000003FF,
00000200,
00000500,
0000FF00,
000004FF,
000006FF,
00000A00,
00000200,
000002FF,
0000FD00,
00000200,
00000200,
00000200,
000004FF,
0000F900,
0000E800,
00000A00,
000005FF,
00000500,
0000F6FF,
0000FB00,
00000300,
00000100,
0000F7FF,
0000F200,
00000600,
00000300,
0000FEFF,
0000E800,
00000C00,
0000FE00,
000001FF,
0000FEFF,
00000BFF,
0000FEFF,
000002FF,
0000F8FF,
0000FE00,
0000F400,
00000400,
0000FFFF,
00000900,
0000F600,
0000FF00,
000004FF,
000005FF,
0000F400,
00000000,
00000200,
00000100,
0000E6FF,
000002FF,
00000400,
000000FF,
0000DDFF,
00000800,
0000FE00,
00000900,
0000E600,
00000600,
000000FF,
00000300,
0000FAFF,
000005FF,
000003FF,
0000FE00,
00000100,
000000FF,
000004FF,
0000FF00,
00000200,
000001FF,
0000FDFF,
00000200,
00000000,
0000FF00,
0000FBFF,
0000F700,
0000FD00,
00000000,
0000F8FF,
0000FD00,
0000FF00,
000000FF,
0000FEFF,
0000FD01,
0000FC00,
0000FFFF,
0000FD00,
00000000,
00000300,
0000FFFF,
0000FC00,
00000200,
0000FE00,
0000FEFF,
00000300,
00000000,
0000FD00,
000004FF,
0000FD00,
000001FF,
00000400,
00000300,
00000301,
0000FE01,
0000FE00,
0000FF00,
00000000,
00000000,
00000200,
000000FF,
00000200,
00000000,
0000FFFF,
000002FF,
0000FF00,
0000FC00,
000005FF,
00000200,
0000F900,
0000FB00,
00000000,
000001FF,
00000000,
00000200,
00000000,
00000100,
000001FF,
000003FF,
000004FF,
00000000,
000004FF,
00000100,
0000F700,
0000FE00,
000002FF,
0000FFFF,
00000100,
0000F600,
000002FF,
000006FF,
0000FC00,
0000ED00,
000003FF,
00000500,
00001900,
0000FB00,
0000FFFF,
000004FF,
00000100,
0000FBFF,
000001FF,
00000500,
00000C00,
0000FFFF,
0000F1FF,
00000800,
00000200,
00000100,
000000FF,
0000F801,
00000200,
00000300,
000002FF,
0000F900,
00000000,
00000201,
000004FF,
0000FE00,
0000E900,
0000FD00,
00000300,
00000300,
0000E500,
00000201,
00000200,
00000600,
0000D8FF,
00000200,
000004FF,
00000A00,
0000D0FF,
000006FF,
00000100,
00000800,
0000E1FF,
00000400,
000005FF,
00000501,
0000FE00,
000003FF,
000008FF,
00000000,
0000FBFF,
000001FF,
00000100,
0000FB00,
00000100,
0000FEFF,
0000FDFF,
0000FF00,
0000FF00,
0000FCFF,
0000FC00,
00000000,
00000100,
0000FCFF,
0000FEFF,
0000FA00,
00000500,
000001FF,
000004FF,
0000FFFF,
0000FE00,
0000FF00,
0000FE00,
000001FF,
00000500,
000000FF,
0000FC00,
00000100,
0000FF00,
0000FE00,
0000FD00,
00000400,
0000FE00,
000004FF,
00000000,
00000400,
00000100,
00000000,
00000100,
0000FF01,
0000FB00,
000001FF,
00000000,
0000FD00,
0000FF00,
000000FF,
0000FE00,
00000000,
000000FF,
000000FF,
0000FE00,
0000FD00,
000002FF,
000002FF,
0000FA00,
000002FF,
000006FF,
00000400,
0000FB00,
000005FF,
00000100,
0000FE00,
000001FF,
0000FF00,
0000FF00,
0000FD00,
000001FF,
0000FE00,
00000200,
0000FB00,
00000000,
00000300,
00000C00,
0000F600,
000003FF,
00000A00,
00000100,
0000F900,
000003FE,
00000600,
0000F100,
0000FDFF,
0000FFFF,
00000501,
0000FB00,
000001FE,
0000F6FF,
00000400,
0000FB00,
0000FCFF,
0000F301,
0000FB00,
00000800,
00000100,
00000300,
0000FD00,
00000600,
00000000,
000005FE,
0000FD00,
000004FF,
0000FE00,
00000800,
00000A00,
0000F300,
0000FF01,
000007FF,
000004FF,
0000DA00,
000002FF,
00000500,
00000E00,
0000D400,
00000200,
00000600,
00000500,
0000EE00,
000005FF,
00000C00,
00000500,
000004FF,
000009FF,
00000AFF,
00000500,
00000400,
000000FF,
000008FF,
000000FF,
00000300,
0000FEFF,
000000FF,
000003FF,
00000A00,
000001FF,
0000FCFF,
00000500,
00000700,
0000F800,
0000FDFF,
00000100,
0000FF00,
0000FC00,
000001FF,
0000FE00,
00000300,
0000FF00,
00000700,
000000FF,
00000000,
00000200,
0000FD00,
00000000,
0000FC00,
0000FFFF,
00000100,
0000FCFF,
000000FF,
0000FFFF,
0000FE00,
0000FFFF,
00000100,
000004FF,
0000FF00,
00000100,
00000300,
00000100,
0000FF00,
00000300,
0000FD00,
00000000,
0000FE00,
00000100,
0000FB00,
0000FF00,
0000FD00,
00000301,
000002FF,
000001FF,
00000100,
0000FA00,
0000FFFF,
0000FFFF,
00000100,
0000FD00,
000003FF,
0000FF00,
0000FB00,
00000300,
00000300,
0000FF00,
0000FE00,
00000600,
00000100,
00000000,
00000100,
000005FF,
0000FC00,
0000F7FF,
00000400,
0000FD00,
00000600,
0000F8FF,
00000400,
00000700,
0000F800,
000001FF,
00000400,
00000A00,
0000F500,
00000500,
000000FF,
00000900,
000007FF,
000000FF,
0000FD00,
00000000,
00000700,
0000FD00,
00000501,
00000300,
000001FF,
0000FE00,
00000300,
00001000,
0000FF00,
0000FF00,
00000400,
00000400,
0000FE00,
0000FD00,
0000FD00,
000009FF,
000002FF,
00000100,
00000AFF,
00000A00,
0000F501,
0000FEFF,
0000FF00,
0000FE00,
0000FF00,
00000400,
00000400,
00000200,
00000100,
000009FF,
00000700,
00000900,
0000FEFF,
00000D00,
000004FF,
00000200,
0000F600,
0000FF00,
0000FE00,
0000FF00,
0000FC00,
0000FE00,
0000FBFF,
00000100,
00000A00,
00000600,
0000FCFF,
00000600,
00000200,
0000FE00,
0000FEFF,
00000000,
00000400,
0000FD00,
000003FF,
0000FE00,
00000200,
00000200,
00000600,
000002FF,
0000FC00,
0000FFFF,
00000200,
00000300,
00000300,
000001FF,
0000FE00,
0000FE00,
0000FD00,
0000FFFF,
00000200,
0000FF00,
00000000,
000004FF,
00000100,
00000100,
00000000,
0000FE00,
0000FF00,
0000FF01,
0000FB00,
00000000,
00000000,
0000FF00,
00000100,
00000200,
00000201,
00000500,
0000FC00,
000000FF,
00000000,
0000FD00,
0000FFFE,
0000FFFF,
00000100,
0000FF00,
000001FF,
00000100,
0000FE00,
00000300,
00000100,
0000FD00,
0000FA00,
00000600,
0000FC00,
0000FD00,
000000FF,
00000400,
00000100,
0000FCFF,
00000600,
0000FB00,
00000A00,
0000FDFF,
00000500,
0000FB00,
0000FEFF,
0000FFFF,
00000400,
0000F700,
0000FF00,
00000200,
000003FF,
00000100,
00000200,
00000200,
00000400,
00000700,
00000B00,
00000300,
00000800,
00000200,
0000FE00,
000002FF,
00000400,
00000A00,
00000100,
00000400,
000000FF,
00001500,
00000000,
0000FF00,
000002FF,
00000600,
00000500,
0000FE00,
00000700,
00000100,
00000000,
0000FDFF,
00000800,
00000100,
00000B00,
000000FF,
00000600,
00000700,
0000FA00,
00000500,
00000300,
00000101,
0000F8FF,
00000400,
0000FE00,
00000600,
00000001,
0000FC00,
0000FAFF,
00000200,
0000F900,
0000FEFF,
0000FBFF,
00000200,
00000C00,
00000500,
0000FAFF,
00000200,
00000501,
00000300,
000001FF,
00000000,
00000900,
00000200,
0000FCFF,
00000101,
000009FF,
00000100,
0000FF00,
000001FF,
000008FF,
000001FF,
00000400,
00000300,
0000FE00,
000001FF,
000001FF,
00000000,
0000FF00,
0000FC00,
00000000,
00000100,
0000FF00,
000004FF,
0000FF00,
00000300,
0000F900,
0000FF00,
00000100,
0000FE00,
0000FE00,
0000FF00,
00000100,
00000000,
00000300,
00000000,
00000000,
00000200,
0000FD00,
00000000,
00000201,
00000500,
0000FDFF,
0000FEFF,
00000300,
0000FB00,
0000FFFF,
0000FDFF,
00000000,
00000000,
0000FD00,
0000FDFF,
0000FC00,
00000000,
0000FEFF,
0000FE00,
000001FF,
00000200,
0000FE00,
0000FD00,
000003FF,
0000FFFF,
00000500,
0000FEFF,
00000AFF,
00000000,
00000C00,
000000FF,
00000500,
00000000,
00000B00,
00000200,
00000700,
0000FDFF,
00000700,
0000FF00,
00000500,
0000FF00,
0000FD00,
000003FF,
00000400,
00000A00,
00000600,
000004FF,
0000FB00,
00000300,
00000400,
000005FF,
0000FEFE,
00000700,
0000FC00,
0000FF00,
000006FF,
00000000,
00000500,
0000FBFF,
0000FBFF,
0000FF00,
00000300,
0000FA00,
0000FE00,
00000100,
00000200,
0000FEFF,
00000C00,
000004FF,
00000900,
0000FF00,
00000501,
000006FF,
0000FC00,
0000FC00,
0000FD00,
00000000,
0000F401,
0000FF00,
0000FB00,
00000100,
0000FB00,
00000000,
0000FAFE,
00000200,
0000FD00,
00000300,
0000FC00,
0000FE00,
00000B00,
00000400,
0000FF00,
0000FF00,
00000700,
00000100,
0000FB00,
0000FFFF,
00000200,
000003FF,
00000100,
000001FF,
00000800,
00000100,
00000000,
00000100,
0000FFFF,
00000000,
0000FD00,
00000200,
0000FF00,
0000FEFF,
00000400,
00000100,
00000100,
000004FF,
0000FC00,
0000FF00,
0000FF00,
0000FF00,
00000000,
0000FD00,
00000000,
0000FF00,
0000FC00,
00000500,
00000000,
00000100,
0000FF00,
00000100,
00000000,
0000FF00,
00000200,
00000100,
00000000,
0000FFFF,
0000FE00,
0000FF00,
0000FEFF,
0000FFFF,
00000000,
0000FD00,
000000FF,
0000FDFF,
0000FD00,
00000300,
0000FE00,
0000FE00,
000000FF,
0000FD00,
00000300,
00000000,
0000FEFF,
00000000,
00000000,
00000100,
000006FF,
000001FF,
00000400,
000002FF,
00000100,
00000400,
00000900,
0000FE00,
00000200,
00000000,
00000300,
00000000,
000001FF,
000000FF,
00000801,
000004FF,
000002FF,
00000100,
0000F300,
000002FF,
0000FEFE,
00000300,
00000100,
0000FD00,
000002FF,
000000FF,
00000D01,
0000FE00,
000005FF,
0000FB00,
00000600,
000000FF,
000004FE,
0000F600,
000001FF,
0000FC00,
0000FDFF,
00000300,
00000200,
0000FF00,
00000300,
000000FF,
0000FD00,
00000101,
0000F800,
00000800,
0000FA00,
00000100,
0000F600,
00000200,
0000FE00,
0000FF00,
0000F700,
00000400,
0000FC00,
00000300,
0000FFFE,
00000400,
0000FE00,
0000FD00,
0000FEFF,
00000100,
00000600,
00000200,
000003FF,
0000FEFF,
00000600,
000001FF,
00000200,
0000FDFF,
0000FC00,
00000000,
00000300,
0000FDFF,
00000100,
00000200,
00000100,
0000FB00,
0000FF00,
0000FF00,
00000000,
0000FE00,
0000FF00,
00000000,
00000500,
0000FF00,
0000FF00,
000004FF,
00000000,
00000200,
0000FE00,
0000FF00,
0000FF00,
0000FF00,
0000FFFF,
0000FFFF,
00000000,
0000FF01,
00000400,
0000FFFF,
0000FE00,
00000000,
00000000,
00000000,
00000000,
00000200,
0000FB00,
00000000,
00000000,
0000FF00,
0000FF00,
000000FF,
0000FE00,
0000FF00,
000000FF,
0000FCFF,
00000100,
00000000,
0000FFFF,
000000FF,
0000FE00,
00000100,
00000000,
000002FF,
0000FB00,
00000101,
0000FD00,
000001FF,
0000FD01,
00000600,
0000F700,
00000300,
0000F900,
0000FD00,
00000700,
0000FDFF,
0000FAFF,
00000500,
00000A00,
00000200,
0000FE00,
0000FD00,
0000FFFF,
00000000,
0000FCFF,
0000FF00,
00000100,
000001FF,
0000FFFF,
00000600,
00000000,
0000FFFF,
0000FDFF,
0000F900,
00000B00,
0000FFFF,
000004FF,
0000F000,
00000200,
0000FCFF,
000002FF,
0000F900,
0000F600,
00000600,
000000FF,
0000FCFF,
00000000,
00000000,
0000FB00,
0000FDFF,
0000FCFF,
000005FF,
0000F100,
00000000,
0000F5FF,
00000300,
0000E400,
00000600,
0000F800,
0000FEFF,
0000F900,
000000FF,
00000300,
00000000,
0000FE00,
00000100,
0000FAFF,
0000FE00,
00000101,
000000FF,
000002FF,
000000FF,
00000100,
000002FF,
0000FF00,
000002FF,
00000200,
000000FF,
000003FF,
00000000,
00000100,
00000000,
0000FFFF,
0000FF00,
000000FF,
0000FC00,
00000200,
00000000,
0000FE01,
0000FB00,
00000500,
00000000,
00000300,
00000000,
0000FE00,
000003FF,
0000FC00,
0000FF00,
00000100,
0000FE00,
00000500,
0000FF00,
00000100,
00000000,
0000FF00,
0000FF00,
00000000,
0000FFFF,
00000000,
00000300,
0000FD00,
00000100,
0000FF00,
00000400,
0000FA00,
00000100,
00000100,
0000FC00,
0000FD00,
0000FE00,
00000101,
00000400,
00000200,
0000FEFF,
00000000,
00000500,
000002FF,
0000FEFF,
00000101,
00000500,
0000FF00,
000002FF,
00000000,
00000100,
0000FE00,
00000000,
00000201,
00000100,
0000FEFF,
00000200,
00000301,
00000100,
00000400,
0000FE01,
0000FA00,
00000600,
0000FF00,
0000FDFF,
0000FBFF,
00000300,
00000A00,
00000500,
000000FF,
00000100,
00000300,
00000200,
000001FE,
0000FD00,
0000FD00,
000000FF,
000002FF,
0000F000,
0000FF00,
0000FCFF,
000007FF,
0000FA01,
00000100,
0000FDFF,
000007FE,
0000FA01,
0000FC00,
00000200,
00000400,
0000FCFF,
0000F700,
00000200,
0000FB00,
00000100,
00000000,
000005FF,
00000000,
00000300,
0000FEFF,
00000000,
0000EF00,
00000400,
0000F700,
00000200,
0000FE00,
0000FF00,
00000000,
00000300,
0000FE00,
000001FF,
0000FD00,
000001FF,
00000100,
000001FF,
0000FCFF,
000003FF,
00000100,
000000FF,
00000200,
000000FF,
00000100,
00000500,
00000100,
0000FD00,
00000000,
0000FE00,
0000FE00,
0000FF00,
00000100,
0000FE00,
00000400,
00000100,
0000FF00,
00000300,
00000700,
00000100,
0000FE00,
0000FD00,
00000000,
000005FF,
0000FD00,
0000FF00,
00000300,
00000200,
00000100,
0000FE00,
0000FB00,
0000FF00,
00000100,
0000FF00,
00000100,
000001FF,
0000FF00,
00000400,
0000FB00,
00000100,
0000FF00,
00000100,
0000FD00,
00000100,
00000100,
0000FE00,
0000FB00,
00000000,
00000200,
0000FD00,
0000FD00,
00000000,
00000101,
00000000,
00000100,
000001FF,
00000001,
00000100,
00000000,
000001FF,
00000300,
0000FF00,
0000FFFF,
000000FF,
0000FD00,
000003FF,
00000000,
0000FF00,
00000100,
000003FF,
00000200,
00000000,
0000FD00,
00000400,
00000100,
00000000,
0000FB00,
000007FF,
00000000,
00000000,
000000FF,
0000FEFF,
00000400,
000001FF,
0000FE00,
00000200,
0000FD00,
0000FD00,
000004FF,
0000FE00,
0000FE00,
0000FE00,
000005FF,
0000FFFF,
0000FC00,
0000FF00,
000008FF,
0000FF00,
0000FC00,
00000000,
00000100,
00000200,
000005FF,
00000200,
0000F900,
00000200,
00000200,
00000100,
0000FF00,
00000200,
00000000,
000002FF,
0000FC01,
00000200,
0000FD00,
00000100,
00000100,
0000FDFF,
0000F700,
000002FF,
0000FE00,
000001FF,
00000400,
000001FF,
00000200,
0000FE00,
00000500,
00000000,
0000FF00,
000004FF,
00000100,
000000FF,
00000000,
0000FD00,
00000100,
00000200,
00000000,
0000FD00,
0000FDFF,
00000000,
00000000,
0000FF00,
0000FC00,
0000FFFF,
00000100,
0000FE00,
00000200,
0000FF00,
0000FB00,
0000FD00,
00000200,
000004FF,
00000000,
0000FE00,
0000FD00,
0000FEFF,
00000101,
0000FF00,
00000800,
0000FF00,
00000000,
00000200,
00000700,
00000000,
00000000,
00000100,
0000FE00,
0000FF00,
00000100,
00000200,
0000FCFF,
00000000,
00000000,
00000100,
00000300,
00000000,
00000100,
00000600,
00000500,
00000200,
0000FF00,
00000200,
00000000,
00000000,
0000FF00,
0000FD00,
00000200,
000001FF,
00000000,
00000000,
00000200,
0000FE00,
0000FE00,
0000FF00,
0000FA00,
00000000,
0000FE00,
00000400,
00000000,
000002FF,
00000000,
0000FF00,
0000FF00,
00000100,
0000FC00,
00000400,
00000100,
00000000,
00000100,
00000100,
0000FFFF,
00000200,
00000000,
00000600,
0000FF00,
00000100,
00000000,
0000FF00,
0000FA00,
0000FD00,
00000200,
0000FF00,
00000800,
0000FD01,
00000000,
00000400,
00000AFF,
00000100,
00000000,
00000500,
0000FF00,
00000000,
00000000,
00000600,
00000700,
0000FF00,
00000500,
000001FF,
00000300,
00000000,
00000000,
000003FF,
00000500,
00000100,
00000100,
000001FF,
0000FC00,
000000FF,
0000FE00,
0000FC00,
000003FF,
00000000,
0000FC00,
00000400,
00000100,
00000000,
0000FFFF,
00000100,
00000400,
000001FF,
0000FF00,
0000FF00,
0000FFFF,
000001FF,
00000000,
00000000,
0000FC00,
000002FF,
00000100,
0000FCFF,
00000300,
00000100,
00000200,
00000800,
0000FD00,
0000FF00,
000001FF,
00000600,
00000000,
000004FF,
0000FF00,
0000FF00,
0000FE00,
000000FF,
0000FF01,
00000400,
00000100,
0000FEFF,
0000FD00,
0000FB00,
00000200,
0000FF00,
00000101,
00000700,
00000000,
00000200,
00000200,
00000200,
00000100,
0000FF00,
00000300,
0000FE00,
00000000,
0000FE00,
00000100,
0000FE00,
00000000,
00000000,
000002FF,
0000FB00,
00000500,
00000100,
00000000,
0000FD00,
00000400,
00000100,
00000100,
0000FF00,
00000200,
00000100,
0000FDFF,
00000200,
0000FC00,
0000FE00,
00000000,
0000FF00,
00000100,
0000FF00,
00000200,
0000FB00,
00000300,
0000FF00,
00000100,
0000FE00,
0000FCFF,
00000100,
00000000,
0000FB00,
00000200,
00000200,
00000200,
00000300,
0000FE00,
000001FF,
00000000,
0000FD00,
0000FB00,
0000FFFF,
00000200,
0000FE00,
000001FF,
000001FF,
00000100,
000001FF,
0000FA00,
0000FE00,
00000000,
00000600,
00000000,
00000000,
0000FD00,
000003FF,
0000FD00,
000001FF,
00000101,
000000FF,
0000FBFF,
00000100,
00000100,
00000000,
0000FD00,
000000FF,
0000FE00,
0000FF00,
000001FF,
000001FF,
0000FE00,
00000800,
0000FC00,
000000FF,
00000000,
000004FF,
00000500,
0000FF00,
00000000,
00000100,
00000100,
0000FF00,
0000FF00,
000007FF,
0000FC00,
00000200,
00000001,
00000100,
0000FB00,
000001FF,
00000000,
000003FF,
0000FC00,
00000000,
000003FF,
00000500,
00000100,
00000100,
000001FF,
0000FD00,
00000200,
000006FF,
0000FF01,
00000100,
00000000,
0000FF00,
00000301,
0000FF00,
0000FEFF,
00000100,
0000FC00,
00000100,
000001FF,
0000FF00,
0000FF00,
00000700,
00000300,
000002FF,
000002FF,
000000FF,
0000FD00,
00000000,
00000000,
00000100,
0000FDFF,
0000FE00,
0000FFFF,
00000300,
0000FF00,
00000000,
0000FE00,
00000300,
00000500,
00000100,
00000200,
0000FF00,
00000800,
00000200,
00000200,
00000300,
00000500,
00000100,
0000FFFF,
00000200,
00000100,
0000FF00,
0000FE00,
000001FF,
0000FD00,
00000000,
00000000,
0000FE00,
00000200,
00000001,
00000101,
0000FB00,
00000200,
0000FE00,
00000001,
00000100,
0000FC00,
0000FF00,
0000FF00,
00000400,
00000501,
00000000,
00000300,
00000200,
00000300,
0000FF00,
00000200,
00000600,
00000100,
0000FF00,
00000200,
00000200,
00000600,
0000FE00,
00000200,
0000FB00,
00000600,
00000000,
0000FF00,
0000FF00,
0000FE00,
000001FF,
00000100,
00000400,
0000F900,
00000100,
000000FF,
000001FF,
00000600,
0000FE01,
0000FE00,
00000300,
00000400,
0000FF01,
00000100,
0000FD00,
000004FF,
00000000,
00000200,
0000FF00,
0000FCFF,
0000FF00,
0000FE00,
00000100,
00000300,
0000FF00,
00000000,
000006FF,
000004FF,
000000FF,
0000FF00,
00000100,
0000F900,
0000FF00,
0000FF01,
0000FF00,
0000FA00,
0000FFFF,
00000000,
00000600,
00000200,
0000FD00,
00000300,
000007FF,
00000200,
000006FF,
0000FE00,
0000FD00,
00000100,
00000000,
00000200,
00000000,
00000000,
00000100,
0000FD00,
00000000,
0000F600,
000001FF,
00000100,
00000200,
0000FF00,
000003FF,
000000FF,
00000300,
0000FF00,
00000200,
00000000,
00000100,
00000300,
00000100,
00000100,
00000300,
0000FE00,
0000FF00,
00000000,
00000100,
0000FB00,
0000FE00,
00000100,
0000FFFF,
00000300,
00000000,
00000000,
0000FE00,
00000800,
00000000,
0000FFFF,
00000000,
00000300,
00000100,
00000000,
00000100,
00000700,
00000100,
00000000,
00000000,
0000FD00,
0000FD00,
00000000,
000005FF,
00000300,
0000FF00,
00000100,
00000700,
00000300,
00000000,
00000000,
000005FF,
0000FB00,
0000FF00,
000001FF,
00000300,
0000FF00,
00000000,
00000200,
0000FD00,
00000400,
00000100,
00000100,
000005FF,
00000000,
00000000,
0000FF00,
0000FD00,
00000100,
00000000,
00000100,
00000500,
0000FD00,
00000100,
0000FF00,
0000FF00,
00000300,
0000FFFF,
0000FC00,
0000FD00,
00000800,
00000100,
0000FF00,
0000F900,
00000300,
0000FF00,
00000200,
00000300,
0000FBFF,
00000200,
00000300,
00000200,
00000C00,
00000000,
0000FF00,
0000FF00,
000006FF,
00000100,
00000100,
0000FF00,
00000600,
00000000,
0000FD00,
00000100,
00000200,
000001FF,
00000000,
00000200,
0000FE00,
00000100,
00000100,
00000200,
0000FD00,
00000000,
00000000,
00000000,
00000400,
000005FF,
0000FE00,
0000FEFF,
00000200,
00000100,
00000100,
0000FC00,
00000200,
00000100,
00000000,
0000FD00,
0000FB00,
00000300,
00000000,
00000700,
00000500,
00000000,
00000100,
00000100,
00000000,
0000FF00,
0000FFFF,
0000FD00,
00000700,
0000FE00,
0000FEFF,
0000FD00,
000006FF,
00000100,
0000FF00,
0000FE00,
0000FC00,
00000100,
00000100,
000000FF,
0000FB00,
00000100,
00000000,
00000300,
0000F700,
00000100,
000000FF,
00000200,
0000F800,
00000200,
00000100,
0000FF00,
00000200,
00000200,
00000200,
00000400,
0000FF00,
00000000,
0000FF00,
00000800,
0000F900,
0000FFFF,
00000100,
0000FC00,
0000FC00,
0000FE00,
0000FF00,
0000FF00,
00000300,
00000000,
0000FFFF,
0000FB00,
00000200,
0000FF00,
00000000,
00000100,
00000500,
00000100,
0000FF00,
0000F300,
00000400,
0000FF00,
00000100,
00000700,
000001FF,
00000100,
00000000,
0000FC00,
0000FF00,
000000FF,
0000FF00,
0000F800,
00000100,
0000FF00,
00000000,
0000FF00,
0000FAFF,
0000FFFF,
00000000,
00000001,
000009FF,
0000FF00,
00000300,
00000400,
00000300,
0000FF00,
0000FF00,
0000FE00,
0000FD00,
00000100,
0000FE00,
0000FC00,
00000000,
000004FF,
0000FE00,
00000501,
00000100,
00000200,
0000FE00,
0000FF00,
00000100,
00000200,
00000100,
0000FA00,
00000900,
00000200,
0000FFFF,
0000FF00,
0000F700,
00000000,
00000100,
00000100,
0000FD00,
000006FF,
00000000,
0000FE01,
00000100,
00000200,
00000400,
0000FD01,
00000700,
0000FFFF,
0000FD00,
00000300,
0000F700,
000002FF,
00000100,
00000700,
00000800,
00000000,
00000000,
0000FEFF,
0000FC00,
0000FDFF,
00000000,
0000F900,
0000FF00,
0000FEFF,
0000FEFF,
0000FE00,
0000FE00,
00000000,
0000FF00,
00000900,
0000FB00,
00000100,
00000100,
00000800,
0000FCFF,
00000100,
000001FF,
00000500,
000003FF,
00000100,
000002FF,
0000FD00,
00000000,
00000200,
00000100,
00000300,
0000FA00,
00000100,
00000000,
00000000,
00000100,
00000100,
00000100,
0000FC00,
0000FF01,
000000FF,
0000FFFF,
0000FF00,
000000FF,
0000FEFF,
00000200,
0000FE00,
0000FD00,
00000100,
00000000,
00000100,
00000400,
00000100,
0000FF00,
0000FB00,
00000800,
00000000,
0000FE00,
0000FA00,
00000700,
00000000,
00000000,
0000FE00,
0000F800,
0000FF00,
00000000,
0000FBFF,
0000FC00,
0000FFFF,
00000000,
0000FE00,
0000FD00,
0000FFFF,
0000FF00,
0000FD00,
00000400,
0000FE00,
000000FF,
00000200,
00000100,
00000000,
00000100,
00000200,
00000600,
0000FFFF,
0000FFFF,
00000600,
0000FE00,
0000FF00,
00000100,
00000401,
0000FD00,
00000000,
00000200,
00000600,
0000FE00,
000001FF,
00000200,
0000FD00,
00000300,
00000100,
0000FF00,
0000FE00,
00000000,
00000100,
0000FF01,
0000FC00,
0000FD00,
0000FE01,
0000FF00,
0000FF00,
00000100,
000006FF,
0000FE00,
00000200,
00000300,
0000FFFF,
00000100,
0000FF00,
0000FE00,
00000000,
00000200,
0000FE00,
0000FD00,
00000300,
0000FF00,
00000200,
000000FF,
0000FF00,
000003FF,
0000FF00,
0000FD00,
000001FF,
0000FD00,
0000FD00,
00000700,
00000200,
00000200,
00000100,
0000FD00,
0000FEFF,
00000100,
0000FF00,
00000400,
0000FF00,
00000300,
00000500,
00000100,
00000200,
000000FF,
00000400,
0000FD00,
00000300,
00000200,
0000FD00,
00000300,
00000000,
00000500,
0000FA00,
000001FF,
00000000,
00000100,
0000FB00,
00000000,
00000000,
0000FE00,
0000FB00,
0000FC01,
000000FF,
00000100,
0000FCFF,
0000FEFF,
0000FD00,
0000FFFF,
0000FF00,
0000FF00,
00000200,
0000FC00,
00000000,
0000F400,
00000000,
00000000,
00000200,
0000F800,
00000000,
00000200,
000003FF,
00000100,
0000FF00,
00000500,
00000400,
0000FE00,
0000FD00,
0000FE00,
0000FFFF,
0000F900,
00000100,
0000FEFF,
0000FC00,
00000100,
00000200,
0000FEFF,
0000FE00,
0000F9FF,
0000FF00,
00000000,
00000700,
0000FF00,
0000FB00,
00000500,
0000FF00,
00000700,
0000FD00,
00000200,
00000501,
00000200,
0000FAFF,
00000000,
00000301,
00000400,
000000FF,
0000FF00,
000000FF,
0000FD00,
00000100,
00000300,
00000200,
00000200,
000000FF,
00000401,
0000FF00,
0000FBFF,
00000200,
00000100,
00000600,
0000FE00,
0000FD00,
00000200,
000002FF,
00000100,
000006FF,
0000FF00,
0000FD00,
000000FF,
000005FF,
00000100,
00000200,
00000000,
000003FF,
00000000,
00000400,
000004FF,
000004FF,
00000000,
0000FA00,
0000FFFF,
000003FF,
0000FE00,
0000FC00,
00000100,
000004FF,
000003FF,
00000100,
00000400,
000002FF,
00000300,
0000FB00,
00000000,
000002FF,
00000100,
00000100,
000000FF,
000002FF,
0000FF00,
0000FE00,
0000FF00,
000003FF,
00000100,
0000FF00,
0000FB00,
000003FF,
0000FFFF,
00000300,
00000200,
000003FF,
00000000,
00000200,
0000FE00,
000002FF,
00000100,
0000F900,
0000FF00,
000002FF,
00000100,
00000200,
0000FF00,
000001FF,
0000FD00,
0000F9FF,
00000200,
000001FF,
00000000,
00000100,
00000300,
000001FF,
00000000,
00000400,
0000FF00,
000002FF,
0000FEFF,
0000FFFF,
0000FD00,
000001FF,
00000300,
0000FB00,
00000200,
000002FF,
00000301,
0000FB00,
00000300,
000003FF,
00000000,
0000FD00,
000001FF,
000003FF,
00000200,
0000FE00,
00000500,
000003FF,
00000200,
0000FF00,
00000200,
000002FE,
00000000,
0000FB00,
00000300,
000003FF,
00000100,
0000FC00,
00000000,
000003FE,
00000100,
00000000,
00000600,
000003FF,
0000FE00,
0000FF00,
000005FF,
000003FF,
0000FE00,
00000400,
0000FDFF,
000003FF,
0000FB00,
0000FF00,
0000FCFF,
000004FF,
00000200,
0000FC00,
000001FE,
000004FE,
00000200,
00000200,
00000300,
000003FF,
0000FD01,
00000200,
00000000,
000009FF,
0000FF00,
00000200,
000000E9,
00000036,
000000B4,
0000007F,
000000C1,
000000EB,
00000062,
0000001F,
00000057,
00000031,
000000AD,
0000001C,
000000AD,
000000AA,
000000A9,
00000042,
00000056,
00000020,
00000099,
0000003A,
0000004F,
0000006C,
000000CB,
0000002C,
00000039,
00000029,
00000047,
000000C8,
000000C8,
000000A1,
000000B2,
00000026,
FFFFEDB6,
FFFFA085,
FFFFDDB8,
00000ABE,
FFFFED56,
FFFFF960,
FFFFF9BA,
00000D1B,
00000A65,
FFFFF918,
FFFFFFD2,
FFFFFF8B,
FFFFFEC0,
00000B6B,
00000BD5,
FFFFFFEC,
FFFFF7E9,
00000DE0,
FFFFFFF9,
FFFFFFF1,
FFFFFF6A,
00000AAF,
00000BED,
FFFFFFCB,
00000055,
FFFFFFDB,
00000570,
00000C1D,
00000011,
00000DE9,
00000865,
FFFFFFCD,
00000C17,
FFFFFFC6,
00000DFD,
00000E52,
00000C9A,
00000B26,
00000464,
00000BF5,
FFFFFEA5,
00000D65,
FFFFF8D9,
00000000,
00000000,
00000000,
00000000,
00000000,
00000000,
00000000,
00000000,
00000000,
00000000,
00000000,
00000000,
00000000,
00000000,
00000000,
00000000,
00000000,
00000000,
00000000,
00000000,
00000000,
00000000,
00000000,
00000000,
00000000,
00000000,
00000000,
01010101,
01010202,
02020202,
00000000,
00000101,
01010101,
00000000,
00000202,
02020202,
00000000,
00000101,
01010101,
00000000,
00000000,
00000000,
00000000,
00000101,
01010101,
00000000,
00000000,
00000000,
00000000,
00000000,
00000000,
00000000,
00000000,
00000000,
00000000,
00000000,
00000000,
00000000,
00000000,
00000000,
00000000,
00000000,
00000000,
00000000,
00000000,
00000000,
00000000,
00000000,
00000000,
00000000,
00000000,
00000000,
00000000,
00000000,
00000000,
00000000,
00000000,
00000000,
00000000,
00000000,
00000000,
00000000,
00000000,
00000000,
00000000,
00000000,
00000000,
00000000,
00000000,
00000000,
00000000,
00000000,
00000000,
00000000,
00000000,
00000000,
00000000,
00000000,
00000000,
00000000,
00000000,
00000000,
00000000,
00000000,
00000000,
00000000,
00000000,
00000000,
00000000,
00000000,
00000000,
00000000,
00000000,
00000000,
00000000,
00000000,
00000000,
00000000,
00000000,
00000000,
00000000,
00000000,
00000000,
00000000,
00000000,
00000000,
00000000,
00000000,
00000000,
00000000,
00000000,
00000000,
00000000,
00000000,
00000000,
00000000,
00000000,
00000000,
00000000,
00000000,
00000000,
00000000,
00000000,
00000000,
00000000,
00000000,
00000000,
00000000,
00000000,
00000000,
00000000,
00000000,
00000000,
00000000,
00000000,
00000000,
00000000,
00000000,
00000000,
00000000,
00000000,
00000000,
00000000,
00000000,
00000000,
00000000,
00000000,
00000000,
00000000,
00000000,
00000000,
00000000,
00000000,
00000000,
00000000,
00000000,
00000000,
00000000,
00000000,
00000000,
00000000,
00000000,
00000000,
00000000,
00000000,
00000000,
00000000,
00000000,
00000000,
00000000,
00000000,
00000000,
00000000,
00000000,
00000000,
00000000,
00000000,
00000000,
00000000,
00000000,
00000000,
00000000,
00000000,
00000000,
00000000,
00000000,
00000000,
00000000,
00000000,
00000000,
00000000,
00000000,
00000000,
00000000,
00000000,
00000000,
00000000,
00000000,
00000000,
00000000,
00000000,
00000000,
00000000,
00000000,
00000000,
00000000,
00000000,
00000000,
00000000,
00000000,
00000000,
00000000,
00000000,
00000000,
00000000,
00000000,
00000000,
00000000,
00000000,
00000000,
00000000,
00000000,
00000000,
00000000,
00000000,
00000000,
00000000,
00000000,
00000000,
00000000,
00000000,
00000000,
00000000,
00000000,
00000000,
00000000,
00000000,
00000000,
00000000,
00000000,
00000000,
00000000,
00000000,
00000000,
00000000,
00000000,
00000000,
00000000,
00000000,
00000000,
00000000,
00000000,
00000000,
00000000,
00000000,
00000000,
00000000,
00000000,
00000000,
00000000,
00000000,
00000000,
00000000,
00000000,
00000000,
00000000,
00000000,
00000000,
00000000,
00000000,
00000000,
00000000,
00000000,
00000000,
00000000,
00000000,
00000000,
00000000,
00000000,
00000000,
00000000,
00000000,
00000000,
00000000,
00000000,
00000000,
00000000,
00000000,
00000000,
00000000,
00000000,
00000000,
00000000,
00000000,
00000000,
00000000,
00000000,
00000000,
00000000,
00000000,
00000000,
00000000,
00000000,
00000000,
00000000,
00000101,
01010101,
00000000,
00000000,
00000000,
00000000,
00000000,
00000000,
02020202,
02020000,
00000000,
00000000,
00000000,
00000000,
01010101,
01010101,
01010101,
00000000,
00000000,
00000000,
03030303,
03030000,
00000000,
00000000,
00000000,
00000000,
00000000,
00000000,
00000000,
00000000,
00000000,
00000000,
00000000,
00000000,
00000000,
00000000,
00000000,
00000000,
00000000,
00000000,
00000000,
00000000,
00000000,
00000000,
00000000,
00000000,
00000000,
00000000,
00000000,
00000000,
00000000,
00000000,
00000000,
00000000,
00000000,
00000000,
00000000,
00000000,
00000000,
00000000,
00000000,
00000000,
00000000,
00000000,
00000000,
00000000,
00000000,
00000000,
00000000,
00000000,
00000000,
00000000,
00000000,
00000000,
00000000,
00000000,
00000000,
00000000,
00000000,
00000000,
00000000,
00000000,
00000000,
00000000,
00000000,
00000000,
00000000,
00000000,
00000000,
00000000,
00000000,
00000000,
00000000,
00000000,
00000000,
00000000,
00000000,
00000000,
00000000,
00000000,
00000000,
00000000,
00000000,
00000000,
00000000,
00000000,
00000000,
00000000,
00000000,
00000000,
00000000,
00000000,
00000000,
00000000,
00000000,
00000000,
00000000,
00000000,
00000000,
00000000,
00000000,
00000000,
00000000,
00000000,
00000000,
00000000,
00000000,
00000000,
00000000,
00000000,
00000000,
00000000,
00000000,
00000000,
00000000,
00000000,
00000000,
00000000,
00000000,
00000000,
00000000,
00000000,
00000000,
00000000,
00000000,
00000000,
00000000,
00000000,
00000000,
00000000,
00000000,
00000000,
00000000,
00000000,
00000000,
00000000,
00000000,
00000000,
00000000,
00000000,
00000000,
00000000,
00000000,
00000000,
00000000,
00000000,
00000000,
00000000,
00000000,
00000000,
00000000,
00000000,
00000000,
00000000,
00000000,
00000000,
00000000,
00000000,
00000000,
00000000,
00000000,
00000000,
00000000,
00000000,
00000000,
00000000,
00000000,
00000000,
00000000,
00000000,
00000000,
00000000,
00000000,
00000000,
00000000,
00000000,
00000000,
00000000,
00000000,
00000000,
00000000,
00000000,
00000000,
00000000,
00000000,
00000000,
00000000,
00000000,
00000000,
00000000,
00000000,
00000000,
00000000,
00000000,
00000000,
00000000,
00000000,
00000000,
00000000,
00000000,
00000000,
00000000,
00000000,
00000000,
00000000,
00000000,
00000000,
00000000,
00000000,
00000000,
00000000,
00000000,
00000000,
00000000,
00000000,
00000000,
00000000,
00000000,
00000000,
00000000,
00000000,
00000000,
00000000,
00000000,
00000000,
00000000,
00000000,
00000000,
00000000,
00000000,
00000000,
00000000,
00000000,
00000000,
00000000,
00000000,
00000000,
00000000,
00000000,
00000000,
00000000,
00000000,
00000000,
00000000,
00000000,
00000000,
00000000,
00000000,
00000000,
00000000,
00000000,
00000000,
00000000,
00000000,
00000000,
00000000,
00000000,
00000000,
00000000,
00000000,
00000000,
00000000,
00000000,
00000000,
00000000,
00000000,
00000000,
00000000,
00000000,
00000000,
00000000,
00000000,
00000000,
00000000,
00000000,
00000000,
00000000,
00000000,
00000000,
01010101,
01010101,
01010101,
00000000,
00000000,
00000000,
00000000,
00000000,
00000000,
01010101,
01010101,
01010101,
00000000,
00000000,
00000000,
01010101,
01010000,
00000000,
00000000,
00000000,
00000000,
00000000,
00000000,
00000000,
00000000,
00000000,
00000000,
00000000,
00000000,
00000000,
00000000,
00000000,
00000000,
00000000,
00000000,
00000000,
00000000,
00000000,
00000000,
00000000,
00000000,
00000000,
00000000,
00000000,
00000000,
00000000,
00000000,
00000000,
00000000,
00000000,
00000000,
00000000,
00000000,
00000000,
00000000,
00000000,
00000000,
00000000,
00000000,
00000000,
00000000,
00000000,
00000000,
00000000,
00000000,
00000000,
00000000,
00000000,
00000000,
00000000,
00000000,
00000000,
00000000,
00000000,
00000000,
00000000,
00000000,
00000000,
00000000,
00000000,
00000000,
00000000,
00000000,
00000000,
00000000,
00000000,
00000000,
00000000,
00000000,
00000000,
00000000,
00000000,
00000000,
00000000,
00000000,
00000000,
00000000,
00000000,
00000000,
00000000,
00000000,
00000000,
00000000,
00000000,
00000000,
00000000,
00000000,
00000000,
00000000,
00000000,
00000000,
00000000,
00000000,
00000000,
00000000,
00000000,
00000000,
00000000,
00000000,
00000000,
00000000,
00000000,
00000000,
00000000,
00000000,
00000000,
00000000,
00000000,
00000000,
00000000,
00000000,
00000000,
00000000,
00000000,
00000000,
00000000,
00000000,
00000000,
00000000,
00000000,
00000000,
00000000,
00000000,
00000000,
00000000,
00000000,
00000000,
00000000,
00000000,
00000000,
00000000,
00000000,
00000000,
00000000,
00000000,
00000000,
00000000,
00000000,
00000000,
00000000,
00000000,
00000000,
00000000,
00000000,
00000000,
00000000,
00000000,
00000000,
00000000,
00000000,
00000000,
00000000,
00000000,
00000000,
00000000,
00000000,
00000000,
00000000,
00000000,
00000000,
00000000,
00000000,
00000000,
00000000,
00000000,
00000000,
00000000,
00000000,
00000000,
00000000,
00000000,
00000000,
00000000,
00000000,
00000000,
00000000,
00000000,
00000000,
00000000,
00000000,
00000000,
00000000,
00000000,
00000000,
00000000,
00000000,
00000000,
00000000,
00000000,
00000000,
00000000,
00000000,
00000000,
00000000,
00000000,
00000000,
00000000,
00000000,
00000000,
00000000,
00000000,
00000000,
00000000,
00000000,
00000000,
00000000,
00000000,
00000000,
00000000,
00000000,
00000000,
00000000,
00000000,
00000000,
00000000,
00000000,
00000000,
00000000,
00000000,
00000000,
00000000,
00000000,
00000000,
00000000,
00000000,
00000000,
00000000,
00000000,
00000000,
00000000,
00000000,
00000000,
00000000,
00000000,
00000000,
00000000,
00000000,
00000000,
00000000,
00000000,
00000000,
00000000,
00000000,
00000000,
00000000,
00000000,
00000000,
00000000,
00000000,
00000000,
00000000,
00000000,
00000000,
00000000,
00000000,
00000000,
00000000,
00000000,
00000000,
00000000,
00000000,
00000000,
00000000,
00000000,
00000000,
00000000,
00000000,
00000000,
00000000,
00000000,
00000000,
00000000,
00000000,
00000000,
00000000,
00000000,
00000000,
00000000,
00000000,
00000000,
00000000,
00000000,
00000000,
00000000,
00000202,
02020202,
00000000,
00000202,
02020202,
00000000,
00000000,
00000000,
02020202,
02020000,
00000000,
00000000,
00000202,
02020202,
00000000,
00000303,
03030303,
01010101,
01010101,
01010101,
00000000,
00000000,
00000000,
00000000,
00000000,
00000000,
00000000,
00000000,
00000000,
00000000,
00000000,
00000000,
00000000,
00000000,
00000000,
00000000,
00000000,
00000000,
00000000,
00000000,
00000000,
00000000,
00000000,
00000000,
00000000,
00000000,
00000000,
00000000,
00000000,
00000000,
00000000,
00000000,
00000000,
00000000,
00000000,
00000000,
00000000,
00000000,
00000000,
00000000,
00000000,
00000000,
00000000,
00000000,
00000000,
00000000,
00000000,
00000000,
00000000,
00000000,
00000000,
00000000,
00000000,
00000000,
00000000,
00000000,
00000000,
00000000,
00000000,
00000000,
00000000,
00000000,
00000000,
00000000,
00000000,
00000000,
00000000,
00000000,
00000000,
00000000,
00000000,
00000000,
00000000,
00000000,
00000000,
00000000,
00000000,
00000000,
00000000,
00000000,
00000000,
00000000,
00000000,
00000000,
00000000,
00000000,
00000000,
00000000,
00000000,
00000000,
00000000,
00000000,
00000000,
00000000,
00000000,
00000000,
00000000,
00000000,
00000000,
00000000,
00000000,
00000000,
00000000,
00000000,
00000000,
00000000,
00000000,
00000000,
00000000,
00000000,
00000000,
00000000,
00000000,
00000000,
00000000,
00000000,
00000000,
00000000,
00000000,
00000000,
00000000,
00000000,
00000000,
00000000,
00000000,
00000000,
00000000,
00000000,
00000000,
00000000,
00000000,
00000000,
00000000,
00000000,
00000000,
00000000,
00000000,
00000000,
00000000,
00000000,
00000000,
00000000,
00000000,
00000000,
00000000,
00000000,
00000000,
00000000,
00000000,
00000000,
00000000,
00000000,
00000000,
00000000,
00000000,
00000000,
00000000,
00000000,
00000000,
00000000,
00000000,
00000000,
00000000,
00000000,
00000000,
00000000,
00000000,
00000000,
00000000,
00000000,
00000000,
00000000,
00000000,
00000000,
00000000,
00000000,
00000000,
00000000,
00000000,
00000000,
00000000,
00000000,
00000000,
00000000,
00000000,
00000000,
00000000,
00000000,
00000000,
00000000,
00000000,
00000000,
00000000,
00000000,
00000000,
00000000,
00000000,
00000000,
00000000,
00000000,
00000000,
00000000,
00000000,
00000000,
00000000,
00000000,
00000000,
00000000,
00000000,
00000000,
00000000,
00000000,
00000000,
00000000,
00000000,
00000000,
00000000,
00000000,
00000000,
00000000,
00000000,
00000000,
00000000,
00000000,
00000000,
00000000,
00000000,
00000000,
00000000,
00000000,
00000000,
00000000,
00000000,
00000000,
00000000,
00000000,
00000000,
00000000,
00000000,
00000000,
00000000,
00000000,
00000000,
00000000,
00000000,
00000000,
00000000,
00000000,
00000000,
00000000,
00000000,
00000000,
00000000,
00000000,
00000000,
00000000,
00000000,
00000000,
00000000,
00000000,
00000000,
00000000,
00000000,
00000000,
00000000,
00000000,
00000000,
00000000,
00000000,
00000000,
00000000,
00000000,
00000000,
00000000,
00000000,
00000000,
01010101,
01010101,
01010101,
00000000,
00000000,
00000000,
00000000,
00000202,
02020202,
01010101,
01010000,
00000000,
01010101,
01010000,
00000000,
01010101,
01010404,
04040404,
00000000,
00000000,
00000000,
01010101,
01010000,
00000000,
00000000,
00000000,
00000000,
00000000,
00000000,
00000000,
00000000,
00000000,
00000000,
00000000,
00000000,
00000000,
00000000,
00000000,
00000000,
00000000,
00000000,
00000000,
00000000,
00000000,
00000000,
00000000,
00000000,
00000000,
00000000,
00000000,
00000000,
00000000,
00000000,
00000000,
00000000,
00000000,
00000000,
00000000,
00000000,
00000000,
00000000,
00000000,
00000000,
00000000,
00000000,
00000000,
00000000,
00000000,
00000000,
00000000,
00000000,
00000000,
00000000,
00000000,
00000000,
00000000,
00000000,
00000000,
00000000,
00000000,
00000000,
00000000,
00000000,
00000000,
00000000,
00000000,
00000000,
00000000,
00000000,
00000000,
00000000,
00000000,
00000000,
00000000,
00000000,
00000000,
00000000,
00000000,
00000000,
00000000,
00000000,
00000000,
00000000,
00000000,
00000000,
00000000,
00000000,
00000000,
00000000,
00000000,
00000000,
00000000,
00000000,
00000000,
00000000,
00000000,
00000000,
00000000,
00000000,
00000000,
00000000,
00000000,
00000000,
00000000,
00000000,
00000000,
00000000,
00000000,
00000000,
00000000,
00000000,
00000000,
00000000,
00000000,
00000000,
00000000,
00000000,
00000000,
00000000,
00000000,
00000000,
00000000,
00000000,
00000000,
00000000,
00000000,
00000000,
00000000,
00000000,
00000000,
00000000,
00000000,
00000000,
00000000,
00000000,
00000000,
00000000,
00000000,
00000000,
00000000,
00000000,
00000000,
00000000,
00000000,
00000000,
00000000,
00000000,
00000000,
00000000,
00000000,
00000000,
00000000,
00000000,
00000000,
00000000,
00000000,
00000000,
00000000,
00000000,
00000000,
00000000,
00000000,
00000000,
00000000,
00000000,
00000000,
00000000,
00000000,
00000000,
00000000,
00000000,
00000000,
00000000,
00000000,
00000000,
00000000,
00000000,
00000000,
00000000,
00000000,
00000000,
00000000,
00000000,
00000000,
00000000,
00000000,
00000000,
00000000,
00000000,
00000000,
00000000,
00000000,
00000000,
00000000,
00000000,
00000000,
00000000,
00000000,
00000000,
00000000,
00000000,
00000000,
00000000,
00000000,
00000000,
00000000,
00000000,
00000000,
00000000,
00000000,
00000000,
00000000,
00000000,
00000000,
00000000,
00000000,
00000000,
00000000,
00000000,
00000000,
00000000,
00000000,
00000000,
00000000,
00000000,
00000000,
00000000,
00000000,
00000000,
00000000,
00000000,
00000000,
00000000,
00000000,
00000000,
00000000,
00000000,
00000000,
00000000,
00000000,
00000000,
00000000,
00000000,
00000000,
00000000,
00000000,
00000000,
00000000,
00000000,
00000000,
00000000,
00000000,
00000000,
00000000,
00000000,
00000000,
00000000,
00000000,
00000000,
00000000,
00000000,
00000000,
00000000,
00000000,
00000000,
00000000,
00000000,
00000000,
00000000,
00000000,
00000000,
00000000,
00000000,
00000000,
00000000,
00000000,
00000000,
00000000,
00000000,
00000000,
00000000,
00000101,
01010101,
00000000,
00000101,
01010101,
03030303,
03030000,
00000000,
02020202,
02020000,
00000000,
00000000,
00000101,
01010101,
01010101,
01010000,
00000000,
04040404,
04040000,
00000000,
00000000,
00000000,
00000000,
00000000,
00000000,
00000000,
00000000,
00000000,
00000000,
00000000,
00000000,
00000000,
00000000,
00000000,
00000000,
00000000,
00000000,
00000000,
00000000,
00000000,
00000000,
00000000,
00000000,
00000000,
00000000,
00000000,
00000000,
00000000,
00000000,
00000000,
00000000,
00000000,
00000000,
00000000,
00000000,
00000000,
00000000,
00000000,
00000000,
00000000,
00000000,
00000000,
00000000,
00000000,
00000000,
00000000,
00000000,
00000000,
00000000,
00000000,
00000000,
00000000,
00000000,
00000000,
00000000,
00000000,
00000000,
00000000,
00000000,
00000000,
00000000,
00000000,
00000000,
00000000,
00000000,
00000000,
00000000,
00000000,
00000000,
00000000,
00000000,
00000000,
00000000,
00000000,
00000000,
00000000,
00000000,
00000000,
00000000,
00000000,
00000000,
00000000,
00000000,
00000000,
00000000,
00000000,
00000000,
00000000,
00000000,
00000000,
00000000,
00000000,
00000000,
00000000,
00000000,
00000000,
00000000,
00000000,
00000000,
00000000,
00000000,
00000000,
00000000,
00000000,
00000000,
00000000,
00000000,
00000000,
00000000,
00000000,
00000000,
00000000,
00000000,
00000000,
00000000,
00000000,
00000000,
00000000,
00000000,
00000000,
00000000,
00000000,
00000000,
00000000,
00000000,
00000000,
00000000,
00000000,
00000000,
00000000,
00000000,
00000000,
00000000,
00000000,
00000000,
00000000,
00000000,
00000000,
00000000,
00000000,
00000000,
00000000,
00000000,
00000000,
00000000,
00000000,
00000000,
00000000,
00000000,
00000000,
00000000,
00000000,
00000000,
00000000,
00000000,
00000000,
00000000,
00000000,
00000000,
00000000,
00000000,
00000000,
00000000,
00000000,
00000000,
00000000,
00000000,
00000000,
00000000,
00000000,
00000000,
00000000,
00000000,
00000000,
00000000,
00000000,
00000000,
00000000,
00000000,
00000000,
00000000,
00000000,
00000000,
00000000,
00000000,
00000000,
00000000,
00000000,
00000000,
00000000,
00000000,
00000000,
00000000,
00000000,
00000000,
00000000,
00000000,
00000000,
00000000,
00000000,
00000000,
00000000,
00000000,
00000000,
00000000,
00000000,
00000000,
00000000,
00000000,
00000000,
00000000,
00000000,
00000000,
00000000,
00000000,
00000000,
00000000,
00000000,
00000000,
00000000,
00000000,
00000000,
00000000,
00000000,
00000000,
00000000,
00000000,
00000000,
00000000,
00000000,
00000000,
00000000,
00000000,
00000000,
00000000,
00000000,
00000000,
00000000,
00000000,
00000000,
00000000,
00000000,
00000000,
00000000,
00000000,
00000000,
00000000,
00000000,
00000000,
00000000,
00000000,
00000000,
00000000,
00000000,
00000000,
00000000,
00000000,
00000000,
00000000,
00000000,
00000000,
00000000,
00000000,
00000000,
00000000,
00000000,
00000000,
00000000,
00000000,
00000000,
00000000,
00000000,
00000000,
00000000,
00000000,
00000000,
00000000,
00000000,
00000000,
00000000,
00000000,
00000000,
00000000,
00000000,
00000000,
00000000,
00000505,
05050505,
01010101,
01010000,
00000000,
00000000,
00000303,
03030303,
00000000,
00000000,
00000000,
00000000,
00000404,
04040404,
01010101,
01010202,
02020202,
00000000,
00000000,
00000000,
00000000,
00000000,
00000000,
00000000,
00000000,
00000000,
00000000,
00000000,
00000000,
01010101,
01010101,
01010101,
00000000,
00000000,
00000000,
00000000,
00000000,
00000000,
00000000,
00000000,
00000000,
00000000,
00000000,
00000000,
00000000,
00000000,
00000000,
00000000,
00000000,
00000000,
00000000,
00000000,
00000000,
00000000,
00000000,
00000000,
00000000,
00000000,
00000000,
00000000,
00000000,
00000000,
00000000,
00000000,
00000000,
00000000,
00000000,
00000000,
00000000,
00000000,
00000000,
00000000,
00000000,
00000000,
00000000,
00000000,
00000000,
00000000,
00000000,
00000000,
00000000,
00000000,
00000000,
00000000,
00000000,
00000000,
00000000,
00000000,
00000000,
00000000,
00000000,
00000000,
00000000,
00000000,
00000000,
00000000,
00000000,
00000000,
00000000,
00000000,
00000000,
00000000,
00000000,
00000000,
00000000,
00000000,
00000000,
00000000,
00000000,
00000000,
00000000,
00000000,
00000000,
00000000,
00000000,
00000000,
00000000,
00000000,
00000000,
00000000,
00000000,
00000000,
00000000,
00000000,
00000000,
00000000,
00000000,
00000000,
00000000,
00000000,
00000000,
00000000,
00000000,
00000000,
00000000,
00000000,
00000000,
00000000,
00000000,
00000000,
00000000,
00000000,
00000000,
00000000,
00000000,
00000000,
00000000,
00000000,
00000000,
00000000,
00000000,
00000000,
00000000,
00000000,
00000000,
00000000,
00000000,
00000000,
00000000,
00000000,
00000000,
00000000,
00000000,
00000000,
00000000,
00000000,
00000000,
00000000,
00000000,
00000000,
00000000,
00000000,
00000000,
00000000,
00000000,
00000000,
00000000,
00000000,
00000000,
00000000,
00000000,
00000000,
00000000,
00000000,
00000000,
00000000,
00000000,
00000000,
00000000,
00000000,
00000000,
00000000,
00000000,
00000000,
00000000,
00000000,
00000000,
00000000,
00000000,
00000000,
00000000,
00000000,
00000000,
00000000,
00000000,
00000000,
00000000,
00000000,
00000000,
00000000,
00000000,
00000000,
00000000,
00000000,
00000000,
00000000,
00000000,
00000000,
00000000,
00000000,
00000000,
00000000,
00000000,
00000000,
00000000,
00000000,
00000000,
00000000,
00000000,
00000000,
00000000,
00000000,
00000000,
00000000,
00000000,
00000000,
00000000,
00000000,
00000000,
00000000,
00000000,
00000000,
00000000,
00000000,
00000000,
00000000,
00000000,
00000000,
00000000,
00000000,
00000000,
00000000,
00000000,
00000000,
00000000,
00000000,
00000000,
00000000,
00000000,
00000000,
00000000,
00000000,
00000000,
00000000,
00000000,
00000000,
00000000,
00000000,
00000000,
00000000,
00000000,
00000000,
00000000,
00000000,
00000000,
00000000,
00000000,
00000000,
00000000,
00000000,
00000000,
00000000,
00000000,
00000000,
00000000,
00000000,
00000000,
00000000,
00000000,
00000000,
00000000,
00000000,
00000000,
01010101,
01010202,
02020202,
00000000,
00000000,
00000000,
0F0F0F0F,
0F0F5656,
56565656,
53535353,
53535959,
59595959,
58585858,
58585959,
59595959,
56565656,
56564848,
48484848,
02020202,
02020000,
00000000,
01010101,
01010000,
00000000,
00000000,
00000000,
00000000,
00000000,
00000000,
00000000,
01010101,
01010101,
01010101,
01010101,
01010101,
01010101,
01010101,
01010101,
01010101,
01010101,
01010000,
00000000,
00000000,
00000000,
00000000,
00000000,
00000000,
00000000,
00000000,
00000000,
00000000,
00000000,
00000000,
00000000,
00000000,
00000000,
00000000,
00000000,
00000000,
00000000,
00000000,
00000000,
00000000,
00000000,
00000000,
00000000,
00000000,
00000000,
00000000,
00000000,
00000000,
00000000,
00000000,
00000000,
00000000,
00000000,
00000000,
00000000,
00000000,
00000000,
00000000,
00000000,
00000000,
00000000,
00000000,
00000000,
00000000,
00000000,
00000000,
00000000,
00000000,
00000000,
00000000,
00000000,
00000000,
00000000,
00000000,
00000000,
00000000,
00000000,
00000000,
00000000,
00000000,
00000000,
00000000,
00000000,
00000000,
00000000,
00000000,
00000000,
00000000,
00000000,
00000000,
00000000,
00000000,
00000000,
00000000,
00000000,
00000000,
00000000,
00000000,
00000000,
00000000,
00000000,
00000000,
00000000,
00000000,
00000000,
00000000,
00000000,
00000000,
00000000,
00000000,
00000000,
00000000,
00000000,
00000000,
00000000,
00000000,
00000000,
00000000,
00000000,
00000000,
00000000,
00000000,
00000000,
00000000,
00000000,
00000000,
00000000,
00000000,
00000000,
00000000,
00000000,
00000000,
00000000,
00000000,
00000000,
00000000,
00000000,
00000000,
00000000,
00000000,
00000000,
00000000,
00000000,
00000000,
00000000,
00000000,
00000000,
00000000,
00000000,
00000000,
00000000,
00000000,
00000000,
00000000,
00000000,
00000000,
00000000,
00000000,
00000000,
00000000,
00000000,
00000000,
00000000,
00000000,
00000000,
00000000,
00000000,
00000000,
00000000,
00000000,
00000000,
00000000,
00000000,
00000000,
00000000,
00000000,
00000000,
00000000,
00000000,
00000000,
00000000,
00000000,
00000000,
00000000,
00000000,
00000000,
00000000,
00000000,
00000000,
00000000,
00000000,
00000000,
00000000,
00000000,
00000000,
00000000,
00000000,
00000000,
00000000,
00000000,
00000000,
00000000,
00000000,
00000000,
00000000,
00000000,
00000000,
00000000,
00000000,
00000000,
00000000,
00000000,
00000000,
00000000,
00000000,
00000000,
00000000,
00000000,
00000000,
00000000,
00000000,
00000000,
00000000,
00000000,
00000000,
00000000,
00000000,
00000000,
00000000,
00000000,
00000000,
00000000,
00000000,
00000000,
00000000,
00000000,
00000000,
00000000,
00000000,
00000000,
00000000,
00000000,
00000000,
00000000,
00000000,
00000000,
00000000,
00000000,
00000000,
00000000,
00000000,
00000000,
00000000,
00000000,
00000101,
01010101,
02020202,
02020000,
00000000,
00000000,
00000303,
03030303,
00000000,
00000202,
02020202,
00000000,
00000000,
00000000,
02020202,
02020000,
00000000,
00000000,
00000202,
02020202,
00000000,
00000000,
00000000,
00000000,
00002222,
22222222,
93939393,
93939090,
90909090,
8E8E8E8E,
8E8E6868,
68686868,
6B6B6B6B,
6B6B6E6E,
6E6E6E6E,
6D6D6D6D,
6D6D6969,
69696969,
70707070,
70707373,
73737373,
92929292,
92929595,
95959595,
14141414,
14140000,
00000000,
00000000,
00000000,
00000000,
00000000,
00000000,
00000000,
02020202,
02020000,
00000000,
00000000,
00000202,
02020202,
01010101,
01010000,
00000000,
01010101,
01010000,
00000000,
03030303,
03030101,
01010101,
00000000,
00000000,
00000000,
00000000,
00000000,
00000000,
01010101,
01010000,
00000000,
00000000,
00000202,
02020202,
00000000,
00000101,
01010101,
00000000,
00000000,
00000000,
00000000,
00000000,
00000000,
03030303,
03030000,
00000000,
01010101,
01010000,
00000000,
00000000,
00000000,
00000000,
00000000,
00000000,
00000000,
00000000,
00000000,
00000000,
00000000,
00000000,
00000000,
00000000,
00000000,
00000000,
00000000,
00000000,
00000000,
00000000,
00000000,
00000000,
00000000,
00000000,
00000000,
00000000,
00000000,
00000000,
00000000,
00000000,
00000000,
00000000,
00000000,
00000000,
00000000,
00000000,
00000000,
00000000,
00000000,
00000000,
00000000,
00000000,
00000000,
00000000,
00000000,
00000000,
00000000,
00000000,
00000000,
00000000,
00000000,
00000000,
00000000,
00000000,
00000000,
00000000,
00000000,
00000000,
00000000,
00000000,
00000000,
00000000,
00000000,
00000000,
00000000,
00000000,
00000000,
00000000,
00000000,
00000000,
01010101,
01010101,
01010101,
01010101,
01010000,
00000000,
02020202,
02020303,
03030303,
02020202,
02020000,
00000000,
01010101,
01010000,
00000000,
01010101,
01010000,
00000000,
00000000,
00000202,
02020202,
00000000,
00000303,
03030303,
00000000,
00000000,
00000000,
00000000,
00000202,
02020202,
00000000,
00000303,
03030303,
00000000,
00000000,
00000000,
01010101,
01010101,
01010101,
00000000,
00000000,
00000000,
00000000,
00000000,
00000000,
00000000,
00000000,
00000000,
00000000,
00000000,
00000000,
00000000,
00000000,
00000000,
00000000,
00000000,
00000000,
00000000,
00000000,
00000000,
00000000,
00000000,
00000000,
00000000,
00000000,
00000000,
00000000,
00000000,
00000000,
00000000,
00000000,
00000000,
00000000,
00000000,
00000000,
00000000,
00000000,
00000000,
00000000,
00000000,
00000000,
00000000,
00000000,
00000000,
00000000,
00000000,
00000000,
00000000,
00000000,
00000000,
00000000,
00000000,
00000000,
00000000,
00000000,
00000000,
00000000,
00000000,
00000000,
00000000,
00000000,
00000000,
00000000,
00000000,
00000000,
00000000,
00000000,
00000000,
00000000,
00000000,
00000000,
00000000,
00000000,
00000000,
00000000,
00000000,
00000000,
00000000,
00000000,
00000000,
00000000,
00000000,
00000000,
00000000,
00000000,
00000000,
00000000,
00000000,
00000000,
00000000,
00000000,
00000000,
00000000,
00000000,
00000000,
00000000,
00000000,
00000000,
00000000,
00000202,
02020202,
02020202,
02020000,
00000000,
03030303,
03030303,
03030303,
01010101,
01010202,
02020202,
0A0A0A0A,
0A0A0808,
08080808,
0C0C0C0C,
0C0C0F0F,
0F0F0F0F,
0C0C0C0C,
0C0C0F0F,
0F0F0F0F,
0F0F0F0F,
0F0FCFCF,
CFCFCFCF,
F1F1F1F1,
F1F16B6B,
6B6B6B6B,
26262626,
26260000,
00000000,
04040404,
04040000,
00000000,
00000000,
00000404,
04040404,
00000000,
00000A0A,
0A0A0A0A,
34343434,
3434ACAC,
ACACACAC,
C8C8C8C8,
C8C88484,
84848484,
09090909,
09091313,
13131313,
CBCBCBCB,
CBCBC5C5,
C5C5C5C5,
C0C0C0C0,
C0C0C5C5,
C5C5C5C5,
C9C9C9C9,
C9C95454,
54545454,
0C0C0C0C,
0C0C0000,
00000000,
01010101,
01010505,
05050505,
00000000,
00000000,
00000000,
01010101,
01010000,
00000000,
03030303,
03030000,
00000000,
01010101,
01010000,
00000000,
00000000,
00000000,
00000000,
01010101,
01010000,
00000000,
00000000,
00000202,
02020202,
04040404,
04040000,
00000000,
00000000,
00000000,
00000000,
01010101,
01010000,
00000000,
00000000,
00000000,
00000000,
00000000,
00000000,
00000000,
00000000,
00000000,
00000000,
00000000,
00000000,
00000000,
00000000,
00000000,
00000000,
00000000,
00000000,
00000000,
00000000,
00000000,
00000000,
00000000,
00000000,
00000000,
00000000,
00000000,
00000000,
00000000,
00000000,
00000000,
00000000,
00000000,
00000000,
00000000,
00000000,
00000000,
00000000,
00000000,
00000000,
00000000,
00000000,
00000000,
00000000,
00000000,
00000000,
00000000,
00000000,
00000000,
00000000,
00000000,
00000000,
00000000,
00000000,
00000000,
00000000,
00000000,
00000000,
00000000,
00000000,
00000000,
00000000,
00000000,
00000000,
00000000,
00000000,
00000000,
00000000,
00000000,
00000000,
00000000,
00000101,
01010101,
02020202,
02020000,
00000000,
00000000,
00000000,
00000000,
00000000,
00000000,
00000000,
04040404,
04040000,
00000000,
01010101,
01010202,
02020202,
00000000,
00000000,
00000000,
05050505,
05050000,
00000000,
00000000,
00000000,
00000000,
01010101,
01010202,
02020202,
00000000,
00000000,
00000000,
00000000,
00000000,
00000000,
00000000,
00000000,
00000000,
00000000,
00000000,
00000000,
00000000,
00000000,
00000000,
00000000,
00000000,
00000000,
00000000,
00000000,
00000000,
00000000,
00000000,
00000000,
00000000,
00000000,
00000000,
00000000,
00000000,
00000000,
00000000,
00000000,
00000000,
00000000,
00000000,
00000000,
00000000,
00000000,
00000000,
00000000,
00000000,
00000000,
00000000,
00000000,
00000000,
00000000,
00000000,
00000000,
00000000,
00000000,
00000000,
00000000,
00000000,
00000000,
00000000,
00000000,
00000000,
00000000,
00000000,
00000000,
00000000,
00000000,
00000000,
00000000,
00000000,
00000000,
00000000,
00000000,
00000000,
00000000,
00000000,
00000000,
00000000,
00000000,
00000000,
00000000,
00000000,
00000000,
00000000,
00000000,
00000000,
00000000,
00000000,
00000000,
00000000,
00000000,
00000000,
00000000,
00000000,
00000000,
00000000,
00000000,
00000000,
00000000,
00000000,
00000000,
00000000,
00000000,
00000000,
00000000,
00000000,
00000000,
00000000,
00000000,
00000000,
00000000,
00000000,
00000000,
04040404,
04040000,
00000000,
00000000,
00000000,
00000000,
01010101,
01010000,
00000000,
01010101,
01013333,
33333333,
F7F7F7F7,
F7F7FFFF,
FFFFFFFF,
FFFFFFFF,
FFFFC0C0,
C0C0C0C0,
B6B6B6B6,
B6B6B5B5,
B5B5B5B5,
B4B4B4B4,
B4B40000,
00000000,
02020202,
02020303,
03030303,
03030303,
03030000,
00000000,
01010101,
01010000,
00000000,
00000000,
00000101,
01010101,
01010101,
01010101,
01010101,
00000000,
00000101,
01010101,
01010101,
01013C3C,
3C3C3C3C,
B9B9B9B9,
B9B9B3B3,
B3B3B3B3,
8A8A8A8A,
8A8A0202,
02020202,
00000000,
00000000,
00000000,
46464646,
4646B9B9,
B9B9B9B9,
E5E5E5E5,
E5E53232,
32323232,
00000000,
00000000,
00000000,
00000000,
00000101,
01010101,
00000000,
00000000,
00000000,
00000000,
00000000,
00000000,
02020202,
02020202,
02020202,
01010101,
01010101,
01010101,
01010101,
01010000,
00000000,
00000000,
00000000,
00000000,
00000000,
00000202,
02020202,
00000000,
00000202,
02020202,
00000000,
00000000,
00000000,
00000000,
00000000,
00000000,
00000000,
00000000,
00000000,
00000000,
00000000,
00000000,
00000000,
00000000,
00000000,
00000000,
00000000,
00000000,
00000000,
00000000,
00000000,
00000000,
00000000,
00000000,
00000000,
00000000,
00000000,
00000000,
00000000,
00000000,
00000000,
00000000,
00000000,
00000000,
00000000,
00000000,
00000000,
00000000,
00000000,
00000000,
00000000,
00000000,
00000000,
00000000,
00000000,
00000000,
00000000,
00000000,
00000000,
00000000,
00000000,
00000000,
00000000,
00000000,
00000000,
00000000,
00000000,
00000000,
00000000,
00000000,
00000000,
00000000,
00000000,
00000000,
00000000,
00000000,
00000000,
00000000,
00000000,
00000000,
00000000,
00000000,
00000000,
00000101,
01010101,
02020202,
02020101,
01010101,
01010101,
01010000,
00000000,
00000000,
00000000,
00000000,
04040404,
04040000,
00000000,
00000000,
00000202,
02020202,
00000000,
00000000,
00000000,
00000000,
00000000,
00000000,
00000000,
00000202,
02020202,
00000000,
00000000,
00000000,
00000000,
00000000,
00000000,
02020202,
02020000,
00000000,
02020202,
02020000,
00000000,
00000000,
00000000,
00000000,
00000000,
00000000,
00000000,
00000000,
00000000,
00000000,
00000000,
00000000,
00000000,
00000000,
00000000,
00000000,
00000000,
00000000,
00000000,
00000000,
00000000,
00000000,
00000000,
00000000,
00000000,
00000000,
00000000,
00000000,
00000000,
00000000,
00000000,
00000000,
00000000,
00000000,
00000000,
00000000,
00000000,
00000000,
00000000,
00000000,
00000000,
00000000,
00000000,
00000000,
00000000,
00000000,
00000000,
00000000,
00000000,
00000000,
00000000,
00000000,
00000000,
00000000,
00000000,
00000000,
00000000,
00000000,
00000000,
00000000,
00000000,
00000000,
00000000,
00000000,
00000000,
00000000,
00000000,
00000000,
00000000,
00000000,
00000000,
00000000,
00000000,
00000000,
00000000,
00000000,
00000000,
00000000,
00000000,
00000000,
00000000,
00000000,
00000000,
00000000,
00000000,
00000000,
00000000,
00000000,
00000000,
00000000,
00000000,
00000000,
00000000,
00000000,
00000000,
00000000,
00000000,
00000000,
00000101,
01010101,
00000000,
00000303,
03030303,
00000000,
00000000,
00000000,
02020202,
02022525,
25252525,
83838383,
8383DBDB,
DBDBDBDB,
7F7F7F7F,
7F7F7D7D,
7D7D7D7D,
77777777,
77771111,
11111111,
00000000,
00000303,
03030303,
01010101,
01010202,
02020202,
00000000,
00000202,
02020202,
00000000,
00000000,
00000000,
01010101,
01010000,
00000000,
01010101,
01010000,
00000000,
00000000,
00000404,
04040404,
00000000,
00000000,
00000000,
02020202,
02020303,
03030303,
02020202,
02020101,
01010101,
00000000,
00000404,
04040404,
00000000,
00000000,
00000000,
01010101,
01010000,
00000000,
70707070,
7070DBDB,
DBDBDBDB,
40404040,
40400000,
00000000,
03030303,
03030202,
02020202,
00000000,
00000000,
00000000,
02020202,
02020000,
00000000,
01010101,
01010000,
00000000,
00000000,
00000000,
00000000,
00000000,
00000101,
01010101,
03030303,
03030000,
00000000,
00000000,
00000000,
00000000,
00000000,
00000000,
00000000,
00000000,
00000101,
01010101,
00000000,
00000000,
00000000,
00000000,
00000000,
00000000,
00000000,
00000000,
00000000,
00000000,
00000000,
00000000,
00000000,
00000000,
00000000,
00000000,
00000000,
00000000,
00000000,
00000000,
00000000,
00000000,
00000000,
00000000,
00000000,
00000000,
00000000,
00000000,
00000000,
00000000,
00000000,
00000000,
00000000,
00000000,
00000000,
00000000,
00000000,
00000000,
00000000,
00000000,
00000000,
00000000,
00000000,
00000000,
00000000,
00000000,
00000000,
00000000,
00000000,
00000000,
00000000,
00000000,
00000000,
00000000,
00000000,
00000000,
00000000,
00000000,
00000000,
00000000,
00000000,
00000000,
00000000,
00000000,
00000000,
00000000,
00000000,
00000000,
00000000,
00000000,
00000000,
00000000,
00000000,
00000000,
00000000,
00000000,
00001313,
13131313,
76767676,
76768080,
80808080,
81818181,
81817676,
76767676,
29292929,
29290000,
00000000,
02020202,
02020101,
01010101,
00000000,
00000404,
04040404,
00000000,
00000000,
00000000,
02020202,
02020101,
01010101,
00000000,
00000000,
00000000,
00000000,
00000000,
00000000,
00000000,
00000202,
02020202,
00000000,
00000000,
00000000,
00000000,
00000000,
00000000,
00000000,
00000000,
00000000,
00000000,
00000000,
00000000,
00000000,
00000000,
00000000,
00000000,
00000000,
00000000,
00000000,
00000000,
00000000,
00000000,
00000000,
00000000,
00000000,
00000000,
00000000,
00000000,
00000000,
00000000,
00000000,
00000000,
00000000,
00000000,
00000000,
00000000,
00000000,
00000000,
00000000,
00000000,
00000000,
00000000,
00000000,
00000000,
00000000,
00000000,
00000000,
00000000,
00000000,
00000000,
00000000,
00000000,
00000000,
00000000,
00000000,
00000000,
00000000,
00000000,
00000000,
00000000,
00000000,
00000000,
00000000,
00000000,
00000000,
00000000,
00000000,
00000000,
00000000,
00000000,
00000000,
00000000,
00000000,
00000000,
00000000,
00000000,
00000000,
00000000,
00000000,
00000000,
00000000,
00000000,
00000000,
00000000,
00000000,
00000000,
00000000,
00000000,
00000000,
00000000,
00000000,
00000000,
00000000,
00000000,
00000000,
00000000,
03030303,
03030000,
00000000,
01010101,
01010000,
00000000,
04040404,
04040101,
01010101,
0A0A0A0A,
0A0ACECE,
CECECECE,
9A9A9A9A,
9A9A4343,
43434343,
07070707,
07070000,
00000000,
01010101,
01010101,
01010101,
01010101,
01010000,
00000000,
00000000,
00000000,
00000000,
00000000,
00000000,
00000000,
02020202,
02020101,
01010101,
00000000,
00000101,
01010101,
01010101,
01010202,
02020202,
00000000,
00000000,
00000000,
01010101,
01010202,
02020202,
00000000,
00000000,
00000000,
00000000,
00000000,
00000000,
00000000,
00000000,
00000000,
00000000,
00000000,
00000000,
00000000,
00000303,
03030303,
04040404,
04044343,
43434343,
7D7D7D7D,
7D7D2F2F,
2F2F2F2F,
02020202,
02020000,
00000000,
00000000,
00000303,
03030303,
00000000,
00000202,
02020202,
01010101,
01010000,
00000000,
03030303,
03030000,
00000000,
00000000,
00000000,
00000000,
00000000,
00000101,
01010101,
01010101,
01010000,
00000000,
00000000,
00000000,
00000000,
00000000,
00000000,
00000000,
00000000,
00000000,
00000000,
00000000,
00000000,
00000000,
00000000,
00000000,
00000000,
00000000,
00000000,
00000000,
00000000,
00000000,
00000000,
00000000,
00000000,
00000000,
00000000,
00000000,
00000000,
00000000,
00000000,
00000000,
00000000,
00000000,
00000000,
00000000,
00000000,
00000000,
00000000,
00000000,
00000000,
00000000,
00000000,
00000000,
00000000,
00000000,
00000000,
00000000,
00000000,
00000000,
00000000,
00000000,
00000000,
00000000,
00000000,
00000000,
00000000,
00000000,
00000000,
00000000,
00000000,
00000000,
00000000,
00000000,
00000000,
00000000,
00000000,
00000000,
00000000,
00000000,
00000000,
00000000,
00000000,
00000000,
00000000,
00000000,
00000000,
00000000,
00000000,
00000000,
01010101,
01010202,
02020202,
02020202,
02022626,
26262626,
F7F7F7F7,
F7F7FFFF,
FFFFFFFF,
FCFCFCFC,
FCFCF0F0,
F0F0F0F0,
64646464,
64640000,
00000000,
00000000,
00000000,
00000000,
00000000,
00007C7C,
7C7C7C7C,
B5B5B5B5,
B5B5BEBE,
BEBEBEBE,
B0B0B0B0,
B0B04F4F,
4F4F4F4F,
03030303,
03030000,
00000000,
00000000,
00000303,
03030303,
00000000,
00000202,
02020202,
00000000,
00000000,
00000000,
00000000,
00000000,
00000000,
00000000,
00000000,
00000000,
00000000,
00000000,
00000000,
00000000,
00000000,
00000000,
00000000,
00000000,
00000000,
00000000,
00000000,
00000000,
00000000,
00000000,
00000000,
00000000,
00000000,
00000000,
00000000,
00000000,
00000000,
00000000,
00000000,
00000000,
00000000,
00000000,
00000000,
00000000,
00000000,
00000000,
00000000,
00000000,
00000000,
00000000,
00000000,
00000000,
00000000,
00000000,
00000000,
00000000,
00000000,
00000000,
00000000,
00000000,
00000000,
00000000,
00000000,
00000000,
00000000,
00000000,
00000000,
00000000,
00000000,
00000000,
00000000,
00000000,
00000000,
00000000,
00000000,
00000000,
00000000,
00000000,
00000000,
00000000,
00000000,
00000000,
00000000,
00000000,
00000000,
00000000,
00000000,
00000000,
00000000,
00000000,
00000000,
00000000,
00000000,
00000000,
00000000,
00000000,
00000000,
00000000,
00000000,
00000000,
00000000,
00000000,
00000000,
00000000,
00000000,
00000000,
02020202,
02020101,
01010101,
00000000,
00000000,
00000000,
CACACACA,
CACA9393,
93939393,
06060606,
06060000,
00000000,
00000000,
00000101,
01010101,
02020202,
02020000,
00000000,
00000000,
00000000,
00000000,
01010101,
01010000,
00000000,
01010101,
01010404,
04040404,
00000000,
00000000,
00000000,
00000000,
00000101,
01010101,
00000000,
00000000,
00000000,
00000000,
00000101,
01010101,
03030303,
03030000,
00000000,
00000000,
00000303,
03030303,
04040404,
04040000,
00000000,
02020202,
02020202,
02020202,
00000000,
00000404,
04040404,
00000000,
00000202,
02020202,
01010101,
01010000,
00000000,
6C6C6C6C,
6C6CEBEB,
EBEBEBEB,
2E2E2E2E,
2E2E0000,
00000000,
02020202,
02020000,
00000000,
00000000,
00000202,
02020202,
00000000,
00001D1D,
1D1D1D1D,
38383838,
38383232,
32323232,
39393939,
39393030,
30303030,
12121212,
12120000,
00000000,
00000000,
00000101,
01010101,
03030303,
03030000,
00000000,
00000000,
00000000,
00000000,
00000000,
00000000,
00000000,
00000000,
00000000,
00000000,
00000000,
00000000,
00000000,
00000000,
00000000,
00000000,
00000000,
00000000,
00000000,
00000000,
00000000,
00000000,
00000000,
00000000,
00000000,
00000000,
00000000,
00000000,
00000000,
00000000,
00000000,
00000000,
00000000,
00000000,
00000000,
00000000,
00000000,
00000000,
00000000,
00000000,
00000000,
00000000,
00000000,
00000000,
00000000,
00000000,
00000000,
00000000,
00000000,
00000000,
00000000,
00000000,
00000000,
00000000,
00000000,
00000000,
00000000,
00000000,
00000000,
00000000,
00000000,
00000000,
00000000,
00000000,
00000000,
00000000,
00000000,
00000000,
00000000,
00000000,
00000000,
00000000,
00000000,
00000000,
00000000,
00000000,
00000000,
00000000,
00000000,
00000000,
00002727,
27272727,
FFFFFFFF,
FFFFFFFF,
FFFFFFFF,
FDFDFDFD,
FDFDF2F2,
F2F2F2F2,
62626262,
62620101,
01010101,
00000000,
00000202,
02020202,
53535353,
5353F0F0,
F0F0F0F0,
FEFEFEFE,
FEFEFDFD,
FDFDFDFD,
FFFFFFFF,
FFFFC8C8,
C8C8C8C8,
21212121,
21210101,
01010101,
03030303,
03030000,
00000000,
06060606,
06060000,
00000000,
00000000,
00000000,
00000000,
00000000,
00000000,
00000000,
00000000,
00000000,
00000000,
00000000,
00000000,
00000000,
00000000,
00000000,
00000000,
00000000,
00000000,
00000000,
00000000,
00000000,
00000000,
00000000,
00000000,
00000000,
00000000,
00000000,
00000000,
00000000,
00000000,
00000000,
00000000,
00000000,
00000000,
00000000,
00000000,
00000000,
00000000,
00000000,
00000000,
00000000,
00000000,
00000000,
00000000,
00000000,
00000000,
00000000,
00000000,
00000000,
00000000,
00000000,
00000000,
00000000,
00000000,
00000000,
00000000,
00000000,
00000000,
00000000,
00000000,
00000000,
00000000,
00000000,
00000000,
00000000,
00000000,
00000000,
00000000,
00000000,
00000000,
00000000,
00000000,
00000000,
00000000,
00000000,
00000000,
00000000,
00000000,
00000000,
00000000,
00000000,
00000000,
00000000,
00000000,
00000000,
00000000,
00000000,
00000000,
00000000,
00000000,
00000000,
00000000,
00000000,
00000000,
00000000,
00000000,
00000000,
01010101,
01010000,
00000000,
01010101,
01010000,
00000000,
00000000,
00000202,
02020202,
C2C2C2C2,
C2C20000,
00000000,
00000000,
00000606,
06060606,
00000000,
00000000,
00000000,
01010101,
01010101,
01010101,
00000000,
00000303,
03030303,
00000000,
00000101,
01010101,
00000000,
00000000,
00000000,
00000000,
00000303,
03030303,
00000000,
00000000,
00000000,
00000000,
00000303,
03030303,
02020202,
02020000,
00000000,
00000000,
00000000,
00000000,
00000000,
00000000,
00000000,
00000000,
00000202,
02020202,
01010101,
01010000,
00000000,
02020202,
02020000,
00000000,
00000000,
00000303,
03030303,
00000000,
00000101,
01010101,
01010101,
01016767,
67676767,
E0E0E0E0,
E0E04141,
41414141,
01010101,
01010303,
03030303,
01010101,
01010000,
00000000,
08080808,
08089C9C,
9C9C9C9C,
F2F2F2F2,
F2F2FFFF,
FFFFFFFF,
FEFEFEFE,
FEFEDFDF,
DFDFDFDF,
45454545,
45450606,
06060606,
00000000,
00000000,
00000000,
02020202,
02020000,
00000000,
00000000,
00000303,
03030303,
00000000,
00000000,
00000000,
00000000,
00000000,
00000000,
00000000,
00000000,
00000000,
00000000,
00000000,
00000000,
00000000,
00000000,
00000000,
00000000,
00000000,
00000000,
00000000,
00000000,
00000000,
00000000,
00000000,
00000000,
00000000,
00000000,
00000000,
00000000,
00000000,
00000000,
00000000,
00000000,
00000000,
00000000,
00000000,
00000000,
00000000,
00000000,
00000000,
00000000,
00000000,
00000000,
00000000,
00000000,
00000000,
00000000,
00000000,
00000000,
00000000,
00000000,
00000000,
00000000,
00000000,
00000000,
00000000,
00000000,
00000000,
00000000,
00000000,
00000000,
00000000,
00000000,
00000000,
00000000,
00000000,
00000000,
00000000,
00000000,
00000000,
00000000,
00000000,
00000000,
01010101,
01010000,
00000000,
00000000,
00003030,
30303030,
FAFAFAFA,
FAFAFFFF,
FFFFFFFF,
FFFFFFFF,
FFFFF3F3,
F3F3F3F3,
68686868,
68680000,
00000000,
02020202,
02020000,
00000000,
78787878,
7878F5F5,
F5F5F5F5,
FAFAFAFA,
FAFAFDFD,
FDFDFDFD,
FEFEFEFE,
FEFED8D8,
D8D8D8D8,
39393939,
39390202,
02020202,
00000000,
00000303,
03030303,
00000000,
00000202,
02020202,
00000000,
00000000,
00000000,
00000000,
00000000,
00000000,
00000000,
00000000,
00000000,
00000000,
00000000,
00000000,
00000000,
00000000,
00000000,
00000000,
00000000,
00000000,
00000000,
00000000,
00000000,
00000000,
00000000,
00000000,
00000000,
00000000,
00000000,
00000000,
00000000,
00000000,
00000000,
00000000,
00000000,
00000000,
00000000,
00000000,
00000000,
00000000,
00000000,
00000000,
00000000,
00000000,
00000000,
00000000,
00000000,
00000000,
00000000,
00000000,
00000000,
00000000,
00000000,
00000000,
00000000,
00000000,
00000000,
00000000,
00000000,
00000000,
00000000,
00000000,
00000000,
00000000,
00000000,
00000000,
00000000,
00000000,
00000000,
00000000,
00000000,
00000000,
00000000,
00000000,
00000000,
00000000,
00000000,
00000000,
00000000,
00000000,
00000000,
00000000,
00000000,
00000000,
00000000,
00000000,
00000000,
00000000,
00000000,
00000000,
00000000,
00000000,
00000000,
00000000,
00000000,
00000000,
00000000,
00000000,
01010101,
01010000,
00000000,
01010101,
01010000,
00000000,
00000000,
00000000,
00000000,
C5C5C5C5,
C5C50000,
00000000,
00000000,
00000000,
00000000,
02020202,
02020000,
00000000,
00000000,
00000101,
01010101,
01010101,
01010000,
00000000,
02020202,
02020000,
00000000,
02020202,
02020000,
00000000,
00000000,
00000000,
00000000,
01010101,
01010000,
00000000,
01010101,
01010000,
00000000,
00000000,
00000000,
00000000,
00000000,
00000202,
02020202,
00000000,
00000101,
01010101,
01010101,
01010101,
01010101,
00000000,
00000000,
00000000,
01010101,
01010000,
00000000,
04040404,
04040000,
00000000,
00000000,
00000000,
00000000,
01010101,
01010000,
00000000,
73737373,
73738E8E,
8E8E8E8E,
00000000,
00000000,
00000000,
00000000,
00000000,
00000000,
05050505,
0505C9C9,
C9C9C9C9,
FFFFFFFF,
FFFFFDFD,
FDFDFDFD,
FDFDFDFD,
FDFDF0F0,
F0F0F0F0,
52525252,
52520000,
00000000,
01010101,
01010101,
01010101,
00000000,
00000101,
01010101,
00000000,
00000000,
00000000,
00000000,
00000000,
00000000,
00000000,
00000000,
00000000,
00000000,
00000000,
00000000,
00000000,
00000000,
00000000,
00000000,
00000000,
00000000,
00000000,
00000000,
00000000,
00000000,
00000000,
00000000,
00000000,
00000000,
00000000,
00000000,
00000000,
00000000,
00000000,
00000000,
00000000,
00000000,
00000000,
00000000,
00000000,
00000000,
00000000,
00000000,
00000000,
00000000,
00000000,
00000000,
00000000,
00000000,
00000000,
00000000,
00000000,
00000000,
00000000,
00000000,
00000000,
00000000,
00000000,
00000000,
00000000,
00000000,
00000000,
00000000,
00000000,
00000000,
00000000,
00000000,
00000000,
00000000,
00000000,
00000000,
00000000,
00000000,
00000000,
00000000,
00000000,
00000000,
00000000,
00000000,
00000101,
01010101,
01010101,
01012727,
27272727,
FFFFFFFF,
FFFFFDFD,
FDFDFDFD,
FFFFFFFF,
FFFFF3F3,
F3F3F3F3,
64646464,
64640000,
00000000,
00000000,
00000303,
03030303,
62626262,
6262F2F2,
F2F2F2F2,
FFFFFFFF,
FFFFFEFE,
FEFEFEFE,
FFFFFFFF,
FFFFCDCD,
CDCDCDCD,
27272727,
27270000,
00000000,
00000000,
00000000,
00000000,
00000000,
00000000,
00000000,
00000000,
00000000,
00000000,
00000000,
00000000,
00000000,
00000000,
00000000,
00000000,
00000000,
00000000,
00000000,
00000000,
00000000,
00000000,
00000000,
00000000,
00000000,
00000000,
00000000,
00000000,
00000000,
00000000,
00000000,
00000000,
00000000,
00000000,
00000000,
00000000,
00000000,
00000000,
00000000,
00000000,
00000000,
00000000,
00000000,
00000000,
00000000,
00000000,
00000000,
00000000,
00000000,
00000000,
00000000,
00000000,
00000000,
00000000,
00000000,
00000000,
00000000,
00000000,
00000000,
00000000,
00000000,
00000000,
00000000,
00000000,
00000000,
00000000,
00000000,
00000000,
00000000,
00000000,
00000000,
00000000,
00000000,
00000000,
00000000,
00000000,
00000000,
00000000,
00000000,
00000000,
00000000,
00000000,
00000000,
00000000,
00000000,
00000000,
00000000,
00000000,
00000000,
00000000,
00000000,
00000000,
00000000,
00000000,
00000000,
00000000,
00000000,
00000000,
00000000,
00000000,
00000000,
00000000,
00000000,
01010101,
01010000,
00000000,
00000000,
00000000,
00000000,
00000000,
00000000,
00000000,
B3B3B3B3,
B3B3A8A8,
A8A8A8A8,
00000000,
00000303,
03030303,
00000000,
00000000,
00000000,
05050505,
05050000,
00000000,
03030303,
03030000,
00000000,
02020202,
02020000,
00000000,
00000000,
00000101,
01010101,
00000000,
00000404,
04040404,
00000000,
00000101,
01010101,
02020202,
02020000,
00000000,
01010101,
01010202,
02020202,
00000000,
00000101,
01010101,
03030303,
03030000,
00000000,
00000000,
00000101,
01010101,
00000000,
00000202,
02020202,
1B1B1B1B,
1B1B2121,
21212121,
00000000,
00000000,
00000000,
02020202,
02020000,
00000000,
00000000,
00002323,
23232323,
53535353,
53538D8D,
8D8D8D8D,
00000000,
00000202,
02020202,
02020202,
02020101,
01010101,
05050505,
0505C4C4,
C4C4C4C4,
FDFDFDFD,
FDFDFCFC,
FCFCFCFC,
FEFEFEFE,
FEFEF0F0,
F0F0F0F0,
51515151,
51510000,
00000000,
01010101,
01010000,
00000000,
00000000,
00000000,
00000000,
00000000,
00000000,
00000000,
00000000,
00000000,
00000000,
00000000,
00000000,
00000000,
00000000,
00000303,
03030303,
00000000,
00000101,
01010101,
00000000,
00000202,
02020202,
01010101,
01010000,
00000000,
00000000,
00000000,
00000000,
01010101,
01010000,
00000000,
00000000,
00000000,
00000000,
04040404,
04040000,
00000000,
00000000,
00000101,
01010101,
00000000,
00000101,
01010101,
00000000,
00000000,
00000000,
01010101,
01010000,
00000000,
01010101,
01010000,
00000000,
01010101,
01010000,
00000000,
01010101,
01010000,
00000000,
01010101,
01010000,
00000000,
01010101,
01010101,
01010101,
00000000,
00000000,
00000000,
00000000,
00000000,
00000000,
00000000,
00000000,
00000000,
00000000,
00000101,
01010101,
00000000,
00000101,
01010101,
00000000,
00000202,
02020202,
00000000,
00002929,
29292929,
FFFFFFFF,
FFFFFDFD,
FDFDFDFD,
FFFFFFFF,
FFFFF5F5,
F5F5F5F5,
66666666,
66660000,
00000000,
01010101,
01010101,
01010101,
08080808,
08089999,
99999999,
D5D5D5D5,
D5D5D4D4,
D4D4D4D4,
C8C8C8C8,
C8C86060,
60606060,
04040404,
04040000,
00000000,
01010101,
01010000,
00000000,
02020202,
02020000,
00000000,
00000000,
00000000,
00000000,
02020202,
02020000,
00000000,
00000000,
00000202,
02020202,
01010101,
01010000,
00000000,
00000000,
00000202,
02020202,
00000000,
00000000,
00000000,
01010101,
01010101,
01010101,
00000000,
00000000,
00000000,
00000000,
00000101,
01010101,
00000000,
00000000,
00000000,
03030303,
03030000,
00000000,
01010101,
01010000,
00000000,
01010101,
01010101,
01010101,
00000000,
00000101,
01010101,
00000000,
00000000,
00000000,
04040404,
04040000,
00000000,
00000000,
00000101,
01010101,
00000000,
00000202,
02020202,
02020202,
02020101,
01010101,
00000000,
00000000,
00000000,
00000000,
00000000,
00000000,
00000000,
00000000,
00000000,
00000000,
00000000,
00000000,
00000000,
00000000,
00000000,
00000000,
00000000,
00000000,
00000000,
00000000,
00000000,
00000000,
00000000,
00000000,
00000000,
00000000,
00000000,
00000000,
00000000,
00000000,
00000000,
00000000,
00000000,
00000000,
00000000,
00000000,
00000000,
00000000,
00000000,
00000000,
00000101,
01010101,
02020202,
02020000,
00000000,
00000000,
00000000,
00000000,
08080808,
08088A8A,
8A8A8A8A,
33333333,
33330000,
00000000,
04040404,
04040000,
00000000,
00000000,
00000000,
00000000,
20202020,
20206363,
63636363,
13131313,
13130505,
05050505,
00000000,
00000000,
00000000,
01010101,
01010000,
00000000,
00000000,
00000101,
01010101,
00000000,
00000000,
00000000,
00000000,
00000000,
00000000,
00000000,
00000101,
01010101,
00000000,
00000000,
00000000,
02020202,
02020000,
00000000,
03030303,
03030000,
00000000,
70707070,
7070CECE,
CECECECE,
01010101,
01010101,
01010101,
00000000,
00000202,
02020202,
37373737,
3737D6D6,
D6D6D6D6,
E8E8E8E8,
E8E85B5B,
5B5B5B5B,
00000000,
00000101,
01010101,
01010101,
01010101,
01010101,
05050505,
0505C4C4,
C4C4C4C4,
FEFEFEFE,
FEFEFDFD,
FDFDFDFD,
FEFEFEFE,
FEFEF0F0,
F0F0F0F0,
51515151,
51510000,
00000000,
01010101,
01010000,
00000000,
00000000,
00000000,
00000000,
00000000,
00000000,
00000000,
03030303,
03030000,
00000000,
01010101,
01010101,
01010101,
03030303,
03030000,
00000000,
00000000,
00000000,
00000000,
00000000,
00000000,
00000000,
00000000,
00000404,
04040404,
00000000,
00000101,
01010101,
00000000,
00000000,
00000000,
02020202,
02020404,
04040404,
00000000,
00000000,
00000000,
00000000,
00000202,
02020202,
01010101,
01010000,
00000000,
03030303,
03030000,
00000000,
02020202,
02020202,
02020202,
00000000,
00000000,
00000000,
03030303,
03030000,
00000000,
01010101,
01010101,
01010101,
00000000,
00000000,
00000000,
03030303,
03030000,
00000000,
04040404,
04040000,
00000000,
01010101,
01010000,
00000000,
00000000,
00000000,
00000000,
01010101,
01010000,
00000000,
02020202,
02020000,
00000000,
00000000,
00000000,
00000000,
03030303,
03032C2C,
2C2C2C2C,
FFFFFFFF,
FFFFFFFF,
FFFFFFFF,
FFFFFFFF,
FFFFEFEF,
EFEFEFEF,
65656565,
65650101,
01010101,
00000000,
00000000,
00000000,
00000000,
00000202,
02020202,
00000000,
00000101,
01010101,
00000000,
00000000,
00000000,
02020202,
02020000,
00000000,
00000000,
00000404,
04040404,
00000000,
00000000,
00000000,
00000000,
00000101,
01010101,
00000000,
00000101,
01010101,
01010101,
01010000,
00000000,
00000000,
00000101,
01010101,
00000000,
00000000,
00000000,
00000000,
00000404,
04040404,
00000000,
00000101,
01010101,
01010101,
01010000,
00000000,
00000000,
00000101,
01010101,
00000000,
00000303,
03030303,
00000000,
00000000,
00000000,
02020202,
02020000,
00000000,
00000000,
00000000,
00000000,
00000000,
00000000,
00000000,
02020202,
02020404,
04040404,
00000000,
00000000,
00000000,
00000000,
00000101,
01010101,
00000000,
00000101,
01010101,
00000000,
00000000,
00000000,
03030303,
03030000,
00000000,
00000000,
00000000,
00000000,
00000000,
00000000,
00000000,
00000000,
00000000,
00000000,
00000000,
00000000,
00000000,
00000000,
00000000,
00000000,
00000000,
00000000,
00000000,
00000000,
00000000,
00000000,
00000000,
00000000,
00000000,
00000000,
00000000,
00000000,
00000000,
00000000,
00000000,
00000000,
00000000,
00000000,
00000000,
00000000,
00000000,
02020202,
02020000,
00000000,
00000000,
00000101,
01010101,
02020202,
02020000,
00000000,
00000000,
00004747,
47474747,
CCCCCCCC,
CCCC9F9F,
9F9F9F9F,
04040404,
04040000,
00000000,
01010101,
01018B8B,
8B8B8B8B,
BEBEBEBE,
BEBEA7A7,
A7A7A7A7,
15151515,
15150000,
00000000,
00000000,
00000000,
00000000,
01010101,
01010202,
02020202,
02020202,
02020000,
00000000,
01010101,
01010000,
00000000,
01010101,
01010000,
00000000,
00000000,
00000202,
02020202,
00000000,
00000202,
02020202,
01010101,
01010000,
00000000,
00000000,
00000000,
00000000,
00000000,
0000DEDE,
DEDEDEDE,
63636363,
63630000,
00000000,
04040404,
04042E2E,
2E2E2E2E,
D1D1D1D1,
D1D1FEFE,
FEFEFEFE,
4D4D4D4D,
4D4D0000,
00000000,
00000000,
00000000,
00000000,
01010101,
01010101,
01010101,
05050505,
0505C5C5,
C5C5C5C5,
FEFEFEFE,
FEFEFDFD,
FDFDFDFD,
FEFEFEFE,
FEFEF0F0,
F0F0F0F0,
50505050,
50500000,
00000000,
01010101,
01010000,
00000000,
00000000,
00000000,
00000000,
00000000,
00000000,
00000000,
00000000,
00000404,
04040404,
00000000,
00000000,
00000000,
00000000,
00000101,
01010101,
0A0A0A0A,
0A0A5F5F,
5F5F5F5F,
86868686,
86869898,
98989898,
9C9C9C9C,
9C9C9D9D,
9D9D9D9D,
8D8D8D8D,
8D8D7979,
79797979,
2C2C2C2C,
2C2C0101,
01010101,
00000000,
00000000,
00000000,
01010101,
01010101,
01010101,
01010101,
01010000,
00000000,
00000000,
00000000,
00000000,
02020202,
02023333,
33333333,
63636363,
63638787,
87878787,
9E9E9E9E,
9E9EA0A0,
A0A0A0A0,
9A9A9A9A,
9A9A8888,
88888888,
71717171,
71712F2F,
2F2F2F2F,
04040404,
04040000,
00000000,
00000000,
00000000,
00000000,
01010101,
01010101,
01010101,
00000000,
00000202,
02020202,
01010101,
01010000,
00000000,
59595959,
59598989,
89898989,
9A9A9A9A,
9A9AA0A0,
A0A0A0A0,
85858585,
85854141,
41414141,
04040404,
04042828,
28282828,
FDFDFDFD,
FDFDFFFF,
FFFFFFFF,
FFFFFFFF,
FFFFF6F6,
F6F6F6F6,
63636363,
63630101,
01010101,
00000000,
00000000,
00000000,
00000000,
00000202,
02020202,
03030303,
03030000,
00000000,
01010101,
01010101,
01010101,
00000000,
00000000,
00000000,
02020202,
02020000,
00000000,
00000000,
00000404,
04040404,
00000000,
00000000,
00000000,
03030303,
03030000,
00000000,
12121212,
12125757,
57575757,
8E8E8E8E,
8E8E9B9B,
9B9B9B9B,
9A9A9A9A,
9A9A8989,
89898989,
42424242,
42420000,
00000000,
00000000,
00000202,
02020202,
00000000,
00000303,
03030303,
00000000,
00000101,
01010101,
00000000,
00000000,
00000000,
1A1A1A1A,
1A1A6E6E,
6E6E6E6E,
8F8F8F8F,
8F8F9C9C,
9C9C9C9C,
9A9A9A9A,
9A9A8585,
85858585,
35353535,
35350000,
00000000,
00000000,
00000000,
00000000,
01010101,
01010000,
00000000,
00000000,
00000101,
01010101,
01010101,
01010000,
00000000,
03030303,
03030101,
01010101,
00000000,
00000000,
00000000,
00000000,
00000000,
00000000,
00000000,
00000000,
00000000,
00000000,
00000000,
00000000,
00000000,
00000000,
00000000,
00000000,
00000000,
00000000,
00000000,
00000000,
00000000,
00000000,
00000000,
00000000,
00000000,
00000000,
00000000,
00000000,
00000000,
00000000,
00000000,
00000000,
00000000,
00000000,
00000000,
00000000,
00000000,
00000000,
00000000,
02020202,
02020000,
00000000,
04040404,
04040000,
00000000,
00000000,
00000000,
00000000,
02020202,
02020A0A,
0A0A0A0A,
24242424,
24242626,
26262626,
CFCFCFCF,
CFCFCACA,
CACACACA,
DBDBDBDB,
DBDB3F3F,
3F3F3F3F,
21212121,
21210F0F,
0F0F0F0F,
00000000,
00000000,
00000000,
0E0E0E0E,
0E0E1B1B,
1B1B1B1B,
00000000,
00000404,
04040404,
01010101,
01010000,
00000000,
02020202,
02020101,
01010101,
00000000,
00000101,
01010101,
03030303,
03030000,
00000000,
00000000,
00004949,
49494949,
D6D6D6D6,
D6D62F2F,
2F2F2F2F,
02020202,
02020000,
00000000,
02020202,
02024141,
41414141,
DFDFDFDF,
DFDFDBDB,
DBDBDBDB,
C5C5C5C5,
C5C59494,
94949494,
25252525,
25252424,
24242424,
05050505,
05050101,
01010101,
02020202,
02020000,
00000000,
00000000,
00000000,
00000000,
05050505,
0505C5C5,
C5C5C5C5,
FFFFFFFF,
FFFFFDFD,
FDFDFDFD,
FFFFFFFF,
FFFFF0F0,
F0F0F0F0,
50505050,
50500000,
00000000,
00000000,
00000000,
00000000,
00000000,
00000000,
00000000,
00000000,
00000000,
00000000,
02020202,
02020000,
00000000,
00000000,
00000404,
04040404,
07070707,
07075A5A,
5A5A5A5A,
C6C6C6C6,
C6C6F0F0,
F0F0F0F0,
F7F7F7F7,
F7F7FFFF,
FFFFFFFF,
FDFDFDFD,
FDFDFDFD,
FDFDFDFD,
FCFCFCFC,
FCFCF5F5,
F5F5F5F5,
D9D9D9D9,
D9D98D8D,
8D8D8D8D,
27272727,
27270101,
01010101,
00000000,
00000202,
02020202,
01010101,
01010101,
01010101,
05050505,
05053535,
35353535,
B2B2B2B2,
B2B2DBDB,
DBDBDBDB,
F2F2F2F2,
F2F2F8F8,
F8F8F8F8,
FEFEFEFE,
FEFEFDFD,
FDFDFDFD,
FEFEFEFE,
FEFEFCFC,
FCFCFCFC,
F5F5F5F5,
F5F5DFDF,
DFDFDFDF,
88888888,
88880B0B,
0B0B0B0B,
03030303,
03030000,
00000000,
00000000,
00000101,
01010101,
05050505,
05050000,
00000000,
29292929,
2929A2A2,
A2A2A2A2,
E8E8E8E8,
E8E8F9F9,
F9F9F9F9,
F9F9F9F9,
F9F9FFFF,
FFFFFFFF,
FAFAFAFA,
FAFAE7E7,
E7E7E7E7,
96969696,
96963838,
38383838,
FFFFFFFF,
FFFFFEFE,
FEFEFEFE,
FFFFFFFF,
FFFFF2F2,
F2F2F2F2,
67676767,
67670101,
01010101,
01010101,
01010000,
00000000,
04040404,
0404A6A6,
A6A6A6A6,
D7D7D7D7,
D7D7D7D7,
D7D7D7D7,
D1D1D1D1,
D1D17171,
71717171,
02020202,
02020101,
01010101,
00000000,
00001919,
19191919,
8F8F8F8F,
8F8FD8D8,
D8D8D8D8,
D7D7D7D7,
D7D7AFAF,
AFAFAFAF,
25252525,
25253030,
30303030,
AEAEAEAE,
AEAEE9E9,
E9E9E9E9,
FBFBFBFB,
FBFBFEFE,
FEFEFEFE,
FDFDFDFD,
FDFDF4F4,
F4F4F4F4,
E1E1E1E1,
E1E17474,
74747474,
0D0D0D0D,
0D0D0202,
02020202,
02020202,
02020000,
00000000,
00000000,
00000202,
02020202,
08080808,
08084A4A,
4A4A4A4A,
D0D0D0D0,
D0D0F3F3,
F3F3F3F3,
FCFCFCFC,
FCFCFBFB,
FBFBFBFB,
FEFEFEFE,
FEFEF5F5,
F5F5F5F5,
E0E0E0E0,
E0E0DBDB,
DBDBDBDB,
D6D6D6D6,
D6D6DBDB,
DBDBDBDB,
DBDBDBDB,
DBDBD5D5,
D5D5D5D5,
5D5D5D5D,
5D5D0606,
06060606,
00000000,
00000000,
00000000,
01010101,
01010000,
00000000,
00000000,
00000101,
01010101,
00000000,
00000000,
00000000,
00000000,
00000000,
00000000,
00000000,
00000000,
00000000,
00000000,
00000000,
00000000,
00000000,
00000000,
00000000,
00000000,
00000000,
00000000,
00000000,
00000000,
00000000,
00000000,
00000000,
00000000,
00000000,
00000000,
00000000,
00000000,
00000000,
00000000,
00000000,
00000000,
00000000,
00000000,
00000000,
00000000,
00000000,
00000202,
02020202,
00000000,
00000404,
04040404,
01010101,
01010101,
01010101,
02020202,
02020000,
00000000,
00000000,
00000101,
01010101,
82828282,
82826E6E,
6E6E6E6E,
FAFAFAFA,
FAFA2020,
20202020,
02020202,
02020000,
00000000,
02020202,
02021313,
13131313,
A1A1A1A1,
A1A1FEFE,
FEFEFEFE,
18181818,
18180000,
00000000,
00000000,
00000404,
04040404,
01010101,
01010000,
00000000,
00000000,
00000303,
03030303,
00000000,
00000202,
02020202,
05050505,
05055555,
55555555,
FFFFFFFF,
FFFF3737,
37373737,
00000000,
00000000,
00000000,
00000000,
00000000,
00000000,
66666666,
6666FBFB,
FBFBFBFB,
27272727,
27270202,
02020202,
00000000,
00000101,
01010101,
00000000,
00000000,
00000000,
00000000,
00000202,
02020202,
00000000,
00000000,
00000000,
05050505,
0505C5C5,
C5C5C5C5,
FFFFFFFF,
FFFFFDFD,
FDFDFDFD,
FFFFFFFF,
FFFFF0F0,
F0F0F0F0,
50505050,
50500000,
00000000,
01010101,
01010000,
00000000,
00000000,
00000000,
00000000,
00000000,
00000000,
00000000,
01010101,
01010000,
00000000,
00000000,
00000D0D,
0D0D0D0D,
84848484,
8484F4F4,
F4F4F4F4,
FEFEFEFE,
FEFEFEFE,
FEFEFEFE,
FBFBFBFB,
FBFBF9F9,
F9F9F9F9,
FFFFFFFF,
FFFFFFFF,
FFFFFFFF,
FCFCFCFC,
FCFCFCFC,
FCFCFCFC,
FFFFFFFF,
FFFFFDFD,
FDFDFDFD,
C7C7C7C7,
C7C72424,
24242424,
05050505,
05050101,
01010101,
01010101,
01010000,
00000000,
3D3D3D3D,
3D3DD3D3,
D3D3D3D3,
FFFFFFFF,
FFFFFCFC,
FCFCFCFC,
FFFFFFFF,
FFFFFDFD,
FDFDFDFD,
FCFCFCFC,
FCFCFFFF,
FFFFFFFF,
FBFBFBFB,
FBFBFCFC,
FCFCFCFC,
FFFFFFFF,
FFFFFBFB,
FBFBFBFB,
F9F9F9F9,
F9F99797,
97979797,
0C0C0C0C,
0C0C0000,
00000000,
03030303,
03030000,
00000000,
00000000,
00002323,
23232323,
B9B9B9B9,
B9B9FDFD,
FDFDFDFD,
FEFEFEFE,
FEFEFDFD,
FDFDFDFD,
FFFFFFFF,
FFFFFDFD,
FDFDFDFD,
FFFFFFFF,
FFFFFCFC,
FCFCFCFC,
FDFDFDFD,
FDFDC7C7,
C7C7C7C7,
FBFBFBFB,
FBFBFCFC,
FCFCFCFC,
FFFFFFFF,
FFFFF4F4,
F4F4F4F4,
64646464,
64640000,
00000000,
00000000,
00000101,
01010101,
00000000,
0000E2E2,
E2E2E2E2,
FFFFFFFF,
FFFFFFFF,
FFFFFFFF,
FFFFFFFF,
FFFF9E9E,
9E9E9E9E,
03030303,
03030000,
00000000,
00000000,
00002F2F,
2F2F2F2F,
CACACACA,
CACAFCFC,
FCFCFCFC,
FEFEFEFE,
FEFEECEC,
ECECECEC,
60606060,
6060E2E2,
E2E2E2E2,
FEFEFEFE,
FEFEFBFB,
FBFBFBFB,
FEFEFEFE,
FEFEFEFE,
FEFEFEFE,
FEFEFEFE,
FEFEFCFC,
FCFCFCFC,
FFFFFFFF,
FFFFF6F6,
F6F6F6F6,
67676767,
67670000,
00000000,
01010101,
01010202,
02020202,
03030303,
03030404,
04040404,
5E5E5E5E,
5E5EE1E1,
E1E1E1E1,
FEFEFEFE,
FEFEFFFF,
FFFFFFFF,
FBFBFBFB,
FBFBFFFF,
FFFFFFFF,
FFFFFFFF,
FFFFFFFF,
FFFFFFFF,
FEFEFEFE,
FEFEFEFE,
FEFEFEFE,
FFFFFFFF,
FFFFFBFB,
FBFBFBFB,
FDFDFDFD,
FDFDFFFF,
FFFFFFFF,
A1A1A1A1,
A1A10B0B,
0B0B0B0B,
02020202,
02020101,
01010101,
00000000,
00000000,
00000000,
01010101,
01010000,
00000000,
00000000,
00000000,
00000000,
00000000,
00000000,
00000000,
00000000,
00000000,
00000000,
00000000,
00000000,
00000000,
00000000,
00000000,
00000000,
00000000,
00000000,
00000000,
00000000,
00000000,
00000000,
00000000,
00000000,
00000000,
00000000,
00000000,
00000000,
00000000,
00000000,
00000000,
00000000,
00000000,
00000000,
00000000,
00000000,
00000000,
01010101,
01010101,
01010101,
00000000,
00000000,
00000000,
02020202,
02020101,
01010101,
00000000,
00000101,
01010101,
03030303,
03030202,
02020202,
00000000,
00006868,
68686868,
FFFFFFFF,
FFFF2121,
21212121,
00000000,
00000000,
00000000,
00000000,
00003C3C,
3C3C3C3C,
FFFFFFFF,
FFFFFCFC,
FCFCFCFC,
15151515,
15150303,
03030303,
03030303,
03030000,
00000000,
00000000,
00000202,
02020202,
00000000,
00000101,
01010101,
00000000,
00000000,
00000000,
00000000,
00005656,
56565656,
FEFEFEFE,
FEFE3030,
30303030,
00000000,
00000101,
01010101,
02020202,
02020101,
01010101,
62626262,
6262FBFB,
FBFBFBFB,
29292929,
29290000,
00000000,
01010101,
01010000,
00000000,
03030303,
03030000,
00000000,
07070707,
07070101,
01010101,
00000000,
00000000,
00000000,
05050505,
0505C5C5,
C5C5C5C5,
FFFFFFFF,
FFFFFDFD,
FDFDFDFD,
FFFFFFFF,
FFFFF0F0,
F0F0F0F0,
50505050,
50500000,
00000000,
01010101,
01010000,
00000000,
00000000,
00000000,
00000000,
00000000,
00000000,
00000000,
00000000,
00000202,
02020202,
01010101,
01016F6F,
6F6F6F6F,
F4F4F4F4,
F4F4FEFE,
FEFEFEFE,
FFFFFFFF,
FFFFFEFE,
FEFEFEFE,
FDFDFDFD,
FDFDFFFF,
FFFFFFFF,
FDFDFDFD,
FDFDFAFA,
FAFAFAFA,
FFFFFFFF,
FFFFFFFF,
FFFFFFFF,
FCFCFCFC,
FCFCFBFB,
FBFBFBFB,
FDFDFDFD,
FDFD9797,
97979797,
00000000,
00000000,
00000000,
02020202,
02020303,
03030303,
57575757,
5757EDED,
EDEDEDED,
FDFDFDFD,
FDFDFEFE,
FEFEFEFE,
FBFBFBFB,
FBFBFDFD,
FDFDFDFD,
FDFDFDFD,
FDFDFEFE,
FEFEFEFE,
FEFEFEFE,
FEFEFFFF,
FFFFFFFF,
F8F8F8F8,
F8F8FFFF,
FFFFFFFF,
FAFAFAFA,
FAFAD8D8,
D8D8D8D8,
44444444,
44440000,
00000000,
00000000,
00000101,
01010101,
00000000,
00008A8A,
8A8A8A8A,
F5F5F5F5,
F5F5FEFE,
FEFEFEFE,
FFFFFFFF,
FFFFFEFE,
FEFEFEFE,
FBFBFBFB,
FBFBFCFC,
FCFCFCFC,
FFFFFFFF,
FFFFFDFD,
FDFDFDFD,
FCFCFCFC,
FCFCFDFD,
FDFDFDFD,
FFFFFFFF,
FFFFFEFE,
FEFEFEFE,
FEFEFEFE,
FEFEF2F2,
F2F2F2F2,
66666666,
66660101,
01010101,
00000000,
00000000,
00000000,
01010101,
0101E9E9,
E9E9E9E9,
FBFBFBFB,
FBFBFEFE,
FEFEFEFE,
FAFAFAFA,
FAFA9F9F,
9F9F9F9F,
00000000,
00000202,
02020202,
00000000,
00002A2A,
2A2A2A2A,
C8C8C8C8,
C8C8FDFD,
FDFDFDFD,
FBFBFBFB,
FBFBF0F0,
F0F0F0F0,
EAEAEAEA,
EAEAFEFE,
FEFEFEFE,
FDFDFDFD,
FDFDFDFD,
FDFDFDFD,
FEFEFEFE,
FEFEFBFB,
FBFBFBFB,
FEFEFEFE,
FEFEFFFF,
FFFFFFFF,
FBFBFBFB,
FBFBFCFC,
FCFCFCFC,
E4E4E4E4,
E4E40909,
09090909,
01010101,
01010000,
00000000,
02020202,
02022B2B,
2B2B2B2B,
CCCCCCCC,
CCCCFEFE,
FEFEFEFE,
FAFAFAFA,
FAFAFFFF,
FFFFFFFF,
E0E0E0E0,
E0E08282,
82828282,
85858585,
8585D4D4,
D4D4D4D4,
FEFEFEFE,
FEFEFDFD,
FDFDFDFD,
FAFAFAFA,
FAFAFFFF,
FFFFFFFF,
FBFBFBFB,
FBFBFDFD,
FDFDFDFD,
9C9C9C9C,
9C9C0C0C,
0C0C0C0C,
02020202,
02020000,
00000000,
00000000,
00000202,
02020202,
00000000,
00000000,
00000000,
00000000,
00000000,
00000000,
00000000,
00000000,
00000000,
00000000,
00000000,
00000000,
00000000,
00000000,
00000000,
00000000,
00000000,
00000000,
00000000,
00000000,
00000000,
00000000,
00000000,
00000000,
00000000,
00000000,
00000000,
00000000,
00000000,
00000000,
00000000,
00000000,
00000000,
00000000,
00000000,
00000000,
00000000,
00000000,
00000000,
00000000,
00000000,
00000000,
01010101,
01010606,
06060606,
00000000,
00000000,
00000000,
01010101,
01010202,
02020202,
00000000,
00000000,
00000000,
03030303,
03036969,
69696969,
FFFFFFFF,
FFFF2020,
20202020,
00000000,
00000303,
03030303,
00000000,
00000E0E,
0E0E0E0E,
8C8C8C8C,
8C8C7171,
71717171,
03030303,
03030101,
01010101,
00000000,
00000000,
00000000,
00000000,
00000101,
01010101,
01010101,
01010000,
00000000,
00000000,
00000303,
03030303,
00000000,
00001616,
16161616,
35353535,
35350D0D,
0D0D0D0D,
00000000,
00000000,
00000000,
00000000,
00000000,
00000000,
5F5F5F5F,
5F5FFFFF,
FFFFFFFF,
28282828,
28280303,
03030303,
00000000,
00000202,
02020202,
00000000,
00000303,
03030303,
00000000,
00000000,
00000000,
00000000,
00000000,
00000000,
05050505,
0505C5C5,
C5C5C5C5,
FFFFFFFF,
FFFFFDFD,
FDFDFDFD,
FFFFFFFF,
FFFFF0F0,
F0F0F0F0,
50505050,
50500000,
00000000,
00000000,
00000000,
00000000,
00000000,
00000000,
00000000,
00000000,
00000000,
00000000,
02020202,
02020000,
00000000,
36363636,
3636DBDB,
DBDBDBDB,
FCFCFCFC,
FCFCFFFF,
FFFFFFFF,
FDFDFDFD,
FDFDFAFA,
FAFAFAFA,
CDCDCDCD,
CDCD6666,
66666666,
3E3E3E3E,
3E3E6666,
66666666,
CBCBCBCB,
CBCBFBFB,
FBFBFBFB,
FAFAFAFA,
FAFAFFFF,
FFFFFFFF,
FCFCFCFC,
FCFCE9E9,
E9E9E9E9,
49494949,
49490202,
02020202,
00000000,
00000101,
01010101,
5E5E5E5E,
5E5EE7E7,
E7E7E7E7,
FDFDFDFD,
FDFDEBEB,
EBEBEBEB,
C1C1C1C1,
C1C17A7A,
7A7A7A7A,
35353535,
35353333,
33333333,
81818181,
8181E7E7,
E7E7E7E7,
FFFFFFFF,
FFFFFEFE,
FEFEFEFE,
FFFFFFFF,
FFFFFCFC,
FCFCFCFC,
5E5E5E5E,
5E5E0303,
03030303,
01010101,
01010000,
00000000,
14141414,
1414EBEB,
EBEBEBEB,
FDFDFDFD,
FDFDFFFF,
FFFFFFFF,
FCFCFCFC,
FCFCF8F8,
F8F8F8F8,
C7C7C7C7,
C7C74B4B,
4B4B4B4B,
4F4F4F4F,
4F4FC4C4,
C4C4C4C4,
F9F9F9F9,
F9F9FDFD,
FDFDFDFD,
FCFCFCFC,
FCFCFFFF,
FFFFFFFF,
FFFFFFFF,
FFFFF2F2,
F2F2F2F2,
65656565,
65650000,
00000000,
02020202,
02020000,
00000000,
01010101,
0101E5E5,
E5E5E5E5,
FEFEFEFE,
FEFEFCFC,
FCFCFCFC,
FEFEFEFE,
FEFEA0A0,
A0A0A0A0,
00000000,
00000202,
02020202,
02020202,
02022D2D,
2D2D2D2D,
C9C9C9C9,
C9C9FDFD,
FDFDFDFD,
FCFCFCFC,
FCFCFFFF,
FFFFFFFF,
FBFBFBFB,
FBFBF9F9,
F9F9F9F9,
DEDEDEDE,
DEDE7E7E,
7E7E7E7E,
42424242,
4242ADAD,
ADADADAD,
F1F1F1F1,
F1F1FCFC,
FCFCFCFC,
FFFFFFFF,
FFFFFDFD,
FDFDFDFD,
FFFFFFFF,
FFFF4E4E,
4E4E4E4E,
00000000,
00000202,
02020202,
03030303,
03036363,
63636363,
F5F5F5F5,
F5F5FFFF,
FFFFFFFF,
FDFDFDFD,
FDFDDBDB,
DBDBDBDB,
54545454,
54540707,
07070707,
07070707,
07073636,
36363636,
D5D5D5D5,
D5D5FEFE,
FEFEFEFE,
FFFFFFFF,
FFFFFEFE,
FEFEFEFE,
F7F7F7F7,
F7F7F4F4,
F4F4F4F4,
70707070,
70700808,
08080808,
00000000,
00000303,
03030303,
00000000,
00000000,
00000000,
00000000,
00000303,
03030303,
00000000,
00000000,
00000000,
00000000,
00000000,
00000000,
00000000,
00000000,
00000000,
00000000,
00000000,
00000000,
00000000,
00000000,
00000000,
00000000,
00000000,
00000000,
00000000,
00000000,
00000000,
00000000,
00000000,
00000000,
00000000,
00000000,
00000000,
00000000,
00000000,
00000000,
00000000,
00000000,
00000000,
00000000,
00000000,
00000000,
00000000,
00000000,
00000000,
00000000,
00000000,
00000000,
00000000,
00000404,
04040404,
00000000,
00000101,
01010101,
02020202,
02020303,
03030303,
00000000,
00006A6A,
6A6A6A6A,
D0D0D0D0,
D0D01C1C,
1C1C1C1C,
00000000,
00000000,
00000000,
01010101,
01010000,
00000000,
00000000,
00000303,
03030303,
00000000,
00000000,
00000000,
00000000,
00000101,
01010101,
01010101,
01010101,
01010101,
00000000,
00000101,
01010101,
01010101,
01010202,
02020202,
00000000,
00000000,
00000000,
00000000,
00000000,
00000000,
01010101,
01010000,
00000000,
01010101,
01010202,
02020202,
63636363,
6363FEFE,
FEFEFEFE,
28282828,
28280000,
00000000,
00000000,
00000303,
03030303,
00000000,
00000000,
00000000,
03030303,
03030000,
00000000,
00000000,
00000000,
00000000,
05050505,
0505C5C5,
C5C5C5C5,
FEFEFEFE,
FEFEFDFD,
FDFDFDFD,
FFFFFFFF,
FFFFF0F0,
F0F0F0F0,
50505050,
50500000,
00000000,
00000000,
00000000,
00000000,
00000000,
00000000,
00000000,
00000000,
00000000,
00000000,
00000000,
00000303,
03030303,
85858585,
8585F6F6,
F6F6F6F6,
FFFFFFFF,
FFFFFCFC,
FCFCFCFC,
FEFEFEFE,
FEFEA2A2,
A2A2A2A2,
0D0D0D0D,
0D0D0000,
00000000,
00000000,
00000202,
02020202,
0C0C0C0C,
0C0CA0A0,
A0A0A0A0,
FFFFFFFF,
FFFFFEFE,
FEFEFEFE,
FFFFFFFF,
FFFFF8F8,
F8F8F8F8,
99999999,
99990303,
03030303,
03030303,
03030000,
00000000,
27272727,
2727A1A1,
A1A1A1A1,
81818181,
81811717,
17171717,
00000000,
00000101,
01010101,
00000000,
00000303,
03030303,
03030303,
03034C4C,
4C4C4C4C,
F5F5F5F5,
F5F5FCFC,
FCFCFCFC,
FEFEFEFE,
FEFEFFFF,
FFFFFFFF,
A2A2A2A2,
A2A21414,
14141414,
01010101,
01010000,
00000000,
79797979,
7979F9F9,
F9F9F9F9,
FDFDFDFD,
FDFDFBFB,
FBFBFBFB,
FDFDFDFD,
FDFDBBBB,
BBBBBBBB,
1D1D1D1D,
1D1D0202,
02020202,
00000000,
00000D0D,
0D0D0D0D,
81818181,
8181F8F8,
F8F8F8F8,
FDFDFDFD,
FDFDFDFD,
FDFDFDFD,
FEFEFEFE,
FEFEF4F4,
F4F4F4F4,
67676767,
67670000,
00000000,
02020202,
02020000,
00000000,
01010101,
0101E5E5,
E5E5E5E5,
FCFCFCFC,
FCFCFFFF,
FFFFFFFF,
FBFBFBFB,
FBFB9D9D,
9D9D9D9D,
01010101,
01010101,
01010101,
00000000,
00002A2A,
2A2A2A2A,
CECECECE,
CECEFCFC,
FCFCFCFC,
FEFEFEFE,
FEFEFBFB,
FBFBFBFB,
FFFFFFFF,
FFFFB5B5,
B5B5B5B5,
2B2B2B2B,
2B2B0202,
02020202,
00000000,
00000909,
09090909,
94949494,
9494F8F8,
F8F8F8F8,
FFFFFFFF,
FFFFFFFF,
FFFFFFFF,
FAFAFAFA,
FAFA9393,
93939393,
03030303,
03030000,
00000000,
0C0C0C0C,
0C0CACAC,
ACACACAC,
FEFEFEFE,
FEFEFCFC,
FCFCFCFC,
FEFEFEFE,
FEFE8E8E,
8E8E8E8E,
04040404,
04040000,
00000000,
01010101,
01010000,
00000000,
94949494,
9494FFFF,
FFFFFFFF,
FCFCFCFC,
FCFCFDFD,
FDFDFDFD,
7D7D7D7D,
7D7D0000,
00000000,
02020202,
02020000,
00000000,
00000000,
00000000,
00000000,
01010101,
01010303,
03030303,
00000000,
00000000,
00000000,
00000000,
00000000,
00000000,
00000000,
00000000,
00000000,
00000000,
00000000,
00000000,
00000000,
00000000,
00000000,
00000000,
00000000,
00000000,
00000000,
00000000,
00000000,
00000000,
00000000,
00000000,
00000000,
00000000,
00000000,
00000000,
00000000,
00000000,
00000000,
00000000,
00000000,
00000000,
00000000,
00000000,
00000000,
00000000,
00000000,
00000000,
00000000,
00000000,
00000000,
00000000,
00000000,
00000000,
00000000,
00000000,
00000000,
00000000,
00000000,
00000000,
00000202,
02020202,
00000000,
00006767,
67676767,
5D5D5D5D,
5D5D0000,
00000000,
03030303,
03030000,
00000000,
01010101,
01010000,
00000000,
00000000,
00000000,
00000000,
00000000,
00000101,
01010101,
01010101,
01010000,
00000000,
00000000,
00000202,
02020202,
00000000,
00000101,
01010101,
01010101,
01010000,
00000000,
00000000,
00000000,
00000000,
02020202,
02020101,
01010101,
00000000,
00000000,
00000000,
01010101,
01010000,
00000000,
35353535,
3535CBCB,
CBCBCBCB,
29292929,
29290000,
00000000,
00000000,
00000000,
00000000,
01010101,
01010000,
00000000,
00000000,
00000000,
00000000,
00000000,
00000000,
00000000,
06060606,
0606C5C5,
C5C5C5C5,
FEFEFEFE,
FEFEFEFE,
FEFEFEFE,
FEFEFEFE,
FEFEF0F0,
F0F0F0F0,
50505050,
50500000,
00000000,
00000000,
00000000,
00000000,
00000000,
00000000,
00000000,
00000000,
00000000,
00000000,
01010101,
01011F1F,
1F1F1F1F,
B7B7B7B7,
B7B7FFFF,
FFFFFFFF,
FDFDFDFD,
FDFDFFFF,
FFFFFFFF,
F3F3F3F3,
F3F32B2B,
2B2B2B2B,
00000000,
00000101,
01010101,
01010101,
01010303,
03030303,
00000000,
00002B2B,
2B2B2B2B,
FAFAFAFA,
FAFAFDFD,
FDFDFDFD,
FCFCFCFC,
FCFCFFFF,
FFFFFFFF,
BEBEBEBE,
BEBE2222,
22222222,
00000000,
00000202,
02020202,
00000000,
00000202,
02020202,
00000000,
00000000,
00000000,
00000000,
00000000,
00000000,
02020202,
02020101,
01010101,
00000000,
00002F2F,
2F2F2F2F,
DDDDDDDD,
DDDDFFFF,
FFFFFFFF,
FEFEFEFE,
FEFEFEFE,
FEFEFEFE,
A4A4A4A4,
A4A41313,
13131313,
00000000,
00000101,
01010101,
A3A3A3A3,
A3A3FAFA,
FAFAFAFA,
FFFFFFFF,
FFFFFFFF,
FFFFFFFF,
F4F4F4F4,
F4F46D6D,
6D6D6D6D,
00000000,
00000101,
01010101,
00000000,
00000000,
00000000,
0C0C0C0C,
0C0CB4B4,
B4B4B4B4,
FEFEFEFE,
FEFEFFFF,
FFFFFFFF,
FEFEFEFE,
FEFEF4F4,
F4F4F4F4,
65656565,
65650000,
00000000,
00000000,
00000000,
00000000,
00000000,
0000E6E6,
E6E6E6E6,
FEFEFEFE,
FEFEFEFE,
FEFEFEFE,
FCFCFCFC,
FCFC9F9F,
9F9F9F9F,
00000000,
00000000,
00000000,
01010101,
01012C2C,
2C2C2C2C,
CACACACA,
CACAFEFE,
FEFEFEFE,
FCFCFCFC,
FCFCFFFF,
FFFFFFFF,
E0E0E0E0,
E0E03434,
34343434,
01010101,
01010000,
00000000,
03030303,
03030000,
00000000,
57575757,
5757ECEC,
ECECECEC,
FFFFFFFF,
FFFFFCFC,
FCFCFCFC,
FFFFFFFF,
FFFFA3A3,
A3A3A3A3,
00000000,
00000202,
02020202,
11111111,
1111CDCD,
CDCDCDCD,
FDFDFDFD,
FDFDFCFC,
FCFCFCFC,
F5F5F5F5,
F5F57676,
76767676,
01010101,
01010000,
00000000,
03030303,
03030000,
00000000,
6F6F6F6F,
6F6FFBFB,
FBFBFBFB,
FEFEFEFE,
FEFEFDFD,
FDFDFDFD,
BDBDBDBD,
BDBD0000,
00000000,
00000000,
00000000,
00000000,
01010101,
01010000,
00000000,
02020202,
02020000,
00000000,
00000000,
00000000,
00000000,
00000000,
00000101,
01010101,
00000000,
00000000,
00000000,
00000000,
00000202,
02020202,
00000000,
00000000,
00000000,
01010101,
01010101,
01010101,
00000000,
00000000,
00000000,
00000000,
00000101,
01010101,
00000000,
00000202,
02020202,
00000000,
00000000,
00000000,
00000000,
00000000,
00000000,
03030303,
03030000,
00000000,
00000000,
00000000,
00000000,
00000000,
00000000,
00000000,
00000000,
00000000,
00000000,
00000000,
00000000,
00000000,
00000000,
00000000,
00000000,
00000000,
00000000,
00000000,
01010101,
01016A6A,
6A6A6A6A,
5A5A5A5A,
5A5A0000,
00000000,
01010101,
01010303,
03030303,
01010101,
01010101,
01010101,
00000000,
00000000,
00000000,
00000000,
00000000,
00000000,
00000000,
00000000,
00000000,
01010101,
01010000,
00000000,
00000000,
00000202,
02020202,
00000000,
00000000,
00000000,
04040404,
04040202,
02020202,
00000000,
00000000,
00000000,
00000000,
00000303,
03030303,
00000000,
00000101,
01010101,
00000000,
00009E9E,
9E9E9E9E,
27272727,
27270101,
01010101,
03030303,
03030000,
00000000,
00000000,
00000101,
01010101,
00000000,
00000000,
00000000,
00000000,
00000000,
00000000,
06060606,
0606C5C5,
C5C5C5C5,
FEFEFEFE,
FEFEFEFE,
FEFEFEFE,
FEFEFEFE,
FEFEF0F0,
F0F0F0F0,
50505050,
50500000,
00000000,
00000000,
00000000,
00000000,
00000000,
00000000,
00000000,
00000000,
00000000,
00000000,
00000000,
00003B3B,
3B3B3B3B,
DBDBDBDB,
DBDBFFFF,
FFFFFFFF,
FCFCFCFC,
FCFCFDFD,
FDFDFDFD,
D2D2D2D2,
D2D20B0B,
0B0B0B0B,
03030303,
03030303,
03030303,
00000000,
00000000,
00000000,
03030303,
03030000,
00000000,
DCDCDCDC,
DCDCFFFF,
FFFFFFFF,
FFFFFFFF,
FFFFFDFD,
FDFDFDFD,
DCDCDCDC,
DCDC3D3D,
3D3D3D3D,
00000000,
00000000,
00000000,
00000000,
00000000,
00000000,
02020202,
02020000,
00000000,
01010101,
01010000,
00000000,
00000000,
00000000,
00000000,
04040404,
04042D2D,
2D2D2D2D,
D5D5D5D5,
D5D5FAFA,
FAFAFAFA,
FCFCFCFC,
FCFCFFFF,
FFFFFFFF,
A6A6A6A6,
A6A61212,
12121212,
00000000,
00000000,
00000000,
BBBBBBBB,
BBBBFDFD,
FDFDFDFD,
FCFCFCFC,
FCFCFEFE,
FEFEFEFE,
E4E4E4E4,
E4E41515,
15151515,
01010101,
01010000,
00000000,
01010101,
01010101,
01010101,
00000000,
00004141,
41414141,
FCFCFCFC,
FCFCFDFD,
FDFDFDFD,
FFFFFFFF,
FFFFF2F2,
F2F2F2F2,
65656565,
65650000,
00000000,
00000000,
00000000,
00000000,
00000000,
0000E6E6,
E6E6E6E6,
FEFEFEFE,
FEFEFFFF,
FFFFFFFF,
FCFCFCFC,
FCFC9F9F,
9F9F9F9F,
00000000,
00000000,
00000000,
01010101,
01012C2C,
2C2C2C2C,
CACACACA,
CACAFFFF,
FFFFFFFF,
FFFFFFFF,
FFFFFFFF,
FFFFFFFF,
C2C2C2C2,
C2C20303,
03030303,
01010101,
01010000,
00000000,
00000000,
00000101,
01010101,
42424242,
4242E4E4,
E4E4E4E4,
FEFEFEFE,
FEFEFDFD,
FDFDFDFD,
FFFFFFFF,
FFFFAFAF,
AFAFAFAF,
02020202,
02020101,
01010101,
10101010,
1010CECE,
CECECECE,
FDFDFDFD,
FDFDFDFD,
FDFDFDFD,
F7F7F7F7,
F7F77070,
70707070,
00000000,
00000202,
02020202,
00000000,
00000000,
00000000,
6F6F6F6F,
6F6FFFFF,
FFFFFFFF,
FEFEFEFE,
FEFEFDFD,
FDFDFDFD,
C0C0C0C0,
C0C00202,
02020202,
02020202,
02020000,
00000000,
00000000,
00000000,
00000000,
00000000,
00000303,
03030303,
03030303,
03030000,
00000000,
00000000,
00000000,
00000000,
00000000,
00000404,
04040404,
00000000,
00000000,
00000000,
00000000,
00000000,
00000000,
00000000,
00000000,
00000000,
00000000,
00000101,
01010101,
00000000,
00000101,
01010101,
04040404,
04040000,
00000000,
00000000,
00000101,
01010101,
00000000,
00000101,
01010101,
00000000,
00000000,
00000000,
01010101,
01010101,
01010101,
00000000,
00000000,
00000000,
00000000,
00000000,
00000000,
00000000,
00000000,
00000000,
00000000,
00000000,
00000000,
00000000,
00000101,
01010101,
00000000,
00006969,
69696969,
5C5C5C5C,
5C5C0000,
00000000,
03030303,
03030000,
00000000,
01010101,
01010101,
01010101,
00000000,
00000000,
00000000,
00000000,
00000000,
00000000,
00000000,
00000000,
00000000,
00000000,
00000404,
04040404,
01010101,
01010000,
00000000,
00000000,
00000000,
00000000,
00000000,
00000101,
01010101,
00000000,
00000202,
02020202,
00000000,
00000202,
02020202,
01010101,
01010000,
00000000,
00000000,
00009C9C,
9C9C9C9C,
28282828,
28280000,
00000000,
02020202,
02020000,
00000000,
00000000,
00000202,
02020202,
00000000,
00000000,
00000000,
00000000,
00000000,
00000000,
06060606,
0606C4C4,
C4C4C4C4,
FEFEFEFE,
FEFEFEFE,
FEFEFEFE,
FEFEFEFE,
FEFEF0F0,
F0F0F0F0,
50505050,
50500000,
00000000,
00000000,
00000000,
00000000,
00000000,
00000000,
00000000,
00000000,
00000000,
00000000,
00000000,
00004E4E,
4E4E4E4E,
ECECECEC,
ECECFFFF,
FFFFFFFF,
FCFCFCFC,
FCFCFFFF,
FFFFFFFF,
96969696,
96960303,
03030303,
00000000,
00000000,
00000000,
00000000,
00000101,
01010101,
00000000,
00000606,
06060606,
C3C3C3C3,
C3C3FDFD,
FDFDFDFD,
FFFFFFFF,
FFFFFDFD,
FDFDFDFD,
E0E0E0E0,
E0E04949,
49494949,
00000000,
00000303,
03030303,
04040404,
04040000,
00000000,
21212121,
21215E5E,
5E5E5E5E,
AFAFAFAF,
AFAFD8D8,
D8D8D8D8,
E8E8E8E8,
E8E8F5F5,
F5F5F5F5,
F3F3F3F3,
F3F3F4F4,
F4F4F4F4,
FCFCFCFC,
FCFCFFFF,
FFFFFFFF,
FAFAFAFA,
FAFAFFFF,
FFFFFFFF,
A5A5A5A5,
A5A50F0F,
0F0F0F0F,
06060606,
06062D2D,
2D2D2D2D,
D5D5D5D5,
D5D5FFFF,
FFFFFFFF,
FEFEFEFE,
FEFEFDFD,
FDFDFDFD,
CCCCCCCC,
CCCC0101,
01010101,
03030303,
03030101,
01010101,
03030303,
03030000,
00000000,
00000000,
00002D2D,
2D2D2D2D,
FEFEFEFE,
FEFEFFFF,
FFFFFFFF,
FCFCFCFC,
FCFCF4F4,
F4F4F4F4,
65656565,
65650000,
00000000,
00000000,
00000000,
00000000,
00000000,
0000E6E6,
E6E6E6E6,
FEFEFEFE,
FEFEFFFF,
FFFFFFFF,
FDFDFDFD,
FDFD9F9F,
9F9F9F9F,
00000000,
00000000,
00000000,
00000000,
00002C2C,
2C2C2C2C,
CACACACA,
CACAFFFF,
FFFFFFFF,
FCFCFCFC,
FCFCFFFF,
FFFFFFFF,
C3C3C3C3,
C3C30000,
00000000,
03030303,
03030000,
00000000,
00000000,
00000101,
01010101,
3F3F3F3F,
3F3FE6E6,
E6E6E6E6,
FDFDFDFD,
FDFDFFFF,
FFFFFFFF,
FCFCFCFC,
FCFCB3B3,
B3B3B3B3,
01010101,
01010000,
00000000,
0B0B0B0B,
0B0BA0A0,
A0A0A0A0,
FDFDFDFD,
FDFDFEFE,
FEFEFEFE,
F9F9F9F9,
F9F99393,
93939393,
0D0D0D0D,
0D0D0202,
02020202,
01010101,
01010909,
09090909,
AAAAAAAA,
AAAAFCFC,
FCFCFCFC,
FFFFFFFF,
FFFFFEFE,
FEFEFEFE,
A9A9A9A9,
A9A90000,
00000000,
00000000,
00000000,
00000000,
00000000,
00000000,
00000000,
00000000,
00000000,
00000000,
00000000,
00000000,
00000000,
00000000,
00000202,
02020202,
00000000,
00000000,
00000000,
00000000,
00000000,
00000000,
00000000,
00000101,
01010101,
00000000,
00000303,
03030303,
00000000,
00000000,
00000000,
01010101,
01010000,
00000000,
00000000,
00000000,
00000000,
03030303,
03030000,
00000000,
00000000,
00000000,
00000000,
03030303,
03030000,
00000000,
00000000,
00000000,
00000000,
00000000,
00000000,
00000000,
00000000,
00000000,
00000000,
00000000,
00000000,
00000000,
00000000,
00000000,
00000000,
00000000,
00000000,
00000000,
00000000,
00006C6C,
6C6C6C6C,
58585858,
58580101,
01010101,
02020202,
02020303,
03030303,
01010101,
01010101,
01010101,
00000000,
00000000,
00000000,
00000000,
00000000,
00000000,
00000000,
00000000,
00000000,
01010101,
01010000,
00000000,
00000000,
00000202,
02020202,
01010101,
01010202,
02020202,
01010101,
01010000,
00000000,
03030303,
03030000,
00000000,
00000000,
00000000,
00000000,
00000000,
00000303,
03030303,
02020202,
02029B9B,
9B9B9B9B,
2B2B2B2B,
2B2B0000,
00000000,
00000000,
00000000,
00000000,
00000000,
00000202,
02020202,
00000000,
00000000,
00000000,
00000000,
00000000,
00000000,
06060606,
0606C5C5,
C5C5C5C5,
FEFEFEFE,
FEFEFEFE,
FEFEFEFE,
FEFEFEFE,
FEFEF0F0,
F0F0F0F0,
50505050,
50500000,
00000000,
00000000,
00000000,
00000000,
00000000,
00000000,
00000000,
00000000,
00000000,
00000000,
00000000,
00005050,
50505050,
EDEDEDED,
EDEDFFFF,
FFFFFFFF,
FDFDFDFD,
FDFDFBFB,
FBFBFBFB,
97979797,
97970404,
04040404,
01010101,
01010000,
00000000,
02020202,
02020101,
01010101,
00000000,
00000202,
02020202,
C2C2C2C2,
C2C2FFFF,
FFFFFFFF,
FDFDFDFD,
FDFDFAFA,
FAFAFAFA,
E6E6E6E6,
E6E64848,
48484848,
00000000,
00000202,
02020202,
01010101,
01014C4C,
4C4C4C4C,
CFCFCFCF,
CFCFF4F4,
F4F4F4F4,
FCFCFCFC,
FCFCFCFC,
FCFCFCFC,
FCFCFCFC,
FCFCFEFE,
FEFEFEFE,
FEFEFEFE,
FEFEFFFF,
FFFFFFFF,
FCFCFCFC,
FCFCFAFA,
FAFAFAFA,
FFFFFFFF,
FFFFFFFF,
FFFFFFFF,
A8A8A8A8,
A8A81212,
12121212,
00000000,
00003A3A,
3A3A3A3A,
DBDBDBDB,
DBDBFBFB,
FBFBFBFB,
FEFEFEFE,
FEFEFEFE,
FEFEFEFE,
C4C4C4C4,
C4C40101,
01010101,
00000000,
00000101,
01010101,
00000000,
00000000,
00000000,
00000000,
00002F2F,
2F2F2F2F,
FCFCFCFC,
FCFCFFFF,
FFFFFFFF,
FDFDFDFD,
FDFDF4F4,
F4F4F4F4,
65656565,
65650101,
01010101,
00000000,
00000000,
00000000,
00000000,
0000E6E6,
E6E6E6E6,
FFFFFFFF,
FFFFFFFF,
FFFFFFFF,
FDFDFDFD,
FDFDA0A0,
A0A0A0A0,
00000000,
00000000,
00000000,
00000000,
00002C2C,
2C2C2C2C,
CACACACA,
CACAFFFF,
FFFFFFFF,
FFFFFFFF,
FFFFFEFE,
FEFEFEFE,
C5C5C5C5,
C5C50202,
02020202,
00000000,
00000000,
00000000,
02020202,
02020000,
00000000,
42424242,
4242E7E7,
E7E7E7E7,
FBFBFBFB,
FBFBFFFF,
FFFFFFFF,
FCFCFCFC,
FCFCB2B2,
B2B2B2B2,
01010101,
01010303,
03030303,
04040404,
04046666,
66666666,
F5F5F5F5,
F5F5FCFC,
FCFCFCFC,
FEFEFEFE,
FEFEE6E6,
E6E6E6E6,
6B6B6B6B,
6B6B1010,
10101010,
14141414,
14145858,
58585858,
E3E3E3E3,
E3E3FEFE,
FEFEFEFE,
FDFDFDFD,
FDFDFFFF,
FFFFFFFF,
69696969,
69690101,
01010101,
00000000,
00000202,
02020202,
01010101,
01010000,
00000000,
04040404,
04040000,
00000000,
00000000,
00000000,
00000000,
00000000,
00000202,
02020202,
00000000,
00000000,
00000000,
00000000,
00000202,
02020202,
00000000,
00000000,
00000000,
01010101,
01010000,
00000000,
00000000,
00000505,
05050505,
00000000,
00000000,
00000000,
00000000,
00000101,
01010101,
00000000,
00000000,
00000000,
02020202,
02020101,
01010101,
01010101,
01010000,
00000000,
00000000,
00000000,
00000000,
00000000,
00000000,
00000000,
00000000,
00000000,
00000000,
00000000,
00000000,
00000000,
00000000,
00000000,
00000000,
00000000,
00000000,
00000000,
05050505,
05056464,
64646464,
5A5A5A5A,
5A5A0404,
04040404,
00000000,
00000000,
00000000,
00000000,
00000000,
00000000,
00000000,
00000000,
00000000,
00000000,
00000000,
00000000,
00000000,
00000000,
00000000,
00000000,
00000202,
02020202,
01010101,
01010000,
00000000,
01010101,
01010000,
00000000,
00000000,
00000000,
00000000,
00000000,
00000000,
00000000,
01010101,
01010101,
01010101,
00000000,
00000000,
00000000,
42424242,
4242DEDE,
DEDEDEDE,
22222222,
22220101,
01010101,
00000000,
00000202,
02020202,
00000000,
00000101,
01010101,
00000000,
00000000,
00000000,
00000000,
00000000,
00000000,
06060606,
0606C5C5,
C5C5C5C5,
FFFFFFFF,
FFFFFEFE,
FEFEFEFE,
FEFEFEFE,
FEFEF0F0,
F0F0F0F0,
50505050,
50500000,
00000000,
00000000,
00000000,
00000000,
00000000,
00000000,
00000000,
00000000,
00000000,
00000000,
00000000,
00005050,
50505050,
EDEDEDED,
EDEDFEFE,
FEFEFEFE,
FEFEFEFE,
FEFEFBFB,
FBFBFBFB,
98989898,
98980606,
06060606,
04040404,
04040000,
00000000,
00000000,
00000101,
01010101,
01010101,
01010000,
00000000,
C4C4C4C4,
C4C4FEFE,
FEFEFEFE,
FFFFFFFF,
FFFFFDFD,
FDFDFDFD,
E1E1E1E1,
E1E14242,
42424242,
01010101,
01010404,
04040404,
4C4C4C4C,
4C4CDCDC,
DCDCDCDC,
FEFEFEFE,
FEFEFFFF,
FFFFFFFF,
FDFDFDFD,
FDFDFFFF,
FFFFFFFF,
FFFFFFFF,
FFFFF7F7,
F7F7F7F7,
FFFFFFFF,
FFFFFCFC,
FCFCFCFC,
FFFFFFFF,
FFFFFFFF,
FFFFFFFF,
FEFEFEFE,
FEFEF9F9,
F9F9F9F9,
A8A8A8A8,
A8A81414,
14141414,
00000000,
00003C3C,
3C3C3C3C,
DBDBDBDB,
DBDBFAFA,
FAFAFAFA,
FDFDFDFD,
FDFDFEFE,
FEFEFEFE,
C5C5C5C5,
C5C50101,
01010101,
00000000,
00000000,
00000000,
00000000,
00000000,
00000000,
04040404,
04042929,
29292929,
FDFDFDFD,
FDFDFEFE,
FEFEFEFE,
FFFFFFFF,
FFFFF0F0,
F0F0F0F0,
65656565,
65650101,
01010101,
00000000,
00000000,
00000000,
00000000,
0000E6E6,
E6E6E6E6,
FEFEFEFE,
FEFEFFFF,
FFFFFFFF,
FDFDFDFD,
FDFDA0A0,
A0A0A0A0,
00000000,
00000000,
00000000,
00000000,
00002C2C,
2C2C2C2C,
CACACACA,
CACAFFFF,
FFFFFFFF,
FEFEFEFE,
FEFEFFFF,
FFFFFFFF,
C1C1C1C1,
C1C10000,
00000000,
00000000,
00000101,
01010101,
00000000,
00000000,
00000000,
41414141,
4141E4E4,
E4E4E4E4,
FBFBFBFB,
FBFBFFFF,
FFFFFFFF,
FFFFFFFF,
FFFFB0B0,
B0B0B0B0,
00000000,
00000101,
01010101,
03030303,
03032020,
20202020,
B8B8B8B8,
B8B8FBFB,
FBFBFBFB,
FFFFFFFF,
FFFFFDFD,
FDFDFDFD,
EAEAEAEA,
EAEAB7B7,
B7B7B7B7,
B8B8B8B8,
B8B8E3E3,
E3E3E3E3,
FDFDFDFD,
FDFDFFFF,
FFFFFFFF,
FBFBFBFB,
FBFBDFDF,
DFDFDFDF,
14141414,
14140000,
00000000,
00000000,
00000101,
01010101,
01010101,
01010000,
00000000,
00000000,
00000000,
00000000,
01010101,
01010000,
00000000,
00000000,
00000000,
00000000,
00000000,
00000404,
04040404,
00000000,
00000000,
00000000,
00000000,
00000000,
00000000,
00000000,
00000000,
00000000,
00000000,
00000000,
00000000,
00000000,
00000202,
02020202,
00000000,
00000101,
01010101,
00000000,
00000000,
00000000,
00000000,
00000101,
01010101,
00000000,
00000202,
02020202,
05050505,
05050000,
00000000,
00000000,
00000000,
00000000,
00000000,
00000000,
00000000,
00000000,
00000000,
00000000,
00000000,
00000000,
00000000,
01010101,
01010000,
00000000,
00000000,
00006A6A,
6A6A6A6A,
75757575,
75750303,
03030303,
00000000,
00000202,
02020202,
00000000,
00000000,
00000000,
00000000,
00000000,
00000000,
00000000,
00000000,
00000000,
00000000,
00000101,
01010101,
01010101,
01010000,
00000000,
03030303,
03030000,
00000000,
01010101,
01010101,
01010101,
00000000,
00000101,
01010101,
04040404,
04040000,
00000000,
01010101,
01010000,
00000000,
01010101,
01010000,
00000000,
64646464,
64646E6E,
6E6E6E6E,
0B0B0B0B,
0B0B0000,
00000000,
01010101,
01010101,
01010101,
00000000,
00000000,
00000000,
00000000,
00000000,
00000000,
01010101,
01010000,
00000000,
06060606,
0606C5C5,
C5C5C5C5,
FEFEFEFE,
FEFEFEFE,
FEFEFEFE,
FEFEFEFE,
FEFEF0F0,
F0F0F0F0,
50505050,
50500000,
00000000,
00000000,
00000000,
00000000,
00000000,
00000000,
00000000,
00000000,
00000000,
00000000,
00000000,
00005050,
50505050,
EFEFEFEF,
EFEFFDFD,
FDFDFDFD,
FEFEFEFE,
FEFEFFFF,
FFFFFFFF,
98989898,
98980606,
06060606,
00000000,
00000101,
01010101,
00000000,
00000101,
01010101,
00000000,
00000101,
01010101,
C4C4C4C4,
C4C4FDFD,
FDFDFDFD,
FDFDFDFD,
FDFDFFFF,
FFFFFFFF,
DEDEDEDE,
DEDE4545,
45454545,
03030303,
03031717,
17171717,
ADADADAD,
ADADFCFC,
FCFCFCFC,
FEFEFEFE,
FEFEFEFE,
FEFEFEFE,
F5F5F5F5,
F5F5B1B1,
B1B1B1B1,
54545454,
54542626,
26262626,
1A1A1A1A,
1A1A3F3F,
3F3F3F3F,
D8D8D8D8,
D8D8FBFB,
FBFBFBFB,
FFFFFFFF,
FFFFFFFF,
FFFFFFFF,
A7A7A7A7,
A7A70D0D,
0D0D0D0D,
02020202,
02023636,
36363636,
D7D7D7D7,
D7D7FFFF,
FFFFFFFF,
FEFEFEFE,
FEFEFFFF,
FFFFFFFF,
CFCFCFCF,
CFCF0303,
03030303,
03030303,
03030000,
00000000,
03030303,
03030000,
00000000,
01010101,
01012D2D,
2D2D2D2D,
FDFDFDFD,
FDFDFFFF,
FFFFFFFF,
FFFFFFFF,
FFFFF3F3,
F3F3F3F3,
65656565,
65650101,
01010101,
00000000,
00000000,
00000000,
00000000,
0000E6E6,
E6E6E6E6,
FEFEFEFE,
FEFEFFFF,
FFFFFFFF,
FDFDFDFD,
FDFDA0A0,
A0A0A0A0,
00000000,
00000000,
00000000,
00000000,
00002C2C,
2C2C2C2C,
CACACACA,
CACAFEFE,
FEFEFEFE,
FDFDFDFD,
FDFDFFFF,
FFFFFFFF,
C4C4C4C4,
C4C40000,
00000000,
03030303,
03030000,
00000000,
00000000,
00000202,
02020202,
41414141,
4141E6E6,
E6E6E6E6,
FEFEFEFE,
FEFEFEFE,
FEFEFEFE,
FEFEFEFE,
FEFEB0B0,
B0B0B0B0,
01010101,
01010000,
00000000,
00000000,
00002B2B,
2B2B2B2B,
BCBCBCBC,
BCBCF8F8,
F8F8F8F8,
FDFDFDFD,
FDFDFAFA,
FAFAFAFA,
FFFFFFFF,
FFFFFDFD,
FDFDFDFD,
FFFFFFFF,
FFFFFDFD,
FDFDFDFD,
FDFDFDFD,
FDFDFBFB,
FBFBFBFB,
DBDBDBDB,
DBDB5353,
53535353,
00000000,
00000505,
05050505,
02020202,
02020000,
00000000,
00000000,
00000505,
05050505,
00000000,
00000101,
01010101,
02020202,
02020000,
00000000,
01010101,
01010505,
05050505,
00000000,
00000000,
00000000,
00000000,
00000404,
04040404,
00000000,
00000000,
00000000,
00000000,
00000202,
02020202,
04040404,
04040000,
00000000,
02020202,
02020000,
00000000,
00000000,
00000303,
03030303,
02020202,
02020101,
01010101,
01010101,
01010000,
00000000,
04040404,
04040000,
00000000,
00000000,
00000101,
01010101,
00000000,
00000000,
00000000,
00000000,
00000000,
00000000,
00000000,
00000000,
00000000,
00000000,
00000000,
00000000,
01010101,
01010000,
00000000,
00000000,
00004343,
43434343,
D8D8D8D8,
D8D82121,
21212121,
00000000,
00000000,
00000000,
00000000,
00000101,
01010101,
01010101,
01010101,
01010101,
00000000,
00000000,
00000000,
00000000,
00000101,
01010101,
00000000,
00000000,
00000000,
47474747,
47470202,
02020202,
00000000,
00000202,
02020202,
01010101,
01010000,
00000000,
00000000,
00000101,
01010101,
00000000,
00000202,
02020202,
00000000,
00001010,
10101010,
74747474,
74743F3F,
3F3F3F3F,
00000000,
00000000,
00000000,
00000000,
00000000,
00000000,
00000000,
00000000,
00000000,
02020202,
02020000,
00000000,
00000000,
00000000,
00000000,
06060606,
0606C4C4,
C4C4C4C4,
FEFEFEFE,
FEFEFEFE,
FEFEFEFE,
FDFDFDFD,
FDFDEFEF,
EFEFEFEF,
51515151,
51510000,
00000000,
01010101,
01010000,
00000000,
00000000,
00000000,
00000000,
00000000,
00000000,
00000000,
00000000,
00004646,
46464646,
E8E8E8E8,
E8E8FEFE,
FEFEFEFE,
FEFEFEFE,
FEFEFCFC,
FCFCFCFC,
D2D2D2D2,
D2D20808,
08080808,
00000000,
00000303,
03030303,
00000000,
00000202,
02020202,
01010101,
01010505,
05050505,
DCDCDCDC,
DCDCFFFF,
FFFFFFFF,
FDFDFDFD,
FDFDFCFC,
FCFCFCFC,
D2D2D2D2,
D2D23232,
32323232,
00000000,
00003939,
39393939,
E8E8E8E8,
E8E8FCFC,
FCFCFCFC,
FDFDFDFD,
FDFDFBFB,
FBFBFBFB,
9E9E9E9E,
9E9E0B0B,
0B0B0B0B,
01010101,
01010000,
00000000,
00000000,
00002A2A,
2A2A2A2A,
D4D4D4D4,
D4D4FFFF,
FFFFFFFF,
FDFDFDFD,
FDFDFDFD,
FDFDFDFD,
A8A8A8A8,
A8A81515,
15151515,
01010101,
01010505,
05050505,
C2C2C2C2,
C2C2FFFF,
FFFFFFFF,
FCFCFCFC,
FCFCFFFF,
FFFFFFFF,
E7E7E7E7,
E7E71717,
17171717,
02020202,
02020000,
00000000,
00000000,
00000000,
00000000,
02020202,
02025252,
52525252,
FBFBFBFB,
FBFBFCFC,
FCFCFCFC,
FEFEFEFE,
FEFEF7F7,
F7F7F7F7,
65656565,
65650000,
00000000,
00000000,
00000101,
01010101,
00000000,
0000E6E6,
E6E6E6E6,
FEFEFEFE,
FEFEFEFE,
FEFEFEFE,
FDFDFDFD,
FDFD9F9F,
9F9F9F9F,
00000000,
00000000,
00000000,
01010101,
01012C2C,
2C2C2C2C,
C9C9C9C9,
C9C9FEFE,
FEFEFEFE,
FFFFFFFF,
FFFFFDFD,
FDFDFDFD,
C1C1C1C1,
C1C10000,
00000000,
00000000,
00000000,
00000000,
02020202,
02020000,
00000000,
40404040,
4040E6E6,
E6E6E6E6,
FDFDFDFD,
FDFDFDFD,
FDFDFDFD,
FCFCFCFC,
FCFCB2B2,
B2B2B2B2,
03030303,
03030202,
02020202,
0C0C0C0C,
0C0C9C9C,
9C9C9C9C,
FBFBFBFB,
FBFBFEFE,
FEFEFEFE,
FAFAFAFA,
FAFAE3E3,
E3E3E3E3,
E6E6E6E6,
E6E6FDFD,
FDFDFDFD,
FCFCFCFC,
FCFCF9F9,
F9F9F9F9,
E0E0E0E0,
E0E0A3A3,
A3A3A3A3,
43434343,
43430505,
05050505,
00000000,
00000000,
00000000,
01010101,
01010101,
01010101,
02020202,
02020000,
00000000,
01010101,
01010000,
00000000,
01010101,
01010000,
00000000,
00000000,
00000000,
00000000,
00000000,
00000000,
00000000,
02020202,
02020000,
00000000,
00000000,
00000101,
01010101,
00000000,
00000101,
01010101,
00000000,
00000303,
03030303,
01010101,
01010000,
00000000,
01010101,
01010000,
00000000,
00000000,
00000000,
00000000,
00000000,
00000101,
01010101,
00000000,
00000000,
00000000,
00000000,
00000000,
00000000,
00000000,
00000000,
00000000,
00000000,
00000000,
00000000,
00000000,
00000000,
00000000,
00000000,
00000000,
00000000,
00000000,
00000000,
00000000,
00000000,
00000000,
00000000,
A7A7A7A7,
A7A72222,
22222222,
01010101,
01010000,
00000000,
01010101,
01010101,
01010101,
02020202,
02020101,
01010101,
00000000,
00000000,
00000000,
00000000,
00000000,
00000000,
00000000,
00005252,
52525252,
E3E3E3E3,
E3E30606,
06060606,
05050505,
05050000,
00000000,
00000000,
00000202,
02020202,
00000000,
00000303,
03030303,
00000000,
00000000,
00000000,
00000000,
00002828,
28282828,
9E9E9E9E,
9E9E0101,
01010101,
00000000,
00000404,
04040404,
00000000,
00000101,
01010101,
01010101,
01010000,
00000000,
00000000,
00000000,
00000000,
00000000,
00000000,
00000000,
06060606,
0606C4C4,
C4C4C4C4,
FEFEFEFE,
FEFEFDFD,
FDFDFDFD,
FDFDFDFD,
FDFDEFEF,
EFEFEFEF,
51515151,
51510000,
00000000,
01010101,
01010000,
00000000,
00000000,
00000000,
00000000,
00000000,
00000000,
00000000,
01010101,
01013131,
31313131,
CDCDCDCD,
CDCDFEFE,
FEFEFEFE,
FDFDFDFD,
FDFDFFFF,
FFFFFFFF,
F1F1F1F1,
F1F12323,
23232323,
00000000,
00000000,
00000000,
02020202,
02020404,
04040404,
00000000,
00004747,
47474747,
FDFDFDFD,
FDFDFDFD,
FDFDFDFD,
FFFFFFFF,
FFFFFEFE,
FEFEFEFE,
A3A3A3A3,
A3A31212,
12121212,
00000000,
00003F3F,
3F3F3F3F,
EBEBEBEB,
EBEBFDFD,
FDFDFDFD,
FEFEFEFE,
FEFEFFFF,
FFFFFFFF,
57575757,
57570202,
02020202,
01010101,
01010000,
00000000,
00000000,
00003131,
31313131,
DEDEDEDE,
DEDEFEFE,
FEFEFEFE,
FEFEFEFE,
FEFEFFFF,
FFFFFFFF,
A4A4A4A4,
A4A41212,
12121212,
00000000,
00000101,
01010101,
AEAEAEAE,
AEAEFEFE,
FEFEFEFE,
FEFEFEFE,
FEFEFDFD,
FDFDFDFD,
F3F3F3F3,
F3F36C6C,
6C6C6C6C,
00000000,
00000202,
02020202,
00000000,
00000404,
04040404,
24242424,
2424C5C5,
C5C5C5C5,
FFFFFFFF,
FFFFFBFB,
FBFBFBFB,
FFFFFFFF,
FFFFF1F1,
F1F1F1F1,
65656565,
65650000,
00000000,
00000000,
00000101,
01010101,
00000000,
0000E6E6,
E6E6E6E6,
FDFDFDFD,
FDFDFDFD,
FDFDFDFD,
FCFCFCFC,
FCFC9F9F,
9F9F9F9F,
00000000,
00000000,
00000000,
01010101,
01012C2C,
2C2C2C2C,
C9C9C9C9,
C9C9FDFD,
FDFDFDFD,
FBFBFBFB,
FBFBFEFE,
FEFEFEFE,
C4C4C4C4,
C4C40202,
02020202,
00000000,
00000000,
00000000,
00000000,
00000101,
01010101,
41414141,
4141E6E6,
E6E6E6E6,
FCFCFCFC,
FCFCFFFF,
FFFFFFFF,
FDFDFDFD,
FDFDB1B1,
B1B1B1B1,
00000000,
00000000,
00000000,
16161616,
1616EAEA,
EAEAEAEA,
FAFAFAFA,
FAFAFEFE,
FEFEFEFE,
E2E2E2E2,
E2E26363,
63636363,
50505050,
50506262,
62626262,
65656565,
65655B5B,
5B5B5B5B,
4B4B4B4B,
4B4B1010,
10101010,
00000000,
00000000,
00000000,
01010101,
01010000,
00000000,
00000000,
00000000,
00000000,
00000000,
00000909,
09090909,
66666666,
66669494,
94949494,
9C9C9C9C,
9C9C8989,
89898989,
33333333,
33330000,
00000000,
00000000,
00000101,
01010101,
00000000,
00001C1C,
1C1C1C1C,
70707070,
70709999,
99999999,
99999999,
99998585,
85858585,
1D1D1D1D,
1D1D0000,
00000000,
00000000,
00000000,
00000000,
00000000,
00002828,
28282828,
7B7B7B7B,
7B7B9797,
97979797,
99999999,
99997E7E,
7E7E7E7E,
0C0C0C0C,
0C0C0404,
04040404,
00000000,
00000000,
00000000,
00000000,
00000000,
00000000,
00000000,
00000000,
00000000,
00000000,
00000000,
00000000,
00000000,
00000000,
00000000,
02020202,
02020000,
00000000,
00000000,
00000101,
01010101,
1B1B1B1B,
1B1BA9A9,
A9A9A9A9,
11111111,
11110000,
00000000,
01010101,
01010000,
00000000,
00000000,
00000000,
00000000,
01010101,
01010000,
00000000,
03030303,
03030000,
00000000,
01010101,
01011111,
11111111,
2A2A2A2A,
2A2A0000,
00000000,
00000000,
00000303,
03030303,
01010101,
01010202,
02020202,
00000000,
00000000,
00000000,
02020202,
02020000,
00000000,
10101010,
1010A0A0,
A0A0A0A0,
1A1A1A1A,
1A1A0000,
00000000,
01010101,
01010101,
01010101,
00000000,
00000000,
00000000,
00000000,
00000000,
00000000,
00000000,
00000000,
00000000,
02020202,
02020000,
00000000,
05050505,
0505C6C6,
C6C6C6C6,
FFFFFFFF,
FFFFFDFD,
FDFDFDFD,
FDFDFDFD,
FDFDEFEF,
EFEFEFEF,
5E5E5E5E,
5E5E1414,
14141414,
12121212,
12121717,
17171717,
11111111,
11111313,
13131313,
17171717,
17171111,
11111111,
03030303,
03030505,
05050505,
97979797,
9797FEFE,
FEFEFEFE,
FCFCFCFC,
FCFCFDFD,
FDFDFDFD,
FFFFFFFF,
FFFFA8A8,
A8A8A8A8,
0D0D0D0D,
0D0D0606,
06060606,
00000000,
00000606,
06060606,
28282828,
2828C3C3,
C3C3C3C3,
FEFEFEFE,
FEFEFCFC,
FCFCFCFC,
FCFCFCFC,
FCFCF6F6,
F6F6F6F6,
77777777,
77770000,
00000000,
03030303,
03033D3D,
3D3D3D3D,
EBEBEBEB,
EBEBFCFC,
FCFCFCFC,
FDFDFDFD,
FDFDFBFB,
FBFBFBFB,
86868686,
86860F0F,
0F0F0F0F,
00000000,
00000707,
07070707,
0E0E0E0E,
0E0EB8B8,
B8B8B8B8,
F9F9F9F9,
F9F9FFFF,
FFFFFFFF,
FDFDFDFD,
FDFDFFFF,
FFFFFFFF,
A5A5A5A5,
A5A51111,
11111111,
00000000,
00000000,
00000000,
8C8C8C8C,
8C8CFCFC,
FCFCFCFC,
FFFFFFFF,
FFFFFEFE,
FEFEFEFE,
FCFCFCFC,
FCFCBFBF,
BFBFBFBF,
2D2D2D2D,
2D2D0000,
00000000,
04040404,
04041A1A,
1A1A1A1A,
A0A0A0A0,
A0A0F8F8,
F8F8F8F8,
FDFDFDFD,
FDFDFEFE,
FEFEFEFE,
FCFCFCFC,
FCFCF5F5,
F5F5F5F5,
65656565,
65650303,
03030303,
00000000,
00000000,
00000000,
01010101,
0101E4E4,
E4E4E4E4,
FDFDFDFD,
FDFDFDFD,
FDFDFDFD,
FEFEFEFE,
FEFEA0A0,
A0A0A0A0,
00000000,
00000202,
02020202,
00000000,
00002E2E,
2E2E2E2E,
C7C7C7C7,
C7C7FCFC,
FCFCFCFC,
FDFDFDFD,
FDFDFFFF,
FFFFFFFF,
C2C2C2C2,
C2C20000,
00000000,
02020202,
02020000,
00000000,
01010101,
01010000,
00000000,
40404040,
4040E7E7,
E7E7E7E7,
FFFFFFFF,
FFFFFAFA,
FAFAFAFA,
FEFEFEFE,
FEFEB2B2,
B2B2B2B2,
01010101,
01010000,
00000000,
19191919,
1919F7F7,
F7F7F7F7,
FFFFFFFF,
FFFFFBFB,
FBFBFBFB,
EDEDEDED,
EDED8383,
83838383,
1E1E1E1E,
1E1E1717,
17171717,
14141414,
14140F0F,
0F0F0F0F,
12121212,
12121010,
10101010,
0C0C0C0C,
0C0C0606,
06060606,
02020202,
02020000,
00000000,
00000000,
00000000,
00000000,
05050505,
05055858,
58585858,
E5E5E5E5,
E5E5FEFE,
FEFEFEFE,
FBFBFBFB,
FBFBFBFB,
FBFBFBFB,
B1B1B1B1,
B1B10202,
02020202,
02020202,
02020000,
00000000,
00000000,
00006969,
69696969,
EBEBEBEB,
EBEBFCFC,
FCFCFCFC,
FDFDFDFD,
FDFDFBFB,
FBFBFBFB,
9F9F9F9F,
9F9F0202,
02020202,
04040404,
04040000,
00000000,
09090909,
09098181,
81818181,
F3F3F3F3,
F3F3FCFC,
FCFCFCFC,
F9F9F9F9,
F9F9F7F7,
F7F7F7F7,
83838383,
83830000,
00000000,
03030303,
03030000,
00000000,
00000000,
00000000,
00000000,
00000000,
00000000,
00000000,
00000000,
00000000,
00000000,
00000000,
00000000,
00000000,
01010101,
01010000,
00000000,
03030303,
03030000,
00000000,
00000000,
0000DFDF,
DFDFDFDF,
C6C6C6C6,
C6C62424,
24242424,
00000000,
00000000,
00000000,
05050505,
05050202,
02020202,
01010101,
01010202,
02020202,
2B2B2B2B,
2B2B4A4A,
4A4A4A4A,
01010101,
01010202,
02020202,
02020202,
02020202,
02020202,
21212121,
21211818,
18181818,
02020202,
02020000,
00000000,
00000000,
00000202,
02020202,
13131313,
13134F4F,
4F4F4F4F,
C7C7C7C7,
C7C71111,
11111111,
00000000,
00000404,
04040404,
01010101,
01010101,
01010101,
00000000,
00000000,
00000000,
00000000,
00000000,
00000000,
00000000,
00000000,
00000000,
00000000,
00000000,
00000000,
06060606,
0606C6C6,
C6C6C6C6,
FAFAFAFA,
FAFAFFFF,
FFFFFFFF,
F9F9F9F9,
F9F9FFFF,
FFFFFFFF,
FFFFFFFF,
FFFFFBFB,
FBFBFBFB,
FFFFFFFF,
FFFFFAFA,
FAFAFAFA,
FEFEFEFE,
FEFEFEFE,
FEFEFEFE,
FBFBFBFB,
FBFBFAFA,
FAFAFAFA,
32323232,
32320101,
01010101,
5F5F5F5F,
5F5FE5E5,
E5E5E5E5,
FFFFFFFF,
FFFFFEFE,
FEFEFEFE,
FAFAFAFA,
FAFAFBFB,
FBFBFBFB,
CFCFCFCF,
CFCF6D6D,
6D6D6D6D,
55555555,
55558B8B,
8B8B8B8B,
DCDCDCDC,
DCDCFCFC,
FCFCFCFC,
FEFEFEFE,
FEFEFFFF,
FFFFFFFF,
FFFFFFFF,
FFFFC7C7,
C7C7C7C7,
1A1A1A1A,
1A1A0202,
02020202,
00000000,
00003535,
35353535,
DFDFDFDF,
DFDFFEFE,
FEFEFEFE,
FFFFFFFF,
FFFFFCFC,
FCFCFCFC,
F1F1F1F1,
F1F1A8A8,
A8A8A8A8,
51515151,
51517D7D,
7D7D7D7D,
DEDEDEDE,
DEDEFDFD,
FDFDFDFD,
FEFEFEFE,
FEFEFCFC,
FCFCFCFC,
FDFDFDFD,
FDFDFEFE,
FEFEFEFE,
A4A4A4A4,
A4A41010,
10101010,
03030303,
03030101,
01010101,
2E2E2E2E,
2E2EF1F1,
F1F1F1F1,
FAFAFAFA,
FAFAFCFC,
FCFCFCFC,
FAFAFAFA,
FAFAFCFC,
FCFCFCFC,
C6C6C6C6,
C6C66262,
62626262,
6A6A6A6A,
6A6AD2D2,
D2D2D2D2,
FFFFFFFF,
FFFFFDFD,
FDFDFDFD,
FFFFFFFF,
FFFFFDFD,
FDFDFDFD,
FFFFFFFF,
FFFFF1F1,
F1F1F1F1,
65656565,
65650000,
00000000,
00000000,
00000101,
01010101,
00000000,
0000E5E5,
E5E5E5E5,
FFFFFFFF,
FFFFFCFC,
FCFCFCFC,
FBFBFBFB,
FBFB9F9F,
9F9F9F9F,
00000000,
00000202,
02020202,
00000000,
00002D2D,
2D2D2D2D,
C9C9C9C9,
C9C9FFFF,
FFFFFFFF,
FDFDFDFD,
FDFDFEFE,
FEFEFEFE,
C1C1C1C1,
C1C10505,
05050505,
00000000,
00000303,
03030303,
00000000,
00000101,
01010101,
43434343,
4343E1E1,
E1E1E1E1,
FEFEFEFE,
FEFEFFFF,
FFFFFFFF,
FFFFFFFF,
FFFFB2B2,
B2B2B2B2,
00000000,
00000101,
01010101,
10101010,
1010C6C6,
C6C6C6C6,
FFFFFFFF,
FFFFFFFF,
FFFFFFFF,
FEFEFEFE,
FEFEFDFD,
FDFDFDFD,
FFFFFFFF,
FFFFFDFD,
FDFDFDFD,
FBFBFBFB,
FBFBEFEF,
EFEFEFEF,
E2E2E2E2,
E2E2DFDF,
DFDFDFDF,
C5C5C5C5,
C5C57171,
71717171,
2B2B2B2B,
2B2B0000,
00000000,
03030303,
03030404,
04040404,
00000000,
00007C7C,
7C7C7C7C,
F4F4F4F4,
F4F4FBFB,
FBFBFBFB,
FFFFFFFF,
FFFFFCFC,
FCFCFCFC,
D9D9D9D9,
D9D91616,
16161616,
00000000,
00000000,
00000000,
04040404,
04048686,
86868686,
FDFDFDFD,
FDFDFEFE,
FEFEFEFE,
FCFCFCFC,
FCFCFBFB,
FBFBFBFB,
CDCDCDCD,
CDCD0101,
01010101,
00000000,
00000303,
03030303,
1B1B1B1B,
1B1BB4B4,
B4B4B4B4,
FDFDFDFD,
FDFDFFFF,
FFFFFFFF,
FCFCFCFC,
FCFCFCFC,
FCFCFCFC,
B8B8B8B8,
B8B80000,
00000000,
00000000,
00000404,
04040404,
00000000,
00000000,
00000000,
00000000,
00000000,
00000000,
00000000,
00000000,
00000000,
00000000,
00000000,
00000000,
00000000,
00000707,
07070707,
00000000,
00000202,
02020202,
02020202,
02026565,
65656565,
9A9A9A9A,
9A9ABEBE,
BEBEBEBE,
87878787,
87870101,
01010101,
00000000,
00000000,
00000000,
00000000,
00000101,
01010101,
4A4A4A4A,
4A4AE2E2,
E2E2E2E2,
8B8B8B8B,
8B8B8B8B,
8B8B8B8B,
89898989,
89898C8C,
8C8C8C8C,
BDBDBDBD,
BDBD5757,
57575757,
00000000,
00000000,
00000000,
01010101,
01016D6D,
6D6D6D6D,
A7A7A7A7,
A7A7BDBD,
BDBDBDBD,
73737373,
73730C0C,
0C0C0C0C,
02020202,
02020000,
00000000,
01010101,
01010000,
00000000,
00000000,
00000000,
00000000,
00000000,
00000000,
00000000,
00000000,
00000000,
00000000,
02020202,
02020000,
00000000,
06060606,
0606C7C7,
C7C7C7C7,
FCFCFCFC,
FCFCFFFF,
FFFFFFFF,
FFFFFFFF,
FFFFF9F9,
F9F9F9F9,
FCFCFCFC,
FCFCFEFE,
FEFEFEFE,
FDFDFDFD,
FDFDFBFB,
FBFBFBFB,
FFFFFFFF,
FFFFFCFC,
FCFCFCFC,
FEFEFEFE,
FEFEFFFF,
FFFFFFFF,
6A6A6A6A,
6A6A0404,
04040404,
10101010,
1010A5A5,
A5A5A5A5,
FDFDFDFD,
FDFDFFFF,
FFFFFFFF,
FDFDFDFD,
FDFDFFFF,
FFFFFFFF,
FBFBFBFB,
FBFBFCFC,
FCFCFCFC,
FFFFFFFF,
FFFFFDFD,
FDFDFDFD,
FEFEFEFE,
FEFEFFFF,
FFFFFFFF,
FBFBFBFB,
FBFBFEFE,
FEFEFEFE,
F1F1F1F1,
F1F15151,
51515151,
00000000,
00000202,
02020202,
00000000,
00001A1A,
1A1A1A1A,
A7A7A7A7,
A7A7FFFF,
FFFFFFFF,
FCFCFCFC,
FCFCFFFF,
FFFFFFFF,
FEFEFEFE,
FEFEFAFA,
FAFAFAFA,
FDFDFDFD,
FDFDFDFD,
FDFDFDFD,
FFFFFFFF,
FFFFFBFB,
FBFBFBFB,
FAFAFAFA,
FAFAFEFE,
FEFEFEFE,
FEFEFEFE,
FEFEFEFE,
FEFEFEFE,
A5A5A5A5,
A5A51414,
14141414,
00000000,
00000000,
00000000,
00000000,
0000A7A7,
A7A7A7A7,
FFFFFFFF,
FFFFFDFD,
FDFDFDFD,
FFFFFFFF,
FFFFFFFF,
FFFFFFFF,
FEFEFEFE,
FEFEFDFD,
FDFDFDFD,
FDFDFDFD,
FDFDFFFF,
FFFFFFFF,
FDFDFDFD,
FDFDF6F6,
F6F6F6F6,
EAEAEAEA,
EAEAFEFE,
FEFEFEFE,
F9F9F9F9,
F9F9F6F6,
F6F6F6F6,
68686868,
68680000,
00000000,
00000000,
00000404,
04040404,
00000000,
0000E2E2,
E2E2E2E2,
FBFBFBFB,
FBFBFFFF,
FFFFFFFF,
FDFDFDFD,
FDFDA0A0,
A0A0A0A0,
00000000,
00000000,
00000000,
00000000,
00002E2E,
2E2E2E2E,
CACACACA,
CACAFDFD,
FDFDFDFD,
FFFFFFFF,
FFFFFDFD,
FDFDFDFD,
C0C0C0C0,
C0C00000,
00000000,
00000000,
00000000,
00000000,
00000000,
00000101,
01010101,
41414141,
4141E2E2,
E2E2E2E2,
FFFFFFFF,
FFFFFCFC,
FCFCFCFC,
FBFBFBFB,
FBFBB0B0,
B0B0B0B0,
00000000,
00000202,
02020202,
04040404,
04045555,
55555555,
D8D8D8D8,
D8D8F8F8,
F8F8F8F8,
FFFFFFFF,
FFFFFFFF,
FFFFFFFF,
FBFBFBFB,
FBFBFEFE,
FEFEFEFE,
FDFDFDFD,
FDFDFFFF,
FFFFFFFF,
FEFEFEFE,
FEFEF9F9,
F9F9F9F9,
FDFDFDFD,
FDFDFEFE,
FEFEFEFE,
C9C9C9C9,
C9C93D3D,
3D3D3D3D,
00000000,
00000000,
00000000,
03030303,
03038080,
80808080,
F7F7F7F7,
F7F7FAFA,
FAFAFAFA,
FFFFFFFF,
FFFFFDFD,
FDFDFDFD,
DFDFDFDF,
DFDF1C1C,
1C1C1C1C,
03030303,
03030000,
00000000,
00000000,
00008585,
85858585,
FBFBFBFB,
FBFBFFFF,
FFFFFFFF,
FFFFFFFF,
FFFFFDFD,
FDFDFDFD,
CDCDCDCD,
CDCD0101,
01010101,
00000000,
00000101,
01010101,
1E1E1E1E,
1E1EB4B4,
B4B4B4B4,
FDFDFDFD,
FDFDFDFD,
FDFDFDFD,
FEFEFEFE,
FEFEFEFE,
FEFEFEFE,
BABABABA,
BABA0202,
02020202,
01010101,
01010000,
00000000,
00000000,
00000000,
00000000,
00000000,
00000000,
00000000,
00000000,
00000000,
00000000,
00000000,
00000000,
00000000,
02020202,
02020000,
00000000,
01010101,
01010000,
00000000,
00000000,
00000000,
00000000,
15151515,
1515A4A4,
A4A4A4A4,
FDFDFDFD,
FDFDC2C2,
C2C2C2C2,
69696969,
69690909,
09090909,
01010101,
01010000,
00000000,
03030303,
03032B2B,
2B2B2B2B,
37373737,
37373B3B,
3B3B3B3B,
36363636,
36363939,
39393939,
37373737,
37371717,
17171717,
03030303,
03034747,
47474747,
C4C4C4C4,
C4C4EFEF,
EFEFEFEF,
34343434,
34341D1D,
1D1D1D1D,
03030303,
03030000,
00000000,
01010101,
01010303,
03030303,
00000000,
00000000,
00000000,
00000000,
00000000,
00000000,
00000000,
00000000,
00000000,
00000000,
00000000,
00000000,
00000000,
00000000,
00000000,
07070707,
0707B8B8,
B8B8B8B8,
FDFDFDFD,
FDFDFEFE,
FEFEFEFE,
F9F9F9F9,
F9F9FFFF,
FFFFFFFF,
FFFFFFFF,
FFFFFEFE,
FEFEFEFE,
FEFEFEFE,
FEFEFDFD,
FDFDFDFD,
FDFDFDFD,
FDFDFAFA,
FAFAFAFA,
FFFFFFFF,
FFFFFBFB,
FBFBFBFB,
6C6C6C6C,
6C6C0303,
03030303,
02020202,
02021F1F,
1F1F1F1F,
BEBEBEBE,
BEBEF8F8,
F8F8F8F8,
FFFFFFFF,
FFFFFDFD,
FDFDFDFD,
FFFFFFFF,
FFFFFDFD,
FDFDFDFD,
FFFFFFFF,
FFFFFEFE,
FEFEFEFE,
FCFCFCFC,
FCFCFEFE,
FEFEFEFE,
FFFFFFFF,
FFFFEBEB,
EBEBEBEB,
74747474,
74740606,
06060606,
01010101,
01010000,
00000000,
01010101,
01010303,
03030303,
53535353,
5353DDDD,
DDDDDDDD,
FEFEFEFE,
FEFEFDFD,
FDFDFDFD,
FDFDFDFD,
FDFDFFFF,
FFFFFFFF,
FEFEFEFE,
FEFEFEFE,
FEFEFEFE,
F9F9F9F9,
F9F9E2E2,
E2E2E2E2,
C4C4C4C4,
C4C4F0F0,
F0F0F0F0,
FDFDFDFD,
FDFDFBFB,
FBFBFBFB,
A9A9A9A9,
A9A91212,
12121212,
00000000,
00000404,
04040404,
03030303,
03032E2E,
2E2E2E2E,
CDCDCDCD,
CDCDFFFF,
FFFFFFFF,
FCFCFCFC,
FCFCFBFB,
FBFBFBFB,
FEFEFEFE,
FEFEFEFE,
FEFEFEFE,
FFFFFFFF,
FFFFFCFC,
FCFCFCFC,
FCFCFCFC,
FCFCA8A8,
A8A8A8A8,
B5B5B5B5,
B5B5FEFE,
FEFEFEFE,
FEFEFEFE,
FEFEF1F1,
F1F1F1F1,
62626262,
62620404,
04040404,
00000000,
00000000,
00000000,
00000000,
0000E2E2,
E2E2E2E2,
FEFEFEFE,
FEFEFDFD,
FDFDFDFD,
FDFDFDFD,
FDFD9B9B,
9B9B9B9B,
02020202,
02020000,
00000000,
04040404,
04042F2F,
2F2F2F2F,
C5C5C5C5,
C5C5FFFF,
FFFFFFFF,
F8F8F8F8,
F8F8FFFF,
FFFFFFFF,
C2C2C2C2,
C2C20202,
02020202,
03030303,
03030000,
00000000,
02020202,
02020000,
00000000,
3C3C3C3C,
3C3CE7E7,
E7E7E7E7,
FDFDFDFD,
FDFDFDFD,
FDFDFDFD,
FFFFFFFF,
FFFFB3B3,
B3B3B3B3,
00000000,
00000101,
01010101,
04040404,
04045252,
52525252,
E8E8E8E8,
E8E8FDFD,
FDFDFDFD,
FFFFFFFF,
FFFFF9F9,
F9F9F9F9,
FCFCFCFC,
FCFCFEFE,
FEFEFEFE,
FEFEFEFE,
FEFEFDFD,
FDFDFDFD,
FFFFFFFF,
FFFFFCFC,
FCFCFCFC,
FFFFFFFF,
FFFFFDFD,
FDFDFDFD,
F8F8F8F8,
F8F8B4B4,
B4B4B4B4,
22222222,
22220000,
00000000,
00000000,
00007070,
70707070,
F0F0F0F0,
F0F0FFFF,
FFFFFFFF,
FFFFFFFF,
FFFFFAFA,
FAFAFAFA,
C7C7C7C7,
C7C70000,
00000000,
01010101,
01010101,
01010101,
00000000,
00007D7D,
7D7D7D7D,
FAFAFAFA,
FAFAFCFC,
FCFCFCFC,
FBFBFBFB,
FBFBFDFD,
FDFDFDFD,
B8B8B8B8,
B8B80303,
03030303,
01010101,
01010202,
02020202,
0B0B0B0B,
0B0B9494,
94949494,
FDFDFDFD,
FDFDFEFE,
FEFEFEFE,
FFFFFFFF,
FFFFFAFA,
FAFAFAFA,
97979797,
97970202,
02020202,
00000000,
00000202,
02020202,
00000000,
00000000,
00000000,
00000000,
00000000,
00000000,
00000000,
00000000,
00000000,
00000000,
00000000,
00000000,
01010101,
01010202,
02020202,
00000000,
00000404,
04040404,
02020202,
02020000,
00000000,
00000000,
00000000,
00000000,
00000000,
00002C2C,
2C2C2C2C,
BFBFBFBF,
BFBFB9B9,
B9B9B9B9,
4B4B4B4B,
4B4B4040,
40404040,
3D3D3D3D,
3D3D4141,
41414141,
42424242,
42423D3D,
3D3D3D3D,
40404040,
40404040,
40404040,
42424242,
4242BBBB,
BBBBBBBB,
C6C6C6C6,
C6C6BDBD,
BDBDBDBD,
BFBFBFBF,
BFBF2828,
28282828,
02020202,
02020000,
00000000,
02020202,
02020000,
00000000,
00000000,
00000202,
02020202,
00000000,
00000000,
00000000,
00000000,
00000000,
00000000,
00000000,
00000000,
00000000,
00000000,
00000000,
00000000,
01010101,
01010101,
01010101,
01010101,
01013D3D,
3D3D3D3D,
B0B0B0B0,
B0B0C0C0,
C0C0C0C0,
BDBDBDBD,
BDBDC0C0,
C0C0C0C0,
BBBBBBBB,
BBBBBFBF,
BFBFBFBF,
C1C1C1C1,
C1C1BDBD,
BDBDBDBD,
BFBFBFBF,
BFBFBFBF,
BFBFBFBF,
BEBEBEBE,
BEBEBBBB,
BBBBBBBB,
12121212,
12120000,
00000000,
01010101,
01010505,
05050505,
19191919,
19198383,
83838383,
CCCCCCCC,
CCCCEDED,
EDEDEDED,
F6F6F6F6,
F6F6FFFF,
FFFFFFFF,
FEFEFEFE,
FEFEFDFD,
FDFDFDFD,
F3F3F3F3,
F3F3E4E4,
E4E4E4E4,
AAAAAAAA,
AAAA4343,
43434343,
01010101,
01010000,
00000000,
00000000,
00000101,
01010101,
01010101,
01010000,
00000000,
01010101,
01014A4A,
4A4A4A4A,
C3C3C3C3,
C3C3ECEC,
ECECECEC,
FAFAFAFA,
FAFAFCFC,
FCFCFCFC,
F9F9F9F9,
F9F9EAEA,
EAEAEAEA,
B9B9B9B9,
B9B93131,
31313131,
3A3A3A3A,
3A3AADAD,
ADADADAD,
BFBFBFBF,
BFBFBEBE,
BEBEBEBE,
5B5B5B5B,
5B5B0808,
08080808,
00000000,
00000303,
03030303,
01010101,
01010000,
00000000,
2E2E2E2E,
2E2EA6A6,
A6A6A6A6,
E8E8E8E8,
E8E8F8F8,
F8F8F8F8,
FFFFFFFF,
FFFFFCFC,
FCFCFCFC,
EDEDEDED,
EDEDD0D0,
D0D0D0D0,
6E6E6E6E,
6E6E0E0E,
0E0E0E0E,
61616161,
6161B9B9,
B9B9B9B9,
C0C0C0C0,
C0C0ADAD,
ADADADAD,
3F3F3F3F,
3F3F0101,
01010101,
00000000,
00000101,
01010101,
00000000,
00009696,
96969696,
BCBCBCBC,
BCBCBFBF,
BFBFBFBF,
B6B6B6B6,
B6B66161,
61616161,
00000000,
00000101,
01010101,
00000000,
00001313,
13131313,
7C7C7C7C,
7C7CBBBB,
BBBBBBBB,
C2C2C2C2,
C2C2B6B6,
B6B6B6B6,
71717171,
71710101,
01010101,
00000000,
00000101,
01010101,
00000000,
00000101,
01010101,
10101010,
10108585,
85858585,
BFBFBFBF,
BFBFBCBC,
BCBCBCBC,
B5B5B5B5,
B5B55D5D,
5D5D5D5D,
00000000,
00000000,
00000000,
29292929,
2929EAEA,
EAEAEAEA,
FFFFFFFF,
FFFFFBFB,
FBFBFBFB,
FBFBFBFB,
FBFBEEEE,
EEEEEEEE,
C2C2C2C2,
C2C2BFBF,
BFBFBFBF,
C0C0C0C0,
C0C0CBCB,
CBCBCBCB,
DCDCDCDC,
DCDCF6F6,
F6F6F6F6,
FBFBFBFB,
FBFBFFFF,
FFFFFFFF,
FFFFFFFF,
FFFFF3F3,
F3F3F3F3,
4D4D4D4D,
4D4D0404,
04040404,
04040404,
04040B0B,
0B0B0B0B,
7B7B7B7B,
7B7BB9B9,
B9B9B9B9,
C0C0C0C0,
C0C0A7A7,
A7A7A7A7,
3D3D3D3D,
3D3D0000,
00000000,
00000000,
00000101,
01010101,
01010101,
01011D1D,
1D1D1D1D,
8A8A8A8A,
8A8ABEBE,
BEBEBEBE,
BCBCBCBC,
BCBCA4A4,
A4A4A4A4,
1F1F1F1F,
1F1F0000,
00000000,
00000000,
00000000,
00000000,
03030303,
03033030,
30303030,
97979797,
9797BDBD,
BDBDBDBD,
B7B7B7B7,
B7B79595,
95959595,
12121212,
12120000,
00000000,
01010101,
01010000,
00000000,
00000000,
00000000,
00000000,
00000000,
00000000,
00000000,
00000000,
00000000,
00000000,
00000000,
00000000,
00000000,
00000000,
00000000,
00000000,
00000000,
00000000,
00000000,
00000000,
00000101,
01010101,
01010101,
01010000,
00000000,
00000000,
00000101,
01010101,
00000000,
00000303,
03030303,
79797979,
79798383,
83838383,
80808080,
8080ECEC,
ECECECEC,
FAFAFAFA,
FAFAFFFF,
FFFFFFFF,
FFFFFFFF,
FFFF8787,
87878787,
83838383,
83838383,
83838383,
12121212,
12120000,
00000000,
00000000,
00000000,
00000000,
01010101,
01010000,
00000000,
00000000,
00000202,
02020202,
03030303,
03030000,
00000000,
00000000,
00000000,
00000000,
00000000,
00000000,
00000000,
00000000,
00000000,
00000000,
00000000,
00000000,
00000000,
00000000,
00000000,
00000000,
00000000,
00000000,
00000000,
01010101,
01010000,
00000000,
00000000,
00000000,
00000000,
03030303,
03030000,
00000000,
00000000,
00000000,
00000000,
01010101,
01010000,
00000000,
00000000,
00000101,
01010101,
03030303,
03030101,
01010101,
02020202,
02020000,
00000000,
00000000,
00000000,
00000000,
28282828,
28286464,
64646464,
7A7A7A7A,
7A7A8282,
82828282,
81818181,
81817F7F,
7F7F7F7F,
6D6D6D6D,
6D6D5656,
56565656,
00000000,
00000000,
00000000,
00000000,
00000000,
00000000,
04040404,
04040000,
00000000,
00000000,
00000404,
04040404,
00000000,
00000000,
00000000,
1B1B1B1B,
1B1B6060,
60606060,
79797979,
79798686,
86868686,
7D7D7D7D,
7D7D5F5F,
5F5F5F5F,
0D0D0D0D,
0D0D0000,
00000000,
00000000,
00000000,
00000000,
02020202,
02020000,
00000000,
00000000,
00000404,
04040404,
00000000,
00000000,
00000000,
00000000,
00000202,
02020202,
02020202,
02020808,
08080808,
55555555,
55557A7A,
7A7A7A7A,
82828282,
82828484,
84848484,
6D6D6D6D,
6D6D3333,
33333333,
05050505,
05050000,
00000000,
00000000,
00000000,
00000000,
03030303,
03030000,
00000000,
00000000,
00000000,
00000000,
00000000,
00000000,
00000000,
00000000,
00000303,
03030303,
00000000,
00000101,
01010101,
01010101,
01010000,
00000000,
02020202,
02020303,
03030303,
00000000,
00000000,
00000000,
03030303,
03030000,
00000000,
00000000,
00000101,
01010101,
00000000,
00000000,
00000000,
01010101,
01010000,
00000000,
00000000,
00000101,
01010101,
00000000,
00000000,
00000000,
00000000,
00000303,
03030303,
00000000,
00000000,
00000000,
02020202,
02020101,
01010101,
95959595,
9595FDFD,
FDFDFDFD,
FCFCFCFC,
FCFCFDFD,
FDFDFDFD,
ECECECEC,
ECEC6B6B,
6B6B6B6B,
0F0F0F0F,
0F0F0000,
00000000,
02020202,
02021717,
17171717,
4A4A4A4A,
4A4AA5A5,
A5A5A5A5,
FDFDFDFD,
FDFDFDFD,
FDFDFDFD,
FBFBFBFB,
FBFBFDFD,
FDFDFDFD,
54545454,
54540101,
01010101,
00000000,
00000000,
00000000,
03030303,
03030000,
00000000,
01010101,
01010101,
01010101,
00000000,
00000303,
03030303,
02020202,
02020000,
00000000,
03030303,
03030000,
00000000,
01010101,
01010000,
00000000,
01010101,
01010101,
01010101,
00000000,
00000202,
02020202,
00000000,
00000202,
02020202,
00000000,
00000000,
00000000,
00000000,
00000000,
00000000,
00000000,
00000000,
00000000,
00000000,
00000303,
03030303,
00000000,
00000202,
02020202,
00000000,
00000000,
00000000,
00000000,
00000000,
00000000,
00000000,
00000000,
00000000,
00000000,
00000000,
00000000,
00000000,
00000000,
00000000,
02020202,
02020303,
03030303,
01010101,
01010000,
00000000,
00000000,
00000101,
01010101,
00000000,
00000000,
00000000,
02020202,
02020000,
00000000,
00000000,
00000101,
01010101,
00000000,
00003C3C,
3C3C3C3C,
49494949,
49494848,
48484848,
48484848,
48480101,
01010101,
02020202,
02020000,
00000000,
00000000,
00000202,
02020202,
02020202,
02020101,
01010101,
00000000,
00000404,
04040404,
01010101,
01010000,
00000000,
00000000,
00000000,
00000000,
00000000,
00000000,
00000000,
00000000,
00000000,
00000000,
00000000,
00000000,
00000000,
00000000,
00000000,
00000000,
00000000,
00000505,
05050505,
00000000,
00000000,
00000000,
00000000,
00000000,
00000000,
04040404,
04040000,
00000000,
00000000,
00000000,
00000000,
03030303,
03030202,
02020202,
00000000,
00000000,
00000000,
02020202,
02020202,
02020202,
00000000,
00000101,
01010101,
00000000,
00000000,
00000000,
01010101,
01010606,
06060606,
02020202,
02020000,
00000000,
00000000,
00000505,
05050505,
00000000,
00000505,
05050505,
00000000,
00000202,
02020202,
00000000,
00000101,
01010101,
01010101,
01010000,
00000000,
01010101,
01010000,
00000000,
00000000,
00000000,
00000000,
02020202,
02020303,
03030303,
03030303,
03030000,
00000000,
00000000,
00000000,
00000000,
03030303,
03030000,
00000000,
05050505,
05050000,
00000000,
01010101,
01010000,
00000000,
00000000,
00000303,
03030303,
02020202,
02020000,
00000000,
04040404,
04040000,
00000000,
00000000,
00000000,
00000000,
00000000,
00000202,
02020202,
00000000,
00000101,
01010101,
00000000,
00000303,
03030303,
01010101,
01010000,
00000000,
07070707,
07070101,
01010101,
01010101,
01010101,
01010101,
01010101,
01010101,
01010101,
02020202,
02020000,
00000000,
00000000,
00000000,
00000000,
00000000,
00000000,
00000000,
05050505,
05050000,
00000000,
00000000,
00000000,
00000000,
02020202,
02020000,
00000000,
00000000,
00000202,
02020202,
00000000,
00000000,
00000000,
00000000,
00000000,
00000000,
00000000,
00000000,
00000000,
00000000,
00000202,
02020202,
04040404,
04040000,
00000000,
00000000,
00000101,
01010101,
01010101,
01010101,
01010101,
00000000,
00000000,
00000000,
00000000,
00000000,
00000000,
BFBFBFBF,
BFBFFBFB,
FBFBFBFB,
FFFFFFFF,
FFFFFFFF,
FFFFFFFF,
B6B6B6B6,
B6B60D0D,
0D0D0D0D,
05050505,
05050000,
00000000,
00000000,
00000101,
01010101,
00000000,
00005353,
53535353,
FCFCFCFC,
FCFCFFFF,
FFFFFFFF,
FFFFFFFF,
FFFFF9F9,
F9F9F9F9,
56565656,
56560000,
00000000,
03030303,
03030101,
01010101,
00000000,
00000000,
00000000,
00000000,
00000000,
00000000,
01010101,
01010000,
00000000,
00000000,
00000505,
05050505,
00000000,
00000000,
00000000,
00000000,
00000101,
01010101,
00000000,
00000202,
02020202,
00000000,
00000000,
00000000,
04040404,
04040000,
00000000,
00000000,
00000101,
01010101,
00000000,
00000000,
00000000,
03030303,
03030000,
00000000,
02020202,
02020000,
00000000,
00000000,
00000202,
02020202,
00000000,
00000000,
00000000,
00000000,
00000000,
00000000,
00000000,
00000000,
00000000,
00000000,
00000000,
00000000,
00000000,
00000303,
03030303,
00000000,
00000000,
00000000,
00000000,
00000000,
00000000,
03030303,
03030000,
00000000,
00000000,
00000202,
02020202,
01010101,
01010000,
00000000,
01010101,
01010101,
01010101,
00000000,
00000303,
03030303,
02020202,
02020303,
03030303,
02020202,
02020000,
00000000,
00000000,
00000101,
01010101,
02020202,
02020000,
00000000,
00000000,
00000000,
00000000,
00000000,
00000000,
00000000,
00000000,
00000000,
00000000,
02020202,
02020000,
00000000,
00000000,
00000000,
00000000,
00000000,
00000000,
00000000,
00000000,
00000000,
00000000,
00000000,
00000000,
00000000,
01010101,
01010000,
00000000,
02020202,
02020101,
01010101,
00000000,
00000000,
00000000,
00000000,
00000000,
00000000,
01010101,
01010000,
00000000,
00000000,
00000000,
00000000,
00000000,
00000000,
00000000,
00000000,
00000000,
00000000,
00000000,
00000000,
00000000,
02020202,
02020000,
00000000,
00000000,
00000000,
00000000,
03030303,
03030101,
01010101,
02020202,
02020000,
00000000,
00000000,
00000000,
00000000,
00000000,
00000000,
00000000,
02020202,
02020000,
00000000,
00000000,
00000101,
01010101,
00000000,
00000000,
00000000,
03030303,
03030101,
01010101,
00000000,
00000000,
00000000,
00000000,
00000000,
00000000,
02020202,
02020202,
02020202,
01010101,
01010000,
00000000,
00000000,
00000202,
02020202,
01010101,
01010000,
00000000,
01010101,
01010000,
00000000,
00000000,
00000404,
04040404,
00000000,
00000202,
02020202,
00000000,
00000101,
01010101,
01010101,
01010000,
00000000,
03030303,
03030101,
01010101,
00000000,
00000000,
00000000,
01010101,
01010303,
03030303,
00000000,
00000101,
01010101,
00000000,
00000000,
00000000,
00000000,
00000000,
00000000,
00000000,
00000000,
00000000,
01010101,
01010000,
00000000,
00000000,
00000202,
02020202,
00000000,
00000101,
01010101,
00000000,
00000101,
01010101,
00000000,
00000101,
01010101,
04040404,
04040000,
00000000,
01010101,
01010101,
01010101,
01010101,
01010101,
01010101,
01010101,
01010000,
00000000,
00000000,
00000000,
00000000,
00000000,
00000202,
02020202,
01010101,
01010000,
00000000,
00000000,
00000000,
00000000,
00000000,
00000303,
03030303,
00000000,
00000202,
02020202,
C0C0C0C0,
C0C0FFFF,
FFFFFFFF,
FEFEFEFE,
FEFEFCFC,
FCFCFCFC,
CBCBCBCB,
CBCB2E2E,
2E2E2E2E,
0D0D0D0D,
0D0D0101,
01010101,
01010101,
01010E0E,
0E0E0E0E,
26262626,
2626BCBC,
BCBCBCBC,
FDFDFDFD,
FDFDFEFE,
FEFEFEFE,
FDFDFDFD,
FDFDE4E4,
E4E4E4E4,
41414141,
41410202,
02020202,
00000000,
00000000,
00000000,
00000000,
00000101,
01010101,
01010101,
01010000,
00000000,
00000000,
00000101,
01010101,
01010101,
01010000,
00000000,
00000000,
00000202,
02020202,
00000000,
00000101,
01010101,
00000000,
00000101,
01010101,
00000000,
00000303,
03030303,
00000000,
00000000,
00000000,
03030303,
03030000,
00000000,
01010101,
01010101,
01010101,
00000000,
00000202,
02020202,
00000000,
00000202,
02020202,
02020202,
02020000,
00000000,
00000000,
00000000,
00000000,
00000000,
00000000,
00000000,
00000000,
00000000,
00000000,
00000000,
00000000,
00000000,
00000000,
00000000,
00000000,
00000000,
00000000,
00000000,
00000000,
00000000,
00000000,
00000000,
00000000,
00000000,
00000000,
00000000,
00000000,
00000000,
00000000,
00000000,
00000000,
00000000,
00000000,
00000000,
00000000,
00000000,
00000000,
00000000,
00000000,
00000000,
00000000,
00000000,
00000000,
00000000,
00000000,
00000000,
00000000,
00000000,
00000000,
00000000,
00000000,
00000000,
00000000,
00000000,
00000000,
00000000,
00000000,
00000000,
00000000,
00000000,
00000000,
00000000,
00000000,
00000000,
00000000,
00000000,
00000000,
00000000,
00000000,
00000000,
00000000,
00000000,
00000000,
00000000,
00000000,
00000000,
00000000,
00000000,
00000000,
00000000,
00000000,
00000000,
00000000,
00000000,
00000000,
00000000,
00000000,
00000000,
00000000,
00000000,
00000000,
00000000,
00000000,
00000000,
00000000,
00000000,
00000000,
00000000,
00000000,
00000000,
00000000,
00000000,
00000000,
00000000,
00000000,
01010101,
01010101,
01010101,
00000000,
00000000,
00000000,
00000000,
00000101,
01010101,
01010101,
01010101,
01010101,
01010101,
01010101,
01010101,
00000000,
00000000,
00000000,
00000000,
00000000,
00000000,
00000000,
00000000,
00000000,
00000000,
00000000,
00000000,
00000000,
00000000,
00000000,
00000000,
00000000,
00000000,
00000000,
00000000,
00000000,
00000000,
00000000,
00000000,
00000000,
00000000,
00000000,
00000000,
00000000,
00000000,
00000000,
00000000,
00000000,
00000000,
00000000,
00000000,
00000000,
00000000,
00000000,
01010101,
01010101,
01010101,
01010101,
01010101,
01010101,
00000000,
00000000,
00000000,
01010101,
01010101,
01010101,
01010101,
01010000,
00000000,
00000000,
00000000,
00000000,
00000000,
00000000,
00000000,
00000000,
00000000,
00000000,
00000000,
00000000,
00000000,
00000000,
00000000,
00000000,
00000000,
00000000,
00000000,
00000000,
00000000,
00000000,
00000000,
00000000,
00000000,
00000000,
00000000,
00000000,
00000000,
00000000,
00000000,
00000000,
00000000,
00000000,
00000000,
00000000,
00000000,
00000000,
00000000,
00000000,
00000000,
00000000,
00000000,
00000000,
00000000,
00000000,
00000000,
00000000,
00000000,
00000000,
00000000,
00000000,
00000000,
00000000,
00000000,
9B9B9B9B,
9B9BFEFE,
FEFEFEFE,
FFFFFFFF,
FFFFFAFA,
FAFAFAFA,
FAFAFAFA,
FAFAD8D8,
D8D8D8D8,
9B9B9B9B,
9B9B6E6E,
6E6E6E6E,
69696969,
69699595,
95959595,
D0D0D0D0,
D0D0FDFD,
FDFDFDFD,
FFFFFFFF,
FFFFFCFC,
FCFCFCFC,
F8F8F8F8,
F8F89F9F,
9F9F9F9F,
14141414,
14140303,
03030303,
00000000,
00000303,
03030303,
00000000,
00000000,
00000000,
02020202,
02020000,
00000000,
00000000,
00000000,
00000000,
00000000,
00000000,
00000000,
00000000,
00000000,
00000000,
00000000,
00000000,
00000000,
00000000,
00000000,
00000000,
00000000,
00000000,
00000000,
00000000,
00000000,
00000000,
00000000,
00000000,
00000000,
00000000,
00000000,
00000000,
00000000,
00000000,
00000000,
00000000,
00000000,
00000000,
00000000,
00000000,
00000000,
00000000,
00000000,
00000000,
00000000,
00000000,
00000000,
00000000,
00000000,
00000000,
00000000,
00000000,
00000000,
00000000,
00000000,
00000000,
00000000,
00000000,
00000000,
00000000,
00000000,
00000000,
00000000,
00000000,
00000000,
00000000,
00000000,
00000000,
00000000,
00000000,
00000000,
00000000,
00000000,
00000000,
00000000,
00000000,
00000000,
00000000,
00000000,
00000000,
00000000,
00000000,
00000000,
00000000,
00000000,
00000000,
00000000,
00000000,
00000000,
00000000,
00000000,
00000000,
00000000,
00000000,
00000000,
00000000,
00000000,
00000000,
00000000,
00000000,
00000000,
00000000,
00000000,
00000000,
00000000,
00000000,
00000000,
00000000,
00000000,
00000000,
00000000,
00000000,
00000000,
00000000,
00000000,
00000000,
00000000,
00000000,
00000000,
00000000,
00000000,
00000000,
00000000,
00000000,
00000000,
00000000,
00000000,
00000000,
00000000,
00000000,
00000000,
00000000,
00000000,
00000000,
00000000,
00000000,
00000000,
00000000,
00000000,
00000000,
00000000,
00000000,
00000000,
00000000,
00000000,
00000000,
00000000,
00000101,
01010101,
00000000,
00000000,
00000000,
00000000,
00000101,
01010101,
01010101,
01010101,
01010101,
01010101,
01010101,
01010101,
00000000,
00000000,
00000000,
00000000,
00000000,
00000000,
00000000,
00000000,
00000000,
00000000,
00000000,
00000000,
00000000,
00000000,
00000000,
00000000,
00000000,
00000000,
00000000,
00000000,
00000000,
00000000,
00000000,
00000000,
00000000,
00000000,
00000000,
00000000,
00000000,
00000000,
00000000,
00000000,
00000000,
00000000,
00000000,
00000000,
00000000,
00000000,
00000000,
00000000,
00000000,
00000000,
00000000,
00000000,
00000000,
00000000,
00000000,
00000000,
01010101,
01010101,
01010101,
00000000,
00000000,
00000000,
00000000,
00000000,
00000000,
00000000,
00000000,
00000000,
00000000,
00000000,
00000000,
00000000,
00000000,
00000000,
00000000,
00000000,
00000000,
00000000,
00000000,
00000000,
00000000,
00000000,
00000000,
00000000,
00000000,
00000000,
00000000,
00000000,
00000000,
00000000,
00000000,
00000000,
00000000,
00000000,
00000000,
00000000,
00000000,
00000000,
00000000,
00000000,
00000000,
00000000,
00000000,
00000000,
00000000,
00000000,
00000000,
00000000,
00000000,
00000000,
00000000,
00000000,
00000000,
00000000,
00000000,
00000000,
33333333,
3333E3E3,
E3E3E3E3,
FFFFFFFF,
FFFFFEFE,
FEFEFEFE,
FEFEFEFE,
FEFEFCFC,
FCFCFCFC,
F9F9F9F9,
F9F9FEFE,
FEFEFEFE,
FEFEFEFE,
FEFEFFFF,
FFFFFFFF,
FFFFFFFF,
FFFFFFFF,
FFFFFFFF,
FCFCFCFC,
FCFCFEFE,
FEFEFEFE,
BABABABA,
BABA2727,
27272727,
05050505,
05050000,
00000000,
00000000,
00000202,
02020202,
00000000,
00000000,
00000000,
03030303,
03030000,
00000000,
00000000,
00000000,
00000000,
00000000,
00000000,
00000000,
00000000,
00000000,
00000000,
00000000,
00000000,
00000000,
00000000,
00000000,
00000000,
00000000,
00000000,
00000000,
00000000,
00000000,
00000000,
00000000,
00000000,
00000000,
00000000,
00000000,
00000000,
00000000,
00000000,
00000000,
00000000,
00000000,
00000000,
00000000,
00000000,
00000000,
00000000,
00000000,
00000000,
00000000,
00000000,
00000000,
00000000,
00000000,
00000000,
00000000,
00000000,
00000000,
00000000,
00000000,
00000000,
00000000,
00000000,
00000000,
00000000,
00000000,
00000000,
00000000,
00000000,
00000000,
00000000,
00000000,
00000000,
00000000,
00000000,
00000000,
00000000,
00000000,
00000000,
00000000,
00000000,
00000000,
00000000,
00000000,
00000000,
00000000,
00000000,
00000000,
00000000,
00000000,
00000000,
00000000,
00000000,
00000000,
00000000,
00000000,
00000000,
00000000,
00000000,
00000000,
00000000,
00000000,
00000000,
00000000,
00000000,
00000000,
00000000,
00000000,
00000000,
00000000,
00000000,
00000000,
00000000,
00000000,
00000000,
00000000,
00000000,
00000000,
00000000,
00000000,
00000000,
00000000,
00000000,
00000000,
00000000,
00000000,
00000000,
00000000,
00000000,
00000000,
00000000,
00000000,
00000000,
00000000,
00000000,
00000000,
00000000,
00000000,
00000000,
00000000,
00000000,
00000000,
00000000,
00000000,
00000000,
00000000,
00000000,
00000000,
00000000,
00000000,
00000000,
00000000,
00000000,
00000000,
00000000,
00000000,
00000000,
00000000,
00000000,
00000000,
00000000,
00000000,
00000000,
01010101,
01010101,
01010101,
00000000,
00000000,
00000000,
00000000,
00000000,
00000000,
00000000,
00000000,
00000000,
00000000,
00000000,
00000000,
00000000,
00000000,
00000000,
00000000,
00000000,
00000000,
00000000,
00000000,
00000000,
00000000,
00000000,
00000000,
00000000,
00000000,
00000000,
00000000,
00000000,
00000000,
00000000,
00000000,
00000000,
00000000,
00000000,
00000000,
00000000,
00000000,
00000000,
00000000,
00000000,
00000000,
00000000,
00000000,
00000000,
00000000,
00000000,
00000000,
00000000,
00000000,
00000000,
00000000,
00000000,
00000000,
00000000,
00000000,
00000000,
00000000,
00000000,
00000000,
00000000,
00000000,
00000000,
00000000,
00000000,
00000000,
00000000,
00000000,
00000000,
00000000,
00000000,
00000000,
00000000,
00000000,
00000000,
00000000,
00000000,
00000000,
00000000,
00000000,
00000000,
00000000,
00000000,
00000000,
00000000,
00000000,
00000000,
00000000,
00000000,
00000000,
00000000,
00000000,
00000000,
00000000,
00000000,
00000000,
00000000,
00000000,
00000000,
00000000,
00000000,
00000000,
00000000,
00000000,
00000000,
00000000,
00000000,
00000000,
02020202,
02023434,
34343434,
ACACACAC,
ACACE5E5,
E5E5E5E5,
F5F5F5F5,
F5F5F7F7,
F7F7F7F7,
FFFFFFFF,
FFFFFBFB,
FBFBFBFB,
FEFEFEFE,
FEFEF8F8,
F8F8F8F8,
F9F9F9F9,
F9F9EEEE,
EEEEEEEE,
DFDFDFDF,
DFDF9393,
93939393,
14141414,
14140202,
02020202,
00000000,
00000000,
00000000,
02020202,
02020101,
01010101,
00000000,
00000000,
00000000,
02020202,
02020000,
00000000,
00000000,
00000000,
00000000,
00000000,
00000000,
00000000,
00000000,
00000000,
00000000,
00000000,
00000000,
00000000,
00000000,
00000000,
00000000,
00000000,
00000000,
00000000,
00000000,
00000000,
00000000,
00000000,
00000000,
00000000,
00000000,
00000000,
00000000,
00000000,
00000000,
00000000,
00000000,
00000000,
00000000,
00000000,
00000000,
00000000,
00000000,
00000000,
00000000,
00000000,
00000000,
00000000,
00000000,
00000000,
00000000,
00000000,
00000000,
00000000,
00000000,
00000000,
00000000,
00000000,
00000000,
00000000,
00000000,
00000000,
00000000,
00000000,
00000000,
00000000,
00000000,
00000000,
00000000,
00000000,
00000000,
00000000,
00000000,
00000000,
00000000,
00000000,
00000000,
00000000,
00000000,
00000000,
00000000,
00000000,
00000000,
00000000,
00000000,
00000000,
00000000,
00000000,
00000000,
00000000,
00000000,
00000000,
00000000,
00000000,
00000000,
00000000,
00000000,
00000000,
00000000,
00000000,
00000000,
00000000,
00000000,
00000000,
00000000,
00000000,
00000000,
00000000,
00000000,
00000000,
00000000,
00000000,
00000000,
00000000,
00000000,
00000000,
00000000,
00000000,
00000000,
00000000,
00000000,
00000000,
00000000,
00000000,
00000000,
00000000,
00000000,
00000000,
00000000,
00000000,
00000000,
00000000,
00000000,
00000000,
00000000,
00000000,
00000000,
00000000,
00000000,
00000000,
00000000,
00000000,
00000000,
00000000,
00000000,
00000000,
00000000,
00000000,
00000000,
00000000,
00000000,
00000000,
00000000,
00000000,
00000000,
00000000,
00000000,
00000000,
00000000,
00000000,
00000000,
00000000,
00000000,
00000000,
00000000,
00000000,
00000000,
00000000,
00000000,
00000000,
00000000,
00000000,
00000000,
00000000,
00000000,
00000000,
00000000,
00000000,
00000000,
00000000,
00000000,
00000000,
00000000,
00000000,
00000000,
00000000,
00000000,
00000000,
00000000,
00000000,
00000000,
00000000,
00000000,
00000000,
00000000,
00000000,
00000000,
00000000,
00000000,
00000000,
00000000,
00000000,
00000000,
00000000,
00000000,
00000000,
00000000,
00000000,
00000000,
00000000,
00000000,
00000000,
00000000,
00000000,
00000000,
00000000,
00000000,
00000000,
00000000,
00000000,
00000000,
00000000,
00000000,
00000000,
00000000,
00000000,
00000000,
00000000,
00000000,
00000000,
00000000,
00000000,
00000000,
00000000,
00000000,
00000000,
00000000,
00000000,
00000000,
00000000,
00000000,
00000000,
00000000,
00000000,
00000000,
00000000,
00000000,
00000000,
00000000,
00000000,
00000000,
00000000,
00000000,
00000000,
00000000,
00000000,
00000000,
00000000,
00000000,
00000000,
00000000,
00000000,
00000000,
00000000,
00000000,
00000000,
00000000,
00000000,
00000000,
00000000,
01010101,
01010202,
02020202,
00000000,
00004646,
46464646,
7D7D7D7D,
7D7D9090,
90909090,
9F9F9F9F,
9F9FA4A4,
A4A4A4A4,
A2A2A2A2,
A2A29F9F,
9F9F9F9F,
8D8D8D8D,
8D8D6262,
62626262,
1A1A1A1A,
1A1A0000,
00000000,
02020202,
02020000,
00000000,
01010101,
01010202,
02020202,
01010101,
01010000,
00000000,
00000000,
00000101,
01010101,
00000000,
00000000,
00000000,
00000000,
00000000,
00000000,
00000000,
00000000,
00000000,
00000000,
00000000,
00000000,
00000000,
00000000,
00000000,
00000000,
00000000,
00000000,
00000000,
00000000,
00000000,
00000000,
00000000,
00000000,
00000000,
00000000,
00000000,
00000000,
00000000,
00000000,
00000000,
00000000,
00000000,
00000000,
00000000,
00000000,
00000000,
00000000,
00000000,
00000000,
00000000,
00000000,
00000000,
00000000,
00000000,
00000000,
00000000,
00000000,
00000000,
00000000,
00000000,
00000000,
00000000,
00000000,
00000000,
00000000,
00000000,
00000000,
00000000,
00000000,
00000000,
00000000,
00000000,
00000000,
00000000,
00000000,
00000000,
00000000,
00000000,
00000000,
00000000,
00000000,
00000000,
00000000,
00000000,
00000000,
00000000,
00000000,
00000000,
00000000,
00000000,
00000000,
00000000,
00000000,
00000000,
00000000,
00000000,
00000000,
00000000,
00000000,
00000000,
00000000,
00000000,
00000000,
00000000,
00000000,
00000000,
00000000,
00000000,
00000000,
00000000,
00000000,
00000000,
00000000,
00000000,
00000000,
00000000,
00000000,
00000000,
00000000,
00000000,
00000000,
00000000,
00000000,
00000000,
00000000,
00000000,
00000000,
00000000,
00000000,
00000000,
00000000,
00000000,
00000000,
00000000,
00000000,
00000000,
00000000,
00000000,
00000000,
00000000,
00000000,
00000000,
00000000,
00000000,
00000000,
00000000,
00000000,
00000000,
00000000,
00000000,
00000000,
00000000,
00000000,
00000000,
00000000,
00000000,
00000000,
00000000,
00000000,
00000000,
00000000,
00000000,
00000000,
00000000,
00000000,
00000000,
00000000,
00000000,
00000000,
00000000,
00000000,
00000000,
00000000,
00000000,
00000000,
00000000,
00000000,
00000000,
00000000,
00000000,
00000000,
00000000,
00000000,
00000000,
00000000,
00000000,
00000000,
00000000,
00000000,
00000000,
00000000,
00000000,
00000000,
00000000,
00000000,
00000000,
00000000,
00000000,
00000000,
00000000,
00000000,
00000000,
00000000,
00000000,
00000000,
00000000,
00000000,
00000000,
00000000,
00000000,
00000000,
00000000,
00000000,
00000000,
00000000,
00000000,
00000000,
00000000,
00000000,
00000000,
00000000,
00000000,
00000000,
00000000,
00000000,
00000000,
00000000,
00000000,
00000000,
00000000,
00000000,
00000000,
00000000,
00000000,
00000000,
00000000,
00000000,
00000000,
00000000,
00000000,
00000000,
00000000,
00000000,
00000000,
00000000,
00000000,
00000000,
00000000,
00000000,
00000000,
00000000,
00000000,
00000000,
00000000,
00000000,
00000000,
00000000,
00000000,
00000000,
00000000,
00000000,
00000000,
00000000,
00000000,
00000000,
00000000,
00000000,
00000000,
00000000,
00000000,
00000000,
00000000,
00000000,
00000000,
00000000,
00000000,
01010101,
01010000,
00000000,
04040404,
04040000,
00000000,
01010101,
01010303,
03030303,
00000000,
00000000,
00000000,
00000000,
00000101,
01010101,
00000000,
00000101,
01010101,
01010101,
01010101,
01010101,
00000000,
00000101,
01010101,
01010101,
01010101,
01010101,
00000000,
00000000,
00000000,
01010101,
01010101,
01010101,
00000000,
00000101,
01010101,
00000000,
00000000,
00000000,
00000000,
00000000,
00000000,
00000000,
00000000,
00000000,
00000000,
00000000,
00000000,
00000000,
00000000,
00000000,
00000000,
00000000,
00000000,
00000000,
00000000,
00000000,
00000000,
00000000,
00000000,
00000000,
00000000,
00000000,
00000000,
00000000,
00000000,
00000000,
00000000,
00000000,
00000000,
00000000,
00000000,
00000000,
00000000,
00000000,
00000000,
00000000,
00000000,
00000000,
00000000,
00000000,
00000000,
00000000,
00000000,
00000000,
00000000,
00000000,
00000000,
00000000,
00000000,
00000000,
00000000,
00000000,
00000000,
00000000,
00000000,
00000000,
00000000,
00000000,
00000000,
00000000,
00000000,
00000000,
00000000,
00000000,
00000000,
00000000,
00000000,
00000000,
00000000,
00000000,
00000000,
00000000,
00000000,
00000000,
00000000,
00000000,
00000000,
00000000,
00000000,
00000000,
00000000,
00000000,
00000000,
00000000,
00000000,
00000000,
00000000,
00000000,
00000000,
00000000,
00000000,
00000000,
00000000,
00000000,
00000000,
00000000,
00000000,
00000000,
00000000,
00000000,
00000000,
00000000,
00000000,
00000000,
00000000,
00000000,
00000000,
00000000,
00000000,
00000000,
00000000,
00000000,
00000000,
00000000,
00000000,
00000000,
00000000,
00000000,
00000000,
00000000,
00000000,
00000000,
00000000,
00000000,
00000000,
00000000,
00000000,
00000000,
00000000,
00000000,
00000000,
00000000,
00000000,
00000000,
00000000,
00000000,
00000000,
00000000,
00000000,
00000000,
00000000,
00000000,
00000000,
00000000,
00000000,
00000000,
00000000,
00000000,
00000000,
00000000,
00000000,
00000000,
00000000,
00000000,
00000000,
00000000,
00000000,
00000000,
00000000,
00000000,
00000000,
00000000,
00000000,
00000000,
00000000,
00000000,
00000000,
00000000,
00000000,
00000000,
00000000,
00000000,
00000000,
00000000,
00000000,
00000000,
00000000,
00000000,
00000000,
00000000,
00000000,
00000000,
00000000,
00000000,
00000000,
00000000,
00000000,
00000000,
00000000,
00000000,
00000000,
00000000,
00000000,
00000000,
00000000,
00000000,
00000000,
00000000,
00000000,
00000000,
00000000,
00000000,
00000000,
00000000,
00000000,
00000000,
00000000,
00000000,
00000000,
00000000,
00000000,
00000000,
00000000,
00000000,
00000000,
00000000,
00000000,
00000000,
00000000,
00000000,
00000000,
00000000,
00000000,
00000000,
00000000,
00000000,
00000000,
00000000,
00000000,
00000000,
00000000,
00000000,
00000000,
00000000,
00000000,
00000000,
00000000,
00000000,
00000000,
00000000,
00000000,
00000000,
00000000,
00000000,
00000000,
00000000,
00000000,
00000000,
00000000,
00000000,
00000000,
00000000,
00000000,
00000000,
00000000,
00000000,
00000000,
00000000,
00000000,
00000000,
00000303,
03030303,
00000000,
00000303,
03030303,
03030303,
03030000,
00000000,
00000000,
00000202,
02020202,
00000000,
00000000,
00000000,
02020202,
02020000,
00000000,
01010101,
01010000,
00000000,
00000000,
00000202,
02020202,
00000000,
00000000,
00000000,
00000000,
00000000,
00000000,
01010101,
01010000,
00000000,
00000000,
00000202,
02020202,
00000000,
00000000,
00000000,
00000000,
00000000,
00000000,
00000000,
00000000,
00000000,
00000000,
00000000,
00000000,
00000000,
00000000,
00000000,
00000000,
00000000,
00000000,
00000000,
00000000,
00000000,
00000000,
00000000,
00000000,
00000000,
00000000,
00000000,
00000000,
00000000,
00000000,
00000000,
00000000,
00000000,
00000000,
00000000,
00000000,
00000000,
00000000,
00000000,
00000000,
00000000,
00000000,
00000000,
00000000,
00000000,
00000000,
00000000,
00000000,
00000000,
00000000,
00000000,
00000000,
00000000,
00000000,
00000000,
00000000,
00000000,
00000000,
00000000,
00000000,
00000000,
00000000,
00000000,
00000000,
00000000,
00000000,
00000000,
00000000,
00000000,
00000000,
00000000,
00000000,
00000000,
00000000,
00000000,
00000000,
00000000,
00000000,
00000000,
00000000,
00000000,
00000000,
00000000,
00000000,
00000000,
00000000,
00000000,
00000000,
00000000,
00000000,
00000000,
00000000,
00000000,
00000000,
00000000,
00000000,
00000000,
00000000,
00000000,
00000000,
00000000,
00000000,
00000000,
00000000,
00000000,
00000000,
00000000,
00000000,
00000000,
00000000,
00000000,
00000000,
00000000,
00000000,
00000000,
00000000,
00000000,
00000000,
00000000,
00000000,
00000000,
00000000,
00000000,
00000000,
00000000,
00000000,
00000000,
00000000,
00000000,
00000000,
00000000,
00000000,
00000000,
00000000,
00000000,
00000000,
00000000,
00000000,
00000000,
00000000,
00000000,
00000000,
00000000,
00000000,
00000000,
00000000,
00000000,
00000000,
00000000,
00000000,
00000000,
00000000,
00000000,
00000000,
00000000,
00000000,
00000000,
00000000,
00000000,
00000000,
00000000,
00000000,
00000000,
00000000,
00000000,
00000000,
00000000,
00000000,
00000000,
00000000,
00000000,
00000000,
00000000,
00000000,
00000000,
00000000,
00000000,
00000000,
00000000,
00000000,
00000000,
00000000,
00000000,
00000000,
00000000,
00000000,
00000000,
00000000,
00000000,
00000000,
00000000,
00000000,
00000000,
00000000,
00000000,
00000000,
00000000,
00000000,
00000000,
00000000,
00000000,
00000000,
00000000,
00000000,
00000000,
00000000,
00000000,
00000000,
00000000,
00000000,
00000000,
00000000,
00000000,
00000000,
00000000,
00000000,
00000000,
00000000,
00000000,
00000000,
00000000,
00000000,
00000000,
00000000,
00000000,
00000000,
00000000,
00000000,
00000000,
00000000,
00000000,
00000000,
00000000,
00000000,
00000000,
00000000,
00000000,
00000000,
00000000,
00000000,
00000000,
00000000,
00000000,
00000000,
00000000,
00000000,
00000000,
00000000,
00000000,
00000000,
00000000,
00000000,
00000000,
00000000,
00000000,
00000000,
00000000,
00000000,
00000000,
00000000,
00000000,
00000000,
00000000,
00000000,
00000000,
00000404,
04040404,
00000000,
00000000,
00000000,
00000000,
00000404,
04040404,
00000000,
00000000,
00000000,
03030303,
03030000,
00000000,
00000000,
00000000,
00000000,
00000000,
00000000,
00000000,
05050505,
05050000,
00000000,
00000000,
00000000,
00000000,
01010101,
01010101,
01010101,
00000000,
00000000,
00000000,
00000000,
00000000,
00000000,
00000000,
00000000,
00000000,
00000000,
00000000,
00000000,
00000000,
00000000,
00000000,
00000000,
00000000,
00000000,
00000000,
00000000,
00000000,
00000000,
00000000,
00000000,
00000000,
00000000,
00000000,
00000000,
00000000,
00000000,
00000000,
00000000,
00000000,
00000000,
00000000,
00000000,
00000000,
00000000,
00000000,
00000000,
00000000,
00000000,
00000000,
00000000,
00000000,
00000000,
00000000,
00000000,
00000000,
00000000,
00000000,
00000000,
00000000,
00000000,
00000000,
00000000,
00000000,
00000000,
00000000,
00000000,
00000000,
00000000,
00000000,
00000000,
00000000,
00000000,
00000000,
00000000,
00000000,
00000000,
00000000,
00000000,
00000000,
00000000,
00000000,
00000000,
00000000,
00000000,
00000000,
00000000,
00000000,
00000000,
00000000,
00000000,
00000000,
00000000,
00000000,
00000000,
00000000,
00000000,
00000000,
00000000,
00000000,
00000000,
00000000,
00000000,
00000000,
00000000,
00000000,
00000000,
00000000,
00000000,
00000000,
00000000,
00000000,
00000000,
00000000,
00000000,
00000000,
00000000,
00000000,
00000000,
00000000,
00000000,
00000000,
00000000,
00000000,
00000000,
00000000,
00000000,
00000000,
00000000,
00000000,
00000000,
00000000,
00000000,
00000000,
00000000,
00000000,
00000000,
00000000,
00000000,
00000000,
00000000,
00000000,
00000000,
00000000,
00000000,
00000000,
00000000,
00000000,
00000000,
00000000,
00000000,
00000000,
00000000,
00000000,
00000000,
00000000,
00000000,
00000000,
00000000,
00000000,
00000000,
00000000,
00000000,
00000000,
00000000,
00000000,
00000000,
00000000,
00000000,
00000000,
00000000,
00000000,
00000000,
00000000,
00000000,
00000000,
00000000,
00000000,
00000000,
00000000,
00000000,
00000000,
00000000,
00000000,
00000000,
00000000,
00000000,
00000000,
00000000,
00000000,
00000000,
00000000,
00000000,
00000000,
00000000,
00000000,
00000000,
00000000,
00000000,
00000000,
00000000,
00000000,
00000000,
00000000,
00000000,
00000000,
00000000,
00000000,
00000000,
00000000,
00000000,
00000000,
00000000,
00000000,
00000000,
00000000,
00000000,
00000000,
00000000,
00000000,
00000000,
00000000,
00000000,
00000000,
00000000,
00000000,
00000000,
00000000,
00000000,
00000000,
00000000,
00000000,
00000000,
00000000,
00000000,
00000000,
00000000,
00000000,
00000000,
00000000,
00000000,
00000000,
00000000,
00000000,
00000000,
00000000,
00000000,
00000000,
00000000,
00000000,
00000000,
00000000,
00000000,
00000000,
00000000,
00000000,
00000000,
00000000,
00000000,
00000000,
00000000,
00000000,
00000000,
00000000,
00000000,
00000000,
00000000,
00000000,
00000000,
00000000,
00000000,
00000000,
00000000,
00000000,
00000000,
00000000,
00000000,
01010101,
01010000,
00000000,
03030303,
03030000,
00000000,
00000000,
00000101,
01010101,
00000000,
00000000,
00000000,
00000000,
00000000,
00000000,
00000000,
00000101,
01010101,
02020202,
02020000,
00000000,
00000000,
00000000,
00000000,
01010101,
01010000,
00000000,
00000000,
00000000,
00000000,
00000000,
00000101,
01010101,
01010101,
01010000,
00000000,
00000000,
00000000,
00000000,
00000000,
00000000,
00000000,
00000000,
00000000,
00000000,
00000000,
00000000,
00000000,
00000000,
00000000,
00000000,
00000000,
00000000,
00000000,
00000000,
00000000,
00000000,
00000000,
00000000,
00000000,
00000000,
00000000,
00000000,
00000000,
00000000,
00000000,
00000000,
00000000,
00000000,
00000000,
00000000,
00000000,
00000000,
00000000,
00000000,
00000000,
00000000,
00000000,
00000000,
00000000,
00000000,
00000000,
00000000,
00000000,
00000000,
00000000,
00000000,
00000000,
00000000,
00000000,
00000000,
00000000,
00000000,
00000000,
00000000,
00000000,
00000000,
00000000,
00000000,
00000000,
00000000,
00000000,
00000000,
00000000,
00000000,
00000000,
00000000,
00000000,
00000000,
00000000,
00000000,
00000000,
00000000,
00000000,
00000000,
00000000,
00000000,
00000000,
00000000,
00000000,
00000000,
00000000,
00000000,
00000000,
00000000,
00000000,
00000000,
00000000,
00000000,
00000000,
00000000,
00000000,
00000000,
00000000,
00000000,
00000000,
00000000,
00000000,
00000000,
00000000,
00000000,
00000000,
00000000,
00000000,
00000000,
00000000,
00000000,
00000000,
00000000,
00000000,
00000000,
00000000,
00000000,
00000000,
00000000,
00000000,
00000000,
00000000,
00000000,
00000000,
00000000,
00000000,
00000000,
00000000,
00000000,
00000000,
00000000,
00000000,
00000000,
00000000,
00000000,
00000000,
00000000,
00000000,
00000000,
00000000,
00000000,
00000000,
00000000,
00000000,
00000000,
00000000,
00000000,
00000000,
00000000,
00000000,
00000000,
00000000,
00000000,
00000000,
00000000,
00000000,
00000000,
00000000,
00000000,
00000000,
00000000,
00000000,
00000000,
00000000,
00000000,
00000000,
00000000,
00000000,
00000000,
00000000,
00000000,
00000000,
00000000,
00000000,
00000000,
00000000,
00000000,
00000000,
00000000,
00000000,
00000000,
00000000,
00000000,
00000000,
00000000,
00000000,
00000000,
00000000,
00000000,
00000000,
00000000,
00000000,
00000000,
00000000,
00000000,
00000000,
00000000,
00000000,
00000000,
00000000,
00000000,
00000000,
00000000,
00000000,
00000000,
00000000,
00000000,
00000000,
00000000,
00000000,
00000000,
00000000,
00000000,
00000000,
00000000,
00000000,
00000000,
00000000,
00000000,
00000000,
00000000,
00000000,
00000000,
00000000,
00000000,
00000000,
00000000,
00000000,
00000000,
00000000,
00000000,
00000000,
00000000,
00000000,
00000000,
00000000,
00000000,
00000000,
00000000,
00000000,
00000000,
00000000,
00000000,
00000000,
00000000,
00000000,
00000000,
00000000,
00000000,
00000000,
00000000,
00000000,
00000000,
00000000,
00000000,
00000000,
00000000,
00000000,
00000000,
00000000,
00000000,
00000000,
00000000,
00000000,
00000000,
00000000,
00000000,
00000000,
00000000,
00000000,
00000000,
00000000,
00000000,
00000000,
00000101,
01010101,
00000000,
00000000,
00000000,
00000000,
00000000,
00000000,
00000000,
00000000,
00000000,
00000000,
00000000,
00000000,
00000000,
00000000,
00000000,
00000000,
00000000,
00000000,
00000000,
00000000,
00000000,
00000000,
00000000,
00000000,
00000000,
00000000,
00000000,
00000000,
00000000,
00000000,
00000000,
00000000,
00000000,
00000000,
00000000,
00000000,
00000000,
00000000,
00000000,
00000000,
00000000,
00000000,
00000000,
00000000,
00000000,
00000000,
00000000,
00000000,
00000000,
00000000,
00000000,
00000000,
00000000,
00000000,
00000000,
00000000,
00000000,
00000000,
00000000,
00000000;
